[2026-08-30 11:42:04Z INFO HostContext] No proxy settings were found based on environmental variables (http_proxy/https_proxy/HTTP_PROXY/HTTPS_PROXY)
[2026-08-30 11:42:04Z INFO HostContext] Well known directory 'Bin': 'C:\Users\krish\Documents\BITS\mlops-project\actions-runner\bin'
[2026-08-30 11:42:04Z INFO HostContext] Well known directory 'Root': 'C:\Users\krish\Documents\BITS\mlops-project\actions-runner'
[2026-08-30 11:42:04Z INFO HostContext] Well known config file 'Credentials': 'C:\Users\krish\Documents\BITS\mlops-project\actions-runner\.credentials'
[2026-08-30 11:42:04Z INFO HostContext] Well known directory 'Bin': 'C:\Users\krish\Documents\BITS\mlops-project\actions-runner\bin'
[2026-08-30 11:42:04Z INFO HostContext] Well known directory 'Root': 'C:\Users\krish\Documents\BITS\mlops-project\actions-runner'
[2026-08-30 11:42:04Z INFO HostContext] Well known config file 'Runner': 'C:\Users\krish\Documents\BITS\mlops-project\actions-runner\.runner'
[2026-08-30 11:42:04Z INFO Worker] Version: 2.336.0
[2026-08-30 11:42:04Z INFO Worker] Commit: 98aabcd429c4e8402406c56ce2d26387fed3b9ce
[2026-08-30 11:42:04Z INFO Worker] Culture: en-IN
[2026-08-30 11:42:04Z INFO Worker] UI Culture: en-US
[2026-08-30 11:42:04Z INFO Worker] Waiting to receive the job message from the channel.
[2026-08-30 11:42:04Z INFO ProcessChannel] Receiving message of length 24691, with hash '6f432b7c15be6b100a89d47bee5e3da34a7aa44ef5d17abedb912a45382b97ec'
[2026-08-30 11:42:04Z INFO Worker] Message received.
[2026-08-30 11:42:04Z INFO Worker] Job message:
 {
  "defaults": [
    {
      "type": 2,
      "file": 1,
      "line": 14,
      "col": 7,
      "map": [
        {
          "key": {
            "type": 0,
            "file": 1,
            "line": 14,
            "col": 7,
            "lit": "run"
          },
          "value": {
            "type": 2,
            "file": 1,
            "line": 15,
            "col": 9,
            "map": [
              {
                "key": {
                  "type": 0,
                  "file": 1,
                  "line": 15,
                  "col": 9,
                  "lit": "shell"
                },
                "value": {
                  "type": 0,
                  "file": 1,
                  "line": 15,
                  "col": 16,
                  "lit": "cmd"
                }
              }
            ]
          }
        }
      ]
    }
  ],
  "fileTable": [
    ".github/workflows/cd.yml"
  ],
  "mask": [
    {
      "type": "regex",
      "value": "***"
    },
    {
      "type": "regex",
      "value": "***"
    },
    {
      "type": "regex",
      "value": "***"
    },
    {
      "type": "regex",
      "value": "***"
    },
    {
      "type": "regex",
      "value": "***"
    },
    {
      "type": "regex",
      "value": "***"
    },
    {
      "type": "regex",
      "value": "***"
    },
    {
      "type": "regex",
      "value": "***"
    },
    {
      "type": "regex",
      "value": "***"
    },
    {
      "type": "regex",
      "value": "***"
    },
    {
      "type": "regex",
      "value": "***"
    },
    {
      "type": "regex",
      "value": "***"
    },
    {
      "type": "regex",
      "value": "***"
    },
    {
      "type": "regex",
      "value": "***"
    },
    {
      "type": "regex",
      "value": "***"
    },
    {
      "type": "regex",
      "value": "***"
    },
    {
      "type": "regex",
      "value": "***"
    },
    {
      "type": "regex",
      "value": "***"
    },
    {
      "type": "regex",
      "value": "***"
    },
    {
      "type": "regex",
      "value": "***"
    },
    {
      "type": "regex",
      "value": "***"
    },
    {
      "type": "regex",
      "value": "***"
    },
    {
      "type": "regex",
      "value": "***"
    },
    {
      "type": "regex",
      "value": "***"
    }
  ],
  "steps": [
    {
      "type": "action",
      "reference": {
        "type": "repository",
        "name": "actions/checkout",
        "ref": "v4",
        "repositoryType": "GitHub"
      },
      "displayNameToken": {
        "type": 0,
        "file": 1,
        "line": 19,
        "col": 15,
        "lit": "Checkout repository"
      },
      "contextName": "__actions_checkout",
      "condition": "success()",
      "id": "9386f339-b30d-42f7-aa31-9e7dda9e4d91",
      "name": "__actions_checkout"
    },
    {
      "type": "action",
      "reference": {
        "type": "script"
      },
      "displayNameToken": {
        "type": 0,
        "file": 1,
        "line": 22,
        "col": 15,
        "lit": "Pull latest Docker image"
      },
      "contextName": "__run",
      "inputs": {
        "type": 2,
        "map": [
          {
            "key": "script",
            "value": {
              "type": 0,
              "file": 1,
              "line": 23,
              "col": 14,
              "lit": "docker compose pull\n"
            }
          }
        ]
      },
      "condition": "success()",
      "id": "bab22ccf-ddcc-4aaf-ba3b-a62ed9d6bb72",
      "name": "__run"
    },
    {
      "type": "action",
      "reference": {
        "type": "script"
      },
      "displayNameToken": {
        "type": 0,
        "file": 1,
        "line": 26,
        "col": 15,
        "lit": "Remove old container"
      },
      "contextName": "__run_2",
      "inputs": {
        "type": 2,
        "map": [
          {
            "key": "script",
            "value": {
              "type": 0,
              "file": 1,
              "line": 27,
              "col": 14,
              "lit": "docker rm -f cats-dogs-api >nul 2>&1\nexit /b 0\n"
            }
          }
        ]
      },
      "condition": "success()",
      "id": "671c7f0b-2c8a-4df0-bb12-1bd83eccc5d7",
      "name": "__run_2"
    },
    {
      "type": "action",
      "reference": {
        "type": "script"
      },
      "displayNameToken": {
        "type": 0,
        "file": 1,
        "line": 31,
        "col": 15,
        "lit": "Deploy application"
      },
      "contextName": "__run_3",
      "inputs": {
        "type": 2,
        "map": [
          {
            "key": "script",
            "value": {
              "type": 0,
              "file": 1,
              "line": 32,
              "col": 14,
              "lit": "docker compose up -d\n"
            }
          }
        ]
      },
      "condition": "success()",
      "id": "fbf7f15c-8580-40f4-be1c-4202f2a8d923",
      "name": "__run_3"
    },
    {
      "type": "action",
      "reference": {
        "type": "script"
      },
      "displayNameToken": {
        "type": 0,
        "file": 1,
        "line": 35,
        "col": 15,
        "lit": "Check deployment"
      },
      "contextName": "__run_4",
      "inputs": {
        "type": 2,
        "map": [
          {
            "key": "script",
            "value": {
              "type": 0,
              "file": 1,
              "line": 36,
              "col": 14,
              "lit": "docker compose ps\n"
            }
          }
        ]
      },
      "condition": "success()",
      "id": "e26f49b1-261a-44d0-a11a-729db253beae",
      "name": "__run_4"
    },
    {
      "type": "action",
      "reference": {
        "type": "script"
      },
      "displayNameToken": {
        "type": 0,
        "file": 1,
        "line": 39,
        "col": 15,
        "lit": "Wait for application"
      },
      "contextName": "__run_5",
      "inputs": {
        "type": 2,
        "map": [
          {
            "key": "script",
            "value": {
              "type": 0,
              "file": 1,
              "line": 40,
              "col": 14,
              "lit": "ping 127.0.0.1 -n 11 > nul\n"
            }
          }
        ]
      },
      "condition": "success()",
      "id": "1f8de7a9-9fce-4580-9c0d-07d1fd82e77c",
      "name": "__run_5"
    },
    {
      "type": "action",
      "reference": {
        "type": "script"
      },
      "displayNameToken": {
        "type": 0,
        "file": 1,
        "line": 43,
        "col": 15,
        "lit": "Run smoke tests"
      },
      "contextName": "__run_6",
      "inputs": {
        "type": 2,
        "map": [
          {
            "key": "script",
            "value": {
              "type": 0,
              "file": 1,
              "line": 44,
              "col": 14,
              "lit": "python tests\\smoke_tests.py\n"
            }
          }
        ]
      },
      "condition": "success()",
      "id": "b0dd74f6-62c6-4b59-b4e5-b9b4077bdb33",
      "name": "__run_6"
    }
  ],
  "variables": {
    "Actions.EnableHttpRedirects": {
      "value": "true"
    },
    "DistributedTask.AddWarningToNode12Action": {
      "value": "true"
    },
    "DistributedTask.AddWarningToNode16Action": {
      "value": "true"
    },
    "DistributedTask.AllowRunnerContainerHooks": {
      "value": "true"
    },
    "DistributedTask.DeprecateStepOutputCommands": {
      "value": "true"
    },
    "DistributedTask.DetailUntarFailure": {
      "value": "true"
    },
    "DistributedTask.EnableCompositeActions": {
      "value": "true"
    },
    "DistributedTask.EnableJobServerQueueTelemetry": {
      "value": "true"
    },
    "DistributedTask.EnhancedAnnotations": {
      "value": "true"
    },
    "DistributedTask.ForceGithubJavascriptActionsToNode16": {
      "value": "true"
    },
    "DistributedTask.ForceGithubJavascriptActionsToNode20": {
      "value": "true"
    },
    "DistributedTask.LogTemplateErrorsAsDebugMessages": {
      "value": "true"
    },
    "DistributedTask.MarkJobAsFailedOnWorkerCrash": {
      "value": "true"
    },
    "DistributedTask.NewActionMetadata": {
      "value": "true"
    },
    "DistributedTask.UploadStepSummary": {
      "value": "true"
    },
    "DistributedTask.UseActionArchiveCache": {
      "value": "true"
    },
    "DistributedTask.UseWhich2": {
      "value": "true"
    },
    "RunService.FixEmbeddedIssues": {
      "value": "true"
    },
    "actions.runner.requirenode24": {
      "value": "false"
    },
    "actions.runner.usenode24bydefault": {
      "value": "true"
    },
    "actions.runner.warnonnode20": {
      "value": "true"
    },
    "actions_add_check_run_id_to_job_context": {
      "value": "true"
    },
    "actions_batch_action_resolution": {
      "value": "false"
    },
    "actions_container_action_runner_temp": {
      "value": "true"
    },
    "actions_display_helpful_actions_download_errors": {
      "value": "true"
    },
    "actions_runner_allow_artifacts_file": {
      "value": "false"
    },
    "actions_runner_compare_workflow_parser": {
      "value": "false"
    },
    "actions_runner_deprecate_linux_arm32": {
      "value": "true"
    },
    "actions_runner_emit_composite_markers": {
      "value": "true"
    },
    "actions_runner_kill_linux_arm32": {
      "value": "false"
    },
    "actions_runner_node20_removal_date": {
      "value": ""
    },
    "actions_runner_node24_default_date": {
      "value": "June 16th, 2026"
    },
    "actions_self_repository": {
      "value": "true"
    },
    "actions_service_container_command": {
      "value": "true"
    },
    "actions_set_orchestration_id_env_for_actions": {
      "value": "true"
    },
    "actions_skip_retry_complete_job_upon_known_errors": {
      "value": "true"
    },
    "actions_snapshot_preflight_hosted_runner_check": {
      "value": "false"
    },
    "actions_snapshot_preflight_image_gen_pool_check": {
      "value": "false"
    },
    "actions_use_bearer_token_for_codeload": {
      "value": "false"
    },
    "actions_uses_cache_service_v2": {
      "value": "true"
    },
    "github_token": {
      "value": "***",
      "isSecret": true
    },
    "system.from_run_service": {
      "value": "true"
    },
    "system.github.job": {
      "value": "deploy"
    },
    "system.github.launch_endpoint": {
      "value": "https://launch.actions.githubusercontent.com"
    },
    "system.github.results_endpoint": {
      "value": "https://results-receiver.actions.githubusercontent.com/"
    },
    "system.github.results_upload_with_sdk": {
      "value": "true"
    },
    "system.github.token": {
      "value": "***",
      "isSecret": true
    },
    "system.github.token.permissions": {
      "value": "{\"Contents\":\"read\",\"Metadata\":\"read\",\"Packages\":\"read\"}"
    },
    "system.orchestrationId": {
      "value": "ee9d65f6-a341-4258-8262-1722c09b0a0b.deploy.__default"
    },
    "system.phaseDisplayName": {
      "value": "deploy"
    },
    "system.runner.lowdiskspacethreshold": {
      "value": "100"
    },
    "system.runnerEnvironment": {
      "value": "self-hosted"
    },
    "system.runnerGroupName": {
      "value": "Default"
    }
  },
  "messageType": "RunnerJobRequest",
  "plan": {
    "scopeIdentifier": "00000000-0000-0000-0000-000000000000",
    "planType": "actions",
    "version": 0,
    "planId": "ee9d65f6-a341-4258-8262-1722c09b0a0b",
    "planGroup": null,
    "artifactUri": null,
    "artifactLocation": null,
    "definition": null,
    "owner": null
  },
  "timeline": {
    "id": "ee9d65f6-a341-4258-8262-1722c09b0a0b",
    "changeId": 0,
    "location": null
  },
  "jobId": "5d5f15b5-dc6b-5da1-aed8-93529954e349",
  "jobDisplayName": "deploy",
  "jobName": "__default",
  "requestId": 0,
  "lockedUntil": "0001-01-01T00:00:00",
  "resources": {
    "endpoints": [
      {
        "data": {
          "ServerId": "",
          "ServerName": "",
          "CacheServerUrl": "https://artifactcache.actions.githubusercontent.com/HYuKmglMQMl7trVwvnqxtOY8iQZGcBLZase1hxQ2xSLdHe4AJJ/",
          "FeedStreamUrl": "wss://results-receiver.actions.githubusercontent.com/_ws/ingest.sock",
          "ResultsServiceUrl": "https://results-receiver.actions.githubusercontent.com/",
          "PipelinesServiceUrl": "https://pipelinesghubeus11.actions.githubusercontent.com/HYuKmglMQMl7trVwvnqxtOY8iQZGcBLZase1hxQ2xSLdHe4AJJ/",
          "GenerateIdTokenUrl": "",
          "ConnectivityChecks": "[\"https://broker.actions.githubusercontent.com/health\",\"https://token.actions.githubusercontent.com/ready\",\"https://run.actions.githubusercontent.com/health\"]",
          "ConnectivityAndDNSChecks": "[\"https://github.com/_dns\",\"https://api.github.com/_dns\",\"https://codeload.github.com/_dns\",\"https://pkg.github.com/_dns\",\"https://copilot-proxy.githubusercontent.com/_dns\"]"
        },
        "name": "SystemVssConnection",
        "url": "https://run-actions-1-azure-eastus.actions.githubusercontent.com/213/",
        "authorization": {
          "parameters": {
            "AccessToken": "***"
          },
          "scheme": "OAuth"
        },
        "isShared": false,
        "isReady": true
      }
    ]
  },
  "contextData": {
    "github": {
      "t": 2,
      "d": [
        {
          "k": "ref",
          "v": "refs/heads/main"
        },
        {
          "k": "sha",
          "v": "6f0b9bffbc47da4815549fdf10f27a056474107e"
        },
        {
          "k": "repository",
          "v": "2024ac05127-tech/assignment2"
        },
        {
          "k": "repository_owner",
          "v": "2024ac05127-tech"
        },
        {
          "k": "repository_owner_id",
          "v": "299813098"
        },
        {
          "k": "repositoryUrl",
          "v": "git://github.com/2024ac05127-tech/assignment2.git"
        },
        {
          "k": "run_id",
          "v": "33309579369"
        },
        {
          "k": "run_number",
          "v": "11"
        },
        {
          "k": "retention_days",
          "v": "90"
        },
        {
          "k": "run_attempt",
          "v": "1"
        },
        {
          "k": "artifact_cache_size_limit",
          "v": "10"
        },
        {
          "k": "repository_visibility",
          "v": "public"
        },
        {
          "k": "actor_id",
          "v": "299813098"
        },
        {
          "k": "actor",
          "v": "2024ac05127-tech"
        },
        {
          "k": "workflow",
          "v": "M4 CD Pipeline"
        },
        {
          "k": "head_ref",
          "v": ""
        },
        {
          "k": "base_ref",
          "v": ""
        },
        {
          "k": "event_name",
          "v": "push"
        },
        {
          "k": "server_url",
          "v": "https://github.com"
        },
        {
          "k": "api_url",
          "v": "https://api.github.com"
        },
        {
          "k": "graphql_url",
          "v": "https://api.github.com/graphql"
        },
        {
          "k": "ref_name",
          "v": "main"
        },
        {
          "k": "ref_protected",
          "v": false
        },
        {
          "k": "ref_type",
          "v": "branch"
        },
        {
          "k": "secret_source",
          "v": "Actions"
        },
        {
          "k": "event",
          "v": {
            "t": 2,
            "d": [
              {
                "k": "after",
                "v": "6f0b9bffbc47da4815549fdf10f27a056474107e"
              },
              {
                "k": "base_ref",
                "v": null
              },
              {
                "k": "before",
                "v": "730b087073676438cbdb71386b3941d1d68d1caa"
              },
              {
                "k": "commits",
                "v": {
                  "t": 1,
                  "a": [
                    {
                      "t": 2,
                      "d": [
                        {
                          "k": "author",
                          "v": {
                            "t": 2,
                            "d": [
                              {
                                "k": "email",
                                "v": "krishnareghu2018@gmail.com"
                              },
                              {
                                "k": "name",
                                "v": "Krishna Priya R"
                              },
                              {
                                "k": "username",
                                "v": "krishnapriya5"
                              }
                            ]
                          }
                        },
                        {
                          "k": "committer",
                          "v": {
                            "t": 2,
                            "d": [
                              {
                                "k": "email",
                                "v": "krishnareghu2018@gmail.com"
                              },
                              {
                                "k": "name",
                                "v": "Krishna Priya R"
                              },
                              {
                                "k": "username",
                                "v": "krishnapriya5"
                              }
                            ]
                          }
                        },
                        {
                          "k": "distinct",
                          "v": true
                        },
                        {
                          "k": "id",
                          "v": "6f0b9bffbc47da4815549fdf10f27a056474107e"
                        },
                        {
                          "k": "message",
                          "v": "Fix M4 CD deployment"
                        },
                        {
                          "k": "timestamp",
                          "v": "2026-08-30T17:11:49+05:30"
                        },
                        {
                          "k": "tree_id",
                          "v": "dba486c206583fc12712e4b2b80ab43efedd6ac6"
                        },
                        {
                          "k": "url",
                          "v": "https://github.com/2024ac05127-tech/assignment2/commit/6f0b9bffbc47da4815549fdf10f27a056474107e"
                        }
                      ]
                    }
                  ]
                }
              },
              {
                "k": "compare",
                "v": "https://github.com/2024ac05127-tech/assignment2/compare/730b08707367...6f0b9bffbc47"
              },
              {
                "k": "created",
                "v": false
              },
              {
                "k": "deleted",
                "v": false
              },
              {
                "k": "forced",
                "v": false
              },
              {
                "k": "head_commit",
                "v": {
                  "t": 2,
                  "d": [
                    {
                      "k": "author",
                      "v": {
                        "t": 2,
                        "d": [
                          {
                            "k": "email",
                            "v": "krishnareghu2018@gmail.com"
                          },
                          {
                            "k": "name",
                            "v": "Krishna Priya R"
                          },
                          {
                            "k": "username",
                            "v": "krishnapriya5"
                          }
                        ]
                      }
                    },
                    {
                      "k": "committer",
                      "v": {
                        "t": 2,
                        "d": [
                          {
                            "k": "email",
                            "v": "krishnareghu2018@gmail.com"
                          },
                          {
                            "k": "name",
                            "v": "Krishna Priya R"
                          },
                          {
                            "k": "username",
                            "v": "krishnapriya5"
                          }
                        ]
                      }
                    },
                    {
                      "k": "distinct",
                      "v": true
                    },
                    {
                      "k": "id",
                      "v": "6f0b9bffbc47da4815549fdf10f27a056474107e"
                    },
                    {
                      "k": "message",
                      "v": "Fix M4 CD deployment"
                    },
                    {
                      "k": "timestamp",
                      "v": "2026-08-30T17:11:49+05:30"
                    },
                    {
                      "k": "tree_id",
                      "v": "dba486c206583fc12712e4b2b80ab43efedd6ac6"
                    },
                    {
                      "k": "url",
                      "v": "https://github.com/2024ac05127-tech/assignment2/commit/6f0b9bffbc47da4815549fdf10f27a056474107e"
                    }
                  ]
                }
              },
              {
                "k": "pusher",
                "v": {
                  "t": 2,
                  "d": [
                    {
                      "k": "email",
                      "v": "2024ac05127@wilp.bits-pilani.ac.in"
                    },
                    {
                      "k": "name",
                      "v": "2024ac05127-tech"
                    }
                  ]
                }
              },
              {
                "k": "ref",
                "v": "refs/heads/main"
              },
              {
                "k": "repository",
                "v": {
                  "t": 2,
                  "d": [
                    {
                      "k": "allow_forking",
                      "v": true
                    },
                    {
                      "k": "archive_url",
                      "v": "https://api.github.com/repos/2024ac05127-tech/assignment2/{archive_format}{/ref}"
                    },
                    {
                      "k": "archived",
                      "v": false
                    },
                    {
                      "k": "assignees_url",
                      "v": "https://api.github.com/repos/2024ac05127-tech/assignment2/assignees{/user}"
                    },
                    {
                      "k": "blobs_url",
                      "v": "https://api.github.com/repos/2024ac05127-tech/assignment2/git/blobs{/sha}"
                    },
                    {
                      "k": "branches_url",
                      "v": "https://api.github.com/repos/2024ac05127-tech/assignment2/branches{/branch}"
                    },
                    {
                      "k": "clone_url",
                      "v": "https://github.com/2024ac05127-tech/assignment2.git"
                    },
                    {
                      "k": "collaborators_url",
                      "v": "https://api.github.com/repos/2024ac05127-tech/assignment2/collaborators{/collaborator}"
                    },
                    {
                      "k": "comments_url",
                      "v": "https://api.github.com/repos/2024ac05127-tech/assignment2/comments{/number}"
                    },
                    {
                      "k": "commits_url",
                      "v": "https://api.github.com/repos/2024ac05127-tech/assignment2/commits{/sha}"
                    },
                    {
                      "k": "compare_url",
                      "v": "https://api.github.com/repos/2024ac05127-tech/assignment2/compare/{base}...{head}"
                    },
                    {
                      "k": "contents_url",
                      "v": "https://api.github.com/repos/2024ac05127-tech/assignment2/contents/{+path}"
                    },
                    {
                      "k": "contributors_url",
                      "v": "https://api.github.com/repos/2024ac05127-tech/assignment2/contributors"
                    },
                    {
                      "k": "created_at",
                      "v": 1787839779.0
                    },
                    {
                      "k": "default_branch",
                      "v": "main"
                    },
                    {
                      "k": "deployments_url",
                      "v": "https://api.github.com/repos/2024ac05127-tech/assignment2/deployments"
                    },
                    {
                      "k": "description",
                      "v": null
                    },
                    {
                      "k": "disabled",
                      "v": false
                    },
                    {
                      "k": "downloads_url",
                      "v": "https://api.github.com/repos/2024ac05127-tech/assignment2/downloads"
                    },
                    {
                      "k": "events_url",
                      "v": "https://api.github.com/repos/2024ac05127-tech/assignment2/events"
                    },
                    {
                      "k": "fork",
                      "v": false
                    },
                    {
                      "k": "forks",
                      "v": 0.0
                    },
                    {
                      "k": "forks_count",
                      "v": 0.0
                    },
                    {
                      "k": "forks_url",
                      "v": "https://api.github.com/repos/2024ac05127-tech/assignment2/forks"
                    },
                    {
                      "k": "full_name",
                      "v": "2024ac05127-tech/assignment2"
                    },
                    {
                      "k": "git_commits_url",
                      "v": "https://api.github.com/repos/2024ac05127-tech/assignment2/git/commits{/sha}"
                    },
                    {
                      "k": "git_refs_url",
                      "v": "https://api.github.com/repos/2024ac05127-tech/assignment2/git/refs{/sha}"
                    },
                    {
                      "k": "git_tags_url",
                      "v": "https://api.github.com/repos/2024ac05127-tech/assignment2/git/tags{/sha}"
                    },
                    {
                      "k": "git_url",
                      "v": "git://github.com/2024ac05127-tech/assignment2.git"
                    },
                    {
                      "k": "has_discussions",
                      "v": false
                    },
                    {
                      "k": "has_downloads",
                      "v": true
                    },
                    {
                      "k": "has_issues",
                      "v": true
                    },
                    {
                      "k": "has_pages",
                      "v": false
                    },
                    {
                      "k": "has_projects",
                      "v": true
                    },
                    {
                      "k": "has_pull_requests",
                      "v": true
                    },
                    {
                      "k": "has_wiki",
                      "v": true
                    },
                    {
                      "k": "homepage",
                      "v": null
                    },
                    {
                      "k": "hooks_url",
                      "v": "https://api.github.com/repos/2024ac05127-tech/assignment2/hooks"
                    },
                    {
                      "k": "html_url",
                      "v": "https://github.com/2024ac05127-tech/assignment2"
                    },
                    {
                      "k": "id",
                      "v": 1348565472.0
                    },
                    {
                      "k": "is_template",
                      "v": false
                    },
                    {
                      "k": "issue_comment_url",
                      "v": "https://api.github.com/repos/2024ac05127-tech/assignment2/issues/comments{/number}"
                    },
                    {
                      "k": "issue_events_url",
                      "v": "https://api.github.com/repos/2024ac05127-tech/assignment2/issues/events{/number}"
                    },
                    {
                      "k": "issues_url",
                      "v": "https://api.github.com/repos/2024ac05127-tech/assignment2/issues{/number}"
                    },
                    {
                      "k": "keys_url",
                      "v": "https://api.github.com/repos/2024ac05127-tech/assignment2/keys{/key_id}"
                    },
                    {
                      "k": "labels_url",
                      "v": "https://api.github.com/repos/2024ac05127-tech/assignment2/labels{/name}"
                    },
                    {
                      "k": "language",
                      "v": "Python"
                    },
                    {
                      "k": "languages_url",
                      "v": "https://api.github.com/repos/2024ac05127-tech/assignment2/languages"
                    },
                    {
                      "k": "license",
                      "v": null
                    },
                    {
                      "k": "master_branch",
                      "v": "main"
                    },
                    {
                      "k": "merges_url",
                      "v": "https://api.github.com/repos/2024ac05127-tech/assignment2/merges"
                    },
                    {
                      "k": "milestones_url",
                      "v": "https://api.github.com/repos/2024ac05127-tech/assignment2/milestones{/number}"
                    },
                    {
                      "k": "mirror_url",
                      "v": null
                    },
                    {
                      "k": "name",
                      "v": "assignment2"
                    },
                    {
                      "k": "node_id",
                      "v": "R_kgDOUGF54A"
                    },
                    {
                      "k": "notifications_url",
                      "v": "https://api.github.com/repos/2024ac05127-tech/assignment2/notifications{?since,all,participating}"
                    },
                    {
                      "k": "open_issues",
                      "v": 0.0
                    },
                    {
                      "k": "open_issues_count",
                      "v": 0.0
                    },
                    {
                      "k": "owner",
                      "v": {
                        "t": 2,
                        "d": [
                          {
                            "k": "avatar_url",
                            "v": "https://avatars.githubusercontent.com/u/299813098?v=4"
                          },
                          {
                            "k": "email",
                            "v": "2024ac05127@wilp.bits-pilani.ac.in"
                          },
                          {
                            "k": "events_url",
                            "v": "https://api.github.com/users/2024ac05127-tech/events{/privacy}"
                          },
                          {
                            "k": "followers_url",
                            "v": "https://api.github.com/users/2024ac05127-tech/followers"
                          },
                          {
                            "k": "following_url",
                            "v": "https://api.github.com/users/2024ac05127-tech/following{/other_user}"
                          },
                          {
                            "k": "gists_url",
                            "v": "https://api.github.com/users/2024ac05127-tech/gists{/gist_id}"
                          },
                          {
                            "k": "gravatar_id",
                            "v": ""
                          },
                          {
                            "k": "html_url",
                            "v": "https://github.com/2024ac05127-tech"
                          },
                          {
                            "k": "id",
                            "v": 299813098.0
                          },
                          {
                            "k": "login",
                            "v": "2024ac05127-tech"
                          },
                          {
                            "k": "name",
                            "v": "2024ac05127-tech"
                          },
                          {
                            "k": "node_id",
                            "v": "U_kgDOEd7I6g"
                          },
                          {
                            "k": "organizations_url",
                            "v": "https://api.github.com/users/2024ac05127-tech/orgs"
                          },
                          {
                            "k": "received_events_url",
                            "v": "https://api.github.com/users/2024ac05127-tech/received_events"
                          },
                          {
                            "k": "repos_url",
                            "v": "https://api.github.com/users/2024ac05127-tech/repos"
                          },
                          {
                            "k": "site_admin",
                            "v": false
                          },
                          {
                            "k": "starred_url",
                            "v": "https://api.github.com/users/2024ac05127-tech/starred{/owner}{/repo}"
                          },
                          {
                            "k": "subscriptions_url",
                            "v": "https://api.github.com/users/2024ac05127-tech/subscriptions"
                          },
                          {
                            "k": "type",
                            "v": "User"
                          },
                          {
                            "k": "url",
                            "v": "https://api.github.com/users/2024ac05127-tech"
                          },
                          {
                            "k": "user_view_type",
                            "v": "public"
                          }
                        ]
                      }
                    },
                    {
                      "k": "private",
                      "v": false
                    },
                    {
                      "k": "pull_request_creation_policy",
                      "v": "all"
                    },
                    {
                      "k": "pulls_url",
                      "v": "https://api.github.com/repos/2024ac05127-tech/assignment2/pulls{/number}"
                    },
                    {
                      "k": "pushed_at",
                      "v": 1788090116.0
                    },
                    {
                      "k": "releases_url",
                      "v": "https://api.github.com/repos/2024ac05127-tech/assignment2/releases{/id}"
                    },
                    {
                      "k": "size",
                      "v": 74.0
                    },
                    {
                      "k": "ssh_url",
                      "v": "git@github.com:2024ac05127-tech/assignment2.git"
                    },
                    {
                      "k": "stargazers",
                      "v": 0.0
                    },
                    {
                      "k": "stargazers_count",
                      "v": 0.0
                    },
                    {
                      "k": "stargazers_url",
                      "v": "https://api.github.com/repos/2024ac05127-tech/assignment2/stargazers"
                    },
                    {
                      "k": "statuses_url",
                      "v": "https://api.github.com/repos/2024ac05127-tech/assignment2/statuses/{sha}"
                    },
                    {
                      "k": "subscribers_url",
                      "v": "https://api.github.com/repos/2024ac05127-tech/assignment2/subscribers"
                    },
                    {
                      "k": "subscription_url",
                      "v": "https://api.github.com/repos/2024ac05127-tech/assignment2/subscription"
                    },
                    {
                      "k": "svn_url",
                      "v": "https://github.com/2024ac05127-tech/assignment2"
                    },
                    {
                      "k": "tags_url",
                      "v": "https://api.github.com/repos/2024ac05127-tech/assignment2/tags"
                    },
                    {
                      "k": "teams_url",
                      "v": "https://api.github.com/repos/2024ac05127-tech/assignment2/teams"
                    },
                    {
                      "k": "topics",
                      "v": {
                        "t": 1
                      }
                    },
                    {
                      "k": "trees_url",
                      "v": "https://api.github.com/repos/2024ac05127-tech/assignment2/git/trees{/sha}"
                    },
                    {
                      "k": "updated_at",
                      "v": "2026-08-30T11:16:32Z"
                    },
                    {
                      "k": "url",
                      "v": "https://api.github.com/repos/2024ac05127-tech/assignment2"
                    },
                    {
                      "k": "visibility",
                      "v": "public"
                    },
                    {
                      "k": "watchers",
                      "v": 0.0
                    },
                    {
                      "k": "watchers_count",
                      "v": 0.0
                    },
                    {
                      "k": "web_commit_signoff_required",
                      "v": false
                    }
                  ]
                }
              },
              {
                "k": "sender",
                "v": {
                  "t": 2,
                  "d": [
                    {
                      "k": "avatar_url",
                      "v": "https://avatars.githubusercontent.com/u/299813098?v=4"
                    },
                    {
                      "k": "events_url",
                      "v": "https://api.github.com/users/2024ac05127-tech/events{/privacy}"
                    },
                    {
                      "k": "followers_url",
                      "v": "https://api.github.com/users/2024ac05127-tech/followers"
                    },
                    {
                      "k": "following_url",
                      "v": "https://api.github.com/users/2024ac05127-tech/following{/other_user}"
                    },
                    {
                      "k": "gists_url",
                      "v": "https://api.github.com/users/2024ac05127-tech/gists{/gist_id}"
                    },
                    {
                      "k": "gravatar_id",
                      "v": ""
                    },
                    {
                      "k": "html_url",
                      "v": "https://github.com/2024ac05127-tech"
                    },
                    {
                      "k": "id",
                      "v": 299813098.0
                    },
                    {
                      "k": "login",
                      "v": "2024ac05127-tech"
                    },
                    {
                      "k": "node_id",
                      "v": "U_kgDOEd7I6g"
                    },
                    {
                      "k": "organizations_url",
                      "v": "https://api.github.com/users/2024ac05127-tech/orgs"
                    },
                    {
                      "k": "received_events_url",
                      "v": "https://api.github.com/users/2024ac05127-tech/received_events"
                    },
                    {
                      "k": "repos_url",
                      "v": "https://api.github.com/users/2024ac05127-tech/repos"
                    },
                    {
                      "k": "site_admin",
                      "v": false
                    },
                    {
                      "k": "starred_url",
                      "v": "https://api.github.com/users/2024ac05127-tech/starred{/owner}{/repo}"
                    },
                    {
                      "k": "subscriptions_url",
                      "v": "https://api.github.com/users/2024ac05127-tech/subscriptions"
                    },
                    {
                      "k": "type",
                      "v": "User"
                    },
                    {
                      "k": "url",
                      "v": "https://api.github.com/users/2024ac05127-tech"
                    },
                    {
                      "k": "user_view_type",
                      "v": "public"
                    }
                  ]
                }
              }
            ]
          }
        },
        {
          "k": "workflow_ref",
          "v": "2024ac05127-tech/assignment2/.github/workflows/cd.yml@refs/heads/main"
        },
        {
          "k": "workflow_sha",
          "v": "6f0b9bffbc47da4815549fdf10f27a056474107e"
        },
        {
          "k": "repository_id",
          "v": "1348565472"
        },
        {
          "k": "triggering_actor",
          "v": "2024ac05127-tech"
        }
      ]
    },
    "inputs": {
      "t": 2
    },
    "job": {
      "t": 2,
      "d": [
        {
          "k": "check_run_id",
          "v": 99252085383.0
        },
        {
          "k": "workflow_ref",
          "v": "2024ac05127-tech/assignment2/.github/workflows/cd.yml@refs/heads/main"
        },
        {
          "k": "workflow_sha",
          "v": "6f0b9bffbc47da4815549fdf10f27a056474107e"
        },
        {
          "k": "workflow_repository",
          "v": "2024ac05127-tech/assignment2"
        },
        {
          "k": "workflow_file_path",
          "v": ".github/workflows/cd.yml"
        }
      ]
    },
    "matrix": null,
    "needs": {
      "t": 2
    },
    "strategy": {
      "t": 2,
      "d": [
        {
          "k": "fail-fast",
          "v": true
        },
        {
          "k": "job-index",
          "v": 0.0
        },
        {
          "k": "job-total",
          "v": 1.0
        },
        {
          "k": "max-parallel",
          "v": 1.0
        }
      ]
    },
    "vars": {
      "t": 2
    }
  },
  "billingOwnerId": "U_kgDOEd7I6g"
}
[2026-08-30 11:42:04Z INFO JobRunner] Job ID 5d5f15b5-dc6b-5da1-aed8-93529954e349
[2026-08-30 11:42:04Z INFO ConfigurationStore] currentAssemblyLocation: C:\Users\krish\Documents\BITS\mlops-project\actions-runner\bin\Runner.Worker.dll
[2026-08-30 11:42:04Z INFO HostContext] Well known directory 'Bin': 'C:\Users\krish\Documents\BITS\mlops-project\actions-runner\bin'
[2026-08-30 11:42:04Z INFO ConfigurationStore] binPath: C:\Users\krish\Documents\BITS\mlops-project\actions-runner\bin
[2026-08-30 11:42:04Z INFO HostContext] Well known directory 'Bin': 'C:\Users\krish\Documents\BITS\mlops-project\actions-runner\bin'
[2026-08-30 11:42:04Z INFO HostContext] Well known directory 'Root': 'C:\Users\krish\Documents\BITS\mlops-project\actions-runner'
[2026-08-30 11:42:04Z INFO ConfigurationStore] RootFolder: C:\Users\krish\Documents\BITS\mlops-project\actions-runner
[2026-08-30 11:42:04Z INFO HostContext] Well known directory 'Bin': 'C:\Users\krish\Documents\BITS\mlops-project\actions-runner\bin'
[2026-08-30 11:42:04Z INFO HostContext] Well known directory 'Root': 'C:\Users\krish\Documents\BITS\mlops-project\actions-runner'
[2026-08-30 11:42:04Z INFO HostContext] Well known config file 'Runner': 'C:\Users\krish\Documents\BITS\mlops-project\actions-runner\.runner'
[2026-08-30 11:42:04Z INFO ConfigurationStore] ConfigFilePath: C:\Users\krish\Documents\BITS\mlops-project\actions-runner\.runner
[2026-08-30 11:42:04Z INFO HostContext] Well known directory 'Bin': 'C:\Users\krish\Documents\BITS\mlops-project\actions-runner\bin'
[2026-08-30 11:42:04Z INFO HostContext] Well known directory 'Root': 'C:\Users\krish\Documents\BITS\mlops-project\actions-runner'
[2026-08-30 11:42:04Z INFO HostContext] Well known config file 'MigratedRunner': 'C:\Users\krish\Documents\BITS\mlops-project\actions-runner\.runner_migrated'
[2026-08-30 11:42:04Z INFO ConfigurationStore] MigratedConfigFilePath: C:\Users\krish\Documents\BITS\mlops-project\actions-runner\.runner_migrated
[2026-08-30 11:42:04Z INFO HostContext] Well known directory 'Bin': 'C:\Users\krish\Documents\BITS\mlops-project\actions-runner\bin'
[2026-08-30 11:42:04Z INFO HostContext] Well known directory 'Root': 'C:\Users\krish\Documents\BITS\mlops-project\actions-runner'
[2026-08-30 11:42:04Z INFO HostContext] Well known config file 'Credentials': 'C:\Users\krish\Documents\BITS\mlops-project\actions-runner\.credentials'
[2026-08-30 11:42:04Z INFO ConfigurationStore] CredFilePath: C:\Users\krish\Documents\BITS\mlops-project\actions-runner\.credentials
[2026-08-30 11:42:04Z INFO HostContext] Well known directory 'Bin': 'C:\Users\krish\Documents\BITS\mlops-project\actions-runner\bin'
[2026-08-30 11:42:04Z INFO HostContext] Well known directory 'Root': 'C:\Users\krish\Documents\BITS\mlops-project\actions-runner'
[2026-08-30 11:42:04Z INFO HostContext] Well known config file 'MigratedCredentials': 'C:\Users\krish\Documents\BITS\mlops-project\actions-runner\.credentials_migrated'
[2026-08-30 11:42:04Z INFO ConfigurationStore] MigratedCredFilePath: C:\Users\krish\Documents\BITS\mlops-project\actions-runner\.credentials_migrated
[2026-08-30 11:42:04Z INFO HostContext] Well known directory 'Bin': 'C:\Users\krish\Documents\BITS\mlops-project\actions-runner\bin'
[2026-08-30 11:42:04Z INFO HostContext] Well known directory 'Root': 'C:\Users\krish\Documents\BITS\mlops-project\actions-runner'
[2026-08-30 11:42:04Z INFO HostContext] Well known config file 'Service': 'C:\Users\krish\Documents\BITS\mlops-project\actions-runner\.service'
[2026-08-30 11:42:04Z INFO ConfigurationStore] ServiceConfigFilePath: C:\Users\krish\Documents\BITS\mlops-project\actions-runner\.service
[2026-08-30 11:42:04Z INFO ConfigurationStore] Read setting file: 408 chars
[2026-08-30 11:42:04Z INFO JobRunner] Initializing launch client
[2026-08-30 11:42:04Z INFO JobServerQueue] Initializing results client
[2026-08-30 11:42:04Z INFO ResultServer] Creating websocket client ...wss://results-receiver.actions.githubusercontent.com/_ws/ingest.sock
[2026-08-30 11:42:05Z INFO ResultServer] Attempting to start websocket client with delay 00:00:00.
[2026-08-30 11:42:05Z INFO JobServerQueue] Start process web console line queue.
[2026-08-30 11:42:05Z INFO JobServerQueue] Start process file upload queue.
[2026-08-30 11:42:05Z INFO JobServerQueue] Start results file upload queue.
[2026-08-30 11:42:05Z INFO JobServerQueue] Starting results-based upload queue...
[2026-08-30 11:42:05Z INFO JobServerQueue] Start process timeline update queue.
[2026-08-30 11:42:05Z INFO ExecutionContext] Initializing Job context
[2026-08-30 11:42:05Z INFO ExecutionContext] Initialize GitHub context
[2026-08-30 11:42:05Z INFO ExecutionContext] Initialize Env context
[2026-08-30 11:42:05Z INFO HostContext] Well known directory 'Bin': 'C:\Users\krish\Documents\BITS\mlops-project\actions-runner\bin'
[2026-08-30 11:42:05Z INFO HostContext] Well known directory 'Root': 'C:\Users\krish\Documents\BITS\mlops-project\actions-runner'
[2026-08-30 11:42:05Z INFO HostContext] Well known directory 'Diag': 'C:\Users\krish\Documents\BITS\mlops-project\actions-runner\_diag'
[2026-08-30 11:42:05Z INFO HostContext] Well known directory 'Bin': 'C:\Users\krish\Documents\BITS\mlops-project\actions-runner\bin'
[2026-08-30 11:42:05Z INFO HostContext] Well known directory 'Root': 'C:\Users\krish\Documents\BITS\mlops-project\actions-runner'
[2026-08-30 11:42:05Z INFO HostContext] Well known directory 'Diag': 'C:\Users\krish\Documents\BITS\mlops-project\actions-runner\_diag'
[2026-08-30 11:42:05Z INFO JobRunner] Starting the job execution context.
[2026-08-30 11:42:05Z INFO HostContext] Well known directory 'Bin': 'C:\Users\krish\Documents\BITS\mlops-project\actions-runner\bin'
[2026-08-30 11:42:05Z INFO HostContext] Well known directory 'Root': 'C:\Users\krish\Documents\BITS\mlops-project\actions-runner'
[2026-08-30 11:42:05Z INFO HostContext] Well known directory 'Work': 'C:\Users\krish\Documents\BITS\mlops-project\actions-runner\_work'
[2026-08-30 11:42:05Z INFO JobRunner] Validating directory permissions for: 'C:\Users\krish\Documents\BITS\mlops-project\actions-runner\_work'
[2026-08-30 11:42:05Z INFO HostContext] Well known directory 'Bin': 'C:\Users\krish\Documents\BITS\mlops-project\actions-runner\bin'
[2026-08-30 11:42:05Z INFO HostContext] Well known directory 'Root': 'C:\Users\krish\Documents\BITS\mlops-project\actions-runner'
[2026-08-30 11:42:05Z INFO HostContext] Well known directory 'Work': 'C:\Users\krish\Documents\BITS\mlops-project\actions-runner\_work'
[2026-08-30 11:42:05Z INFO HostContext] Well known directory 'Tools': 'C:\Users\krish\Documents\BITS\mlops-project\actions-runner\_work\_tool'
[2026-08-30 11:42:05Z INFO HostContext] Well known directory 'Bin': 'C:\Users\krish\Documents\BITS\mlops-project\actions-runner\bin'
[2026-08-30 11:42:05Z INFO HostContext] Well known directory 'Root': 'C:\Users\krish\Documents\BITS\mlops-project\actions-runner'
[2026-08-30 11:42:05Z INFO HostContext] Well known directory 'Work': 'C:\Users\krish\Documents\BITS\mlops-project\actions-runner\_work'
[2026-08-30 11:42:05Z INFO HostContext] Well known directory 'Temp': 'C:\Users\krish\Documents\BITS\mlops-project\actions-runner\_work\_temp'
[2026-08-30 11:42:05Z INFO JobRunner] Getting job extension.
[2026-08-30 11:42:05Z INFO JobRunner] Initialize job. Getting all job steps.
[2026-08-30 11:42:05Z INFO HostContext] Well known directory 'Bin': 'C:\Users\krish\Documents\BITS\mlops-project\actions-runner\bin'
[2026-08-30 11:42:05Z INFO HostContext] Well known directory 'Root': 'C:\Users\krish\Documents\BITS\mlops-project\actions-runner'
[2026-08-30 11:42:05Z INFO HostContext] Well known directory 'Diag': 'C:\Users\krish\Documents\BITS\mlops-project\actions-runner\_diag'
[2026-08-30 11:42:05Z INFO HostContext] Well known directory 'Bin': 'C:\Users\krish\Documents\BITS\mlops-project\actions-runner\bin'
[2026-08-30 11:42:05Z INFO HostContext] Well known directory 'Root': 'C:\Users\krish\Documents\BITS\mlops-project\actions-runner'
[2026-08-30 11:42:05Z INFO HostContext] Well known directory 'Diag': 'C:\Users\krish\Documents\BITS\mlops-project\actions-runner\_diag'
[2026-08-30 11:42:05Z INFO HostContext] Well known directory 'Bin': 'C:\Users\krish\Documents\BITS\mlops-project\actions-runner\bin'
[2026-08-30 11:42:05Z INFO HostContext] Well known directory 'Root': 'C:\Users\krish\Documents\BITS\mlops-project\actions-runner'
[2026-08-30 11:42:05Z INFO HostContext] Well known config file 'Credentials': 'C:\Users\krish\Documents\BITS\mlops-project\actions-runner\.credentials'
[2026-08-30 11:42:05Z INFO HostContext] Well known directory 'Bin': 'C:\Users\krish\Documents\BITS\mlops-project\actions-runner\bin'
[2026-08-30 11:42:05Z INFO HostContext] Well known directory 'Root': 'C:\Users\krish\Documents\BITS\mlops-project\actions-runner'
[2026-08-30 11:42:05Z INFO HostContext] Well known config file 'SetupInfo': 'C:\Users\krish\Documents\BITS\mlops-project\actions-runner\.setup_info'
[2026-08-30 11:42:05Z INFO HostContext] Well known directory 'Bin': 'C:\Users\krish\Documents\BITS\mlops-project\actions-runner\bin'
[2026-08-30 11:42:05Z INFO HostContext] Well known directory 'Root': 'C:\Users\krish\Documents\BITS\mlops-project\actions-runner'
[2026-08-30 11:42:05Z INFO HostContext] Well known directory 'Work': 'C:\Users\krish\Documents\BITS\mlops-project\actions-runner\_work'
[2026-08-30 11:42:05Z INFO PipelineDirectoryManager] Loading tracking config if exists: C:\Users\krish\Documents\BITS\mlops-project\actions-runner\_work\_PipelineMapping\2024ac05127-tech/assignment2\PipelineFolder.json
[2026-08-30 11:42:05Z INFO PipelineDirectoryManager] Updating job run properties.
[2026-08-30 11:42:05Z INFO HostContext] Well known directory 'Bin': 'C:\Users\krish\Documents\BITS\mlops-project\actions-runner\bin'
[2026-08-30 11:42:05Z INFO HostContext] Well known directory 'Root': 'C:\Users\krish\Documents\BITS\mlops-project\actions-runner'
[2026-08-30 11:42:05Z INFO HostContext] Well known directory 'Work': 'C:\Users\krish\Documents\BITS\mlops-project\actions-runner\_work'
[2026-08-30 11:42:05Z INFO HostContext] Well known directory 'Bin': 'C:\Users\krish\Documents\BITS\mlops-project\actions-runner\bin'
[2026-08-30 11:42:05Z INFO HostContext] Well known directory 'Root': 'C:\Users\krish\Documents\BITS\mlops-project\actions-runner'
[2026-08-30 11:42:05Z INFO HostContext] Well known directory 'Work': 'C:\Users\krish\Documents\BITS\mlops-project\actions-runner\_work'
[2026-08-30 11:42:05Z INFO HostContext] Well known directory 'Bin': 'C:\Users\krish\Documents\BITS\mlops-project\actions-runner\bin'
[2026-08-30 11:42:05Z INFO HostContext] Well known directory 'Root': 'C:\Users\krish\Documents\BITS\mlops-project\actions-runner'
[2026-08-30 11:42:05Z INFO HostContext] Well known directory 'Work': 'C:\Users\krish\Documents\BITS\mlops-project\actions-runner\_work'
[2026-08-30 11:42:05Z INFO JobExtension] Downloading actions
[2026-08-30 11:42:05Z INFO HostContext] Well known directory 'Bin': 'C:\Users\krish\Documents\BITS\mlops-project\actions-runner\bin'
[2026-08-30 11:42:05Z INFO HostContext] Well known directory 'Root': 'C:\Users\krish\Documents\BITS\mlops-project\actions-runner'
[2026-08-30 11:42:05Z INFO HostContext] Well known directory 'Work': 'C:\Users\krish\Documents\BITS\mlops-project\actions-runner\_work'
[2026-08-30 11:42:05Z INFO HostContext] Well known directory 'Actions': 'C:\Users\krish\Documents\BITS\mlops-project\actions-runner\_work\_actions'
[2026-08-30 11:42:05Z INFO Worker] Listening for cancel message from the channel.
[2026-08-30 11:42:05Z INFO Worker] Waiting for the job to complete or for a cancel message from the channel.
[2026-08-30 11:42:06Z INFO ResultServer] Successfully started websocket client.
[2026-08-30 11:42:06Z INFO JobServerQueue] Try to append 1 batches web console lines for record 'c1570751-3c62-43e7-8825-f6094f2f1f06', success rate: 1/1.
[2026-08-30 11:42:06Z INFO JobServerQueue] Try to append 1 batches web console lines for record 'c1570751-3c62-43e7-8825-f6094f2f1f06', success rate: 1/1.
[2026-08-30 11:42:06Z INFO HostContext] Well known directory 'Bin': 'C:\Users\krish\Documents\BITS\mlops-project\actions-runner\bin'
[2026-08-30 11:42:06Z INFO HostContext] Well known directory 'Root': 'C:\Users\krish\Documents\BITS\mlops-project\actions-runner'
[2026-08-30 11:42:06Z INFO HostContext] Well known directory 'Work': 'C:\Users\krish\Documents\BITS\mlops-project\actions-runner\_work'
[2026-08-30 11:42:06Z INFO HostContext] Well known directory 'Actions': 'C:\Users\krish\Documents\BITS\mlops-project\actions-runner\_work\_actions'
[2026-08-30 11:42:06Z INFO HostContext] Well known directory 'Bin': 'C:\Users\krish\Documents\BITS\mlops-project\actions-runner\bin'
[2026-08-30 11:42:06Z INFO HostContext] Well known directory 'Root': 'C:\Users\krish\Documents\BITS\mlops-project\actions-runner'
[2026-08-30 11:42:06Z INFO HostContext] Well known directory 'Work': 'C:\Users\krish\Documents\BITS\mlops-project\actions-runner\_work'
[2026-08-30 11:42:06Z INFO HostContext] Well known directory 'Actions': 'C:\Users\krish\Documents\BITS\mlops-project\actions-runner\_work\_actions'
[2026-08-30 11:42:06Z INFO ActionManager] Save archive 'https://codeload.github.com/actions/checkout/zip/11d5960a326750d5838078e36cf38b85af677262' into C:\Users\krish\Documents\BITS\mlops-project\actions-runner\_work\_actions\_temp_603a70f3-b0ac-41c0-bf75-24acc5b680d4\73c7e4a7-bc59-4921-911b-21035659b91d.zip.
[2026-08-30 11:42:06Z INFO ActionManager] Using Basic token for action archive download.
[2026-08-30 11:42:06Z INFO JobServerQueue] Job timeline record has been updated for the first time.
[2026-08-30 11:42:06Z INFO JobServerQueue] Try to append 1 batches web console lines for record 'c1570751-3c62-43e7-8825-f6094f2f1f06', success rate: 1/1.
[2026-08-30 11:42:07Z INFO ActionManager] Request URL: https://codeload.github.com/actions/checkout/zip/11d5960a326750d5838078e36cf38b85af677262 X-GitHub-Request-Id: C8BD:1367A0:3360D:3D0871:6A94170F Http Status: OK
[2026-08-30 11:42:09Z INFO ActionManager] Finished getting action repository.
[2026-08-30 11:42:09Z INFO HostContext] Well known directory 'Bin': 'C:\Users\krish\Documents\BITS\mlops-project\actions-runner\bin'
[2026-08-30 11:42:09Z INFO HostContext] Well known directory 'Root': 'C:\Users\krish\Documents\BITS\mlops-project\actions-runner'
[2026-08-30 11:42:09Z INFO HostContext] Well known directory 'Work': 'C:\Users\krish\Documents\BITS\mlops-project\actions-runner\_work'
[2026-08-30 11:42:09Z INFO HostContext] Well known directory 'Actions': 'C:\Users\krish\Documents\BITS\mlops-project\actions-runner\_work\_actions'
[2026-08-30 11:42:09Z INFO ActionManifestManagerLegacy] Load schema file with definitions: [
  "null",
  "boolean",
  "number",
  "string",
  "sequence",
  "mapping",
  "any",
  "action-root",
  "inputs",
  "input",
  "outputs",
  "output-definition",
  "runs",
  "container-runs",
  "container-runs-args",
  "container-runs-env",
  "node-runs",
  "plugin-runs",
  "composite-runs",
  "composite-steps",
  "composite-step",
  "run-step",
  "uses-step",
  "container-runs-context",
  "output-value",
  "input-default-context",
  "non-empty-string",
  "string-steps-context",
  "boolean-steps-context",
  "step-env",
  "step-if",
  "step-with"
]
[2026-08-30 11:42:09Z INFO ActionManifestManager] Load schema file with definitions: [
  "null",
  "boolean",
  "number",
  "string",
  "sequence",
  "mapping",
  "any",
  "action-root",
  "inputs",
  "input",
  "outputs",
  "output-definition",
  "runs",
  "container-runs",
  "container-runs-args",
  "container-runs-env",
  "node-runs",
  "plugin-runs",
  "composite-runs",
  "composite-steps",
  "composite-step",
  "run-step",
  "uses-step",
  "container-runs-context",
  "output-value",
  "input-default-context",
  "non-empty-string",
  "string-steps-context",
  "boolean-steps-context",
  "step-env",
  "step-if",
  "step-with"
]
[2026-08-30 11:42:09Z INFO HostContext] Well known directory 'Bin': 'C:\Users\krish\Documents\BITS\mlops-project\actions-runner\bin'
[2026-08-30 11:42:09Z INFO HostContext] Well known directory 'Root': 'C:\Users\krish\Documents\BITS\mlops-project\actions-runner'
[2026-08-30 11:42:09Z INFO HostContext] Well known directory 'Work': 'C:\Users\krish\Documents\BITS\mlops-project\actions-runner\_work'
[2026-08-30 11:42:09Z INFO HostContext] Well known directory 'Actions': 'C:\Users\krish\Documents\BITS\mlops-project\actions-runner\_work\_actions'
[2026-08-30 11:42:09Z INFO ActionManifestManagerLegacy] Loaded action.yml file: {
  "name": "Checkout",
  "description": "Checkout a Git repository at a particular version",
  "inputs": {
    "type": 2,
    "map": [
      {
        "key": {
          "type": 0,
          "file": 2,
          "line": 4,
          "col": 3,
          "lit": "repository"
        },
        "value": {
          "type": 3,
          "file": 2,
          "line": 6,
          "col": 14,
          "expr": "github.repository"
        }
      },
      {
        "key": {
          "type": 0,
          "file": 2,
          "line": 7,
          "col": 3,
          "lit": "ref"
        },
        "value": ""
      },
      {
        "key": {
          "type": 0,
          "file": 2,
          "line": 12,
          "col": 3,
          "lit": "token"
        },
        "value": {
          "type": 3,
          "file": 2,
          "line": 24,
          "col": 14,
          "expr": "github.token"
        }
      },
      {
        "key": {
          "type": 0,
          "file": 2,
          "line": 25,
          "col": 3,
          "lit": "ssh-key"
        },
        "value": ""
      },
      {
        "key": {
          "type": 0,
          "file": 2,
          "line": 37,
          "col": 3,
          "lit": "ssh-known-hosts"
        },
        "value": ""
      },
      {
        "key": {
          "type": 0,
          "file": 2,
          "line": 42,
          "col": 3,
          "lit": "ssh-strict"
        },
        "value": {
          "type": 0,
          "file": 2,
          "line": 47,
          "col": 14,
          "lit": "true"
        }
      },
      {
        "key": {
          "type": 0,
          "file": 2,
          "line": 48,
          "col": 3,
          "lit": "ssh-user"
        },
        "value": {
          "type": 0,
          "file": 2,
          "line": 51,
          "col": 14,
          "lit": "git"
        }
      },
      {
        "key": {
          "type": 0,
          "file": 2,
          "line": 52,
          "col": 3,
          "lit": "persist-credentials"
        },
        "value": {
          "type": 0,
          "file": 2,
          "line": 54,
          "col": 14,
          "lit": "true"
        }
      },
      {
        "key": {
          "type": 0,
          "file": 2,
          "line": 55,
          "col": 3,
          "lit": "path"
        },
        "value": ""
      },
      {
        "key": {
          "type": 0,
          "file": 2,
          "line": 57,
          "col": 3,
          "lit": "clean"
        },
        "value": {
          "type": 0,
          "file": 2,
          "line": 59,
          "col": 14,
          "lit": "true"
        }
      },
      {
        "key": {
          "type": 0,
          "file": 2,
          "line": 60,
          "col": 3,
          "lit": "filter"
        },
        "value": {
          "type": 0,
          "file": 2,
          "line": 64,
          "col": 14,
          "lit": ""
        }
      },
      {
        "key": {
          "type": 0,
          "file": 2,
          "line": 65,
          "col": 3,
          "lit": "sparse-checkout"
        },
        "value": {
          "type": 0,
          "file": 2,
          "line": 69,
          "col": 14,
          "lit": ""
        }
      },
      {
        "key": {
          "type": 0,
          "file": 2,
          "line": 70,
          "col": 3,
          "lit": "sparse-checkout-cone-mode"
        },
        "value": {
          "type": 0,
          "file": 2,
          "line": 73,
          "col": 14,
          "lit": "true"
        }
      },
      {
        "key": {
          "type": 0,
          "file": 2,
          "line": 74,
          "col": 3,
          "lit": "fetch-depth"
        },
        "value": {
          "type": 0,
          "file": 2,
          "line": 76,
          "col": 14,
          "lit": "1"
        }
      },
      {
        "key": {
          "type": 0,
          "file": 2,
          "line": 77,
          "col": 3,
          "lit": "fetch-tags"
        },
        "value": {
          "type": 0,
          "file": 2,
          "line": 79,
          "col": 14,
          "lit": "false"
        }
      },
      {
        "key": {
          "type": 0,
          "file": 2,
          "line": 80,
          "col": 3,
          "lit": "show-progress"
        },
        "value": {
          "type": 0,
          "file": 2,
          "line": 82,
          "col": 14,
          "lit": "true"
        }
      },
      {
        "key": {
          "type": 0,
          "file": 2,
          "line": 83,
          "col": 3,
          "lit": "lfs"
        },
        "value": {
          "type": 0,
          "file": 2,
          "line": 85,
          "col": 14,
          "lit": "false"
        }
      },
      {
        "key": {
          "type": 0,
          "file": 2,
          "line": 86,
          "col": 3,
          "lit": "submodules"
        },
        "value": {
          "type": 0,
          "file": 2,
          "line": 94,
          "col": 14,
          "lit": "false"
        }
      },
      {
        "key": {
          "type": 0,
          "file": 2,
          "line": 95,
          "col": 3,
          "lit": "set-safe-directory"
        },
        "value": {
          "type": 0,
          "file": 2,
          "line": 97,
          "col": 14,
          "lit": "true"
        }
      },
      {
        "key": {
          "type": 0,
          "file": 2,
          "line": 98,
          "col": 3,
          "lit": "github-server-url"
        },
        "value": ""
      },
      {
        "key": {
          "type": 0,
          "file": 2,
          "line": 101,
          "col": 3,
          "lit": "allow-unsafe-pr-checkout"
        },
        "value": {
          "type": 0,
          "file": 2,
          "line": 109,
          "col": 14,
          "lit": "false"
        }
      }
    ]
  },
  "execution": {
    "executionType": "nodeJS",
    "hasPre": false,
    "hasPost": true,
    "script": "dist/index.js",
    "pre": null,
    "post": "dist/index.js",
    "nodeVersion": "node20",
    "cleanupCondition": "always()",
    "initCondition": "always()"
  },
  "deprecated": null
}
[2026-08-30 11:42:09Z INFO ActionManager] Action node.js file: dist/index.js, no more preparation.
[2026-08-30 11:42:09Z INFO HostContext] Well known directory 'Bin': 'C:\Users\krish\Documents\BITS\mlops-project\actions-runner\bin'
[2026-08-30 11:42:09Z INFO HostContext] Well known directory 'Root': 'C:\Users\krish\Documents\BITS\mlops-project\actions-runner'
[2026-08-30 11:42:09Z INFO HostContext] Well known directory 'Work': 'C:\Users\krish\Documents\BITS\mlops-project\actions-runner\_work'
[2026-08-30 11:42:09Z INFO HostContext] Well known directory 'Actions': 'C:\Users\krish\Documents\BITS\mlops-project\actions-runner\_work\_actions'
[2026-08-30 11:42:09Z INFO ActionManager] Load action that reference repository from 'C:\Users\krish\Documents\BITS\mlops-project\actions-runner\_work\_actions\actions\checkout\v4'
[2026-08-30 11:42:09Z INFO HostContext] Well known directory 'Bin': 'C:\Users\krish\Documents\BITS\mlops-project\actions-runner\bin'
[2026-08-30 11:42:09Z INFO HostContext] Well known directory 'Root': 'C:\Users\krish\Documents\BITS\mlops-project\actions-runner'
[2026-08-30 11:42:09Z INFO HostContext] Well known directory 'Work': 'C:\Users\krish\Documents\BITS\mlops-project\actions-runner\_work'
[2026-08-30 11:42:09Z INFO HostContext] Well known directory 'Actions': 'C:\Users\krish\Documents\BITS\mlops-project\actions-runner\_work\_actions'
[2026-08-30 11:42:09Z INFO ActionManifestManagerLegacy] Loaded action.yml file: {
  "name": "Checkout",
  "description": "Checkout a Git repository at a particular version",
  "inputs": {
    "type": 2,
    "map": [
      {
        "key": {
          "type": 0,
          "file": 2,
          "line": 4,
          "col": 3,
          "lit": "repository"
        },
        "value": {
          "type": 3,
          "file": 2,
          "line": 6,
          "col": 14,
          "expr": "github.repository"
        }
      },
      {
        "key": {
          "type": 0,
          "file": 2,
          "line": 7,
          "col": 3,
          "lit": "ref"
        },
        "value": ""
      },
      {
        "key": {
          "type": 0,
          "file": 2,
          "line": 12,
          "col": 3,
          "lit": "token"
        },
        "value": {
          "type": 3,
          "file": 2,
          "line": 24,
          "col": 14,
          "expr": "github.token"
        }
      },
      {
        "key": {
          "type": 0,
          "file": 2,
          "line": 25,
          "col": 3,
          "lit": "ssh-key"
        },
        "value": ""
      },
      {
        "key": {
          "type": 0,
          "file": 2,
          "line": 37,
          "col": 3,
          "lit": "ssh-known-hosts"
        },
        "value": ""
      },
      {
        "key": {
          "type": 0,
          "file": 2,
          "line": 42,
          "col": 3,
          "lit": "ssh-strict"
        },
        "value": {
          "type": 0,
          "file": 2,
          "line": 47,
          "col": 14,
          "lit": "true"
        }
      },
      {
        "key": {
          "type": 0,
          "file": 2,
          "line": 48,
          "col": 3,
          "lit": "ssh-user"
        },
        "value": {
          "type": 0,
          "file": 2,
          "line": 51,
          "col": 14,
          "lit": "git"
        }
      },
      {
        "key": {
          "type": 0,
          "file": 2,
          "line": 52,
          "col": 3,
          "lit": "persist-credentials"
        },
        "value": {
          "type": 0,
          "file": 2,
          "line": 54,
          "col": 14,
          "lit": "true"
        }
      },
      {
        "key": {
          "type": 0,
          "file": 2,
          "line": 55,
          "col": 3,
          "lit": "path"
        },
        "value": ""
      },
      {
        "key": {
          "type": 0,
          "file": 2,
          "line": 57,
          "col": 3,
          "lit": "clean"
        },
        "value": {
          "type": 0,
          "file": 2,
          "line": 59,
          "col": 14,
          "lit": "true"
        }
      },
      {
        "key": {
          "type": 0,
          "file": 2,
          "line": 60,
          "col": 3,
          "lit": "filter"
        },
        "value": {
          "type": 0,
          "file": 2,
          "line": 64,
          "col": 14,
          "lit": ""
        }
      },
      {
        "key": {
          "type": 0,
          "file": 2,
          "line": 65,
          "col": 3,
          "lit": "sparse-checkout"
        },
        "value": {
          "type": 0,
          "file": 2,
          "line": 69,
          "col": 14,
          "lit": ""
        }
      },
      {
        "key": {
          "type": 0,
          "file": 2,
          "line": 70,
          "col": 3,
          "lit": "sparse-checkout-cone-mode"
        },
        "value": {
          "type": 0,
          "file": 2,
          "line": 73,
          "col": 14,
          "lit": "true"
        }
      },
      {
        "key": {
          "type": 0,
          "file": 2,
          "line": 74,
          "col": 3,
          "lit": "fetch-depth"
        },
        "value": {
          "type": 0,
          "file": 2,
          "line": 76,
          "col": 14,
          "lit": "1"
        }
      },
      {
        "key": {
          "type": 0,
          "file": 2,
          "line": 77,
          "col": 3,
          "lit": "fetch-tags"
        },
        "value": {
          "type": 0,
          "file": 2,
          "line": 79,
          "col": 14,
          "lit": "false"
        }
      },
      {
        "key": {
          "type": 0,
          "file": 2,
          "line": 80,
          "col": 3,
          "lit": "show-progress"
        },
        "value": {
          "type": 0,
          "file": 2,
          "line": 82,
          "col": 14,
          "lit": "true"
        }
      },
      {
        "key": {
          "type": 0,
          "file": 2,
          "line": 83,
          "col": 3,
          "lit": "lfs"
        },
        "value": {
          "type": 0,
          "file": 2,
          "line": 85,
          "col": 14,
          "lit": "false"
        }
      },
      {
        "key": {
          "type": 0,
          "file": 2,
          "line": 86,
          "col": 3,
          "lit": "submodules"
        },
        "value": {
          "type": 0,
          "file": 2,
          "line": 94,
          "col": 14,
          "lit": "false"
        }
      },
      {
        "key": {
          "type": 0,
          "file": 2,
          "line": 95,
          "col": 3,
          "lit": "set-safe-directory"
        },
        "value": {
          "type": 0,
          "file": 2,
          "line": 97,
          "col": 14,
          "lit": "true"
        }
      },
      {
        "key": {
          "type": 0,
          "file": 2,
          "line": 98,
          "col": 3,
          "lit": "github-server-url"
        },
        "value": ""
      },
      {
        "key": {
          "type": 0,
          "file": 2,
          "line": 101,
          "col": 3,
          "lit": "allow-unsafe-pr-checkout"
        },
        "value": {
          "type": 0,
          "file": 2,
          "line": 109,
          "col": 14,
          "lit": "false"
        }
      }
    ]
  },
  "execution": {
    "executionType": "nodeJS",
    "hasPre": false,
    "hasPost": true,
    "script": "dist/index.js",
    "pre": null,
    "post": "dist/index.js",
    "nodeVersion": "node20",
    "cleanupCondition": "always()",
    "initCondition": "always()"
  },
  "deprecated": null
}
[2026-08-30 11:42:09Z INFO ActionManager] Action pre node.js file: N/A.
[2026-08-30 11:42:09Z INFO ActionManager] Action node.js file: dist/index.js.
[2026-08-30 11:42:09Z INFO ActionManager] Action post node.js file: dist/index.js.
[2026-08-30 11:42:09Z INFO JobExtension] Adding .
[2026-08-30 11:42:10Z INFO JobExtension] Adding .
[2026-08-30 11:42:10Z INFO JobExtension] Adding .
[2026-08-30 11:42:10Z INFO JobExtension] Adding .
[2026-08-30 11:42:10Z INFO JobExtension] Adding .
[2026-08-30 11:42:10Z INFO JobExtension] Adding .
[2026-08-30 11:42:10Z INFO JobExtension] Adding .
[2026-08-30 11:42:10Z INFO HostContext] Well known directory 'Bin': 'C:\Users\krish\Documents\BITS\mlops-project\actions-runner\bin'
[2026-08-30 11:42:10Z INFO HostContext] Well known directory 'Root': 'C:\Users\krish\Documents\BITS\mlops-project\actions-runner'
[2026-08-30 11:42:10Z INFO HostContext] Well known directory 'Diag': 'C:\Users\krish\Documents\BITS\mlops-project\actions-runner\_diag'
[2026-08-30 11:42:10Z INFO HostContext] Well known directory 'Bin': 'C:\Users\krish\Documents\BITS\mlops-project\actions-runner\bin'
[2026-08-30 11:42:10Z INFO HostContext] Well known directory 'Root': 'C:\Users\krish\Documents\BITS\mlops-project\actions-runner'
[2026-08-30 11:42:10Z INFO HostContext] Well known directory 'Diag': 'C:\Users\krish\Documents\BITS\mlops-project\actions-runner\_diag'
[2026-08-30 11:42:10Z INFO HostContext] Well known directory 'Bin': 'C:\Users\krish\Documents\BITS\mlops-project\actions-runner\bin'
[2026-08-30 11:42:10Z INFO HostContext] Well known directory 'Root': 'C:\Users\krish\Documents\BITS\mlops-project\actions-runner'
[2026-08-30 11:42:10Z INFO HostContext] Well known directory 'Diag': 'C:\Users\krish\Documents\BITS\mlops-project\actions-runner\_diag'
[2026-08-30 11:42:10Z INFO HostContext] Well known directory 'Bin': 'C:\Users\krish\Documents\BITS\mlops-project\actions-runner\bin'
[2026-08-30 11:42:10Z INFO HostContext] Well known directory 'Root': 'C:\Users\krish\Documents\BITS\mlops-project\actions-runner'
[2026-08-30 11:42:10Z INFO HostContext] Well known directory 'Diag': 'C:\Users\krish\Documents\BITS\mlops-project\actions-runner\_diag'
[2026-08-30 11:42:10Z INFO HostContext] Well known directory 'Bin': 'C:\Users\krish\Documents\BITS\mlops-project\actions-runner\bin'
[2026-08-30 11:42:10Z INFO HostContext] Well known directory 'Root': 'C:\Users\krish\Documents\BITS\mlops-project\actions-runner'
[2026-08-30 11:42:10Z INFO HostContext] Well known directory 'Diag': 'C:\Users\krish\Documents\BITS\mlops-project\actions-runner\_diag'
[2026-08-30 11:42:10Z INFO HostContext] Well known directory 'Bin': 'C:\Users\krish\Documents\BITS\mlops-project\actions-runner\bin'
[2026-08-30 11:42:10Z INFO HostContext] Well known directory 'Root': 'C:\Users\krish\Documents\BITS\mlops-project\actions-runner'
[2026-08-30 11:42:10Z INFO HostContext] Well known directory 'Diag': 'C:\Users\krish\Documents\BITS\mlops-project\actions-runner\_diag'
[2026-08-30 11:42:10Z INFO HostContext] Well known directory 'Bin': 'C:\Users\krish\Documents\BITS\mlops-project\actions-runner\bin'
[2026-08-30 11:42:10Z INFO HostContext] Well known directory 'Root': 'C:\Users\krish\Documents\BITS\mlops-project\actions-runner'
[2026-08-30 11:42:10Z INFO HostContext] Well known directory 'Diag': 'C:\Users\krish\Documents\BITS\mlops-project\actions-runner\_diag'
[2026-08-30 11:42:10Z INFO HostContext] Well known directory 'Bin': 'C:\Users\krish\Documents\BITS\mlops-project\actions-runner\bin'
[2026-08-30 11:42:10Z INFO HostContext] Well known directory 'Root': 'C:\Users\krish\Documents\BITS\mlops-project\actions-runner'
[2026-08-30 11:42:10Z INFO HostContext] Well known directory 'Diag': 'C:\Users\krish\Documents\BITS\mlops-project\actions-runner\_diag'
[2026-08-30 11:42:10Z INFO HostContext] Well known directory 'Bin': 'C:\Users\krish\Documents\BITS\mlops-project\actions-runner\bin'
[2026-08-30 11:42:10Z INFO HostContext] Well known directory 'Root': 'C:\Users\krish\Documents\BITS\mlops-project\actions-runner'
[2026-08-30 11:42:10Z INFO HostContext] Well known directory 'Diag': 'C:\Users\krish\Documents\BITS\mlops-project\actions-runner\_diag'
[2026-08-30 11:42:10Z INFO HostContext] Well known directory 'Bin': 'C:\Users\krish\Documents\BITS\mlops-project\actions-runner\bin'
[2026-08-30 11:42:10Z INFO HostContext] Well known directory 'Root': 'C:\Users\krish\Documents\BITS\mlops-project\actions-runner'
[2026-08-30 11:42:10Z INFO HostContext] Well known directory 'Diag': 'C:\Users\krish\Documents\BITS\mlops-project\actions-runner\_diag'
[2026-08-30 11:42:10Z INFO HostContext] Well known directory 'Bin': 'C:\Users\krish\Documents\BITS\mlops-project\actions-runner\bin'
[2026-08-30 11:42:10Z INFO HostContext] Well known directory 'Root': 'C:\Users\krish\Documents\BITS\mlops-project\actions-runner'
[2026-08-30 11:42:10Z INFO HostContext] Well known directory 'Diag': 'C:\Users\krish\Documents\BITS\mlops-project\actions-runner\_diag'
[2026-08-30 11:42:10Z INFO HostContext] Well known directory 'Bin': 'C:\Users\krish\Documents\BITS\mlops-project\actions-runner\bin'
[2026-08-30 11:42:10Z INFO HostContext] Well known directory 'Root': 'C:\Users\krish\Documents\BITS\mlops-project\actions-runner'
[2026-08-30 11:42:10Z INFO HostContext] Well known directory 'Diag': 'C:\Users\krish\Documents\BITS\mlops-project\actions-runner\_diag'
[2026-08-30 11:42:10Z INFO HostContext] Well known directory 'Bin': 'C:\Users\krish\Documents\BITS\mlops-project\actions-runner\bin'
[2026-08-30 11:42:10Z INFO HostContext] Well known directory 'Root': 'C:\Users\krish\Documents\BITS\mlops-project\actions-runner'
[2026-08-30 11:42:10Z INFO HostContext] Well known directory 'Diag': 'C:\Users\krish\Documents\BITS\mlops-project\actions-runner\_diag'
[2026-08-30 11:42:10Z INFO HostContext] Well known directory 'Bin': 'C:\Users\krish\Documents\BITS\mlops-project\actions-runner\bin'
[2026-08-30 11:42:10Z INFO HostContext] Well known directory 'Root': 'C:\Users\krish\Documents\BITS\mlops-project\actions-runner'
[2026-08-30 11:42:10Z INFO HostContext] Well known directory 'Diag': 'C:\Users\krish\Documents\BITS\mlops-project\actions-runner\_diag'
[2026-08-30 11:42:10Z INFO JobServerQueue] Try to append 1 batches web console lines for record 'c1570751-3c62-43e7-8825-f6094f2f1f06', success rate: 1/1.
[2026-08-30 11:42:10Z INFO JobExtension] Total accessible running process: 312.
[2026-08-30 11:42:10Z INFO HostContext] Well known directory 'Bin': 'C:\Users\krish\Documents\BITS\mlops-project\actions-runner\bin'
[2026-08-30 11:42:10Z INFO HostContext] Well known directory 'Root': 'C:\Users\krish\Documents\BITS\mlops-project\actions-runner'
[2026-08-30 11:42:10Z INFO HostContext] Well known directory 'Work': 'C:\Users\krish\Documents\BITS\mlops-project\actions-runner\_work'
[2026-08-30 11:42:10Z INFO JobExtension] Start checking server connectivity.
[2026-08-30 11:42:10Z INFO JobExtension] Check server connectivity for https://broker.actions.githubusercontent.com/health.
[2026-08-30 11:42:10Z INFO JobExtension] Check server connectivity for https://token.actions.githubusercontent.com/ready.
[2026-08-30 11:42:10Z INFO JobExtension] Check server connectivity for https://run.actions.githubusercontent.com/health.
[2026-08-30 11:42:10Z INFO JobExtension] Start checking server connectivity and DNS.
[2026-08-30 11:42:10Z INFO JobExtension] Check server connectivity for https://github.com/_dns.
[2026-08-30 11:42:10Z INFO JobExtension] Check server connectivity for https://api.github.com/_dns.
[2026-08-30 11:42:10Z INFO JobExtension] Check server connectivity for https://codeload.github.com/_dns.
[2026-08-30 11:42:10Z INFO JobExtension] Check server connectivity for https://pkg.github.com/_dns.
[2026-08-30 11:42:10Z INFO JobExtension] Check server connectivity for https://copilot-proxy.githubusercontent.com/_dns.
[2026-08-30 11:42:10Z INFO JobExtension] Start checking service connectivity in background.
[2026-08-30 11:42:10Z INFO ExecutionContext] Publish step telemetry for current step {
  "action": "setup_job",
  "type": "runner",
  "stage": "Pre",
  "stepId": "c1570751-3c62-43e7-8825-f6094f2f1f06",
  "result": "succeeded",
  "errorMessages": [],
  "executionTimeInSeconds": 5,
  "startTime": "2026-08-30T11:42:05.1778621Z",
  "finishTime": "2026-08-30T11:42:10.1237974Z"
}.
[2026-08-30 11:42:10Z INFO JobRunner] Total job steps: 7.
[2026-08-30 11:42:10Z INFO JobRunner] Run all job steps.
[2026-08-30 11:42:10Z INFO DapDebugger] DapDebugger initialized
[2026-08-30 11:42:10Z INFO StepsRunner] Processing step: DisplayName='Checkout repository'
[2026-08-30 11:42:10Z INFO StepsRunner] Evaluating: success()
[2026-08-30 11:42:10Z INFO StepsRunner] Result: true
[2026-08-30 11:42:10Z INFO StepsRunner] Starting the step.
[2026-08-30 11:42:10Z INFO HostContext] Well known directory 'Bin': 'C:\Users\krish\Documents\BITS\mlops-project\actions-runner\bin'
[2026-08-30 11:42:10Z INFO HostContext] Well known directory 'Root': 'C:\Users\krish\Documents\BITS\mlops-project\actions-runner'
[2026-08-30 11:42:10Z INFO HostContext] Well known directory 'Work': 'C:\Users\krish\Documents\BITS\mlops-project\actions-runner\_work'
[2026-08-30 11:42:10Z INFO StepsRunner] Which2: 'chcp'
[2026-08-30 11:42:10Z INFO StepsRunner] Location: 'C:\WINDOWS\system32\chcp.COM'
[2026-08-30 11:42:10Z INFO ProcessInvokerWrapper] Starting process:
[2026-08-30 11:42:10Z INFO ProcessInvokerWrapper]   File name: 'C:\WINDOWS\system32\chcp.COM'
[2026-08-30 11:42:10Z INFO ProcessInvokerWrapper]   Arguments: '65001'
[2026-08-30 11:42:10Z INFO ProcessInvokerWrapper]   Working directory: 'C:\Users\krish\Documents\BITS\mlops-project\actions-runner\_work'
[2026-08-30 11:42:10Z INFO ProcessInvokerWrapper]   Require exit code zero: 'False'
[2026-08-30 11:42:10Z INFO ProcessInvokerWrapper]   Encoding web name:  ; code page: ''
[2026-08-30 11:42:10Z INFO ProcessInvokerWrapper]   Force kill process on cancellation: 'False'
[2026-08-30 11:42:10Z INFO ProcessInvokerWrapper]   Redirected STDIN: 'False'
[2026-08-30 11:42:10Z INFO ProcessInvokerWrapper]   Persist current code page: 'True'
[2026-08-30 11:42:10Z INFO ProcessInvokerWrapper]   Keep redirected STDIN open: 'False'
[2026-08-30 11:42:10Z INFO ProcessInvokerWrapper]   High priority process: 'False'
[2026-08-30 11:42:10Z INFO ProcessInvokerWrapper] Process started with process id 16616, waiting for process exit.
[2026-08-30 11:42:10Z INFO ProcessInvokerWrapper] STDOUT/STDERR stream read finished.
[2026-08-30 11:42:10Z INFO ProcessInvokerWrapper] STDOUT/STDERR stream read finished.
[2026-08-30 11:42:10Z INFO ProcessInvokerWrapper] Finished process 16616 with exit code 0, and elapsed time 00:00:00.0840363.
[2026-08-30 11:42:10Z INFO StepsRunner] Successfully returned to code page 65001 (UTF8)
[2026-08-30 11:42:10Z INFO HostContext] Well known directory 'Bin': 'C:\Users\krish\Documents\BITS\mlops-project\actions-runner\bin'
[2026-08-30 11:42:10Z INFO HostContext] Well known directory 'Root': 'C:\Users\krish\Documents\BITS\mlops-project\actions-runner'
[2026-08-30 11:42:10Z INFO HostContext] Well known directory 'Work': 'C:\Users\krish\Documents\BITS\mlops-project\actions-runner\_work'
[2026-08-30 11:42:10Z INFO HostContext] Well known directory 'Actions': 'C:\Users\krish\Documents\BITS\mlops-project\actions-runner\_work\_actions'
[2026-08-30 11:42:10Z INFO ActionManager] Load action that reference repository from 'C:\Users\krish\Documents\BITS\mlops-project\actions-runner\_work\_actions\actions\checkout\v4'
[2026-08-30 11:42:10Z INFO HostContext] Well known directory 'Bin': 'C:\Users\krish\Documents\BITS\mlops-project\actions-runner\bin'
[2026-08-30 11:42:10Z INFO HostContext] Well known directory 'Root': 'C:\Users\krish\Documents\BITS\mlops-project\actions-runner'
[2026-08-30 11:42:10Z INFO HostContext] Well known directory 'Work': 'C:\Users\krish\Documents\BITS\mlops-project\actions-runner\_work'
[2026-08-30 11:42:10Z INFO HostContext] Well known directory 'Actions': 'C:\Users\krish\Documents\BITS\mlops-project\actions-runner\_work\_actions'
[2026-08-30 11:42:10Z INFO ActionManifestManagerLegacy] Loaded action.yml file: {
  "name": "Checkout",
  "description": "Checkout a Git repository at a particular version",
  "inputs": {
    "type": 2,
    "map": [
      {
        "key": {
          "type": 0,
          "file": 2,
          "line": 4,
          "col": 3,
          "lit": "repository"
        },
        "value": {
          "type": 3,
          "file": 2,
          "line": 6,
          "col": 14,
          "expr": "github.repository"
        }
      },
      {
        "key": {
          "type": 0,
          "file": 2,
          "line": 7,
          "col": 3,
          "lit": "ref"
        },
        "value": ""
      },
      {
        "key": {
          "type": 0,
          "file": 2,
          "line": 12,
          "col": 3,
          "lit": "token"
        },
        "value": {
          "type": 3,
          "file": 2,
          "line": 24,
          "col": 14,
          "expr": "github.token"
        }
      },
      {
        "key": {
          "type": 0,
          "file": 2,
          "line": 25,
          "col": 3,
          "lit": "ssh-key"
        },
        "value": ""
      },
      {
        "key": {
          "type": 0,
          "file": 2,
          "line": 37,
          "col": 3,
          "lit": "ssh-known-hosts"
        },
        "value": ""
      },
      {
        "key": {
          "type": 0,
          "file": 2,
          "line": 42,
          "col": 3,
          "lit": "ssh-strict"
        },
        "value": {
          "type": 0,
          "file": 2,
          "line": 47,
          "col": 14,
          "lit": "true"
        }
      },
      {
        "key": {
          "type": 0,
          "file": 2,
          "line": 48,
          "col": 3,
          "lit": "ssh-user"
        },
        "value": {
          "type": 0,
          "file": 2,
          "line": 51,
          "col": 14,
          "lit": "git"
        }
      },
      {
        "key": {
          "type": 0,
          "file": 2,
          "line": 52,
          "col": 3,
          "lit": "persist-credentials"
        },
        "value": {
          "type": 0,
          "file": 2,
          "line": 54,
          "col": 14,
          "lit": "true"
        }
      },
      {
        "key": {
          "type": 0,
          "file": 2,
          "line": 55,
          "col": 3,
          "lit": "path"
        },
        "value": ""
      },
      {
        "key": {
          "type": 0,
          "file": 2,
          "line": 57,
          "col": 3,
          "lit": "clean"
        },
        "value": {
          "type": 0,
          "file": 2,
          "line": 59,
          "col": 14,
          "lit": "true"
        }
      },
      {
        "key": {
          "type": 0,
          "file": 2,
          "line": 60,
          "col": 3,
          "lit": "filter"
        },
        "value": {
          "type": 0,
          "file": 2,
          "line": 64,
          "col": 14,
          "lit": ""
        }
      },
      {
        "key": {
          "type": 0,
          "file": 2,
          "line": 65,
          "col": 3,
          "lit": "sparse-checkout"
        },
        "value": {
          "type": 0,
          "file": 2,
          "line": 69,
          "col": 14,
          "lit": ""
        }
      },
      {
        "key": {
          "type": 0,
          "file": 2,
          "line": 70,
          "col": 3,
          "lit": "sparse-checkout-cone-mode"
        },
        "value": {
          "type": 0,
          "file": 2,
          "line": 73,
          "col": 14,
          "lit": "true"
        }
      },
      {
        "key": {
          "type": 0,
          "file": 2,
          "line": 74,
          "col": 3,
          "lit": "fetch-depth"
        },
        "value": {
          "type": 0,
          "file": 2,
          "line": 76,
          "col": 14,
          "lit": "1"
        }
      },
      {
        "key": {
          "type": 0,
          "file": 2,
          "line": 77,
          "col": 3,
          "lit": "fetch-tags"
        },
        "value": {
          "type": 0,
          "file": 2,
          "line": 79,
          "col": 14,
          "lit": "false"
        }
      },
      {
        "key": {
          "type": 0,
          "file": 2,
          "line": 80,
          "col": 3,
          "lit": "show-progress"
        },
        "value": {
          "type": 0,
          "file": 2,
          "line": 82,
          "col": 14,
          "lit": "true"
        }
      },
      {
        "key": {
          "type": 0,
          "file": 2,
          "line": 83,
          "col": 3,
          "lit": "lfs"
        },
        "value": {
          "type": 0,
          "file": 2,
          "line": 85,
          "col": 14,
          "lit": "false"
        }
      },
      {
        "key": {
          "type": 0,
          "file": 2,
          "line": 86,
          "col": 3,
          "lit": "submodules"
        },
        "value": {
          "type": 0,
          "file": 2,
          "line": 94,
          "col": 14,
          "lit": "false"
        }
      },
      {
        "key": {
          "type": 0,
          "file": 2,
          "line": 95,
          "col": 3,
          "lit": "set-safe-directory"
        },
        "value": {
          "type": 0,
          "file": 2,
          "line": 97,
          "col": 14,
          "lit": "true"
        }
      },
      {
        "key": {
          "type": 0,
          "file": 2,
          "line": 98,
          "col": 3,
          "lit": "github-server-url"
        },
        "value": ""
      },
      {
        "key": {
          "type": 0,
          "file": 2,
          "line": 101,
          "col": 3,
          "lit": "allow-unsafe-pr-checkout"
        },
        "value": {
          "type": 0,
          "file": 2,
          "line": 109,
          "col": 14,
          "lit": "false"
        }
      }
    ]
  },
  "execution": {
    "executionType": "nodeJS",
    "hasPre": false,
    "hasPost": true,
    "script": "dist/index.js",
    "pre": null,
    "post": "dist/index.js",
    "nodeVersion": "node20",
    "cleanupCondition": "always()",
    "initCondition": "always()"
  },
  "deprecated": null
}
[2026-08-30 11:42:10Z INFO ActionManager] Action pre node.js file: N/A.
[2026-08-30 11:42:10Z INFO ActionManager] Action node.js file: dist/index.js.
[2026-08-30 11:42:10Z INFO ActionManager] Action post node.js file: dist/index.js.
[2026-08-30 11:42:10Z INFO ExecutionContext] Reserve record order 9 to 16 for post job actions.
[2026-08-30 11:42:10Z INFO HostContext] Well known directory 'Bin': 'C:\Users\krish\Documents\BITS\mlops-project\actions-runner\bin'
[2026-08-30 11:42:10Z INFO HostContext] Well known directory 'Root': 'C:\Users\krish\Documents\BITS\mlops-project\actions-runner'
[2026-08-30 11:42:10Z INFO HostContext] Well known directory 'Diag': 'C:\Users\krish\Documents\BITS\mlops-project\actions-runner\_diag'
[2026-08-30 11:42:10Z INFO HostContext] Well known directory 'Bin': 'C:\Users\krish\Documents\BITS\mlops-project\actions-runner\bin'
[2026-08-30 11:42:10Z INFO HostContext] Well known directory 'Root': 'C:\Users\krish\Documents\BITS\mlops-project\actions-runner'
[2026-08-30 11:42:10Z INFO HostContext] Well known directory 'Diag': 'C:\Users\krish\Documents\BITS\mlops-project\actions-runner\_diag'
[2026-08-30 11:42:10Z INFO HostContext] Well known directory 'Bin': 'C:\Users\krish\Documents\BITS\mlops-project\actions-runner\bin'
[2026-08-30 11:42:10Z INFO HostContext] Well known directory 'Root': 'C:\Users\krish\Documents\BITS\mlops-project\actions-runner'
[2026-08-30 11:42:10Z INFO HostContext] Well known directory 'Work': 'C:\Users\krish\Documents\BITS\mlops-project\actions-runner\_work'
[2026-08-30 11:42:10Z INFO HostContext] Well known directory 'Temp': 'C:\Users\krish\Documents\BITS\mlops-project\actions-runner\_work\_temp'
[2026-08-30 11:42:10Z INFO JobServerQueue] Try to upload 1 log files or attachments, success rate: 1/1.
[2026-08-30 11:42:10Z INFO JobServerQueue] Got a step log file to send to results service.
[2026-08-30 11:42:10Z INFO JobServerQueue] Starting upload of step log file to results service ResultsLog, C:\Users\krish\Documents\BITS\mlops-project\actions-runner\_diag\blocks\ee9d65f6-a341-4258-8262-1722c09b0a0b_c1570751-3c62-43e7-8825-f6094f2f1f06.1
[2026-08-30 11:42:10Z INFO ExecutionContext] Write event payload to C:\Users\krish\Documents\BITS\mlops-project\actions-runner\_work\_temp\_github_workflow\event.json
[2026-08-30 11:42:10Z INFO HostContext] Well known directory 'Bin': 'C:\Users\krish\Documents\BITS\mlops-project\actions-runner\bin'
[2026-08-30 11:42:10Z INFO HostContext] Well known directory 'Root': 'C:\Users\krish\Documents\BITS\mlops-project\actions-runner'
[2026-08-30 11:42:10Z INFO HostContext] Well known directory 'Work': 'C:\Users\krish\Documents\BITS\mlops-project\actions-runner\_work'
[2026-08-30 11:42:10Z INFO HostContext] Well known directory 'Temp': 'C:\Users\krish\Documents\BITS\mlops-project\actions-runner\_work\_temp'
[2026-08-30 11:42:10Z INFO ExtensionManager] Getting extensions for interface: 'GitHub.Runner.Worker.IFileCommandExtension'
[2026-08-30 11:42:10Z INFO ExtensionManager] Creating instance: GitHub.Runner.Worker.AddPathFileCommand, Runner.Worker
[2026-08-30 11:42:10Z INFO ExtensionManager] Creating instance: GitHub.Runner.Worker.SetEnvFileCommand, Runner.Worker
[2026-08-30 11:42:10Z INFO ExtensionManager] Creating instance: GitHub.Runner.Worker.CreateStepSummaryCommand, Runner.Worker
[2026-08-30 11:42:10Z INFO ExtensionManager] Creating instance: GitHub.Runner.Worker.SaveStateFileCommand, Runner.Worker
[2026-08-30 11:42:10Z INFO ExtensionManager] Creating instance: GitHub.Runner.Worker.SetOutputFileCommand, Runner.Worker
[2026-08-30 11:42:10Z INFO ExtensionManager] Creating instance: GitHub.Runner.Worker.CreateArtifactsFileCommand, Runner.Worker
[2026-08-30 11:42:10Z INFO ExtensionManager] Creating instance: GitHub.Runner.Worker.ArtifactsListFileCommand, Runner.Worker
[2026-08-30 11:42:10Z INFO ActionManifestManagerLegacy] Input 'repository': default value evaluate result: {
  "type": 0,
  "file": 2,
  "line": 6,
  "col": 14,
  "lit": "2024ac05127-tech/assignment2"
}
[2026-08-30 11:42:10Z INFO ActionManifestManagerLegacy] Input 'ref': default value evaluate result: ""
[2026-08-30 11:42:10Z INFO ActionManifestManagerLegacy] Input 'token': default value evaluate result: {
  "type": 0,
  "file": 2,
  "line": 24,
  "col": 14,
  "lit": "***"
}
[2026-08-30 11:42:10Z INFO ActionManifestManagerLegacy] Input 'ssh-key': default value evaluate result: ""
[2026-08-30 11:42:10Z INFO ActionManifestManagerLegacy] Input 'ssh-known-hosts': default value evaluate result: ""
[2026-08-30 11:42:10Z INFO ActionManifestManagerLegacy] Input 'ssh-strict': default value evaluate result: {
  "type": 0,
  "file": 2,
  "line": 47,
  "col": 14,
  "lit": "true"
}
[2026-08-30 11:42:10Z INFO ActionManifestManagerLegacy] Input 'ssh-user': default value evaluate result: {
  "type": 0,
  "file": 2,
  "line": 51,
  "col": 14,
  "lit": "git"
}
[2026-08-30 11:42:10Z INFO ActionManifestManagerLegacy] Input 'persist-credentials': default value evaluate result: {
  "type": 0,
  "file": 2,
  "line": 54,
  "col": 14,
  "lit": "true"
}
[2026-08-30 11:42:10Z INFO ActionManifestManagerLegacy] Input 'path': default value evaluate result: ""
[2026-08-30 11:42:10Z INFO ActionManifestManagerLegacy] Input 'clean': default value evaluate result: {
  "type": 0,
  "file": 2,
  "line": 59,
  "col": 14,
  "lit": "true"
}
[2026-08-30 11:42:10Z INFO ActionManifestManagerLegacy] Input 'filter': default value evaluate result: {
  "type": 0,
  "file": 2,
  "line": 64,
  "col": 14,
  "lit": ""
}
[2026-08-30 11:42:10Z INFO ActionManifestManagerLegacy] Input 'sparse-checkout': default value evaluate result: {
  "type": 0,
  "file": 2,
  "line": 69,
  "col": 14,
  "lit": ""
}
[2026-08-30 11:42:10Z INFO ActionManifestManagerLegacy] Input 'sparse-checkout-cone-mode': default value evaluate result: {
  "type": 0,
  "file": 2,
  "line": 73,
  "col": 14,
  "lit": "true"
}
[2026-08-30 11:42:10Z INFO ActionManifestManagerLegacy] Input 'fetch-depth': default value evaluate result: {
  "type": 0,
  "file": 2,
  "line": 76,
  "col": 14,
  "lit": "1"
}
[2026-08-30 11:42:10Z INFO ActionManifestManagerLegacy] Input 'fetch-tags': default value evaluate result: {
  "type": 0,
  "file": 2,
  "line": 79,
  "col": 14,
  "lit": "false"
}
[2026-08-30 11:42:10Z INFO ActionManifestManagerLegacy] Input 'show-progress': default value evaluate result: {
  "type": 0,
  "file": 2,
  "line": 82,
  "col": 14,
  "lit": "true"
}
[2026-08-30 11:42:10Z INFO ActionManifestManagerLegacy] Input 'lfs': default value evaluate result: {
  "type": 0,
  "file": 2,
  "line": 85,
  "col": 14,
  "lit": "false"
}
[2026-08-30 11:42:10Z INFO ActionManifestManagerLegacy] Input 'submodules': default value evaluate result: {
  "type": 0,
  "file": 2,
  "line": 94,
  "col": 14,
  "lit": "false"
}
[2026-08-30 11:42:10Z INFO ActionManifestManagerLegacy] Input 'set-safe-directory': default value evaluate result: {
  "type": 0,
  "file": 2,
  "line": 97,
  "col": 14,
  "lit": "true"
}
[2026-08-30 11:42:10Z INFO ActionManifestManagerLegacy] Input 'github-server-url': default value evaluate result: ""
[2026-08-30 11:42:10Z INFO ActionManifestManagerLegacy] Input 'allow-unsafe-pr-checkout': default value evaluate result: {
  "type": 0,
  "file": 2,
  "line": 109,
  "col": 14,
  "lit": "false"
}
[2026-08-30 11:42:10Z INFO ExtensionManager] Getting extensions for interface: 'GitHub.Runner.Worker.IActionCommandExtension'
[2026-08-30 11:42:10Z INFO ExtensionManager] Creating instance: GitHub.Runner.Worker.InternalPluginSetRepoPathCommandExtension, Runner.Worker
[2026-08-30 11:42:10Z INFO ExtensionManager] Creating instance: GitHub.Runner.Worker.SetEnvCommandExtension, Runner.Worker
[2026-08-30 11:42:10Z INFO ExtensionManager] Creating instance: GitHub.Runner.Worker.SetOutputCommandExtension, Runner.Worker
[2026-08-30 11:42:10Z INFO ExtensionManager] Creating instance: GitHub.Runner.Worker.SaveStateCommandExtension, Runner.Worker
[2026-08-30 11:42:10Z INFO ExtensionManager] Creating instance: GitHub.Runner.Worker.AddPathCommandExtension, Runner.Worker
[2026-08-30 11:42:10Z INFO ExtensionManager] Creating instance: GitHub.Runner.Worker.AddMaskCommandExtension, Runner.Worker
[2026-08-30 11:42:10Z INFO ExtensionManager] Creating instance: GitHub.Runner.Worker.AddMatcherCommandExtension, Runner.Worker
[2026-08-30 11:42:10Z INFO ExtensionManager] Creating instance: GitHub.Runner.Worker.RemoveMatcherCommandExtension, Runner.Worker
[2026-08-30 11:42:10Z INFO ExtensionManager] Creating instance: GitHub.Runner.Worker.WarningCommandExtension, Runner.Worker
[2026-08-30 11:42:10Z INFO ExtensionManager] Creating instance: GitHub.Runner.Worker.ErrorCommandExtension, Runner.Worker
[2026-08-30 11:42:10Z INFO ExtensionManager] Creating instance: GitHub.Runner.Worker.NoticeCommandExtension, Runner.Worker
[2026-08-30 11:42:10Z INFO ExtensionManager] Creating instance: GitHub.Runner.Worker.DebugCommandExtension, Runner.Worker
[2026-08-30 11:42:10Z INFO ExtensionManager] Creating instance: GitHub.Runner.Worker.GroupCommandExtension, Runner.Worker
[2026-08-30 11:42:10Z INFO ExtensionManager] Creating instance: GitHub.Runner.Worker.EndGroupCommandExtension, Runner.Worker
[2026-08-30 11:42:10Z INFO ExtensionManager] Creating instance: GitHub.Runner.Worker.EchoCommandExtension, Runner.Worker
[2026-08-30 11:42:10Z INFO ActionCommandManager] Register action command extension for command internal-set-repo-path
[2026-08-30 11:42:10Z INFO ActionCommandManager] Register action command extension for command set-env
[2026-08-30 11:42:10Z INFO ActionCommandManager] Register action command extension for command set-output
[2026-08-30 11:42:10Z INFO ActionCommandManager] Register action command extension for command save-state
[2026-08-30 11:42:10Z INFO ActionCommandManager] Register action command extension for command add-path
[2026-08-30 11:42:10Z INFO ActionCommandManager] Register action command extension for command add-mask
[2026-08-30 11:42:10Z INFO ActionCommandManager] Register action command extension for command add-matcher
[2026-08-30 11:42:10Z INFO ActionCommandManager] Register action command extension for command remove-matcher
[2026-08-30 11:42:10Z INFO ActionCommandManager] Register action command extension for command warning
[2026-08-30 11:42:10Z INFO ActionCommandManager] Register action command extension for command error
[2026-08-30 11:42:10Z INFO ActionCommandManager] Register action command extension for command notice
[2026-08-30 11:42:10Z INFO ActionCommandManager] Register action command extension for command debug
[2026-08-30 11:42:10Z INFO ActionCommandManager] Register action command extension for command group
[2026-08-30 11:42:10Z INFO ActionCommandManager] Register action command extension for command endgroup
[2026-08-30 11:42:10Z INFO ActionCommandManager] Register action command extension for command echo
[2026-08-30 11:42:10Z INFO HostContext] Well known directory 'Bin': 'C:\Users\krish\Documents\BITS\mlops-project\actions-runner\bin'
[2026-08-30 11:42:10Z INFO HostContext] Well known directory 'Root': 'C:\Users\krish\Documents\BITS\mlops-project\actions-runner'
[2026-08-30 11:42:10Z INFO HostContext] Well known directory 'Externals': 'C:\Users\krish\Documents\BITS\mlops-project\actions-runner\externals'
[2026-08-30 11:42:10Z INFO ProcessInvokerWrapper] Starting process:
[2026-08-30 11:42:10Z INFO ProcessInvokerWrapper]   File name: 'C:\Users\krish\Documents\BITS\mlops-project\actions-runner\externals\node24\bin\node.exe'
[2026-08-30 11:42:10Z INFO ProcessInvokerWrapper]   Arguments: '"C:\Users\krish\Documents\BITS\mlops-project\actions-runner\_work\_actions\actions\checkout\v4\dist/index.js"'
[2026-08-30 11:42:10Z INFO ProcessInvokerWrapper]   Working directory: 'C:\Users\krish\Documents\BITS\mlops-project\actions-runner\_work\assignment2\assignment2'
[2026-08-30 11:42:10Z INFO ProcessInvokerWrapper]   Require exit code zero: 'False'
[2026-08-30 11:42:10Z INFO ProcessInvokerWrapper]   Encoding web name: utf-8 ; code page: '65001'
[2026-08-30 11:42:10Z INFO ProcessInvokerWrapper]   Force kill process on cancellation: 'False'
[2026-08-30 11:42:10Z INFO ProcessInvokerWrapper]   Redirected STDIN: 'False'
[2026-08-30 11:42:10Z INFO ProcessInvokerWrapper]   Persist current code page: 'True'
[2026-08-30 11:42:10Z INFO ProcessInvokerWrapper]   Keep redirected STDIN open: 'False'
[2026-08-30 11:42:10Z INFO ProcessInvokerWrapper]   High priority process: 'False'
[2026-08-30 11:42:10Z INFO JobServerQueue] Try to append 1 batches web console lines for record '9386f339-b30d-42f7-aa31-9e7dda9e4d91', success rate: 1/1.
[2026-08-30 11:42:12Z INFO JobServerQueue] Tried to upload 1 file(s) to results, success rate: 1/1.
[2026-08-30 11:42:14Z INFO ProcessInvokerWrapper] Process started with process id 13036, waiting for process exit.
[2026-08-30 11:42:15Z INFO JobServerQueue] Try to append 1 batches web console lines for record '9386f339-b30d-42f7-aa31-9e7dda9e4d91', success rate: 1/1.
[2026-08-30 11:42:16Z INFO AddMaskCommandExtension] Add new secret mask with length of 524
[2026-08-30 11:42:16Z INFO JobServerQueue] Try to append 1 batches web console lines for record '9386f339-b30d-42f7-aa31-9e7dda9e4d91', success rate: 1/1.
[2026-08-30 11:42:16Z INFO JobServerQueue] Try to append 1 batches web console lines for record '9386f339-b30d-42f7-aa31-9e7dda9e4d91', success rate: 1/1.
[2026-08-30 11:42:17Z INFO JobServerQueue] Try to append 1 batches web console lines for record '9386f339-b30d-42f7-aa31-9e7dda9e4d91', success rate: 1/1.
[2026-08-30 11:42:20Z INFO JobServerQueue] Try to append 1 batches web console lines for record '9386f339-b30d-42f7-aa31-9e7dda9e4d91', success rate: 1/1.
[2026-08-30 11:42:20Z INFO HostContext] Well known directory 'Bin': 'C:\Users\krish\Documents\BITS\mlops-project\actions-runner\bin'
[2026-08-30 11:42:20Z INFO HostContext] Well known directory 'Root': 'C:\Users\krish\Documents\BITS\mlops-project\actions-runner'
[2026-08-30 11:42:20Z INFO HostContext] Well known directory 'Work': 'C:\Users\krish\Documents\BITS\mlops-project\actions-runner\_work'
[2026-08-30 11:42:20Z INFO JobServerQueue] Try to append 1 batches web console lines for record '9386f339-b30d-42f7-aa31-9e7dda9e4d91', success rate: 1/1.
[2026-08-30 11:42:20Z INFO JobServerQueue] Try to append 1 batches web console lines for record '9386f339-b30d-42f7-aa31-9e7dda9e4d91', success rate: 1/1.
[2026-08-30 11:42:20Z INFO JobServerQueue] Try to append 1 batches web console lines for record '9386f339-b30d-42f7-aa31-9e7dda9e4d91', success rate: 1/1.
[2026-08-30 11:42:21Z INFO JobServerQueue] Try to append 1 batches web console lines for record '9386f339-b30d-42f7-aa31-9e7dda9e4d91', success rate: 1/1.
[2026-08-30 11:42:27Z INFO JobServerQueue] Try to append 1 batches web console lines for record '9386f339-b30d-42f7-aa31-9e7dda9e4d91', success rate: 1/1.
[2026-08-30 11:42:27Z INFO JobServerQueue] Try to append 1 batches web console lines for record '9386f339-b30d-42f7-aa31-9e7dda9e4d91', success rate: 1/1.
[2026-08-30 11:42:28Z INFO JobServerQueue] Try to append 1 batches web console lines for record '9386f339-b30d-42f7-aa31-9e7dda9e4d91', success rate: 1/1.
[2026-08-30 11:42:29Z INFO JobServerQueue] Try to append 1 batches web console lines for record '9386f339-b30d-42f7-aa31-9e7dda9e4d91', success rate: 1/1.
[2026-08-30 11:42:30Z INFO HostContext] Well known directory 'Bin': 'C:\Users\krish\Documents\BITS\mlops-project\actions-runner\bin'
[2026-08-30 11:42:30Z INFO HostContext] Well known directory 'Root': 'C:\Users\krish\Documents\BITS\mlops-project\actions-runner'
[2026-08-30 11:42:30Z INFO HostContext] Well known directory 'Work': 'C:\Users\krish\Documents\BITS\mlops-project\actions-runner\_work'
[2026-08-30 11:42:30Z INFO JobServerQueue] Try to append 1 batches web console lines for record '9386f339-b30d-42f7-aa31-9e7dda9e4d91', success rate: 1/1.
[2026-08-30 11:42:31Z INFO JobServerQueue] Try to append 1 batches web console lines for record '9386f339-b30d-42f7-aa31-9e7dda9e4d91', success rate: 1/1.
[2026-08-30 11:42:32Z INFO JobServerQueue] Try to append 1 batches web console lines for record '9386f339-b30d-42f7-aa31-9e7dda9e4d91', success rate: 1/1.
[2026-08-30 11:42:32Z INFO JobServerQueue] Try to append 1 batches web console lines for record '9386f339-b30d-42f7-aa31-9e7dda9e4d91', success rate: 1/1.
[2026-08-30 11:42:32Z INFO ProcessInvokerWrapper] STDOUT/STDERR stream read finished.
[2026-08-30 11:42:32Z INFO ProcessInvokerWrapper] STDOUT/STDERR stream read finished.
[2026-08-30 11:42:32Z INFO ProcessInvokerWrapper] Finished process 13036 with exit code 0, and elapsed time 00:00:21.8334308.
[2026-08-30 11:42:32Z INFO CreateStepSummaryCommand] Step Summary file (C:\Users\krish\Documents\BITS\mlops-project\actions-runner\_work\_temp\_runner_file_commands\step_summary_b1ea3f4e-be10-4570-8f45-d1fc34a7fe48) is empty; skipping attachment upload
[2026-08-30 11:42:32Z INFO StepsRunner] Step result: 
[2026-08-30 11:42:32Z INFO ExecutionContext] Publish step telemetry for current step {
  "action": "actions/checkout",
  "ref": "v4",
  "type": "node24",
  "stage": "Main",
  "stepId": "9386f339-b30d-42f7-aa31-9e7dda9e4d91",
  "stepContextName": "__actions_checkout",
  "hasPreStep": false,
  "hasPostStep": true,
  "result": "succeeded",
  "errorMessages": [],
  "executionTimeInSeconds": 23,
  "startTime": "2026-08-30T11:42:10.1977778Z",
  "finishTime": "2026-08-30T11:42:32.6425007Z"
}.
[2026-08-30 11:42:32Z INFO StepsRunner] No need for updating job result with current step result 'Succeeded'.
[2026-08-30 11:42:32Z INFO StepsRunner] Current state: job state = ''
[2026-08-30 11:42:32Z INFO StepsRunner] Processing step: DisplayName='Pull latest Docker image'
[2026-08-30 11:42:32Z INFO StepsRunner] Evaluating: success()
[2026-08-30 11:42:32Z INFO StepsRunner] Result: true
[2026-08-30 11:42:32Z INFO StepsRunner] Starting the step.
[2026-08-30 11:42:32Z INFO HostContext] Well known directory 'Bin': 'C:\Users\krish\Documents\BITS\mlops-project\actions-runner\bin'
[2026-08-30 11:42:32Z INFO HostContext] Well known directory 'Root': 'C:\Users\krish\Documents\BITS\mlops-project\actions-runner'
[2026-08-30 11:42:32Z INFO HostContext] Well known directory 'Work': 'C:\Users\krish\Documents\BITS\mlops-project\actions-runner\_work'
[2026-08-30 11:42:32Z INFO StepsRunner] Which2: 'chcp'
[2026-08-30 11:42:32Z INFO StepsRunner] Location: 'C:\WINDOWS\system32\chcp.COM'
[2026-08-30 11:42:32Z INFO ProcessInvokerWrapper] Starting process:
[2026-08-30 11:42:32Z INFO ProcessInvokerWrapper]   File name: 'C:\WINDOWS\system32\chcp.COM'
[2026-08-30 11:42:32Z INFO ProcessInvokerWrapper]   Arguments: '65001'
[2026-08-30 11:42:32Z INFO ProcessInvokerWrapper]   Working directory: 'C:\Users\krish\Documents\BITS\mlops-project\actions-runner\_work'
[2026-08-30 11:42:32Z INFO ProcessInvokerWrapper]   Require exit code zero: 'False'
[2026-08-30 11:42:32Z INFO ProcessInvokerWrapper]   Encoding web name:  ; code page: ''
[2026-08-30 11:42:32Z INFO ProcessInvokerWrapper]   Force kill process on cancellation: 'False'
[2026-08-30 11:42:32Z INFO ProcessInvokerWrapper]   Redirected STDIN: 'False'
[2026-08-30 11:42:32Z INFO ProcessInvokerWrapper]   Persist current code page: 'True'
[2026-08-30 11:42:32Z INFO ProcessInvokerWrapper]   Keep redirected STDIN open: 'False'
[2026-08-30 11:42:32Z INFO ProcessInvokerWrapper]   High priority process: 'False'
[2026-08-30 11:42:32Z INFO ProcessInvokerWrapper] Process started with process id 4108, waiting for process exit.
[2026-08-30 11:42:32Z INFO ProcessInvokerWrapper] STDOUT/STDERR stream read finished.
[2026-08-30 11:42:32Z INFO ProcessInvokerWrapper] STDOUT/STDERR stream read finished.
[2026-08-30 11:42:32Z INFO ProcessInvokerWrapper] Finished process 4108 with exit code 0, and elapsed time 00:00:00.0660585.
[2026-08-30 11:42:32Z INFO StepsRunner] Successfully returned to code page 65001 (UTF8)
[2026-08-30 11:42:32Z INFO HostContext] Well known directory 'Bin': 'C:\Users\krish\Documents\BITS\mlops-project\actions-runner\bin'
[2026-08-30 11:42:32Z INFO HostContext] Well known directory 'Root': 'C:\Users\krish\Documents\BITS\mlops-project\actions-runner'
[2026-08-30 11:42:32Z INFO HostContext] Well known directory 'Work': 'C:\Users\krish\Documents\BITS\mlops-project\actions-runner\_work'
[2026-08-30 11:42:32Z INFO HostContext] Well known directory 'Temp': 'C:\Users\krish\Documents\BITS\mlops-project\actions-runner\_work\_temp'
[2026-08-30 11:42:32Z INFO ExecutionContext] Write event payload to C:\Users\krish\Documents\BITS\mlops-project\actions-runner\_work\_temp\_github_workflow\event.json
[2026-08-30 11:42:32Z INFO HostContext] Well known directory 'Bin': 'C:\Users\krish\Documents\BITS\mlops-project\actions-runner\bin'
[2026-08-30 11:42:32Z INFO HostContext] Well known directory 'Root': 'C:\Users\krish\Documents\BITS\mlops-project\actions-runner'
[2026-08-30 11:42:32Z INFO HostContext] Well known directory 'Work': 'C:\Users\krish\Documents\BITS\mlops-project\actions-runner\_work'
[2026-08-30 11:42:32Z INFO HostContext] Well known directory 'Temp': 'C:\Users\krish\Documents\BITS\mlops-project\actions-runner\_work\_temp'
[2026-08-30 11:42:32Z INFO ExtensionManager] Getting extensions for interface: 'GitHub.Runner.Worker.IFileCommandExtension'
[2026-08-30 11:42:32Z INFO ExtensionManager] Getting extensions for interface: 'GitHub.Runner.Worker.IActionCommandExtension'
[2026-08-30 11:42:32Z INFO ActionCommandManager] Register action command extension for command internal-set-repo-path
[2026-08-30 11:42:32Z INFO ActionCommandManager] Register action command extension for command set-env
[2026-08-30 11:42:32Z INFO ActionCommandManager] Register action command extension for command set-output
[2026-08-30 11:42:32Z INFO ActionCommandManager] Register action command extension for command save-state
[2026-08-30 11:42:32Z INFO ActionCommandManager] Register action command extension for command add-path
[2026-08-30 11:42:32Z INFO ActionCommandManager] Register action command extension for command add-mask
[2026-08-30 11:42:32Z INFO ActionCommandManager] Register action command extension for command add-matcher
[2026-08-30 11:42:32Z INFO ActionCommandManager] Register action command extension for command remove-matcher
[2026-08-30 11:42:32Z INFO ActionCommandManager] Register action command extension for command warning
[2026-08-30 11:42:32Z INFO ActionCommandManager] Register action command extension for command error
[2026-08-30 11:42:32Z INFO ActionCommandManager] Register action command extension for command notice
[2026-08-30 11:42:32Z INFO ActionCommandManager] Register action command extension for command debug
[2026-08-30 11:42:32Z INFO ActionCommandManager] Register action command extension for command group
[2026-08-30 11:42:32Z INFO ActionCommandManager] Register action command extension for command endgroup
[2026-08-30 11:42:32Z INFO ActionCommandManager] Register action command extension for command echo
[2026-08-30 11:42:32Z INFO ScriptHandler] Which2: 'cmd'
[2026-08-30 11:42:32Z INFO ScriptHandler] Location: 'C:\WINDOWS\system32\cmd.EXE'
[2026-08-30 11:42:32Z INFO HostContext] Well known directory 'Bin': 'C:\Users\krish\Documents\BITS\mlops-project\actions-runner\bin'
[2026-08-30 11:42:32Z INFO HostContext] Well known directory 'Root': 'C:\Users\krish\Documents\BITS\mlops-project\actions-runner'
[2026-08-30 11:42:32Z INFO HostContext] Well known directory 'Work': 'C:\Users\krish\Documents\BITS\mlops-project\actions-runner\_work'
[2026-08-30 11:42:32Z INFO HostContext] Well known directory 'Temp': 'C:\Users\krish\Documents\BITS\mlops-project\actions-runner\_work\_temp'
[2026-08-30 11:42:32Z INFO ScriptHandler] Which2: 'cmd'
[2026-08-30 11:42:32Z INFO ScriptHandler] Location: 'C:\WINDOWS\system32\cmd.EXE'
[2026-08-30 11:42:32Z INFO ProcessInvokerWrapper] Starting process:
[2026-08-30 11:42:32Z INFO ProcessInvokerWrapper]   File name: 'C:\WINDOWS\system32\cmd.EXE'
[2026-08-30 11:42:32Z INFO ProcessInvokerWrapper]   Arguments: '/D /E:ON /V:OFF /S /C "CALL "C:\Users\krish\Documents\BITS\mlops-project\actions-runner\_work\_temp\dac8d3ba-90b1-4a99-850a-d2f019b4f631.cmd""'
[2026-08-30 11:42:32Z INFO ProcessInvokerWrapper]   Working directory: 'C:\Users\krish\Documents\BITS\mlops-project\actions-runner\_work\assignment2\assignment2'
[2026-08-30 11:42:32Z INFO ProcessInvokerWrapper]   Require exit code zero: 'False'
[2026-08-30 11:42:32Z INFO ProcessInvokerWrapper]   Encoding web name:  ; code page: ''
[2026-08-30 11:42:32Z INFO ProcessInvokerWrapper]   Force kill process on cancellation: 'False'
[2026-08-30 11:42:32Z INFO ProcessInvokerWrapper]   Redirected STDIN: 'False'
[2026-08-30 11:42:32Z INFO ProcessInvokerWrapper]   Persist current code page: 'True'
[2026-08-30 11:42:32Z INFO ProcessInvokerWrapper]   Keep redirected STDIN open: 'False'
[2026-08-30 11:42:32Z INFO ProcessInvokerWrapper]   High priority process: 'False'
[2026-08-30 11:42:32Z INFO JobServerQueue] Try to append 1 batches web console lines for record '9386f339-b30d-42f7-aa31-9e7dda9e4d91', success rate: 1/1.
[2026-08-30 11:42:32Z INFO JobServerQueue] Try to append 1 batches web console lines for record 'bab22ccf-ddcc-4aaf-ba3b-a62ed9d6bb72', success rate: 1/1.
[2026-08-30 11:42:32Z INFO ProcessInvokerWrapper] Process started with process id 13456, waiting for process exit.
[2026-08-30 11:42:32Z INFO JobServerQueue] Try to upload 1 log files or attachments, success rate: 1/1.
[2026-08-30 11:42:32Z INFO JobServerQueue] Got a step log file to send to results service.
[2026-08-30 11:42:32Z INFO JobServerQueue] Starting upload of step log file to results service ResultsLog, C:\Users\krish\Documents\BITS\mlops-project\actions-runner\_diag\blocks\ee9d65f6-a341-4258-8262-1722c09b0a0b_9386f339-b30d-42f7-aa31-9e7dda9e4d91.1
[2026-08-30 11:42:33Z INFO JobServerQueue] Tried to upload 1 file(s) to results, success rate: 1/1.
[2026-08-30 11:42:36Z INFO JobServerQueue] Try to append 1 batches web console lines for record 'bab22ccf-ddcc-4aaf-ba3b-a62ed9d6bb72', success rate: 1/1.
[2026-08-30 11:42:40Z INFO HostContext] Well known directory 'Bin': 'C:\Users\krish\Documents\BITS\mlops-project\actions-runner\bin'
[2026-08-30 11:42:40Z INFO HostContext] Well known directory 'Root': 'C:\Users\krish\Documents\BITS\mlops-project\actions-runner'
[2026-08-30 11:42:40Z INFO HostContext] Well known directory 'Work': 'C:\Users\krish\Documents\BITS\mlops-project\actions-runner\_work'
[2026-08-30 11:42:42Z INFO JobServerQueue] Try to append 1 batches web console lines for record 'bab22ccf-ddcc-4aaf-ba3b-a62ed9d6bb72', success rate: 1/1.
[2026-08-30 11:42:43Z INFO JobServerQueue] Try to append 1 batches web console lines for record 'bab22ccf-ddcc-4aaf-ba3b-a62ed9d6bb72', success rate: 1/1.
[2026-08-30 11:42:44Z INFO JobServerQueue] Try to append 1 batches web console lines for record 'bab22ccf-ddcc-4aaf-ba3b-a62ed9d6bb72', success rate: 1/1.
[2026-08-30 11:42:44Z INFO JobServerQueue] Try to append 1 batches web console lines for record 'bab22ccf-ddcc-4aaf-ba3b-a62ed9d6bb72', success rate: 1/1.
[2026-08-30 11:42:45Z INFO JobServerQueue] Try to append 1 batches web console lines for record 'bab22ccf-ddcc-4aaf-ba3b-a62ed9d6bb72', success rate: 1/1.
[2026-08-30 11:42:45Z INFO JobServerQueue] Try to append 1 batches web console lines for record 'bab22ccf-ddcc-4aaf-ba3b-a62ed9d6bb72', success rate: 1/1.
[2026-08-30 11:42:45Z INFO JobServerQueue] Try to append 1 batches web console lines for record 'bab22ccf-ddcc-4aaf-ba3b-a62ed9d6bb72', success rate: 1/1.
[2026-08-30 11:42:46Z INFO JobServerQueue] Try to append 1 batches web console lines for record 'bab22ccf-ddcc-4aaf-ba3b-a62ed9d6bb72', success rate: 1/1.
[2026-08-30 11:42:46Z INFO JobServerQueue] Try to append 1 batches web console lines for record 'bab22ccf-ddcc-4aaf-ba3b-a62ed9d6bb72', success rate: 1/1.
[2026-08-30 11:42:46Z INFO JobServerQueue] Try to append 1 batches web console lines for record 'bab22ccf-ddcc-4aaf-ba3b-a62ed9d6bb72', success rate: 1/1.
[2026-08-30 11:42:46Z INFO JobServerQueue] Try to append 1 batches web console lines for record 'bab22ccf-ddcc-4aaf-ba3b-a62ed9d6bb72', success rate: 1/1.
[2026-08-30 11:42:47Z INFO JobServerQueue] Try to append 1 batches web console lines for record 'bab22ccf-ddcc-4aaf-ba3b-a62ed9d6bb72', success rate: 1/1.
[2026-08-30 11:42:47Z INFO JobServerQueue] Try to append 1 batches web console lines for record 'bab22ccf-ddcc-4aaf-ba3b-a62ed9d6bb72', success rate: 1/1.
[2026-08-30 11:42:47Z INFO JobServerQueue] Try to append 1 batches web console lines for record 'bab22ccf-ddcc-4aaf-ba3b-a62ed9d6bb72', success rate: 1/1.
[2026-08-30 11:42:47Z INFO JobServerQueue] Try to append 1 batches web console lines for record 'bab22ccf-ddcc-4aaf-ba3b-a62ed9d6bb72', success rate: 1/1.
[2026-08-30 11:42:48Z INFO JobServerQueue] Try to append 1 batches web console lines for record 'bab22ccf-ddcc-4aaf-ba3b-a62ed9d6bb72', success rate: 1/1.
[2026-08-30 11:42:48Z INFO JobServerQueue] Try to append 1 batches web console lines for record 'bab22ccf-ddcc-4aaf-ba3b-a62ed9d6bb72', success rate: 1/1.
[2026-08-30 11:42:48Z INFO JobServerQueue] Try to append 1 batches web console lines for record 'bab22ccf-ddcc-4aaf-ba3b-a62ed9d6bb72', success rate: 1/1.
[2026-08-30 11:42:49Z INFO JobServerQueue] Try to append 1 batches web console lines for record 'bab22ccf-ddcc-4aaf-ba3b-a62ed9d6bb72', success rate: 1/1.
[2026-08-30 11:42:49Z INFO JobServerQueue] Try to append 1 batches web console lines for record 'bab22ccf-ddcc-4aaf-ba3b-a62ed9d6bb72', success rate: 1/1.
[2026-08-30 11:42:49Z INFO JobServerQueue] Try to append 1 batches web console lines for record 'bab22ccf-ddcc-4aaf-ba3b-a62ed9d6bb72', success rate: 1/1.
[2026-08-30 11:42:49Z INFO JobServerQueue] Try to append 1 batches web console lines for record 'bab22ccf-ddcc-4aaf-ba3b-a62ed9d6bb72', success rate: 1/1.
[2026-08-30 11:42:50Z INFO JobServerQueue] Try to append 1 batches web console lines for record 'bab22ccf-ddcc-4aaf-ba3b-a62ed9d6bb72', success rate: 1/1.
[2026-08-30 11:42:50Z INFO HostContext] Well known directory 'Bin': 'C:\Users\krish\Documents\BITS\mlops-project\actions-runner\bin'
[2026-08-30 11:42:50Z INFO HostContext] Well known directory 'Root': 'C:\Users\krish\Documents\BITS\mlops-project\actions-runner'
[2026-08-30 11:42:50Z INFO HostContext] Well known directory 'Work': 'C:\Users\krish\Documents\BITS\mlops-project\actions-runner\_work'
[2026-08-30 11:42:50Z INFO JobServerQueue] Try to append 1 batches web console lines for record 'bab22ccf-ddcc-4aaf-ba3b-a62ed9d6bb72', success rate: 1/1.
[2026-08-30 11:42:50Z INFO JobServerQueue] Try to append 1 batches web console lines for record 'bab22ccf-ddcc-4aaf-ba3b-a62ed9d6bb72', success rate: 1/1.
[2026-08-30 11:42:50Z INFO JobServerQueue] Try to append 1 batches web console lines for record 'bab22ccf-ddcc-4aaf-ba3b-a62ed9d6bb72', success rate: 1/1.
[2026-08-30 11:42:51Z INFO JobServerQueue] Try to append 1 batches web console lines for record 'bab22ccf-ddcc-4aaf-ba3b-a62ed9d6bb72', success rate: 1/1.
[2026-08-30 11:42:51Z INFO JobServerQueue] Try to append 1 batches web console lines for record 'bab22ccf-ddcc-4aaf-ba3b-a62ed9d6bb72', success rate: 1/1.
[2026-08-30 11:42:51Z INFO JobServerQueue] Try to append 1 batches web console lines for record 'bab22ccf-ddcc-4aaf-ba3b-a62ed9d6bb72', success rate: 1/1.
[2026-08-30 11:42:52Z INFO JobServerQueue] Try to append 1 batches web console lines for record 'bab22ccf-ddcc-4aaf-ba3b-a62ed9d6bb72', success rate: 1/1.
[2026-08-30 11:42:52Z INFO JobServerQueue] Try to append 1 batches web console lines for record 'bab22ccf-ddcc-4aaf-ba3b-a62ed9d6bb72', success rate: 1/1.
[2026-08-30 11:42:52Z INFO JobServerQueue] Try to append 1 batches web console lines for record 'bab22ccf-ddcc-4aaf-ba3b-a62ed9d6bb72', success rate: 1/1.
[2026-08-30 11:42:52Z INFO JobServerQueue] Try to append 1 batches web console lines for record 'bab22ccf-ddcc-4aaf-ba3b-a62ed9d6bb72', success rate: 1/1.
[2026-08-30 11:42:53Z INFO JobServerQueue] Try to append 1 batches web console lines for record 'bab22ccf-ddcc-4aaf-ba3b-a62ed9d6bb72', success rate: 1/1.
[2026-08-30 11:42:53Z INFO JobServerQueue] Try to append 1 batches web console lines for record 'bab22ccf-ddcc-4aaf-ba3b-a62ed9d6bb72', success rate: 1/1.
[2026-08-30 11:42:53Z INFO JobServerQueue] Try to append 1 batches web console lines for record 'bab22ccf-ddcc-4aaf-ba3b-a62ed9d6bb72', success rate: 1/1.
[2026-08-30 11:42:53Z INFO JobServerQueue] Try to append 1 batches web console lines for record 'bab22ccf-ddcc-4aaf-ba3b-a62ed9d6bb72', success rate: 1/1.
[2026-08-30 11:42:54Z INFO JobServerQueue] Try to append 1 batches web console lines for record 'bab22ccf-ddcc-4aaf-ba3b-a62ed9d6bb72', success rate: 1/1.
[2026-08-30 11:42:54Z INFO JobServerQueue] Try to append 1 batches web console lines for record 'bab22ccf-ddcc-4aaf-ba3b-a62ed9d6bb72', success rate: 1/1.
[2026-08-30 11:42:54Z INFO JobServerQueue] Try to append 1 batches web console lines for record 'bab22ccf-ddcc-4aaf-ba3b-a62ed9d6bb72', success rate: 1/1.
[2026-08-30 11:42:55Z INFO JobServerQueue] Try to append 1 batches web console lines for record 'bab22ccf-ddcc-4aaf-ba3b-a62ed9d6bb72', success rate: 1/1.
[2026-08-30 11:42:55Z INFO JobServerQueue] Try to append 1 batches web console lines for record 'bab22ccf-ddcc-4aaf-ba3b-a62ed9d6bb72', success rate: 1/1.
[2026-08-30 11:42:55Z INFO JobServerQueue] Try to append 1 batches web console lines for record 'bab22ccf-ddcc-4aaf-ba3b-a62ed9d6bb72', success rate: 1/1.
[2026-08-30 11:42:55Z INFO JobServerQueue] Try to append 1 batches web console lines for record 'bab22ccf-ddcc-4aaf-ba3b-a62ed9d6bb72', success rate: 1/1.
[2026-08-30 11:42:56Z INFO JobServerQueue] Try to append 1 batches web console lines for record 'bab22ccf-ddcc-4aaf-ba3b-a62ed9d6bb72', success rate: 1/1.
[2026-08-30 11:42:56Z INFO JobServerQueue] Try to append 1 batches web console lines for record 'bab22ccf-ddcc-4aaf-ba3b-a62ed9d6bb72', success rate: 1/1.
[2026-08-30 11:42:56Z INFO JobServerQueue] Try to append 1 batches web console lines for record 'bab22ccf-ddcc-4aaf-ba3b-a62ed9d6bb72', success rate: 1/1.
[2026-08-30 11:42:57Z INFO JobServerQueue] Try to append 1 batches web console lines for record 'bab22ccf-ddcc-4aaf-ba3b-a62ed9d6bb72', success rate: 1/1.
[2026-08-30 11:42:57Z INFO JobServerQueue] Try to append 1 batches web console lines for record 'bab22ccf-ddcc-4aaf-ba3b-a62ed9d6bb72', success rate: 1/1.
[2026-08-30 11:42:57Z INFO JobServerQueue] Try to append 1 batches web console lines for record 'bab22ccf-ddcc-4aaf-ba3b-a62ed9d6bb72', success rate: 1/1.
[2026-08-30 11:42:58Z INFO JobServerQueue] Try to append 1 batches web console lines for record 'bab22ccf-ddcc-4aaf-ba3b-a62ed9d6bb72', success rate: 1/1.
[2026-08-30 11:42:58Z INFO JobServerQueue] Try to append 1 batches web console lines for record 'bab22ccf-ddcc-4aaf-ba3b-a62ed9d6bb72', success rate: 1/1.
[2026-08-30 11:42:58Z INFO JobServerQueue] Try to append 1 batches web console lines for record 'bab22ccf-ddcc-4aaf-ba3b-a62ed9d6bb72', success rate: 1/1.
[2026-08-30 11:42:58Z INFO JobServerQueue] Try to append 1 batches web console lines for record 'bab22ccf-ddcc-4aaf-ba3b-a62ed9d6bb72', success rate: 1/1.
[2026-08-30 11:42:59Z INFO JobServerQueue] Try to append 1 batches web console lines for record 'bab22ccf-ddcc-4aaf-ba3b-a62ed9d6bb72', success rate: 1/1.
[2026-08-30 11:42:59Z INFO JobServerQueue] Try to append 1 batches web console lines for record 'bab22ccf-ddcc-4aaf-ba3b-a62ed9d6bb72', success rate: 1/1.
[2026-08-30 11:42:59Z INFO JobServerQueue] Try to append 1 batches web console lines for record 'bab22ccf-ddcc-4aaf-ba3b-a62ed9d6bb72', success rate: 1/1.
[2026-08-30 11:42:59Z INFO JobServerQueue] Try to append 1 batches web console lines for record 'bab22ccf-ddcc-4aaf-ba3b-a62ed9d6bb72', success rate: 1/1.
[2026-08-30 11:43:00Z INFO HostContext] Well known directory 'Bin': 'C:\Users\krish\Documents\BITS\mlops-project\actions-runner\bin'
[2026-08-30 11:43:00Z INFO HostContext] Well known directory 'Root': 'C:\Users\krish\Documents\BITS\mlops-project\actions-runner'
[2026-08-30 11:43:00Z INFO HostContext] Well known directory 'Work': 'C:\Users\krish\Documents\BITS\mlops-project\actions-runner\_work'
[2026-08-30 11:43:00Z INFO JobServerQueue] Try to append 1 batches web console lines for record 'bab22ccf-ddcc-4aaf-ba3b-a62ed9d6bb72', success rate: 1/1.
[2026-08-30 11:43:00Z INFO JobServerQueue] Try to append 1 batches web console lines for record 'bab22ccf-ddcc-4aaf-ba3b-a62ed9d6bb72', success rate: 1/1.
[2026-08-30 11:43:00Z INFO JobServerQueue] Try to append 1 batches web console lines for record 'bab22ccf-ddcc-4aaf-ba3b-a62ed9d6bb72', success rate: 1/1.
[2026-08-30 11:43:00Z INFO JobServerQueue] Try to append 1 batches web console lines for record 'bab22ccf-ddcc-4aaf-ba3b-a62ed9d6bb72', success rate: 1/1.
[2026-08-30 11:43:01Z INFO JobServerQueue] Try to append 1 batches web console lines for record 'bab22ccf-ddcc-4aaf-ba3b-a62ed9d6bb72', success rate: 1/1.
[2026-08-30 11:43:01Z INFO JobServerQueue] Try to append 1 batches web console lines for record 'bab22ccf-ddcc-4aaf-ba3b-a62ed9d6bb72', success rate: 1/1.
[2026-08-30 11:43:01Z INFO JobServerQueue] Try to append 1 batches web console lines for record 'bab22ccf-ddcc-4aaf-ba3b-a62ed9d6bb72', success rate: 1/1.
[2026-08-30 11:43:02Z INFO JobServerQueue] Try to append 1 batches web console lines for record 'bab22ccf-ddcc-4aaf-ba3b-a62ed9d6bb72', success rate: 1/1.
[2026-08-30 11:43:02Z INFO JobServerQueue] Try to append 1 batches web console lines for record 'bab22ccf-ddcc-4aaf-ba3b-a62ed9d6bb72', success rate: 1/1.
[2026-08-30 11:43:02Z INFO JobServerQueue] Try to append 1 batches web console lines for record 'bab22ccf-ddcc-4aaf-ba3b-a62ed9d6bb72', success rate: 1/1.
[2026-08-30 11:43:02Z INFO JobServerQueue] Try to append 1 batches web console lines for record 'bab22ccf-ddcc-4aaf-ba3b-a62ed9d6bb72', success rate: 1/1.
[2026-08-30 11:43:03Z INFO JobServerQueue] Try to append 1 batches web console lines for record 'bab22ccf-ddcc-4aaf-ba3b-a62ed9d6bb72', success rate: 1/1.
[2026-08-30 11:43:03Z INFO JobServerQueue] Try to append 1 batches web console lines for record 'bab22ccf-ddcc-4aaf-ba3b-a62ed9d6bb72', success rate: 1/1.
[2026-08-30 11:43:03Z INFO JobServerQueue] Try to append 1 batches web console lines for record 'bab22ccf-ddcc-4aaf-ba3b-a62ed9d6bb72', success rate: 1/1.
[2026-08-30 11:43:04Z INFO JobServerQueue] Try to append 1 batches web console lines for record 'bab22ccf-ddcc-4aaf-ba3b-a62ed9d6bb72', success rate: 1/1.
[2026-08-30 11:43:04Z INFO JobServerQueue] Try to append 1 batches web console lines for record 'bab22ccf-ddcc-4aaf-ba3b-a62ed9d6bb72', success rate: 1/1.
[2026-08-30 11:43:04Z INFO JobServerQueue] Try to append 1 batches web console lines for record 'bab22ccf-ddcc-4aaf-ba3b-a62ed9d6bb72', success rate: 1/1.
[2026-08-30 11:43:04Z INFO JobServerQueue] Try to append 1 batches web console lines for record 'bab22ccf-ddcc-4aaf-ba3b-a62ed9d6bb72', success rate: 1/1.
[2026-08-30 11:43:05Z INFO JobServerQueue] Try to append 1 batches web console lines for record 'bab22ccf-ddcc-4aaf-ba3b-a62ed9d6bb72', success rate: 1/1.
[2026-08-30 11:43:05Z INFO JobServerQueue] Try to append 1 batches web console lines for record 'bab22ccf-ddcc-4aaf-ba3b-a62ed9d6bb72', success rate: 1/1.
[2026-08-30 11:43:06Z INFO JobServerQueue] Try to append 1 batches web console lines for record 'bab22ccf-ddcc-4aaf-ba3b-a62ed9d6bb72', success rate: 1/1.
[2026-08-30 11:43:06Z INFO JobServerQueue] Try to append 1 batches web console lines for record 'bab22ccf-ddcc-4aaf-ba3b-a62ed9d6bb72', success rate: 1/1.
[2026-08-30 11:43:06Z INFO JobServerQueue] Try to append 1 batches web console lines for record 'bab22ccf-ddcc-4aaf-ba3b-a62ed9d6bb72', success rate: 1/1.
[2026-08-30 11:43:06Z INFO JobServerQueue] Try to append 1 batches web console lines for record 'bab22ccf-ddcc-4aaf-ba3b-a62ed9d6bb72', success rate: 1/1.
[2026-08-30 11:43:07Z INFO JobServerQueue] Try to append 1 batches web console lines for record 'bab22ccf-ddcc-4aaf-ba3b-a62ed9d6bb72', success rate: 1/1.
[2026-08-30 11:43:07Z INFO JobServerQueue] Try to append 1 batches web console lines for record 'bab22ccf-ddcc-4aaf-ba3b-a62ed9d6bb72', success rate: 1/1.
[2026-08-30 11:43:07Z INFO JobServerQueue] Try to append 1 batches web console lines for record 'bab22ccf-ddcc-4aaf-ba3b-a62ed9d6bb72', success rate: 1/1.
[2026-08-30 11:43:08Z INFO JobServerQueue] Try to append 1 batches web console lines for record 'bab22ccf-ddcc-4aaf-ba3b-a62ed9d6bb72', success rate: 1/1.
[2026-08-30 11:43:08Z INFO JobServerQueue] Try to append 1 batches web console lines for record 'bab22ccf-ddcc-4aaf-ba3b-a62ed9d6bb72', success rate: 1/1.
[2026-08-30 11:43:08Z INFO JobServerQueue] Try to append 1 batches web console lines for record 'bab22ccf-ddcc-4aaf-ba3b-a62ed9d6bb72', success rate: 1/1.
[2026-08-30 11:43:08Z INFO JobServerQueue] Try to append 1 batches web console lines for record 'bab22ccf-ddcc-4aaf-ba3b-a62ed9d6bb72', success rate: 1/1.
[2026-08-30 11:43:09Z INFO JobServerQueue] Try to append 1 batches web console lines for record 'bab22ccf-ddcc-4aaf-ba3b-a62ed9d6bb72', success rate: 1/1.
[2026-08-30 11:43:09Z INFO JobServerQueue] Try to append 1 batches web console lines for record 'bab22ccf-ddcc-4aaf-ba3b-a62ed9d6bb72', success rate: 1/1.
[2026-08-30 11:43:09Z INFO JobServerQueue] Try to append 1 batches web console lines for record 'bab22ccf-ddcc-4aaf-ba3b-a62ed9d6bb72', success rate: 1/1.
[2026-08-30 11:43:09Z INFO JobServerQueue] Try to append 1 batches web console lines for record 'bab22ccf-ddcc-4aaf-ba3b-a62ed9d6bb72', success rate: 1/1.
[2026-08-30 11:43:10Z INFO HostContext] Well known directory 'Bin': 'C:\Users\krish\Documents\BITS\mlops-project\actions-runner\bin'
[2026-08-30 11:43:10Z INFO HostContext] Well known directory 'Root': 'C:\Users\krish\Documents\BITS\mlops-project\actions-runner'
[2026-08-30 11:43:10Z INFO JobServerQueue] Try to append 1 batches web console lines for record 'bab22ccf-ddcc-4aaf-ba3b-a62ed9d6bb72', success rate: 1/1.
[2026-08-30 11:43:10Z INFO HostContext] Well known directory 'Work': 'C:\Users\krish\Documents\BITS\mlops-project\actions-runner\_work'
[2026-08-30 11:43:10Z INFO JobServerQueue] Try to append 1 batches web console lines for record 'bab22ccf-ddcc-4aaf-ba3b-a62ed9d6bb72', success rate: 1/1.
[2026-08-30 11:43:10Z INFO JobServerQueue] Try to append 1 batches web console lines for record 'bab22ccf-ddcc-4aaf-ba3b-a62ed9d6bb72', success rate: 1/1.
[2026-08-30 11:43:11Z INFO JobServerQueue] Try to append 1 batches web console lines for record 'bab22ccf-ddcc-4aaf-ba3b-a62ed9d6bb72', success rate: 1/1.
[2026-08-30 11:43:11Z INFO JobServerQueue] Try to append 1 batches web console lines for record 'bab22ccf-ddcc-4aaf-ba3b-a62ed9d6bb72', success rate: 1/1.
[2026-08-30 11:43:11Z INFO JobServerQueue] Stop aggressive process web console line queue.
[2026-08-30 11:43:11Z INFO JobServerQueue] Try to append 1 batches web console lines for record 'bab22ccf-ddcc-4aaf-ba3b-a62ed9d6bb72', success rate: 1/1.
[2026-08-30 11:43:12Z INFO JobServerQueue] Try to append 1 batches web console lines for record 'bab22ccf-ddcc-4aaf-ba3b-a62ed9d6bb72', success rate: 1/1.
[2026-08-30 11:43:12Z INFO JobServerQueue] Try to append 1 batches web console lines for record 'bab22ccf-ddcc-4aaf-ba3b-a62ed9d6bb72', success rate: 1/1.
[2026-08-30 11:43:13Z INFO JobServerQueue] Try to append 1 batches web console lines for record 'bab22ccf-ddcc-4aaf-ba3b-a62ed9d6bb72', success rate: 1/1.
[2026-08-30 11:43:13Z INFO JobServerQueue] Try to append 1 batches web console lines for record 'bab22ccf-ddcc-4aaf-ba3b-a62ed9d6bb72', success rate: 1/1.
[2026-08-30 11:43:14Z INFO JobServerQueue] Try to append 1 batches web console lines for record 'bab22ccf-ddcc-4aaf-ba3b-a62ed9d6bb72', success rate: 1/1.
[2026-08-30 11:43:14Z INFO JobServerQueue] Try to append 1 batches web console lines for record 'bab22ccf-ddcc-4aaf-ba3b-a62ed9d6bb72', success rate: 1/1.
[2026-08-30 11:43:15Z INFO JobServerQueue] Try to append 1 batches web console lines for record 'bab22ccf-ddcc-4aaf-ba3b-a62ed9d6bb72', success rate: 1/1.
[2026-08-30 11:43:15Z INFO JobServerQueue] Try to append 1 batches web console lines for record 'bab22ccf-ddcc-4aaf-ba3b-a62ed9d6bb72', success rate: 1/1.
[2026-08-30 11:43:16Z INFO JobServerQueue] Try to append 1 batches web console lines for record 'bab22ccf-ddcc-4aaf-ba3b-a62ed9d6bb72', success rate: 1/1.
[2026-08-30 11:43:16Z INFO JobServerQueue] Try to append 1 batches web console lines for record 'bab22ccf-ddcc-4aaf-ba3b-a62ed9d6bb72', success rate: 1/1.
[2026-08-30 11:43:17Z INFO JobServerQueue] Try to append 1 batches web console lines for record 'bab22ccf-ddcc-4aaf-ba3b-a62ed9d6bb72', success rate: 1/1.
[2026-08-30 11:43:17Z INFO JobServerQueue] Try to append 1 batches web console lines for record 'bab22ccf-ddcc-4aaf-ba3b-a62ed9d6bb72', success rate: 1/1.
[2026-08-30 11:43:18Z INFO JobServerQueue] Try to append 1 batches web console lines for record 'bab22ccf-ddcc-4aaf-ba3b-a62ed9d6bb72', success rate: 1/1.
[2026-08-30 11:43:18Z INFO JobServerQueue] Try to append 1 batches web console lines for record 'bab22ccf-ddcc-4aaf-ba3b-a62ed9d6bb72', success rate: 1/1.
[2026-08-30 11:43:19Z INFO JobServerQueue] Try to append 1 batches web console lines for record 'bab22ccf-ddcc-4aaf-ba3b-a62ed9d6bb72', success rate: 1/1.
[2026-08-30 11:43:19Z INFO JobServerQueue] Try to append 1 batches web console lines for record 'bab22ccf-ddcc-4aaf-ba3b-a62ed9d6bb72', success rate: 1/1.
[2026-08-30 11:43:20Z INFO HostContext] Well known directory 'Bin': 'C:\Users\krish\Documents\BITS\mlops-project\actions-runner\bin'
[2026-08-30 11:43:20Z INFO HostContext] Well known directory 'Root': 'C:\Users\krish\Documents\BITS\mlops-project\actions-runner'
[2026-08-30 11:43:20Z INFO HostContext] Well known directory 'Work': 'C:\Users\krish\Documents\BITS\mlops-project\actions-runner\_work'
[2026-08-30 11:43:20Z INFO JobServerQueue] Try to append 1 batches web console lines for record 'bab22ccf-ddcc-4aaf-ba3b-a62ed9d6bb72', success rate: 1/1.
[2026-08-30 11:43:20Z INFO JobServerQueue] Try to append 1 batches web console lines for record 'bab22ccf-ddcc-4aaf-ba3b-a62ed9d6bb72', success rate: 1/1.
[2026-08-30 11:43:21Z INFO JobServerQueue] Try to append 1 batches web console lines for record 'bab22ccf-ddcc-4aaf-ba3b-a62ed9d6bb72', success rate: 1/1.
[2026-08-30 11:43:21Z INFO JobServerQueue] Try to append 1 batches web console lines for record 'bab22ccf-ddcc-4aaf-ba3b-a62ed9d6bb72', success rate: 1/1.
[2026-08-30 11:43:22Z INFO JobServerQueue] Try to append 1 batches web console lines for record 'bab22ccf-ddcc-4aaf-ba3b-a62ed9d6bb72', success rate: 1/1.
[2026-08-30 11:43:22Z INFO JobServerQueue] Try to append 1 batches web console lines for record 'bab22ccf-ddcc-4aaf-ba3b-a62ed9d6bb72', success rate: 1/1.
[2026-08-30 11:43:23Z INFO JobServerQueue] Try to append 1 batches web console lines for record 'bab22ccf-ddcc-4aaf-ba3b-a62ed9d6bb72', success rate: 1/1.
[2026-08-30 11:43:23Z INFO JobServerQueue] Try to append 1 batches web console lines for record 'bab22ccf-ddcc-4aaf-ba3b-a62ed9d6bb72', success rate: 1/1.
[2026-08-30 11:43:24Z INFO JobServerQueue] Try to append 1 batches web console lines for record 'bab22ccf-ddcc-4aaf-ba3b-a62ed9d6bb72', success rate: 1/1.
[2026-08-30 11:43:24Z INFO JobServerQueue] Try to append 1 batches web console lines for record 'bab22ccf-ddcc-4aaf-ba3b-a62ed9d6bb72', success rate: 1/1.
[2026-08-30 11:43:25Z INFO JobServerQueue] Try to append 1 batches web console lines for record 'bab22ccf-ddcc-4aaf-ba3b-a62ed9d6bb72', success rate: 1/1.
[2026-08-30 11:43:25Z INFO JobServerQueue] Try to append 1 batches web console lines for record 'bab22ccf-ddcc-4aaf-ba3b-a62ed9d6bb72', success rate: 1/1.
[2026-08-30 11:43:26Z INFO JobServerQueue] Try to append 1 batches web console lines for record 'bab22ccf-ddcc-4aaf-ba3b-a62ed9d6bb72', success rate: 1/1.
[2026-08-30 11:43:26Z INFO JobServerQueue] Try to append 1 batches web console lines for record 'bab22ccf-ddcc-4aaf-ba3b-a62ed9d6bb72', success rate: 1/1.
[2026-08-30 11:43:27Z INFO JobServerQueue] Try to append 1 batches web console lines for record 'bab22ccf-ddcc-4aaf-ba3b-a62ed9d6bb72', success rate: 1/1.
[2026-08-30 11:43:27Z INFO JobServerQueue] Try to append 1 batches web console lines for record 'bab22ccf-ddcc-4aaf-ba3b-a62ed9d6bb72', success rate: 1/1.
[2026-08-30 11:43:28Z INFO JobServerQueue] Try to append 1 batches web console lines for record 'bab22ccf-ddcc-4aaf-ba3b-a62ed9d6bb72', success rate: 1/1.
[2026-08-30 11:43:29Z INFO JobServerQueue] Try to append 1 batches web console lines for record 'bab22ccf-ddcc-4aaf-ba3b-a62ed9d6bb72', success rate: 1/1.
[2026-08-30 11:43:29Z INFO JobServerQueue] Try to append 1 batches web console lines for record 'bab22ccf-ddcc-4aaf-ba3b-a62ed9d6bb72', success rate: 1/1.
[2026-08-30 11:43:30Z INFO JobServerQueue] Try to append 1 batches web console lines for record 'bab22ccf-ddcc-4aaf-ba3b-a62ed9d6bb72', success rate: 1/1.
[2026-08-30 11:43:30Z INFO HostContext] Well known directory 'Bin': 'C:\Users\krish\Documents\BITS\mlops-project\actions-runner\bin'
[2026-08-30 11:43:30Z INFO HostContext] Well known directory 'Root': 'C:\Users\krish\Documents\BITS\mlops-project\actions-runner'
[2026-08-30 11:43:30Z INFO HostContext] Well known directory 'Work': 'C:\Users\krish\Documents\BITS\mlops-project\actions-runner\_work'
[2026-08-30 11:43:30Z INFO JobServerQueue] Try to append 1 batches web console lines for record 'bab22ccf-ddcc-4aaf-ba3b-a62ed9d6bb72', success rate: 1/1.
[2026-08-30 11:43:31Z INFO JobServerQueue] Try to append 1 batches web console lines for record 'bab22ccf-ddcc-4aaf-ba3b-a62ed9d6bb72', success rate: 1/1.
[2026-08-30 11:43:31Z INFO JobServerQueue] Try to append 1 batches web console lines for record 'bab22ccf-ddcc-4aaf-ba3b-a62ed9d6bb72', success rate: 1/1.
[2026-08-30 11:43:32Z INFO JobServerQueue] Try to append 1 batches web console lines for record 'bab22ccf-ddcc-4aaf-ba3b-a62ed9d6bb72', success rate: 1/1.
[2026-08-30 11:43:32Z INFO JobServerQueue] Try to append 1 batches web console lines for record 'bab22ccf-ddcc-4aaf-ba3b-a62ed9d6bb72', success rate: 1/1.
[2026-08-30 11:43:33Z INFO JobServerQueue] Try to append 1 batches web console lines for record 'bab22ccf-ddcc-4aaf-ba3b-a62ed9d6bb72', success rate: 1/1.
[2026-08-30 11:43:33Z INFO JobServerQueue] Try to append 1 batches web console lines for record 'bab22ccf-ddcc-4aaf-ba3b-a62ed9d6bb72', success rate: 1/1.
[2026-08-30 11:43:34Z INFO JobServerQueue] Try to append 1 batches web console lines for record 'bab22ccf-ddcc-4aaf-ba3b-a62ed9d6bb72', success rate: 1/1.
[2026-08-30 11:43:34Z INFO JobServerQueue] Try to append 1 batches web console lines for record 'bab22ccf-ddcc-4aaf-ba3b-a62ed9d6bb72', success rate: 1/1.
[2026-08-30 11:43:35Z INFO JobServerQueue] Try to append 1 batches web console lines for record 'bab22ccf-ddcc-4aaf-ba3b-a62ed9d6bb72', success rate: 1/1.
[2026-08-30 11:43:35Z INFO JobServerQueue] Try to append 1 batches web console lines for record 'bab22ccf-ddcc-4aaf-ba3b-a62ed9d6bb72', success rate: 1/1.
[2026-08-30 11:43:36Z INFO JobServerQueue] Try to append 1 batches web console lines for record 'bab22ccf-ddcc-4aaf-ba3b-a62ed9d6bb72', success rate: 1/1.
[2026-08-30 11:43:36Z INFO JobServerQueue] Try to append 1 batches web console lines for record 'bab22ccf-ddcc-4aaf-ba3b-a62ed9d6bb72', success rate: 1/1.
[2026-08-30 11:43:37Z INFO JobServerQueue] Try to append 1 batches web console lines for record 'bab22ccf-ddcc-4aaf-ba3b-a62ed9d6bb72', success rate: 1/1.
[2026-08-30 11:43:37Z INFO JobServerQueue] Try to append 1 batches web console lines for record 'bab22ccf-ddcc-4aaf-ba3b-a62ed9d6bb72', success rate: 1/1.
[2026-08-30 11:43:38Z INFO JobServerQueue] Try to append 1 batches web console lines for record 'bab22ccf-ddcc-4aaf-ba3b-a62ed9d6bb72', success rate: 1/1.
[2026-08-30 11:43:38Z INFO JobServerQueue] Try to append 1 batches web console lines for record 'bab22ccf-ddcc-4aaf-ba3b-a62ed9d6bb72', success rate: 1/1.
[2026-08-30 11:43:39Z INFO JobServerQueue] Try to append 1 batches web console lines for record 'bab22ccf-ddcc-4aaf-ba3b-a62ed9d6bb72', success rate: 1/1.
[2026-08-30 11:43:39Z INFO JobServerQueue] Try to append 1 batches web console lines for record 'bab22ccf-ddcc-4aaf-ba3b-a62ed9d6bb72', success rate: 1/1.
[2026-08-30 11:43:40Z INFO HostContext] Well known directory 'Bin': 'C:\Users\krish\Documents\BITS\mlops-project\actions-runner\bin'
[2026-08-30 11:43:40Z INFO HostContext] Well known directory 'Root': 'C:\Users\krish\Documents\BITS\mlops-project\actions-runner'
[2026-08-30 11:43:40Z INFO HostContext] Well known directory 'Work': 'C:\Users\krish\Documents\BITS\mlops-project\actions-runner\_work'
[2026-08-30 11:43:40Z INFO JobServerQueue] Try to append 1 batches web console lines for record 'bab22ccf-ddcc-4aaf-ba3b-a62ed9d6bb72', success rate: 1/1.
[2026-08-30 11:43:40Z INFO JobServerQueue] Try to append 1 batches web console lines for record 'bab22ccf-ddcc-4aaf-ba3b-a62ed9d6bb72', success rate: 1/1.
[2026-08-30 11:43:41Z INFO JobServerQueue] Try to append 1 batches web console lines for record 'bab22ccf-ddcc-4aaf-ba3b-a62ed9d6bb72', success rate: 1/1.
[2026-08-30 11:43:41Z INFO JobServerQueue] Try to append 1 batches web console lines for record 'bab22ccf-ddcc-4aaf-ba3b-a62ed9d6bb72', success rate: 1/1.
[2026-08-30 11:43:42Z INFO JobServerQueue] Try to append 1 batches web console lines for record 'bab22ccf-ddcc-4aaf-ba3b-a62ed9d6bb72', success rate: 1/1.
[2026-08-30 11:43:42Z INFO JobServerQueue] Try to append 1 batches web console lines for record 'bab22ccf-ddcc-4aaf-ba3b-a62ed9d6bb72', success rate: 1/1.
[2026-08-30 11:43:43Z INFO JobServerQueue] Try to append 1 batches web console lines for record 'bab22ccf-ddcc-4aaf-ba3b-a62ed9d6bb72', success rate: 1/1.
[2026-08-30 11:43:43Z INFO JobServerQueue] Try to append 1 batches web console lines for record 'bab22ccf-ddcc-4aaf-ba3b-a62ed9d6bb72', success rate: 1/1.
[2026-08-30 11:43:44Z INFO JobServerQueue] Try to append 1 batches web console lines for record 'bab22ccf-ddcc-4aaf-ba3b-a62ed9d6bb72', success rate: 1/1.
[2026-08-30 11:43:44Z INFO JobServerQueue] Try to append 1 batches web console lines for record 'bab22ccf-ddcc-4aaf-ba3b-a62ed9d6bb72', success rate: 1/1.
[2026-08-30 11:43:45Z INFO JobServerQueue] Try to append 1 batches web console lines for record 'bab22ccf-ddcc-4aaf-ba3b-a62ed9d6bb72', success rate: 1/1.
[2026-08-30 11:43:45Z INFO JobServerQueue] Try to append 1 batches web console lines for record 'bab22ccf-ddcc-4aaf-ba3b-a62ed9d6bb72', success rate: 1/1.
[2026-08-30 11:43:46Z INFO JobServerQueue] Try to append 1 batches web console lines for record 'bab22ccf-ddcc-4aaf-ba3b-a62ed9d6bb72', success rate: 1/1.
[2026-08-30 11:43:46Z INFO JobServerQueue] Try to append 1 batches web console lines for record 'bab22ccf-ddcc-4aaf-ba3b-a62ed9d6bb72', success rate: 1/1.
[2026-08-30 11:43:47Z INFO JobServerQueue] Try to append 1 batches web console lines for record 'bab22ccf-ddcc-4aaf-ba3b-a62ed9d6bb72', success rate: 1/1.
[2026-08-30 11:43:47Z INFO JobServerQueue] Try to append 1 batches web console lines for record 'bab22ccf-ddcc-4aaf-ba3b-a62ed9d6bb72', success rate: 1/1.
[2026-08-30 11:43:48Z INFO JobServerQueue] Try to append 1 batches web console lines for record 'bab22ccf-ddcc-4aaf-ba3b-a62ed9d6bb72', success rate: 1/1.
[2026-08-30 11:43:48Z INFO JobServerQueue] Try to append 1 batches web console lines for record 'bab22ccf-ddcc-4aaf-ba3b-a62ed9d6bb72', success rate: 1/1.
[2026-08-30 11:43:49Z INFO JobServerQueue] Try to append 1 batches web console lines for record 'bab22ccf-ddcc-4aaf-ba3b-a62ed9d6bb72', success rate: 1/1.
[2026-08-30 11:43:49Z INFO JobServerQueue] Try to append 1 batches web console lines for record 'bab22ccf-ddcc-4aaf-ba3b-a62ed9d6bb72', success rate: 1/1.
[2026-08-30 11:43:50Z INFO HostContext] Well known directory 'Bin': 'C:\Users\krish\Documents\BITS\mlops-project\actions-runner\bin'
[2026-08-30 11:43:50Z INFO HostContext] Well known directory 'Root': 'C:\Users\krish\Documents\BITS\mlops-project\actions-runner'
[2026-08-30 11:43:50Z INFO HostContext] Well known directory 'Work': 'C:\Users\krish\Documents\BITS\mlops-project\actions-runner\_work'
[2026-08-30 11:43:50Z INFO JobServerQueue] Try to append 1 batches web console lines for record 'bab22ccf-ddcc-4aaf-ba3b-a62ed9d6bb72', success rate: 1/1.
[2026-08-30 11:43:50Z INFO JobServerQueue] Try to append 1 batches web console lines for record 'bab22ccf-ddcc-4aaf-ba3b-a62ed9d6bb72', success rate: 1/1.
[2026-08-30 11:43:51Z INFO JobServerQueue] Try to append 1 batches web console lines for record 'bab22ccf-ddcc-4aaf-ba3b-a62ed9d6bb72', success rate: 1/1.
[2026-08-30 11:43:51Z INFO JobServerQueue] Try to append 1 batches web console lines for record 'bab22ccf-ddcc-4aaf-ba3b-a62ed9d6bb72', success rate: 1/1.
[2026-08-30 11:43:52Z INFO JobServerQueue] Try to append 1 batches web console lines for record 'bab22ccf-ddcc-4aaf-ba3b-a62ed9d6bb72', success rate: 1/1.
[2026-08-30 11:43:52Z INFO JobServerQueue] Try to append 1 batches web console lines for record 'bab22ccf-ddcc-4aaf-ba3b-a62ed9d6bb72', success rate: 1/1.
[2026-08-30 11:43:53Z INFO JobServerQueue] Try to append 1 batches web console lines for record 'bab22ccf-ddcc-4aaf-ba3b-a62ed9d6bb72', success rate: 1/1.
[2026-08-30 11:43:53Z INFO JobServerQueue] Try to append 1 batches web console lines for record 'bab22ccf-ddcc-4aaf-ba3b-a62ed9d6bb72', success rate: 1/1.
[2026-08-30 11:43:54Z INFO JobServerQueue] Try to append 1 batches web console lines for record 'bab22ccf-ddcc-4aaf-ba3b-a62ed9d6bb72', success rate: 1/1.
[2026-08-30 11:43:54Z INFO JobServerQueue] Try to append 1 batches web console lines for record 'bab22ccf-ddcc-4aaf-ba3b-a62ed9d6bb72', success rate: 1/1.
[2026-08-30 11:43:55Z INFO JobServerQueue] Try to append 1 batches web console lines for record 'bab22ccf-ddcc-4aaf-ba3b-a62ed9d6bb72', success rate: 1/1.
[2026-08-30 11:43:55Z INFO JobServerQueue] Try to append 1 batches web console lines for record 'bab22ccf-ddcc-4aaf-ba3b-a62ed9d6bb72', success rate: 1/1.
[2026-08-30 11:43:56Z INFO JobServerQueue] Try to append 1 batches web console lines for record 'bab22ccf-ddcc-4aaf-ba3b-a62ed9d6bb72', success rate: 1/1.
[2026-08-30 11:43:56Z INFO JobServerQueue] Try to append 1 batches web console lines for record 'bab22ccf-ddcc-4aaf-ba3b-a62ed9d6bb72', success rate: 1/1.
[2026-08-30 11:43:57Z INFO JobServerQueue] Try to append 1 batches web console lines for record 'bab22ccf-ddcc-4aaf-ba3b-a62ed9d6bb72', success rate: 1/1.
[2026-08-30 11:43:57Z INFO JobServerQueue] Try to append 1 batches web console lines for record 'bab22ccf-ddcc-4aaf-ba3b-a62ed9d6bb72', success rate: 1/1.
[2026-08-30 11:43:58Z INFO JobServerQueue] Try to append 1 batches web console lines for record 'bab22ccf-ddcc-4aaf-ba3b-a62ed9d6bb72', success rate: 1/1.
[2026-08-30 11:43:58Z INFO JobServerQueue] Try to append 1 batches web console lines for record 'bab22ccf-ddcc-4aaf-ba3b-a62ed9d6bb72', success rate: 1/1.
[2026-08-30 11:43:59Z INFO JobServerQueue] Try to append 1 batches web console lines for record 'bab22ccf-ddcc-4aaf-ba3b-a62ed9d6bb72', success rate: 1/1.
[2026-08-30 11:44:00Z INFO JobServerQueue] Try to append 1 batches web console lines for record 'bab22ccf-ddcc-4aaf-ba3b-a62ed9d6bb72', success rate: 1/1.
[2026-08-30 11:44:00Z INFO HostContext] Well known directory 'Bin': 'C:\Users\krish\Documents\BITS\mlops-project\actions-runner\bin'
[2026-08-30 11:44:00Z INFO HostContext] Well known directory 'Root': 'C:\Users\krish\Documents\BITS\mlops-project\actions-runner'
[2026-08-30 11:44:00Z INFO HostContext] Well known directory 'Work': 'C:\Users\krish\Documents\BITS\mlops-project\actions-runner\_work'
[2026-08-30 11:44:00Z INFO JobServerQueue] Try to append 1 batches web console lines for record 'bab22ccf-ddcc-4aaf-ba3b-a62ed9d6bb72', success rate: 1/1.
[2026-08-30 11:44:01Z INFO JobServerQueue] Try to append 1 batches web console lines for record 'bab22ccf-ddcc-4aaf-ba3b-a62ed9d6bb72', success rate: 1/1.
[2026-08-30 11:44:01Z INFO JobServerQueue] Try to append 1 batches web console lines for record 'bab22ccf-ddcc-4aaf-ba3b-a62ed9d6bb72', success rate: 1/1.
[2026-08-30 11:44:02Z INFO JobServerQueue] Try to append 1 batches web console lines for record 'bab22ccf-ddcc-4aaf-ba3b-a62ed9d6bb72', success rate: 1/1.
[2026-08-30 11:44:02Z INFO JobServerQueue] Try to append 1 batches web console lines for record 'bab22ccf-ddcc-4aaf-ba3b-a62ed9d6bb72', success rate: 1/1.
[2026-08-30 11:44:03Z INFO JobServerQueue] Try to append 1 batches web console lines for record 'bab22ccf-ddcc-4aaf-ba3b-a62ed9d6bb72', success rate: 1/1.
[2026-08-30 11:44:03Z INFO JobServerQueue] Try to append 1 batches web console lines for record 'bab22ccf-ddcc-4aaf-ba3b-a62ed9d6bb72', success rate: 1/1.
[2026-08-30 11:44:04Z INFO JobServerQueue] Try to append 1 batches web console lines for record 'bab22ccf-ddcc-4aaf-ba3b-a62ed9d6bb72', success rate: 1/1.
[2026-08-30 11:44:04Z INFO JobServerQueue] Try to append 1 batches web console lines for record 'bab22ccf-ddcc-4aaf-ba3b-a62ed9d6bb72', success rate: 1/1.
[2026-08-30 11:44:05Z INFO JobServerQueue] Try to append 1 batches web console lines for record 'bab22ccf-ddcc-4aaf-ba3b-a62ed9d6bb72', success rate: 1/1.
[2026-08-30 11:44:05Z INFO JobServerQueue] Try to append 1 batches web console lines for record 'bab22ccf-ddcc-4aaf-ba3b-a62ed9d6bb72', success rate: 1/1.
[2026-08-30 11:44:06Z INFO JobServerQueue] Try to append 1 batches web console lines for record 'bab22ccf-ddcc-4aaf-ba3b-a62ed9d6bb72', success rate: 1/1.
[2026-08-30 11:44:06Z INFO JobServerQueue] Try to append 1 batches web console lines for record 'bab22ccf-ddcc-4aaf-ba3b-a62ed9d6bb72', success rate: 1/1.
[2026-08-30 11:44:07Z INFO JobServerQueue] Try to append 1 batches web console lines for record 'bab22ccf-ddcc-4aaf-ba3b-a62ed9d6bb72', success rate: 1/1.
[2026-08-30 11:44:07Z INFO JobServerQueue] Try to append 1 batches web console lines for record 'bab22ccf-ddcc-4aaf-ba3b-a62ed9d6bb72', success rate: 1/1.
[2026-08-30 11:44:08Z INFO JobServerQueue] Try to append 1 batches web console lines for record 'bab22ccf-ddcc-4aaf-ba3b-a62ed9d6bb72', success rate: 1/1.
[2026-08-30 11:44:08Z INFO JobServerQueue] Try to append 1 batches web console lines for record 'bab22ccf-ddcc-4aaf-ba3b-a62ed9d6bb72', success rate: 1/1.
[2026-08-30 11:44:09Z INFO JobServerQueue] Try to append 1 batches web console lines for record 'bab22ccf-ddcc-4aaf-ba3b-a62ed9d6bb72', success rate: 1/1.
[2026-08-30 11:44:09Z INFO JobServerQueue] Try to append 1 batches web console lines for record 'bab22ccf-ddcc-4aaf-ba3b-a62ed9d6bb72', success rate: 1/1.
[2026-08-30 11:44:10Z INFO JobServerQueue] Try to append 1 batches web console lines for record 'bab22ccf-ddcc-4aaf-ba3b-a62ed9d6bb72', success rate: 1/1.
[2026-08-30 11:44:10Z INFO HostContext] Well known directory 'Bin': 'C:\Users\krish\Documents\BITS\mlops-project\actions-runner\bin'
[2026-08-30 11:44:10Z INFO HostContext] Well known directory 'Root': 'C:\Users\krish\Documents\BITS\mlops-project\actions-runner'
[2026-08-30 11:44:10Z INFO HostContext] Well known directory 'Work': 'C:\Users\krish\Documents\BITS\mlops-project\actions-runner\_work'
[2026-08-30 11:44:10Z INFO JobServerQueue] Try to append 1 batches web console lines for record 'bab22ccf-ddcc-4aaf-ba3b-a62ed9d6bb72', success rate: 1/1.
[2026-08-30 11:44:11Z INFO JobServerQueue] Try to append 1 batches web console lines for record 'bab22ccf-ddcc-4aaf-ba3b-a62ed9d6bb72', success rate: 1/1.
[2026-08-30 11:44:11Z INFO JobServerQueue] Try to append 1 batches web console lines for record 'bab22ccf-ddcc-4aaf-ba3b-a62ed9d6bb72', success rate: 1/1.
[2026-08-30 11:44:12Z INFO JobServerQueue] Try to append 1 batches web console lines for record 'bab22ccf-ddcc-4aaf-ba3b-a62ed9d6bb72', success rate: 1/1.
[2026-08-30 11:44:12Z INFO JobServerQueue] Try to append 1 batches web console lines for record 'bab22ccf-ddcc-4aaf-ba3b-a62ed9d6bb72', success rate: 1/1.
[2026-08-30 11:44:13Z INFO JobServerQueue] Try to append 1 batches web console lines for record 'bab22ccf-ddcc-4aaf-ba3b-a62ed9d6bb72', success rate: 1/1.
[2026-08-30 11:44:13Z INFO JobServerQueue] Try to append 1 batches web console lines for record 'bab22ccf-ddcc-4aaf-ba3b-a62ed9d6bb72', success rate: 1/1.
[2026-08-30 11:44:14Z INFO JobServerQueue] Try to append 1 batches web console lines for record 'bab22ccf-ddcc-4aaf-ba3b-a62ed9d6bb72', success rate: 1/1.
[2026-08-30 11:44:14Z INFO JobServerQueue] Try to append 1 batches web console lines for record 'bab22ccf-ddcc-4aaf-ba3b-a62ed9d6bb72', success rate: 1/1.
[2026-08-30 11:44:15Z INFO JobServerQueue] Try to append 1 batches web console lines for record 'bab22ccf-ddcc-4aaf-ba3b-a62ed9d6bb72', success rate: 1/1.
[2026-08-30 11:44:15Z INFO JobServerQueue] Try to append 1 batches web console lines for record 'bab22ccf-ddcc-4aaf-ba3b-a62ed9d6bb72', success rate: 1/1.
[2026-08-30 11:44:16Z INFO JobServerQueue] Try to append 1 batches web console lines for record 'bab22ccf-ddcc-4aaf-ba3b-a62ed9d6bb72', success rate: 1/1.
[2026-08-30 11:44:16Z INFO JobServerQueue] Try to append 1 batches web console lines for record 'bab22ccf-ddcc-4aaf-ba3b-a62ed9d6bb72', success rate: 1/1.
[2026-08-30 11:44:17Z INFO JobServerQueue] Try to append 1 batches web console lines for record 'bab22ccf-ddcc-4aaf-ba3b-a62ed9d6bb72', success rate: 1/1.
[2026-08-30 11:44:17Z INFO JobServerQueue] Try to append 1 batches web console lines for record 'bab22ccf-ddcc-4aaf-ba3b-a62ed9d6bb72', success rate: 1/1.
[2026-08-30 11:44:18Z INFO JobServerQueue] Try to append 1 batches web console lines for record 'bab22ccf-ddcc-4aaf-ba3b-a62ed9d6bb72', success rate: 1/1.
[2026-08-30 11:44:18Z INFO JobServerQueue] Try to append 1 batches web console lines for record 'bab22ccf-ddcc-4aaf-ba3b-a62ed9d6bb72', success rate: 1/1.
[2026-08-30 11:44:19Z INFO JobServerQueue] Try to append 1 batches web console lines for record 'bab22ccf-ddcc-4aaf-ba3b-a62ed9d6bb72', success rate: 1/1.
[2026-08-30 11:44:19Z INFO JobServerQueue] Try to append 1 batches web console lines for record 'bab22ccf-ddcc-4aaf-ba3b-a62ed9d6bb72', success rate: 1/1.
[2026-08-30 11:44:20Z INFO HostContext] Well known directory 'Bin': 'C:\Users\krish\Documents\BITS\mlops-project\actions-runner\bin'
[2026-08-30 11:44:20Z INFO HostContext] Well known directory 'Root': 'C:\Users\krish\Documents\BITS\mlops-project\actions-runner'
[2026-08-30 11:44:20Z INFO HostContext] Well known directory 'Work': 'C:\Users\krish\Documents\BITS\mlops-project\actions-runner\_work'
[2026-08-30 11:44:20Z INFO JobServerQueue] Try to append 1 batches web console lines for record 'bab22ccf-ddcc-4aaf-ba3b-a62ed9d6bb72', success rate: 1/1.
[2026-08-30 11:44:20Z INFO ProcessInvokerWrapper] STDOUT/STDERR stream read finished.
[2026-08-30 11:44:20Z INFO ProcessInvokerWrapper] STDOUT/STDERR stream read finished.
[2026-08-30 11:44:20Z INFO ProcessInvokerWrapper] Finished process 13456 with exit code 0, and elapsed time 00:01:47.8380054.
[2026-08-30 11:44:20Z INFO CreateStepSummaryCommand] Step Summary file (C:\Users\krish\Documents\BITS\mlops-project\actions-runner\_work\_temp\_runner_file_commands\step_summary_3b8b987b-6099-429e-bac9-da7732017822) is empty; skipping attachment upload
[2026-08-30 11:44:20Z INFO StepsRunner] Step result: 
[2026-08-30 11:44:20Z INFO ExecutionContext] Publish step telemetry for current step {
  "action": "cmd",
  "type": "run",
  "stage": "Main",
  "stepId": "bab22ccf-ddcc-4aaf-ba3b-a62ed9d6bb72",
  "stepContextName": "__run",
  "result": "succeeded",
  "errorMessages": [],
  "executionTimeInSeconds": 108,
  "startTime": "2026-08-30T11:42:32.6480981Z",
  "finishTime": "2026-08-30T11:44:20.6207435Z"
}.
[2026-08-30 11:44:20Z INFO StepsRunner] No need for updating job result with current step result 'Succeeded'.
[2026-08-30 11:44:20Z INFO StepsRunner] Current state: job state = ''
[2026-08-30 11:44:20Z INFO StepsRunner] Processing step: DisplayName='Remove old container'
[2026-08-30 11:44:20Z INFO StepsRunner] Evaluating: success()
[2026-08-30 11:44:20Z INFO StepsRunner] Result: true
[2026-08-30 11:44:20Z INFO StepsRunner] Starting the step.
[2026-08-30 11:44:20Z INFO HostContext] Well known directory 'Bin': 'C:\Users\krish\Documents\BITS\mlops-project\actions-runner\bin'
[2026-08-30 11:44:20Z INFO HostContext] Well known directory 'Root': 'C:\Users\krish\Documents\BITS\mlops-project\actions-runner'
[2026-08-30 11:44:20Z INFO HostContext] Well known directory 'Work': 'C:\Users\krish\Documents\BITS\mlops-project\actions-runner\_work'
[2026-08-30 11:44:20Z INFO StepsRunner] Which2: 'chcp'
[2026-08-30 11:44:20Z INFO StepsRunner] Location: 'C:\WINDOWS\system32\chcp.COM'
[2026-08-30 11:44:20Z INFO ProcessInvokerWrapper] Starting process:
[2026-08-30 11:44:20Z INFO ProcessInvokerWrapper]   File name: 'C:\WINDOWS\system32\chcp.COM'
[2026-08-30 11:44:20Z INFO ProcessInvokerWrapper]   Arguments: '65001'
[2026-08-30 11:44:20Z INFO ProcessInvokerWrapper]   Working directory: 'C:\Users\krish\Documents\BITS\mlops-project\actions-runner\_work'
[2026-08-30 11:44:20Z INFO ProcessInvokerWrapper]   Require exit code zero: 'False'
[2026-08-30 11:44:20Z INFO ProcessInvokerWrapper]   Encoding web name:  ; code page: ''
[2026-08-30 11:44:20Z INFO ProcessInvokerWrapper]   Force kill process on cancellation: 'False'
[2026-08-30 11:44:20Z INFO ProcessInvokerWrapper]   Redirected STDIN: 'False'
[2026-08-30 11:44:20Z INFO ProcessInvokerWrapper]   Persist current code page: 'True'
[2026-08-30 11:44:20Z INFO ProcessInvokerWrapper]   Keep redirected STDIN open: 'False'
[2026-08-30 11:44:20Z INFO ProcessInvokerWrapper]   High priority process: 'False'
[2026-08-30 11:44:20Z INFO ProcessInvokerWrapper] Process started with process id 13036, waiting for process exit.
[2026-08-30 11:44:20Z INFO ProcessInvokerWrapper] STDOUT/STDERR stream read finished.
[2026-08-30 11:44:20Z INFO ProcessInvokerWrapper] STDOUT/STDERR stream read finished.
[2026-08-30 11:44:20Z INFO ProcessInvokerWrapper] Finished process 13036 with exit code 0, and elapsed time 00:00:00.0528323.
[2026-08-30 11:44:20Z INFO StepsRunner] Successfully returned to code page 65001 (UTF8)
[2026-08-30 11:44:20Z INFO HostContext] Well known directory 'Bin': 'C:\Users\krish\Documents\BITS\mlops-project\actions-runner\bin'
[2026-08-30 11:44:20Z INFO HostContext] Well known directory 'Root': 'C:\Users\krish\Documents\BITS\mlops-project\actions-runner'
[2026-08-30 11:44:20Z INFO HostContext] Well known directory 'Work': 'C:\Users\krish\Documents\BITS\mlops-project\actions-runner\_work'
[2026-08-30 11:44:20Z INFO HostContext] Well known directory 'Temp': 'C:\Users\krish\Documents\BITS\mlops-project\actions-runner\_work\_temp'
[2026-08-30 11:44:20Z INFO ExecutionContext] Write event payload to C:\Users\krish\Documents\BITS\mlops-project\actions-runner\_work\_temp\_github_workflow\event.json
[2026-08-30 11:44:20Z INFO HostContext] Well known directory 'Bin': 'C:\Users\krish\Documents\BITS\mlops-project\actions-runner\bin'
[2026-08-30 11:44:20Z INFO HostContext] Well known directory 'Root': 'C:\Users\krish\Documents\BITS\mlops-project\actions-runner'
[2026-08-30 11:44:20Z INFO HostContext] Well known directory 'Work': 'C:\Users\krish\Documents\BITS\mlops-project\actions-runner\_work'
[2026-08-30 11:44:20Z INFO HostContext] Well known directory 'Temp': 'C:\Users\krish\Documents\BITS\mlops-project\actions-runner\_work\_temp'
[2026-08-30 11:44:20Z INFO ExtensionManager] Getting extensions for interface: 'GitHub.Runner.Worker.IFileCommandExtension'
[2026-08-30 11:44:20Z INFO ExtensionManager] Getting extensions for interface: 'GitHub.Runner.Worker.IActionCommandExtension'
[2026-08-30 11:44:20Z INFO ActionCommandManager] Register action command extension for command internal-set-repo-path
[2026-08-30 11:44:20Z INFO ActionCommandManager] Register action command extension for command set-env
[2026-08-30 11:44:20Z INFO ActionCommandManager] Register action command extension for command set-output
[2026-08-30 11:44:20Z INFO ActionCommandManager] Register action command extension for command save-state
[2026-08-30 11:44:20Z INFO ActionCommandManager] Register action command extension for command add-path
[2026-08-30 11:44:20Z INFO ActionCommandManager] Register action command extension for command add-mask
[2026-08-30 11:44:20Z INFO ActionCommandManager] Register action command extension for command add-matcher
[2026-08-30 11:44:20Z INFO ActionCommandManager] Register action command extension for command remove-matcher
[2026-08-30 11:44:20Z INFO ActionCommandManager] Register action command extension for command warning
[2026-08-30 11:44:20Z INFO ActionCommandManager] Register action command extension for command error
[2026-08-30 11:44:20Z INFO ActionCommandManager] Register action command extension for command notice
[2026-08-30 11:44:20Z INFO ActionCommandManager] Register action command extension for command debug
[2026-08-30 11:44:20Z INFO ActionCommandManager] Register action command extension for command group
[2026-08-30 11:44:20Z INFO ActionCommandManager] Register action command extension for command endgroup
[2026-08-30 11:44:20Z INFO ActionCommandManager] Register action command extension for command echo
[2026-08-30 11:44:20Z INFO ScriptHandler] Which2: 'cmd'
[2026-08-30 11:44:20Z INFO ScriptHandler] Location: 'C:\WINDOWS\system32\cmd.EXE'
[2026-08-30 11:44:20Z INFO HostContext] Well known directory 'Bin': 'C:\Users\krish\Documents\BITS\mlops-project\actions-runner\bin'
[2026-08-30 11:44:20Z INFO HostContext] Well known directory 'Root': 'C:\Users\krish\Documents\BITS\mlops-project\actions-runner'
[2026-08-30 11:44:20Z INFO HostContext] Well known directory 'Work': 'C:\Users\krish\Documents\BITS\mlops-project\actions-runner\_work'
[2026-08-30 11:44:20Z INFO HostContext] Well known directory 'Temp': 'C:\Users\krish\Documents\BITS\mlops-project\actions-runner\_work\_temp'
[2026-08-30 11:44:20Z INFO ScriptHandler] Which2: 'cmd'
[2026-08-30 11:44:20Z INFO ScriptHandler] Location: 'C:\WINDOWS\system32\cmd.EXE'
[2026-08-30 11:44:20Z INFO ProcessInvokerWrapper] Starting process:
[2026-08-30 11:44:20Z INFO ProcessInvokerWrapper]   File name: 'C:\WINDOWS\system32\cmd.EXE'
[2026-08-30 11:44:20Z INFO ProcessInvokerWrapper]   Arguments: '/D /E:ON /V:OFF /S /C "CALL "C:\Users\krish\Documents\BITS\mlops-project\actions-runner\_work\_temp\0cd9d7d6-f8e9-4189-b94c-6179f80c7f92.cmd""'
[2026-08-30 11:44:20Z INFO ProcessInvokerWrapper]   Working directory: 'C:\Users\krish\Documents\BITS\mlops-project\actions-runner\_work\assignment2\assignment2'
[2026-08-30 11:44:20Z INFO ProcessInvokerWrapper]   Require exit code zero: 'False'
[2026-08-30 11:44:20Z INFO ProcessInvokerWrapper]   Encoding web name:  ; code page: ''
[2026-08-30 11:44:20Z INFO ProcessInvokerWrapper]   Force kill process on cancellation: 'False'
[2026-08-30 11:44:20Z INFO ProcessInvokerWrapper]   Redirected STDIN: 'False'
[2026-08-30 11:44:20Z INFO ProcessInvokerWrapper]   Persist current code page: 'True'
[2026-08-30 11:44:20Z INFO ProcessInvokerWrapper]   Keep redirected STDIN open: 'False'
[2026-08-30 11:44:20Z INFO ProcessInvokerWrapper]   High priority process: 'False'
[2026-08-30 11:44:20Z INFO ProcessInvokerWrapper] Process started with process id 944, waiting for process exit.
[2026-08-30 11:44:20Z INFO JobServerQueue] Try to append 1 batches web console lines for record 'bab22ccf-ddcc-4aaf-ba3b-a62ed9d6bb72', success rate: 1/1.
[2026-08-30 11:44:20Z INFO JobServerQueue] Try to append 1 batches web console lines for record '671c7f0b-2c8a-4df0-bb12-1bd83eccc5d7', success rate: 1/1.
[2026-08-30 11:44:20Z INFO ProcessInvokerWrapper] STDOUT/STDERR stream read finished.
[2026-08-30 11:44:20Z INFO ProcessInvokerWrapper] STDOUT/STDERR stream read finished.
[2026-08-30 11:44:20Z INFO ProcessInvokerWrapper] Finished process 944 with exit code 0, and elapsed time 00:00:00.2920093.
[2026-08-30 11:44:20Z INFO CreateStepSummaryCommand] Step Summary file (C:\Users\krish\Documents\BITS\mlops-project\actions-runner\_work\_temp\_runner_file_commands\step_summary_a146e306-35bd-4e5f-b9b5-8e7d7e05e539) is empty; skipping attachment upload
[2026-08-30 11:44:20Z INFO StepsRunner] Step result: 
[2026-08-30 11:44:20Z INFO ExecutionContext] Publish step telemetry for current step {
  "action": "cmd",
  "type": "run",
  "stage": "Main",
  "stepId": "671c7f0b-2c8a-4df0-bb12-1bd83eccc5d7",
  "stepContextName": "__run_2",
  "result": "succeeded",
  "errorMessages": [],
  "executionTimeInSeconds": 1,
  "startTime": "2026-08-30T11:44:20.6228118Z",
  "finishTime": "2026-08-30T11:44:20.9935164Z"
}.
[2026-08-30 11:44:20Z INFO StepsRunner] No need for updating job result with current step result 'Succeeded'.
[2026-08-30 11:44:20Z INFO StepsRunner] Current state: job state = ''
[2026-08-30 11:44:20Z INFO StepsRunner] Processing step: DisplayName='Deploy application'
[2026-08-30 11:44:20Z INFO StepsRunner] Evaluating: success()
[2026-08-30 11:44:20Z INFO StepsRunner] Result: true
[2026-08-30 11:44:20Z INFO StepsRunner] Starting the step.
[2026-08-30 11:44:20Z INFO HostContext] Well known directory 'Bin': 'C:\Users\krish\Documents\BITS\mlops-project\actions-runner\bin'
[2026-08-30 11:44:20Z INFO HostContext] Well known directory 'Root': 'C:\Users\krish\Documents\BITS\mlops-project\actions-runner'
[2026-08-30 11:44:20Z INFO HostContext] Well known directory 'Work': 'C:\Users\krish\Documents\BITS\mlops-project\actions-runner\_work'
[2026-08-30 11:44:20Z INFO StepsRunner] Which2: 'chcp'
[2026-08-30 11:44:20Z INFO StepsRunner] Location: 'C:\WINDOWS\system32\chcp.COM'
[2026-08-30 11:44:20Z INFO ProcessInvokerWrapper] Starting process:
[2026-08-30 11:44:20Z INFO ProcessInvokerWrapper]   File name: 'C:\WINDOWS\system32\chcp.COM'
[2026-08-30 11:44:20Z INFO ProcessInvokerWrapper]   Arguments: '65001'
[2026-08-30 11:44:20Z INFO ProcessInvokerWrapper]   Working directory: 'C:\Users\krish\Documents\BITS\mlops-project\actions-runner\_work'
[2026-08-30 11:44:20Z INFO ProcessInvokerWrapper]   Require exit code zero: 'False'
[2026-08-30 11:44:20Z INFO ProcessInvokerWrapper]   Encoding web name:  ; code page: ''
[2026-08-30 11:44:20Z INFO ProcessInvokerWrapper]   Force kill process on cancellation: 'False'
[2026-08-30 11:44:20Z INFO ProcessInvokerWrapper]   Redirected STDIN: 'False'
[2026-08-30 11:44:20Z INFO ProcessInvokerWrapper]   Persist current code page: 'True'
[2026-08-30 11:44:20Z INFO ProcessInvokerWrapper]   Keep redirected STDIN open: 'False'
[2026-08-30 11:44:20Z INFO ProcessInvokerWrapper]   High priority process: 'False'
[2026-08-30 11:44:21Z INFO ProcessInvokerWrapper] Process started with process id 5900, waiting for process exit.
[2026-08-30 11:44:21Z INFO ProcessInvokerWrapper] STDOUT/STDERR stream read finished.
[2026-08-30 11:44:21Z INFO ProcessInvokerWrapper] STDOUT/STDERR stream read finished.
[2026-08-30 11:44:21Z INFO ProcessInvokerWrapper] Finished process 5900 with exit code 0, and elapsed time 00:00:00.0563195.
[2026-08-30 11:44:21Z INFO StepsRunner] Successfully returned to code page 65001 (UTF8)
[2026-08-30 11:44:21Z INFO HostContext] Well known directory 'Bin': 'C:\Users\krish\Documents\BITS\mlops-project\actions-runner\bin'
[2026-08-30 11:44:21Z INFO HostContext] Well known directory 'Root': 'C:\Users\krish\Documents\BITS\mlops-project\actions-runner'
[2026-08-30 11:44:21Z INFO HostContext] Well known directory 'Work': 'C:\Users\krish\Documents\BITS\mlops-project\actions-runner\_work'
[2026-08-30 11:44:21Z INFO HostContext] Well known directory 'Temp': 'C:\Users\krish\Documents\BITS\mlops-project\actions-runner\_work\_temp'
[2026-08-30 11:44:21Z INFO ExecutionContext] Write event payload to C:\Users\krish\Documents\BITS\mlops-project\actions-runner\_work\_temp\_github_workflow\event.json
[2026-08-30 11:44:21Z INFO HostContext] Well known directory 'Bin': 'C:\Users\krish\Documents\BITS\mlops-project\actions-runner\bin'
[2026-08-30 11:44:21Z INFO HostContext] Well known directory 'Root': 'C:\Users\krish\Documents\BITS\mlops-project\actions-runner'
[2026-08-30 11:44:21Z INFO HostContext] Well known directory 'Work': 'C:\Users\krish\Documents\BITS\mlops-project\actions-runner\_work'
[2026-08-30 11:44:21Z INFO HostContext] Well known directory 'Temp': 'C:\Users\krish\Documents\BITS\mlops-project\actions-runner\_work\_temp'
[2026-08-30 11:44:21Z INFO ExtensionManager] Getting extensions for interface: 'GitHub.Runner.Worker.IFileCommandExtension'
[2026-08-30 11:44:21Z INFO ExtensionManager] Getting extensions for interface: 'GitHub.Runner.Worker.IActionCommandExtension'
[2026-08-30 11:44:21Z INFO ActionCommandManager] Register action command extension for command internal-set-repo-path
[2026-08-30 11:44:21Z INFO ActionCommandManager] Register action command extension for command set-env
[2026-08-30 11:44:21Z INFO ActionCommandManager] Register action command extension for command set-output
[2026-08-30 11:44:21Z INFO ActionCommandManager] Register action command extension for command save-state
[2026-08-30 11:44:21Z INFO ActionCommandManager] Register action command extension for command add-path
[2026-08-30 11:44:21Z INFO ActionCommandManager] Register action command extension for command add-mask
[2026-08-30 11:44:21Z INFO ActionCommandManager] Register action command extension for command add-matcher
[2026-08-30 11:44:21Z INFO ActionCommandManager] Register action command extension for command remove-matcher
[2026-08-30 11:44:21Z INFO ActionCommandManager] Register action command extension for command warning
[2026-08-30 11:44:21Z INFO ActionCommandManager] Register action command extension for command error
[2026-08-30 11:44:21Z INFO ActionCommandManager] Register action command extension for command notice
[2026-08-30 11:44:21Z INFO ActionCommandManager] Register action command extension for command debug
[2026-08-30 11:44:21Z INFO ActionCommandManager] Register action command extension for command group
[2026-08-30 11:44:21Z INFO ActionCommandManager] Register action command extension for command endgroup
[2026-08-30 11:44:21Z INFO ActionCommandManager] Register action command extension for command echo
[2026-08-30 11:44:21Z INFO ScriptHandler] Which2: 'cmd'
[2026-08-30 11:44:21Z INFO ScriptHandler] Location: 'C:\WINDOWS\system32\cmd.EXE'
[2026-08-30 11:44:21Z INFO HostContext] Well known directory 'Bin': 'C:\Users\krish\Documents\BITS\mlops-project\actions-runner\bin'
[2026-08-30 11:44:21Z INFO HostContext] Well known directory 'Root': 'C:\Users\krish\Documents\BITS\mlops-project\actions-runner'
[2026-08-30 11:44:21Z INFO HostContext] Well known directory 'Work': 'C:\Users\krish\Documents\BITS\mlops-project\actions-runner\_work'
[2026-08-30 11:44:21Z INFO HostContext] Well known directory 'Temp': 'C:\Users\krish\Documents\BITS\mlops-project\actions-runner\_work\_temp'
[2026-08-30 11:44:21Z INFO ScriptHandler] Which2: 'cmd'
[2026-08-30 11:44:21Z INFO ScriptHandler] Location: 'C:\WINDOWS\system32\cmd.EXE'
[2026-08-30 11:44:21Z INFO ProcessInvokerWrapper] Starting process:
[2026-08-30 11:44:21Z INFO ProcessInvokerWrapper]   File name: 'C:\WINDOWS\system32\cmd.EXE'
[2026-08-30 11:44:21Z INFO ProcessInvokerWrapper]   Arguments: '/D /E:ON /V:OFF /S /C "CALL "C:\Users\krish\Documents\BITS\mlops-project\actions-runner\_work\_temp\d1e05a39-f522-45dd-a740-9536a990b3bc.cmd""'
[2026-08-30 11:44:21Z INFO ProcessInvokerWrapper]   Working directory: 'C:\Users\krish\Documents\BITS\mlops-project\actions-runner\_work\assignment2\assignment2'
[2026-08-30 11:44:21Z INFO ProcessInvokerWrapper]   Require exit code zero: 'False'
[2026-08-30 11:44:21Z INFO ProcessInvokerWrapper]   Encoding web name:  ; code page: ''
[2026-08-30 11:44:21Z INFO ProcessInvokerWrapper]   Force kill process on cancellation: 'False'
[2026-08-30 11:44:21Z INFO ProcessInvokerWrapper]   Redirected STDIN: 'False'
[2026-08-30 11:44:21Z INFO ProcessInvokerWrapper]   Persist current code page: 'True'
[2026-08-30 11:44:21Z INFO ProcessInvokerWrapper]   Keep redirected STDIN open: 'False'
[2026-08-30 11:44:21Z INFO ProcessInvokerWrapper]   High priority process: 'False'
[2026-08-30 11:44:21Z INFO ProcessInvokerWrapper] Process started with process id 19660, waiting for process exit.
[2026-08-30 11:44:21Z INFO JobServerQueue] Try to append 1 batches web console lines for record 'fbf7f15c-8580-40f4-be1c-4202f2a8d923', success rate: 1/1.
[2026-08-30 11:44:21Z INFO JobServerQueue] Got a step log file to send to results service.
[2026-08-30 11:44:21Z INFO JobServerQueue] Starting upload of step log file to results service ResultsLog, C:\Users\krish\Documents\BITS\mlops-project\actions-runner\_diag\blocks\ee9d65f6-a341-4258-8262-1722c09b0a0b_bab22ccf-ddcc-4aaf-ba3b-a62ed9d6bb72.1
[2026-08-30 11:44:21Z INFO JobServerQueue] Try to upload 2 log files or attachments, success rate: 2/2.
[2026-08-30 11:44:21Z INFO JobServerQueue] Try to append 1 batches web console lines for record 'fbf7f15c-8580-40f4-be1c-4202f2a8d923', success rate: 1/1.
[2026-08-30 11:44:23Z INFO JobServerQueue] Got a step log file to send to results service.
[2026-08-30 11:44:23Z INFO JobServerQueue] Starting upload of step log file to results service ResultsLog, C:\Users\krish\Documents\BITS\mlops-project\actions-runner\_diag\blocks\ee9d65f6-a341-4258-8262-1722c09b0a0b_671c7f0b-2c8a-4df0-bb12-1bd83eccc5d7.1
[2026-08-30 11:44:24Z INFO JobServerQueue] Tried to upload 2 file(s) to results, success rate: 2/2.
[2026-08-30 11:44:30Z INFO JobServerQueue] Try to append 1 batches web console lines for record 'fbf7f15c-8580-40f4-be1c-4202f2a8d923', success rate: 1/1.
[2026-08-30 11:44:30Z INFO HostContext] Well known directory 'Bin': 'C:\Users\krish\Documents\BITS\mlops-project\actions-runner\bin'
[2026-08-30 11:44:30Z INFO HostContext] Well known directory 'Root': 'C:\Users\krish\Documents\BITS\mlops-project\actions-runner'
[2026-08-30 11:44:30Z INFO HostContext] Well known directory 'Work': 'C:\Users\krish\Documents\BITS\mlops-project\actions-runner\_work'
[2026-08-30 11:44:30Z INFO ProcessInvokerWrapper] STDOUT/STDERR stream read finished.
[2026-08-30 11:44:30Z INFO ProcessInvokerWrapper] STDOUT/STDERR stream read finished.
[2026-08-30 11:44:30Z INFO ProcessInvokerWrapper] Finished process 19660 with exit code 0, and elapsed time 00:00:09.4724196.
[2026-08-30 11:44:30Z INFO CreateStepSummaryCommand] Step Summary file (C:\Users\krish\Documents\BITS\mlops-project\actions-runner\_work\_temp\_runner_file_commands\step_summary_2dd0ec28-d30a-4ed2-8bf5-8f8795396361) is empty; skipping attachment upload
[2026-08-30 11:44:30Z INFO StepsRunner] Step result: 
[2026-08-30 11:44:30Z INFO ExecutionContext] Publish step telemetry for current step {
  "action": "cmd",
  "type": "run",
  "stage": "Main",
  "stepId": "fbf7f15c-8580-40f4-be1c-4202f2a8d923",
  "stepContextName": "__run_3",
  "result": "succeeded",
  "errorMessages": [],
  "executionTimeInSeconds": 10,
  "startTime": "2026-08-30T11:44:20.9959131Z",
  "finishTime": "2026-08-30T11:44:30.5608163Z"
}.
[2026-08-30 11:44:30Z INFO StepsRunner] No need for updating job result with current step result 'Succeeded'.
[2026-08-30 11:44:30Z INFO StepsRunner] Current state: job state = ''
[2026-08-30 11:44:30Z INFO StepsRunner] Processing step: DisplayName='Check deployment'
[2026-08-30 11:44:30Z INFO StepsRunner] Evaluating: success()
[2026-08-30 11:44:30Z INFO StepsRunner] Result: true
[2026-08-30 11:44:30Z INFO StepsRunner] Starting the step.
[2026-08-30 11:44:30Z INFO HostContext] Well known directory 'Bin': 'C:\Users\krish\Documents\BITS\mlops-project\actions-runner\bin'
[2026-08-30 11:44:30Z INFO HostContext] Well known directory 'Root': 'C:\Users\krish\Documents\BITS\mlops-project\actions-runner'
[2026-08-30 11:44:30Z INFO HostContext] Well known directory 'Work': 'C:\Users\krish\Documents\BITS\mlops-project\actions-runner\_work'
[2026-08-30 11:44:30Z INFO StepsRunner] Which2: 'chcp'
[2026-08-30 11:44:30Z INFO StepsRunner] Location: 'C:\WINDOWS\system32\chcp.COM'
[2026-08-30 11:44:30Z INFO ProcessInvokerWrapper] Starting process:
[2026-08-30 11:44:30Z INFO ProcessInvokerWrapper]   File name: 'C:\WINDOWS\system32\chcp.COM'
[2026-08-30 11:44:30Z INFO ProcessInvokerWrapper]   Arguments: '65001'
[2026-08-30 11:44:30Z INFO ProcessInvokerWrapper]   Working directory: 'C:\Users\krish\Documents\BITS\mlops-project\actions-runner\_work'
[2026-08-30 11:44:30Z INFO ProcessInvokerWrapper]   Require exit code zero: 'False'
[2026-08-30 11:44:30Z INFO ProcessInvokerWrapper]   Encoding web name:  ; code page: ''
[2026-08-30 11:44:30Z INFO ProcessInvokerWrapper]   Force kill process on cancellation: 'False'
[2026-08-30 11:44:30Z INFO ProcessInvokerWrapper]   Redirected STDIN: 'False'
[2026-08-30 11:44:30Z INFO ProcessInvokerWrapper]   Persist current code page: 'True'
[2026-08-30 11:44:30Z INFO ProcessInvokerWrapper]   Keep redirected STDIN open: 'False'
[2026-08-30 11:44:30Z INFO ProcessInvokerWrapper]   High priority process: 'False'
[2026-08-30 11:44:30Z INFO ProcessInvokerWrapper] Process started with process id 15476, waiting for process exit.
[2026-08-30 11:44:30Z INFO ProcessInvokerWrapper] STDOUT/STDERR stream read finished.
[2026-08-30 11:44:30Z INFO ProcessInvokerWrapper] STDOUT/STDERR stream read finished.
[2026-08-30 11:44:30Z INFO ProcessInvokerWrapper] Finished process 15476 with exit code 0, and elapsed time 00:00:00.0396761.
[2026-08-30 11:44:30Z INFO StepsRunner] Successfully returned to code page 65001 (UTF8)
[2026-08-30 11:44:30Z INFO HostContext] Well known directory 'Bin': 'C:\Users\krish\Documents\BITS\mlops-project\actions-runner\bin'
[2026-08-30 11:44:30Z INFO HostContext] Well known directory 'Root': 'C:\Users\krish\Documents\BITS\mlops-project\actions-runner'
[2026-08-30 11:44:30Z INFO HostContext] Well known directory 'Work': 'C:\Users\krish\Documents\BITS\mlops-project\actions-runner\_work'
[2026-08-30 11:44:30Z INFO HostContext] Well known directory 'Temp': 'C:\Users\krish\Documents\BITS\mlops-project\actions-runner\_work\_temp'
[2026-08-30 11:44:30Z INFO ExecutionContext] Write event payload to C:\Users\krish\Documents\BITS\mlops-project\actions-runner\_work\_temp\_github_workflow\event.json
[2026-08-30 11:44:30Z INFO HostContext] Well known directory 'Bin': 'C:\Users\krish\Documents\BITS\mlops-project\actions-runner\bin'
[2026-08-30 11:44:30Z INFO HostContext] Well known directory 'Root': 'C:\Users\krish\Documents\BITS\mlops-project\actions-runner'
[2026-08-30 11:44:30Z INFO HostContext] Well known directory 'Work': 'C:\Users\krish\Documents\BITS\mlops-project\actions-runner\_work'
[2026-08-30 11:44:30Z INFO HostContext] Well known directory 'Temp': 'C:\Users\krish\Documents\BITS\mlops-project\actions-runner\_work\_temp'
[2026-08-30 11:44:30Z INFO ExtensionManager] Getting extensions for interface: 'GitHub.Runner.Worker.IFileCommandExtension'
[2026-08-30 11:44:30Z INFO ExtensionManager] Getting extensions for interface: 'GitHub.Runner.Worker.IActionCommandExtension'
[2026-08-30 11:44:30Z INFO ActionCommandManager] Register action command extension for command internal-set-repo-path
[2026-08-30 11:44:30Z INFO ActionCommandManager] Register action command extension for command set-env
[2026-08-30 11:44:30Z INFO ActionCommandManager] Register action command extension for command set-output
[2026-08-30 11:44:30Z INFO ActionCommandManager] Register action command extension for command save-state
[2026-08-30 11:44:30Z INFO ActionCommandManager] Register action command extension for command add-path
[2026-08-30 11:44:30Z INFO ActionCommandManager] Register action command extension for command add-mask
[2026-08-30 11:44:30Z INFO ActionCommandManager] Register action command extension for command add-matcher
[2026-08-30 11:44:30Z INFO ActionCommandManager] Register action command extension for command remove-matcher
[2026-08-30 11:44:30Z INFO ActionCommandManager] Register action command extension for command warning
[2026-08-30 11:44:30Z INFO ActionCommandManager] Register action command extension for command error
[2026-08-30 11:44:30Z INFO ActionCommandManager] Register action command extension for command notice
[2026-08-30 11:44:30Z INFO ActionCommandManager] Register action command extension for command debug
[2026-08-30 11:44:30Z INFO ActionCommandManager] Register action command extension for command group
[2026-08-30 11:44:30Z INFO ActionCommandManager] Register action command extension for command endgroup
[2026-08-30 11:44:30Z INFO ActionCommandManager] Register action command extension for command echo
[2026-08-30 11:44:30Z INFO ScriptHandler] Which2: 'cmd'
[2026-08-30 11:44:30Z INFO ScriptHandler] Location: 'C:\WINDOWS\system32\cmd.EXE'
[2026-08-30 11:44:30Z INFO HostContext] Well known directory 'Bin': 'C:\Users\krish\Documents\BITS\mlops-project\actions-runner\bin'
[2026-08-30 11:44:30Z INFO HostContext] Well known directory 'Root': 'C:\Users\krish\Documents\BITS\mlops-project\actions-runner'
[2026-08-30 11:44:30Z INFO HostContext] Well known directory 'Work': 'C:\Users\krish\Documents\BITS\mlops-project\actions-runner\_work'
[2026-08-30 11:44:30Z INFO HostContext] Well known directory 'Temp': 'C:\Users\krish\Documents\BITS\mlops-project\actions-runner\_work\_temp'
[2026-08-30 11:44:30Z INFO ScriptHandler] Which2: 'cmd'
[2026-08-30 11:44:30Z INFO ScriptHandler] Location: 'C:\WINDOWS\system32\cmd.EXE'
[2026-08-30 11:44:30Z INFO ProcessInvokerWrapper] Starting process:
[2026-08-30 11:44:30Z INFO ProcessInvokerWrapper]   File name: 'C:\WINDOWS\system32\cmd.EXE'
[2026-08-30 11:44:30Z INFO ProcessInvokerWrapper]   Arguments: '/D /E:ON /V:OFF /S /C "CALL "C:\Users\krish\Documents\BITS\mlops-project\actions-runner\_work\_temp\dce527b1-6940-40aa-9a17-e14ce0f47cab.cmd""'
[2026-08-30 11:44:30Z INFO ProcessInvokerWrapper]   Working directory: 'C:\Users\krish\Documents\BITS\mlops-project\actions-runner\_work\assignment2\assignment2'
[2026-08-30 11:44:30Z INFO ProcessInvokerWrapper]   Require exit code zero: 'False'
[2026-08-30 11:44:30Z INFO ProcessInvokerWrapper]   Encoding web name:  ; code page: ''
[2026-08-30 11:44:30Z INFO ProcessInvokerWrapper]   Force kill process on cancellation: 'False'
[2026-08-30 11:44:30Z INFO ProcessInvokerWrapper]   Redirected STDIN: 'False'
[2026-08-30 11:44:30Z INFO ProcessInvokerWrapper]   Persist current code page: 'True'
[2026-08-30 11:44:30Z INFO ProcessInvokerWrapper]   Keep redirected STDIN open: 'False'
[2026-08-30 11:44:30Z INFO ProcessInvokerWrapper]   High priority process: 'False'
[2026-08-30 11:44:30Z INFO JobServerQueue] Try to upload 1 log files or attachments, success rate: 1/1.
[2026-08-30 11:44:30Z INFO ProcessInvokerWrapper] Process started with process id 10960, waiting for process exit.
[2026-08-30 11:44:30Z INFO JobServerQueue] Got a step log file to send to results service.
[2026-08-30 11:44:30Z INFO JobServerQueue] Starting upload of step log file to results service ResultsLog, C:\Users\krish\Documents\BITS\mlops-project\actions-runner\_diag\blocks\ee9d65f6-a341-4258-8262-1722c09b0a0b_fbf7f15c-8580-40f4-be1c-4202f2a8d923.1
[2026-08-30 11:44:31Z INFO JobServerQueue] Try to append 1 batches web console lines for record 'fbf7f15c-8580-40f4-be1c-4202f2a8d923', success rate: 1/1.
[2026-08-30 11:44:31Z INFO JobServerQueue] Try to append 1 batches web console lines for record 'e26f49b1-261a-44d0-a11a-729db253beae', success rate: 1/1.
[2026-08-30 11:44:31Z INFO ProcessInvokerWrapper] STDOUT/STDERR stream read finished.
[2026-08-30 11:44:31Z INFO ProcessInvokerWrapper] STDOUT/STDERR stream read finished.
[2026-08-30 11:44:31Z INFO ProcessInvokerWrapper] Finished process 10960 with exit code 0, and elapsed time 00:00:00.6440431.
[2026-08-30 11:44:31Z INFO CreateStepSummaryCommand] Step Summary file (C:\Users\krish\Documents\BITS\mlops-project\actions-runner\_work\_temp\_runner_file_commands\step_summary_aedf8c89-0def-44ee-ad01-56c7c6b30937) is empty; skipping attachment upload
[2026-08-30 11:44:31Z INFO StepsRunner] Step result: 
[2026-08-30 11:44:31Z INFO ExecutionContext] Publish step telemetry for current step {
  "action": "cmd",
  "type": "run",
  "stage": "Main",
  "stepId": "e26f49b1-261a-44d0-a11a-729db253beae",
  "stepContextName": "__run_4",
  "result": "succeeded",
  "errorMessages": [],
  "executionTimeInSeconds": 1,
  "startTime": "2026-08-30T11:44:30.5632256Z",
  "finishTime": "2026-08-30T11:44:31.2776535Z"
}.
[2026-08-30 11:44:31Z INFO StepsRunner] No need for updating job result with current step result 'Succeeded'.
[2026-08-30 11:44:31Z INFO StepsRunner] Current state: job state = ''
[2026-08-30 11:44:31Z INFO StepsRunner] Processing step: DisplayName='Wait for application'
[2026-08-30 11:44:31Z INFO StepsRunner] Evaluating: success()
[2026-08-30 11:44:31Z INFO StepsRunner] Result: true
[2026-08-30 11:44:31Z INFO StepsRunner] Starting the step.
[2026-08-30 11:44:31Z INFO HostContext] Well known directory 'Bin': 'C:\Users\krish\Documents\BITS\mlops-project\actions-runner\bin'
[2026-08-30 11:44:31Z INFO HostContext] Well known directory 'Root': 'C:\Users\krish\Documents\BITS\mlops-project\actions-runner'
[2026-08-30 11:44:31Z INFO HostContext] Well known directory 'Work': 'C:\Users\krish\Documents\BITS\mlops-project\actions-runner\_work'
[2026-08-30 11:44:31Z INFO StepsRunner] Which2: 'chcp'
[2026-08-30 11:44:31Z INFO StepsRunner] Location: 'C:\WINDOWS\system32\chcp.COM'
[2026-08-30 11:44:31Z INFO ProcessInvokerWrapper] Starting process:
[2026-08-30 11:44:31Z INFO ProcessInvokerWrapper]   File name: 'C:\WINDOWS\system32\chcp.COM'
[2026-08-30 11:44:31Z INFO ProcessInvokerWrapper]   Arguments: '65001'
[2026-08-30 11:44:31Z INFO ProcessInvokerWrapper]   Working directory: 'C:\Users\krish\Documents\BITS\mlops-project\actions-runner\_work'
[2026-08-30 11:44:31Z INFO ProcessInvokerWrapper]   Require exit code zero: 'False'
[2026-08-30 11:44:31Z INFO ProcessInvokerWrapper]   Encoding web name:  ; code page: ''
[2026-08-30 11:44:31Z INFO ProcessInvokerWrapper]   Force kill process on cancellation: 'False'
[2026-08-30 11:44:31Z INFO ProcessInvokerWrapper]   Redirected STDIN: 'False'
[2026-08-30 11:44:31Z INFO ProcessInvokerWrapper]   Persist current code page: 'True'
[2026-08-30 11:44:31Z INFO ProcessInvokerWrapper]   Keep redirected STDIN open: 'False'
[2026-08-30 11:44:31Z INFO ProcessInvokerWrapper]   High priority process: 'False'
[2026-08-30 11:44:31Z INFO ProcessInvokerWrapper] Process started with process id 19384, waiting for process exit.
[2026-08-30 11:44:31Z INFO ProcessInvokerWrapper] STDOUT/STDERR stream read finished.
[2026-08-30 11:44:31Z INFO ProcessInvokerWrapper] STDOUT/STDERR stream read finished.
[2026-08-30 11:44:31Z INFO ProcessInvokerWrapper] Finished process 19384 with exit code 0, and elapsed time 00:00:00.0308630.
[2026-08-30 11:44:31Z INFO StepsRunner] Successfully returned to code page 65001 (UTF8)
[2026-08-30 11:44:31Z INFO HostContext] Well known directory 'Bin': 'C:\Users\krish\Documents\BITS\mlops-project\actions-runner\bin'
[2026-08-30 11:44:31Z INFO HostContext] Well known directory 'Root': 'C:\Users\krish\Documents\BITS\mlops-project\actions-runner'
[2026-08-30 11:44:31Z INFO HostContext] Well known directory 'Work': 'C:\Users\krish\Documents\BITS\mlops-project\actions-runner\_work'
[2026-08-30 11:44:31Z INFO HostContext] Well known directory 'Temp': 'C:\Users\krish\Documents\BITS\mlops-project\actions-runner\_work\_temp'
[2026-08-30 11:44:31Z INFO ExecutionContext] Write event payload to C:\Users\krish\Documents\BITS\mlops-project\actions-runner\_work\_temp\_github_workflow\event.json
[2026-08-30 11:44:31Z INFO HostContext] Well known directory 'Bin': 'C:\Users\krish\Documents\BITS\mlops-project\actions-runner\bin'
[2026-08-30 11:44:31Z INFO HostContext] Well known directory 'Root': 'C:\Users\krish\Documents\BITS\mlops-project\actions-runner'
[2026-08-30 11:44:31Z INFO HostContext] Well known directory 'Work': 'C:\Users\krish\Documents\BITS\mlops-project\actions-runner\_work'
[2026-08-30 11:44:31Z INFO HostContext] Well known directory 'Temp': 'C:\Users\krish\Documents\BITS\mlops-project\actions-runner\_work\_temp'
[2026-08-30 11:44:31Z INFO ExtensionManager] Getting extensions for interface: 'GitHub.Runner.Worker.IFileCommandExtension'
[2026-08-30 11:44:31Z INFO ExtensionManager] Getting extensions for interface: 'GitHub.Runner.Worker.IActionCommandExtension'
[2026-08-30 11:44:31Z INFO ActionCommandManager] Register action command extension for command internal-set-repo-path
[2026-08-30 11:44:31Z INFO ActionCommandManager] Register action command extension for command set-env
[2026-08-30 11:44:31Z INFO ActionCommandManager] Register action command extension for command set-output
[2026-08-30 11:44:31Z INFO ActionCommandManager] Register action command extension for command save-state
[2026-08-30 11:44:31Z INFO ActionCommandManager] Register action command extension for command add-path
[2026-08-30 11:44:31Z INFO ActionCommandManager] Register action command extension for command add-mask
[2026-08-30 11:44:31Z INFO ActionCommandManager] Register action command extension for command add-matcher
[2026-08-30 11:44:31Z INFO ActionCommandManager] Register action command extension for command remove-matcher
[2026-08-30 11:44:31Z INFO ActionCommandManager] Register action command extension for command warning
[2026-08-30 11:44:31Z INFO ActionCommandManager] Register action command extension for command error
[2026-08-30 11:44:31Z INFO ActionCommandManager] Register action command extension for command notice
[2026-08-30 11:44:31Z INFO ActionCommandManager] Register action command extension for command debug
[2026-08-30 11:44:31Z INFO ActionCommandManager] Register action command extension for command group
[2026-08-30 11:44:31Z INFO ActionCommandManager] Register action command extension for command endgroup
[2026-08-30 11:44:31Z INFO ActionCommandManager] Register action command extension for command echo
[2026-08-30 11:44:31Z INFO ScriptHandler] Which2: 'cmd'
[2026-08-30 11:44:31Z INFO ScriptHandler] Location: 'C:\WINDOWS\system32\cmd.EXE'
[2026-08-30 11:44:31Z INFO HostContext] Well known directory 'Bin': 'C:\Users\krish\Documents\BITS\mlops-project\actions-runner\bin'
[2026-08-30 11:44:31Z INFO HostContext] Well known directory 'Root': 'C:\Users\krish\Documents\BITS\mlops-project\actions-runner'
[2026-08-30 11:44:31Z INFO HostContext] Well known directory 'Work': 'C:\Users\krish\Documents\BITS\mlops-project\actions-runner\_work'
[2026-08-30 11:44:31Z INFO HostContext] Well known directory 'Temp': 'C:\Users\krish\Documents\BITS\mlops-project\actions-runner\_work\_temp'
[2026-08-30 11:44:31Z INFO ScriptHandler] Which2: 'cmd'
[2026-08-30 11:44:31Z INFO ScriptHandler] Location: 'C:\WINDOWS\system32\cmd.EXE'
[2026-08-30 11:44:31Z INFO ProcessInvokerWrapper] Starting process:
[2026-08-30 11:44:31Z INFO ProcessInvokerWrapper]   File name: 'C:\WINDOWS\system32\cmd.EXE'
[2026-08-30 11:44:31Z INFO ProcessInvokerWrapper]   Arguments: '/D /E:ON /V:OFF /S /C "CALL "C:\Users\krish\Documents\BITS\mlops-project\actions-runner\_work\_temp\8b5832bf-3b4d-45e7-a75a-d336d214df17.cmd""'
[2026-08-30 11:44:31Z INFO ProcessInvokerWrapper]   Working directory: 'C:\Users\krish\Documents\BITS\mlops-project\actions-runner\_work\assignment2\assignment2'
[2026-08-30 11:44:31Z INFO ProcessInvokerWrapper]   Require exit code zero: 'False'
[2026-08-30 11:44:31Z INFO ProcessInvokerWrapper]   Encoding web name:  ; code page: ''
[2026-08-30 11:44:31Z INFO ProcessInvokerWrapper]   Force kill process on cancellation: 'False'
[2026-08-30 11:44:31Z INFO ProcessInvokerWrapper]   Redirected STDIN: 'False'
[2026-08-30 11:44:31Z INFO ProcessInvokerWrapper]   Persist current code page: 'True'
[2026-08-30 11:44:31Z INFO ProcessInvokerWrapper]   Keep redirected STDIN open: 'False'
[2026-08-30 11:44:31Z INFO ProcessInvokerWrapper]   High priority process: 'False'
[2026-08-30 11:44:31Z INFO ProcessInvokerWrapper] Process started with process id 12796, waiting for process exit.
[2026-08-30 11:44:31Z INFO JobServerQueue] Try to append 1 batches web console lines for record 'e26f49b1-261a-44d0-a11a-729db253beae', success rate: 1/1.
[2026-08-30 11:44:31Z INFO JobServerQueue] Try to append 1 batches web console lines for record '1f8de7a9-9fce-4580-9c0d-07d1fd82e77c', success rate: 1/1.
[2026-08-30 11:44:31Z INFO JobServerQueue] Tried to upload 1 file(s) to results, success rate: 1/1.
[2026-08-30 11:44:31Z INFO JobServerQueue] Try to upload 1 log files or attachments, success rate: 1/1.
[2026-08-30 11:44:32Z INFO JobServerQueue] Got a step log file to send to results service.
[2026-08-30 11:44:32Z INFO JobServerQueue] Starting upload of step log file to results service ResultsLog, C:\Users\krish\Documents\BITS\mlops-project\actions-runner\_diag\blocks\ee9d65f6-a341-4258-8262-1722c09b0a0b_e26f49b1-261a-44d0-a11a-729db253beae.1
[2026-08-30 11:44:33Z INFO JobServerQueue] Tried to upload 1 file(s) to results, success rate: 1/1.
[2026-08-30 11:44:40Z INFO HostContext] Well known directory 'Bin': 'C:\Users\krish\Documents\BITS\mlops-project\actions-runner\bin'
[2026-08-30 11:44:40Z INFO HostContext] Well known directory 'Root': 'C:\Users\krish\Documents\BITS\mlops-project\actions-runner'
[2026-08-30 11:44:40Z INFO HostContext] Well known directory 'Work': 'C:\Users\krish\Documents\BITS\mlops-project\actions-runner\_work'
[2026-08-30 11:44:42Z INFO ProcessInvokerWrapper] STDOUT/STDERR stream read finished.
[2026-08-30 11:44:42Z INFO ProcessInvokerWrapper] STDOUT/STDERR stream read finished.
[2026-08-30 11:44:42Z INFO ProcessInvokerWrapper] Finished process 12796 with exit code 0, and elapsed time 00:00:11.4665510.
[2026-08-30 11:44:42Z INFO CreateStepSummaryCommand] Step Summary file (C:\Users\krish\Documents\BITS\mlops-project\actions-runner\_work\_temp\_runner_file_commands\step_summary_c4118393-cbba-401a-8a25-5e3bdae7565a) is empty; skipping attachment upload
[2026-08-30 11:44:42Z INFO StepsRunner] Step result: 
[2026-08-30 11:44:42Z INFO ExecutionContext] Publish step telemetry for current step {
  "action": "cmd",
  "type": "run",
  "stage": "Main",
  "stepId": "1f8de7a9-9fce-4580-9c0d-07d1fd82e77c",
  "stepContextName": "__run_5",
  "result": "succeeded",
  "errorMessages": [],
  "executionTimeInSeconds": 12,
  "startTime": "2026-08-30T11:44:31.2798476Z",
  "finishTime": "2026-08-30T11:44:42.8072748Z"
}.
[2026-08-30 11:44:42Z INFO StepsRunner] No need for updating job result with current step result 'Succeeded'.
[2026-08-30 11:44:42Z INFO StepsRunner] Current state: job state = ''
[2026-08-30 11:44:42Z INFO StepsRunner] Processing step: DisplayName='Run smoke tests'
[2026-08-30 11:44:42Z INFO StepsRunner] Evaluating: success()
[2026-08-30 11:44:42Z INFO StepsRunner] Result: true
[2026-08-30 11:44:42Z INFO StepsRunner] Starting the step.
[2026-08-30 11:44:42Z INFO HostContext] Well known directory 'Bin': 'C:\Users\krish\Documents\BITS\mlops-project\actions-runner\bin'
[2026-08-30 11:44:42Z INFO HostContext] Well known directory 'Root': 'C:\Users\krish\Documents\BITS\mlops-project\actions-runner'
[2026-08-30 11:44:42Z INFO HostContext] Well known directory 'Work': 'C:\Users\krish\Documents\BITS\mlops-project\actions-runner\_work'
[2026-08-30 11:44:42Z INFO StepsRunner] Which2: 'chcp'
[2026-08-30 11:44:42Z INFO StepsRunner] Location: 'C:\WINDOWS\system32\chcp.COM'
[2026-08-30 11:44:42Z INFO ProcessInvokerWrapper] Starting process:
[2026-08-30 11:44:42Z INFO ProcessInvokerWrapper]   File name: 'C:\WINDOWS\system32\chcp.COM'
[2026-08-30 11:44:42Z INFO ProcessInvokerWrapper]   Arguments: '65001'
[2026-08-30 11:44:42Z INFO ProcessInvokerWrapper]   Working directory: 'C:\Users\krish\Documents\BITS\mlops-project\actions-runner\_work'
[2026-08-30 11:44:42Z INFO ProcessInvokerWrapper]   Require exit code zero: 'False'
[2026-08-30 11:44:42Z INFO ProcessInvokerWrapper]   Encoding web name:  ; code page: ''
[2026-08-30 11:44:42Z INFO ProcessInvokerWrapper]   Force kill process on cancellation: 'False'
[2026-08-30 11:44:42Z INFO ProcessInvokerWrapper]   Redirected STDIN: 'False'
[2026-08-30 11:44:42Z INFO ProcessInvokerWrapper]   Persist current code page: 'True'
[2026-08-30 11:44:42Z INFO ProcessInvokerWrapper]   Keep redirected STDIN open: 'False'
[2026-08-30 11:44:42Z INFO ProcessInvokerWrapper]   High priority process: 'False'
[2026-08-30 11:44:43Z INFO ProcessInvokerWrapper] Process started with process id 11936, waiting for process exit.
[2026-08-30 11:44:43Z INFO JobServerQueue] Try to upload 1 log files or attachments, success rate: 1/1.
[2026-08-30 11:44:43Z INFO ProcessInvokerWrapper] STDOUT/STDERR stream read finished.
[2026-08-30 11:44:43Z INFO ProcessInvokerWrapper] STDOUT/STDERR stream read finished.
[2026-08-30 11:44:43Z INFO ProcessInvokerWrapper] Finished process 11936 with exit code 0, and elapsed time 00:00:00.2718230.
[2026-08-30 11:44:43Z INFO StepsRunner] Successfully returned to code page 65001 (UTF8)
[2026-08-30 11:44:43Z INFO HostContext] Well known directory 'Bin': 'C:\Users\krish\Documents\BITS\mlops-project\actions-runner\bin'
[2026-08-30 11:44:43Z INFO HostContext] Well known directory 'Root': 'C:\Users\krish\Documents\BITS\mlops-project\actions-runner'
[2026-08-30 11:44:43Z INFO HostContext] Well known directory 'Work': 'C:\Users\krish\Documents\BITS\mlops-project\actions-runner\_work'
[2026-08-30 11:44:43Z INFO HostContext] Well known directory 'Temp': 'C:\Users\krish\Documents\BITS\mlops-project\actions-runner\_work\_temp'
[2026-08-30 11:44:43Z INFO ExecutionContext] Write event payload to C:\Users\krish\Documents\BITS\mlops-project\actions-runner\_work\_temp\_github_workflow\event.json
[2026-08-30 11:44:43Z INFO HostContext] Well known directory 'Bin': 'C:\Users\krish\Documents\BITS\mlops-project\actions-runner\bin'
[2026-08-30 11:44:43Z INFO HostContext] Well known directory 'Root': 'C:\Users\krish\Documents\BITS\mlops-project\actions-runner'
[2026-08-30 11:44:43Z INFO HostContext] Well known directory 'Work': 'C:\Users\krish\Documents\BITS\mlops-project\actions-runner\_work'
[2026-08-30 11:44:43Z INFO HostContext] Well known directory 'Temp': 'C:\Users\krish\Documents\BITS\mlops-project\actions-runner\_work\_temp'
[2026-08-30 11:44:43Z INFO ExtensionManager] Getting extensions for interface: 'GitHub.Runner.Worker.IFileCommandExtension'
[2026-08-30 11:44:43Z INFO ExtensionManager] Getting extensions for interface: 'GitHub.Runner.Worker.IActionCommandExtension'
[2026-08-30 11:44:43Z INFO ActionCommandManager] Register action command extension for command internal-set-repo-path
[2026-08-30 11:44:43Z INFO ActionCommandManager] Register action command extension for command set-env
[2026-08-30 11:44:43Z INFO ActionCommandManager] Register action command extension for command set-output
[2026-08-30 11:44:43Z INFO ActionCommandManager] Register action command extension for command save-state
[2026-08-30 11:44:43Z INFO ActionCommandManager] Register action command extension for command add-path
[2026-08-30 11:44:43Z INFO ActionCommandManager] Register action command extension for command add-mask
[2026-08-30 11:44:43Z INFO ActionCommandManager] Register action command extension for command add-matcher
[2026-08-30 11:44:43Z INFO ActionCommandManager] Register action command extension for command remove-matcher
[2026-08-30 11:44:43Z INFO ActionCommandManager] Register action command extension for command warning
[2026-08-30 11:44:43Z INFO ActionCommandManager] Register action command extension for command error
[2026-08-30 11:44:43Z INFO ActionCommandManager] Register action command extension for command notice
[2026-08-30 11:44:43Z INFO ActionCommandManager] Register action command extension for command debug
[2026-08-30 11:44:43Z INFO ActionCommandManager] Register action command extension for command group
[2026-08-30 11:44:43Z INFO ActionCommandManager] Register action command extension for command endgroup
[2026-08-30 11:44:43Z INFO ActionCommandManager] Register action command extension for command echo
[2026-08-30 11:44:43Z INFO ScriptHandler] Which2: 'cmd'
[2026-08-30 11:44:43Z INFO ScriptHandler] Location: 'C:\WINDOWS\system32\cmd.EXE'
[2026-08-30 11:44:43Z INFO HostContext] Well known directory 'Bin': 'C:\Users\krish\Documents\BITS\mlops-project\actions-runner\bin'
[2026-08-30 11:44:43Z INFO HostContext] Well known directory 'Root': 'C:\Users\krish\Documents\BITS\mlops-project\actions-runner'
[2026-08-30 11:44:43Z INFO HostContext] Well known directory 'Work': 'C:\Users\krish\Documents\BITS\mlops-project\actions-runner\_work'
[2026-08-30 11:44:43Z INFO HostContext] Well known directory 'Temp': 'C:\Users\krish\Documents\BITS\mlops-project\actions-runner\_work\_temp'
[2026-08-30 11:44:43Z INFO ScriptHandler] Which2: 'cmd'
[2026-08-30 11:44:43Z INFO ScriptHandler] Location: 'C:\WINDOWS\system32\cmd.EXE'
[2026-08-30 11:44:43Z INFO ProcessInvokerWrapper] Starting process:
[2026-08-30 11:44:43Z INFO ProcessInvokerWrapper]   File name: 'C:\WINDOWS\system32\cmd.EXE'
[2026-08-30 11:44:43Z INFO ProcessInvokerWrapper]   Arguments: '/D /E:ON /V:OFF /S /C "CALL "C:\Users\krish\Documents\BITS\mlops-project\actions-runner\_work\_temp\24580a03-62a7-4a2e-ab7d-fa9f77120795.cmd""'
[2026-08-30 11:44:43Z INFO ProcessInvokerWrapper]   Working directory: 'C:\Users\krish\Documents\BITS\mlops-project\actions-runner\_work\assignment2\assignment2'
[2026-08-30 11:44:43Z INFO ProcessInvokerWrapper]   Require exit code zero: 'False'
[2026-08-30 11:44:43Z INFO ProcessInvokerWrapper]   Encoding web name:  ; code page: ''
[2026-08-30 11:44:43Z INFO ProcessInvokerWrapper]   Force kill process on cancellation: 'False'
[2026-08-30 11:44:43Z INFO ProcessInvokerWrapper]   Redirected STDIN: 'False'
[2026-08-30 11:44:43Z INFO ProcessInvokerWrapper]   Persist current code page: 'True'
[2026-08-30 11:44:43Z INFO ProcessInvokerWrapper]   Keep redirected STDIN open: 'False'
[2026-08-30 11:44:43Z INFO ProcessInvokerWrapper]   High priority process: 'False'
[2026-08-30 11:44:43Z INFO ProcessInvokerWrapper] Process started with process id 16780, waiting for process exit.
[2026-08-30 11:44:43Z INFO JobServerQueue] Try to append 1 batches web console lines for record 'b0dd74f6-62c6-4b59-b4e5-b9b4077bdb33', success rate: 1/1.
[2026-08-30 11:44:43Z INFO JobServerQueue] Got a step log file to send to results service.
[2026-08-30 11:44:43Z INFO JobServerQueue] Starting upload of step log file to results service ResultsLog, C:\Users\krish\Documents\BITS\mlops-project\actions-runner\_diag\blocks\ee9d65f6-a341-4258-8262-1722c09b0a0b_1f8de7a9-9fce-4580-9c0d-07d1fd82e77c.1
[2026-08-30 11:44:44Z INFO JobServerQueue] Try to append 1 batches web console lines for record 'b0dd74f6-62c6-4b59-b4e5-b9b4077bdb33', success rate: 1/1.
[2026-08-30 11:44:44Z INFO ProcessInvokerWrapper] STDOUT/STDERR stream read finished.
[2026-08-30 11:44:44Z INFO ProcessInvokerWrapper] STDOUT/STDERR stream read finished.
[2026-08-30 11:44:44Z INFO ProcessInvokerWrapper] Finished process 16780 with exit code 2, and elapsed time 00:00:01.2576716.
[2026-08-30 11:44:44Z INFO CreateStepSummaryCommand] Step Summary file (C:\Users\krish\Documents\BITS\mlops-project\actions-runner\_work\_temp\_runner_file_commands\step_summary_6f0c82f6-1c92-4a6b-9380-a3bdc317d6f6) is empty; skipping attachment upload
[2026-08-30 11:44:44Z INFO StepsRunner] Step result: Failed
[2026-08-30 11:44:44Z INFO ExecutionContext] Publish step telemetry for current step {
  "action": "cmd",
  "type": "run",
  "stage": "Main",
  "stepId": "b0dd74f6-62c6-4b59-b4e5-b9b4077bdb33",
  "stepContextName": "__run_6",
  "result": "failed",
  "errorMessages": [
    "Process completed with exit code 2."
  ],
  "executionTimeInSeconds": 2,
  "startTime": "2026-08-30T11:44:42.8476982Z",
  "finishTime": "2026-08-30T11:44:44.4444664Z"
}.
[2026-08-30 11:44:44Z INFO StepsRunner] Update job result with current step result 'Failed'.
[2026-08-30 11:44:44Z INFO StepsRunner] Current state: job state = 'Failed'
[2026-08-30 11:44:44Z INFO StepsRunner] Processing step: DisplayName='Post Checkout repository'
[2026-08-30 11:44:44Z INFO StepsRunner] Evaluating: always()
[2026-08-30 11:44:44Z INFO StepsRunner] Result: true
[2026-08-30 11:44:44Z INFO StepsRunner] Starting the step.
[2026-08-30 11:44:44Z INFO HostContext] Well known directory 'Bin': 'C:\Users\krish\Documents\BITS\mlops-project\actions-runner\bin'
[2026-08-30 11:44:44Z INFO HostContext] Well known directory 'Root': 'C:\Users\krish\Documents\BITS\mlops-project\actions-runner'
[2026-08-30 11:44:44Z INFO HostContext] Well known directory 'Work': 'C:\Users\krish\Documents\BITS\mlops-project\actions-runner\_work'
[2026-08-30 11:44:44Z INFO StepsRunner] Which2: 'chcp'
[2026-08-30 11:44:44Z INFO StepsRunner] Location: 'C:\WINDOWS\system32\chcp.COM'
[2026-08-30 11:44:44Z INFO ProcessInvokerWrapper] Starting process:
[2026-08-30 11:44:44Z INFO ProcessInvokerWrapper]   File name: 'C:\WINDOWS\system32\chcp.COM'
[2026-08-30 11:44:44Z INFO ProcessInvokerWrapper]   Arguments: '65001'
[2026-08-30 11:44:44Z INFO ProcessInvokerWrapper]   Working directory: 'C:\Users\krish\Documents\BITS\mlops-project\actions-runner\_work'
[2026-08-30 11:44:44Z INFO ProcessInvokerWrapper]   Require exit code zero: 'False'
[2026-08-30 11:44:44Z INFO ProcessInvokerWrapper]   Encoding web name:  ; code page: ''
[2026-08-30 11:44:44Z INFO ProcessInvokerWrapper]   Force kill process on cancellation: 'False'
[2026-08-30 11:44:44Z INFO ProcessInvokerWrapper]   Redirected STDIN: 'False'
[2026-08-30 11:44:44Z INFO ProcessInvokerWrapper]   Persist current code page: 'True'
[2026-08-30 11:44:44Z INFO ProcessInvokerWrapper]   Keep redirected STDIN open: 'False'
[2026-08-30 11:44:44Z INFO ProcessInvokerWrapper]   High priority process: 'False'
[2026-08-30 11:44:44Z INFO JobServerQueue] Tried to upload 1 file(s) to results, success rate: 1/1.
[2026-08-30 11:44:44Z INFO JobServerQueue] Try to append 1 batches web console lines for record 'b0dd74f6-62c6-4b59-b4e5-b9b4077bdb33', success rate: 1/1.
[2026-08-30 11:44:44Z INFO ProcessInvokerWrapper] Process started with process id 8148, waiting for process exit.
[2026-08-30 11:44:45Z INFO ProcessInvokerWrapper] STDOUT/STDERR stream read finished.
[2026-08-30 11:44:45Z INFO ProcessInvokerWrapper] STDOUT/STDERR stream read finished.
[2026-08-30 11:44:45Z INFO ProcessInvokerWrapper] Finished process 8148 with exit code 0, and elapsed time 00:00:00.6736349.
[2026-08-30 11:44:45Z INFO StepsRunner] Successfully returned to code page 65001 (UTF8)
[2026-08-30 11:44:45Z INFO HostContext] Well known directory 'Bin': 'C:\Users\krish\Documents\BITS\mlops-project\actions-runner\bin'
[2026-08-30 11:44:45Z INFO HostContext] Well known directory 'Root': 'C:\Users\krish\Documents\BITS\mlops-project\actions-runner'
[2026-08-30 11:44:45Z INFO HostContext] Well known directory 'Work': 'C:\Users\krish\Documents\BITS\mlops-project\actions-runner\_work'
[2026-08-30 11:44:45Z INFO HostContext] Well known directory 'Actions': 'C:\Users\krish\Documents\BITS\mlops-project\actions-runner\_work\_actions'
[2026-08-30 11:44:45Z INFO ActionManager] Load action that reference repository from 'C:\Users\krish\Documents\BITS\mlops-project\actions-runner\_work\_actions\actions\checkout\v4'
[2026-08-30 11:44:45Z INFO HostContext] Well known directory 'Bin': 'C:\Users\krish\Documents\BITS\mlops-project\actions-runner\bin'
[2026-08-30 11:44:45Z INFO HostContext] Well known directory 'Root': 'C:\Users\krish\Documents\BITS\mlops-project\actions-runner'
[2026-08-30 11:44:45Z INFO HostContext] Well known directory 'Work': 'C:\Users\krish\Documents\BITS\mlops-project\actions-runner\_work'
[2026-08-30 11:44:45Z INFO HostContext] Well known directory 'Actions': 'C:\Users\krish\Documents\BITS\mlops-project\actions-runner\_work\_actions'
[2026-08-30 11:44:45Z INFO JobServerQueue] Try to upload 1 log files or attachments, success rate: 1/1.
[2026-08-30 11:44:45Z INFO ActionManifestManagerLegacy] Loaded action.yml file: {
  "name": "Checkout",
  "description": "Checkout a Git repository at a particular version",
  "inputs": {
    "type": 2,
    "map": [
      {
        "key": {
          "type": 0,
          "file": 2,
          "line": 4,
          "col": 3,
          "lit": "repository"
        },
        "value": {
          "type": 3,
          "file": 2,
          "line": 6,
          "col": 14,
          "expr": "github.repository"
        }
      },
      {
        "key": {
          "type": 0,
          "file": 2,
          "line": 7,
          "col": 3,
          "lit": "ref"
        },
        "value": ""
      },
      {
        "key": {
          "type": 0,
          "file": 2,
          "line": 12,
          "col": 3,
          "lit": "token"
        },
        "value": {
          "type": 3,
          "file": 2,
          "line": 24,
          "col": 14,
          "expr": "github.token"
        }
      },
      {
        "key": {
          "type": 0,
          "file": 2,
          "line": 25,
          "col": 3,
          "lit": "ssh-key"
        },
        "value": ""
      },
      {
        "key": {
          "type": 0,
          "file": 2,
          "line": 37,
          "col": 3,
          "lit": "ssh-known-hosts"
        },
        "value": ""
      },
      {
        "key": {
          "type": 0,
          "file": 2,
          "line": 42,
          "col": 3,
          "lit": "ssh-strict"
        },
        "value": {
          "type": 0,
          "file": 2,
          "line": 47,
          "col": 14,
          "lit": "true"
        }
      },
      {
        "key": {
          "type": 0,
          "file": 2,
          "line": 48,
          "col": 3,
          "lit": "ssh-user"
        },
        "value": {
          "type": 0,
          "file": 2,
          "line": 51,
          "col": 14,
          "lit": "git"
        }
      },
      {
        "key": {
          "type": 0,
          "file": 2,
          "line": 52,
          "col": 3,
          "lit": "persist-credentials"
        },
        "value": {
          "type": 0,
          "file": 2,
          "line": 54,
          "col": 14,
          "lit": "true"
        }
      },
      {
        "key": {
          "type": 0,
          "file": 2,
          "line": 55,
          "col": 3,
          "lit": "path"
        },
        "value": ""
      },
      {
        "key": {
          "type": 0,
          "file": 2,
          "line": 57,
          "col": 3,
          "lit": "clean"
        },
        "value": {
          "type": 0,
          "file": 2,
          "line": 59,
          "col": 14,
          "lit": "true"
        }
      },
      {
        "key": {
          "type": 0,
          "file": 2,
          "line": 60,
          "col": 3,
          "lit": "filter"
        },
        "value": {
          "type": 0,
          "file": 2,
          "line": 64,
          "col": 14,
          "lit": ""
        }
      },
      {
        "key": {
          "type": 0,
          "file": 2,
          "line": 65,
          "col": 3,
          "lit": "sparse-checkout"
        },
        "value": {
          "type": 0,
          "file": 2,
          "line": 69,
          "col": 14,
          "lit": ""
        }
      },
      {
        "key": {
          "type": 0,
          "file": 2,
          "line": 70,
          "col": 3,
          "lit": "sparse-checkout-cone-mode"
        },
        "value": {
          "type": 0,
          "file": 2,
          "line": 73,
          "col": 14,
          "lit": "true"
        }
      },
      {
        "key": {
          "type": 0,
          "file": 2,
          "line": 74,
          "col": 3,
          "lit": "fetch-depth"
        },
        "value": {
          "type": 0,
          "file": 2,
          "line": 76,
          "col": 14,
          "lit": "1"
        }
      },
      {
        "key": {
          "type": 0,
          "file": 2,
          "line": 77,
          "col": 3,
          "lit": "fetch-tags"
        },
        "value": {
          "type": 0,
          "file": 2,
          "line": 79,
          "col": 14,
          "lit": "false"
        }
      },
      {
        "key": {
          "type": 0,
          "file": 2,
          "line": 80,
          "col": 3,
          "lit": "show-progress"
        },
        "value": {
          "type": 0,
          "file": 2,
          "line": 82,
          "col": 14,
          "lit": "true"
        }
      },
      {
        "key": {
          "type": 0,
          "file": 2,
          "line": 83,
          "col": 3,
          "lit": "lfs"
        },
        "value": {
          "type": 0,
          "file": 2,
          "line": 85,
          "col": 14,
          "lit": "false"
        }
      },
      {
        "key": {
          "type": 0,
          "file": 2,
          "line": 86,
          "col": 3,
          "lit": "submodules"
        },
        "value": {
          "type": 0,
          "file": 2,
          "line": 94,
          "col": 14,
          "lit": "false"
        }
      },
      {
        "key": {
          "type": 0,
          "file": 2,
          "line": 95,
          "col": 3,
          "lit": "set-safe-directory"
        },
        "value": {
          "type": 0,
          "file": 2,
          "line": 97,
          "col": 14,
          "lit": "true"
        }
      },
      {
        "key": {
          "type": 0,
          "file": 2,
          "line": 98,
          "col": 3,
          "lit": "github-server-url"
        },
        "value": ""
      },
      {
        "key": {
          "type": 0,
          "file": 2,
          "line": 101,
          "col": 3,
          "lit": "allow-unsafe-pr-checkout"
        },
        "value": {
          "type": 0,
          "file": 2,
          "line": 109,
          "col": 14,
          "lit": "false"
        }
      }
    ]
  },
  "execution": {
    "executionType": "nodeJS",
    "hasPre": false,
    "hasPost": true,
    "script": "dist/index.js",
    "pre": null,
    "post": "dist/index.js",
    "nodeVersion": "node20",
    "cleanupCondition": "always()",
    "initCondition": "always()"
  },
  "deprecated": null
}
[2026-08-30 11:44:45Z INFO ActionManager] Action pre node.js file: N/A.
[2026-08-30 11:44:45Z INFO ActionManager] Action node.js file: dist/index.js.
[2026-08-30 11:44:45Z INFO ActionManager] Action post node.js file: dist/index.js.
[2026-08-30 11:44:45Z INFO HostContext] Well known directory 'Bin': 'C:\Users\krish\Documents\BITS\mlops-project\actions-runner\bin'
[2026-08-30 11:44:45Z INFO HostContext] Well known directory 'Root': 'C:\Users\krish\Documents\BITS\mlops-project\actions-runner'
[2026-08-30 11:44:45Z INFO HostContext] Well known directory 'Work': 'C:\Users\krish\Documents\BITS\mlops-project\actions-runner\_work'
[2026-08-30 11:44:45Z INFO HostContext] Well known directory 'Temp': 'C:\Users\krish\Documents\BITS\mlops-project\actions-runner\_work\_temp'
[2026-08-30 11:44:45Z INFO ExecutionContext] Write event payload to C:\Users\krish\Documents\BITS\mlops-project\actions-runner\_work\_temp\_github_workflow\event.json
[2026-08-30 11:44:45Z INFO HostContext] Well known directory 'Bin': 'C:\Users\krish\Documents\BITS\mlops-project\actions-runner\bin'
[2026-08-30 11:44:45Z INFO HostContext] Well known directory 'Root': 'C:\Users\krish\Documents\BITS\mlops-project\actions-runner'
[2026-08-30 11:44:45Z INFO HostContext] Well known directory 'Work': 'C:\Users\krish\Documents\BITS\mlops-project\actions-runner\_work'
[2026-08-30 11:44:45Z INFO HostContext] Well known directory 'Temp': 'C:\Users\krish\Documents\BITS\mlops-project\actions-runner\_work\_temp'
[2026-08-30 11:44:45Z INFO ExtensionManager] Getting extensions for interface: 'GitHub.Runner.Worker.IFileCommandExtension'
[2026-08-30 11:44:45Z INFO ActionManifestManagerLegacy] Input 'repository': default value evaluate result: {
  "type": 0,
  "file": 2,
  "line": 6,
  "col": 14,
  "lit": "2024ac05127-tech/assignment2"
}
[2026-08-30 11:44:45Z INFO ActionManifestManagerLegacy] Input 'ref': default value evaluate result: ""
[2026-08-30 11:44:45Z INFO ActionManifestManagerLegacy] Input 'token': default value evaluate result: {
  "type": 0,
  "file": 2,
  "line": 24,
  "col": 14,
  "lit": "***"
}
[2026-08-30 11:44:45Z INFO ActionManifestManagerLegacy] Input 'ssh-key': default value evaluate result: ""
[2026-08-30 11:44:45Z INFO ActionManifestManagerLegacy] Input 'ssh-known-hosts': default value evaluate result: ""
[2026-08-30 11:44:45Z INFO ActionManifestManagerLegacy] Input 'ssh-strict': default value evaluate result: {
  "type": 0,
  "file": 2,
  "line": 47,
  "col": 14,
  "lit": "true"
}
[2026-08-30 11:44:45Z INFO ActionManifestManagerLegacy] Input 'ssh-user': default value evaluate result: {
  "type": 0,
  "file": 2,
  "line": 51,
  "col": 14,
  "lit": "git"
}
[2026-08-30 11:44:45Z INFO ActionManifestManagerLegacy] Input 'persist-credentials': default value evaluate result: {
  "type": 0,
  "file": 2,
  "line": 54,
  "col": 14,
  "lit": "true"
}
[2026-08-30 11:44:45Z INFO ActionManifestManagerLegacy] Input 'path': default value evaluate result: ""
[2026-08-30 11:44:45Z INFO ActionManifestManagerLegacy] Input 'clean': default value evaluate result: {
  "type": 0,
  "file": 2,
  "line": 59,
  "col": 14,
  "lit": "true"
}
[2026-08-30 11:44:45Z INFO ActionManifestManagerLegacy] Input 'filter': default value evaluate result: {
  "type": 0,
  "file": 2,
  "line": 64,
  "col": 14,
  "lit": ""
}
[2026-08-30 11:44:45Z INFO ActionManifestManagerLegacy] Input 'sparse-checkout': default value evaluate result: {
  "type": 0,
  "file": 2,
  "line": 69,
  "col": 14,
  "lit": ""
}
[2026-08-30 11:44:45Z INFO ActionManifestManagerLegacy] Input 'sparse-checkout-cone-mode': default value evaluate result: {
  "type": 0,
  "file": 2,
  "line": 73,
  "col": 14,
  "lit": "true"
}
[2026-08-30 11:44:45Z INFO ActionManifestManagerLegacy] Input 'fetch-depth': default value evaluate result: {
  "type": 0,
  "file": 2,
  "line": 76,
  "col": 14,
  "lit": "1"
}
[2026-08-30 11:44:45Z INFO ActionManifestManagerLegacy] Input 'fetch-tags': default value evaluate result: {
  "type": 0,
  "file": 2,
  "line": 79,
  "col": 14,
  "lit": "false"
}
[2026-08-30 11:44:45Z INFO ActionManifestManagerLegacy] Input 'show-progress': default value evaluate result: {
  "type": 0,
  "file": 2,
  "line": 82,
  "col": 14,
  "lit": "true"
}
[2026-08-30 11:44:45Z INFO ActionManifestManagerLegacy] Input 'lfs': default value evaluate result: {
  "type": 0,
  "file": 2,
  "line": 85,
  "col": 14,
  "lit": "false"
}
[2026-08-30 11:44:45Z INFO ActionManifestManagerLegacy] Input 'submodules': default value evaluate result: {
  "type": 0,
  "file": 2,
  "line": 94,
  "col": 14,
  "lit": "false"
}
[2026-08-30 11:44:45Z INFO ActionManifestManagerLegacy] Input 'set-safe-directory': default value evaluate result: {
  "type": 0,
  "file": 2,
  "line": 97,
  "col": 14,
  "lit": "true"
}
[2026-08-30 11:44:45Z INFO ActionManifestManagerLegacy] Input 'github-server-url': default value evaluate result: ""
[2026-08-30 11:44:45Z INFO ActionManifestManagerLegacy] Input 'allow-unsafe-pr-checkout': default value evaluate result: {
  "type": 0,
  "file": 2,
  "line": 109,
  "col": 14,
  "lit": "false"
}
[2026-08-30 11:44:45Z INFO ExtensionManager] Getting extensions for interface: 'GitHub.Runner.Worker.IActionCommandExtension'
[2026-08-30 11:44:45Z INFO ActionCommandManager] Register action command extension for command internal-set-repo-path
[2026-08-30 11:44:45Z INFO ActionCommandManager] Register action command extension for command set-env
[2026-08-30 11:44:45Z INFO ActionCommandManager] Register action command extension for command set-output
[2026-08-30 11:44:45Z INFO ActionCommandManager] Register action command extension for command save-state
[2026-08-30 11:44:45Z INFO ActionCommandManager] Register action command extension for command add-path
[2026-08-30 11:44:45Z INFO ActionCommandManager] Register action command extension for command add-mask
[2026-08-30 11:44:45Z INFO ActionCommandManager] Register action command extension for command add-matcher
[2026-08-30 11:44:45Z INFO ActionCommandManager] Register action command extension for command remove-matcher
[2026-08-30 11:44:45Z INFO ActionCommandManager] Register action command extension for command warning
[2026-08-30 11:44:45Z INFO ActionCommandManager] Register action command extension for command error
[2026-08-30 11:44:45Z INFO ActionCommandManager] Register action command extension for command notice
[2026-08-30 11:44:45Z INFO ActionCommandManager] Register action command extension for command debug
[2026-08-30 11:44:45Z INFO ActionCommandManager] Register action command extension for command group
[2026-08-30 11:44:45Z INFO ActionCommandManager] Register action command extension for command endgroup
[2026-08-30 11:44:45Z INFO ActionCommandManager] Register action command extension for command echo
[2026-08-30 11:44:45Z INFO HostContext] Well known directory 'Bin': 'C:\Users\krish\Documents\BITS\mlops-project\actions-runner\bin'
[2026-08-30 11:44:45Z INFO HostContext] Well known directory 'Root': 'C:\Users\krish\Documents\BITS\mlops-project\actions-runner'
[2026-08-30 11:44:45Z INFO HostContext] Well known directory 'Externals': 'C:\Users\krish\Documents\BITS\mlops-project\actions-runner\externals'
[2026-08-30 11:44:45Z INFO ProcessInvokerWrapper] Starting process:
[2026-08-30 11:44:45Z INFO ProcessInvokerWrapper]   File name: 'C:\Users\krish\Documents\BITS\mlops-project\actions-runner\externals\node24\bin\node.exe'
[2026-08-30 11:44:45Z INFO ProcessInvokerWrapper]   Arguments: '"C:\Users\krish\Documents\BITS\mlops-project\actions-runner\_work\_actions\actions\checkout\v4\dist/index.js"'
[2026-08-30 11:44:45Z INFO ProcessInvokerWrapper]   Working directory: 'C:\Users\krish\Documents\BITS\mlops-project\actions-runner\_work\assignment2\assignment2'
[2026-08-30 11:44:45Z INFO ProcessInvokerWrapper]   Require exit code zero: 'False'
[2026-08-30 11:44:45Z INFO ProcessInvokerWrapper]   Encoding web name: utf-8 ; code page: '65001'
[2026-08-30 11:44:45Z INFO ProcessInvokerWrapper]   Force kill process on cancellation: 'False'
[2026-08-30 11:44:45Z INFO ProcessInvokerWrapper]   Redirected STDIN: 'False'
[2026-08-30 11:44:45Z INFO ProcessInvokerWrapper]   Persist current code page: 'True'
[2026-08-30 11:44:45Z INFO ProcessInvokerWrapper]   Keep redirected STDIN open: 'False'
[2026-08-30 11:44:45Z INFO ProcessInvokerWrapper]   High priority process: 'False'
[2026-08-30 11:44:45Z INFO ProcessInvokerWrapper] Process started with process id 20228, waiting for process exit.
[2026-08-30 11:44:45Z INFO JobServerQueue] Got a step log file to send to results service.
[2026-08-30 11:44:45Z INFO JobServerQueue] Starting upload of step log file to results service ResultsLog, C:\Users\krish\Documents\BITS\mlops-project\actions-runner\_diag\blocks\ee9d65f6-a341-4258-8262-1722c09b0a0b_b0dd74f6-62c6-4b59-b4e5-b9b4077bdb33.1
[2026-08-30 11:44:45Z INFO JobServerQueue] Try to append 1 batches web console lines for record 'd3c942af-da2d-4696-a388-beb3a182aaae', success rate: 1/1.
[2026-08-30 11:44:46Z INFO JobServerQueue] Tried to upload 1 file(s) to results, success rate: 1/1.
[2026-08-30 11:44:46Z INFO JobServerQueue] Try to append 1 batches web console lines for record 'd3c942af-da2d-4696-a388-beb3a182aaae', success rate: 1/1.
[2026-08-30 11:44:47Z INFO AddMaskCommandExtension] Add new secret mask with length of 32
[2026-08-30 11:44:47Z INFO JobServerQueue] Try to append 1 batches web console lines for record 'd3c942af-da2d-4696-a388-beb3a182aaae', success rate: 1/1.
[2026-08-30 11:44:47Z INFO JobServerQueue] Try to append 1 batches web console lines for record 'd3c942af-da2d-4696-a388-beb3a182aaae', success rate: 1/1.
[2026-08-30 11:44:50Z INFO HostContext] Well known directory 'Bin': 'C:\Users\krish\Documents\BITS\mlops-project\actions-runner\bin'
[2026-08-30 11:44:50Z INFO HostContext] Well known directory 'Root': 'C:\Users\krish\Documents\BITS\mlops-project\actions-runner'
[2026-08-30 11:44:50Z INFO HostContext] Well known directory 'Work': 'C:\Users\krish\Documents\BITS\mlops-project\actions-runner\_work'
[2026-08-30 11:44:53Z INFO JobServerQueue] Try to append 1 batches web console lines for record 'd3c942af-da2d-4696-a388-beb3a182aaae', success rate: 1/1.
[2026-08-30 11:44:55Z INFO JobServerQueue] Try to append 1 batches web console lines for record 'd3c942af-da2d-4696-a388-beb3a182aaae', success rate: 1/1.
[2026-08-30 11:44:57Z INFO ProcessInvokerWrapper] STDOUT/STDERR stream read finished.
[2026-08-30 11:44:57Z INFO ProcessInvokerWrapper] STDOUT/STDERR stream read finished.
[2026-08-30 11:44:57Z INFO ProcessInvokerWrapper] Finished process 20228 with exit code 0, and elapsed time 00:00:11.8953286.
[2026-08-30 11:44:57Z INFO CreateStepSummaryCommand] Step Summary file (C:\Users\krish\Documents\BITS\mlops-project\actions-runner\_work\_temp\_runner_file_commands\step_summary_fd2c374f-a3ac-4f72-8495-26845052215e) is empty; skipping attachment upload
[2026-08-30 11:44:57Z INFO StepsRunner] Step result: 
[2026-08-30 11:44:57Z INFO ExecutionContext] Publish step telemetry for current step {
  "action": "actions/checkout",
  "ref": "v4",
  "type": "node24",
  "stage": "Post",
  "stepId": "d3c942af-da2d-4696-a388-beb3a182aaae",
  "result": "succeeded",
  "errorMessages": [],
  "executionTimeInSeconds": 13,
  "startTime": "2026-08-30T11:44:44.4577131Z",
  "finishTime": "2026-08-30T11:44:57.4045691Z"
}.
[2026-08-30 11:44:57Z INFO StepsRunner] No need for updating job result with current step result 'Succeeded'.
[2026-08-30 11:44:57Z INFO StepsRunner] Current state: job state = 'Failed'
[2026-08-30 11:44:57Z INFO JobRunner] Finalize job.
[2026-08-30 11:44:57Z INFO HostContext] Well known directory 'Bin': 'C:\Users\krish\Documents\BITS\mlops-project\actions-runner\bin'
[2026-08-30 11:44:57Z INFO HostContext] Well known directory 'Root': 'C:\Users\krish\Documents\BITS\mlops-project\actions-runner'
[2026-08-30 11:44:57Z INFO HostContext] Well known directory 'Diag': 'C:\Users\krish\Documents\BITS\mlops-project\actions-runner\_diag'
[2026-08-30 11:44:57Z INFO HostContext] Well known directory 'Bin': 'C:\Users\krish\Documents\BITS\mlops-project\actions-runner\bin'
[2026-08-30 11:44:57Z INFO HostContext] Well known directory 'Root': 'C:\Users\krish\Documents\BITS\mlops-project\actions-runner'
[2026-08-30 11:44:57Z INFO HostContext] Well known directory 'Diag': 'C:\Users\krish\Documents\BITS\mlops-project\actions-runner\_diag'
[2026-08-30 11:44:57Z INFO JobExtension] Initialize Env context
[2026-08-30 11:44:57Z INFO JobExtension] Initialize steps context
[2026-08-30 11:44:57Z INFO JobExtension] Total accessible running process: 296.
[2026-08-30 11:44:57Z INFO JobExtension] Inspecting process environment variables. PID: 20276 (chrome)
[2026-08-30 11:44:57Z INFO JobExtension] Inspecting process environment variables. PID: 17384 (svchost)
[2026-08-30 11:44:57Z WARN JobExtension] Ignore exception during read process environment variables: Access is denied.
[2026-08-30 11:44:57Z INFO JobExtension] Inspecting process environment variables. PID: 7124 (backgroundTaskHost)
[2026-08-30 11:44:57Z INFO JobExtension] Inspecting process environment variables. PID: 13004 (RuntimeBroker)
[2026-08-30 11:44:57Z INFO JobExtension] Inspecting process environment variables. PID: 16916 (RuntimeBroker)
[2026-08-30 11:44:57Z INFO JobExtension] Inspecting process environment variables. PID: 5688 (ActionsServer)
[2026-08-30 11:44:57Z INFO JobExtension] Inspecting process environment variables. PID: 3524 (MSTORDB)
[2026-08-30 11:44:57Z INFO JobExtension] Wait for all connectivity checks to finish.
[2026-08-30 11:44:57Z INFO JobExtension] Connectivity check result: {
  "endpointUrl": "https://broker.actions.githubusercontent.com/health",
  "endpointIPs": null,
  "startTime": "2026-08-30T11:42:10.111153Z",
  "statusCode": "http_OK",
  "requestId": "CE51:253DA9:1AB6FF6:1B59A23:6A941713",
  "httpRequestDurationInMs": 832,
  "dnsResolutionDurationInMs": 0,
  "dnsError": null
}
[2026-08-30 11:44:57Z INFO JobExtension] Connectivity check result: {
  "endpointUrl": "https://token.actions.githubusercontent.com/ready",
  "endpointIPs": null,
  "startTime": "2026-08-30T11:42:10.1132158Z",
  "statusCode": "http_NoContent",
  "requestId": "CE57:8C5C8:2E6F66F:3B1209F:6A941713",
  "httpRequestDurationInMs": 1012,
  "dnsResolutionDurationInMs": 0,
  "dnsError": null
}
[2026-08-30 11:44:57Z INFO JobExtension] Connectivity check result: {
  "endpointUrl": "https://run.actions.githubusercontent.com/health",
  "endpointIPs": null,
  "startTime": "2026-08-30T11:42:10.1138119Z",
  "statusCode": "http_OK",
  "requestId": "CE58:C6934:1B019BC:1C762B0:6A941713",
  "httpRequestDurationInMs": 902,
  "dnsResolutionDurationInMs": 0,
  "dnsError": null
}
[2026-08-30 11:44:57Z INFO JobExtension] Wait for all connectivity and DNS checks to finish.
[2026-08-30 11:44:57Z INFO JobExtension] Connectivity and DNS check result: {
  "endpointUrl": "https://github.com/_dns",
  "endpointIPs": [
    "20.207.73.82"
  ],
  "startTime": "2026-08-30T11:42:10.1144596Z",
  "statusCode": "http_OK",
  "requestId": null,
  "httpRequestDurationInMs": 231,
  "dnsResolutionDurationInMs": 36,
  "dnsError": null
}
[2026-08-30 11:44:57Z INFO JobExtension] Connectivity and DNS check result: {
  "endpointUrl": "https://api.github.com/_dns",
  "endpointIPs": [
    "20.207.73.85"
  ],
  "startTime": "2026-08-30T11:42:10.115228Z",
  "statusCode": "http_OK",
  "requestId": null,
  "httpRequestDurationInMs": 151,
  "dnsResolutionDurationInMs": 104,
  "dnsError": null
}
[2026-08-30 11:44:57Z INFO JobExtension] Connectivity and DNS check result: {
  "endpointUrl": "https://codeload.github.com/_dns",
  "endpointIPs": [
    "20.207.73.88"
  ],
  "startTime": "2026-08-30T11:42:10.1157811Z",
  "statusCode": "http_OK",
  "requestId": "CE53:4BA9C:332C7:3D02A9:6A941712",
  "httpRequestDurationInMs": 449,
  "dnsResolutionDurationInMs": 52,
  "dnsError": null
}
[2026-08-30 11:44:57Z INFO JobExtension] Connectivity and DNS check result: {
  "endpointUrl": "https://pkg.github.com/_dns",
  "endpointIPs": [
    "20.207.73.86"
  ],
  "startTime": "2026-08-30T11:42:10.1162817Z",
  "statusCode": "http_OK",
  "requestId": "CE55:3DB5A6:1EA574:55C13E:6A941712",
  "httpRequestDurationInMs": 337,
  "dnsResolutionDurationInMs": 128,
  "dnsError": null
}
[2026-08-30 11:44:57Z INFO JobExtension] Connectivity and DNS check result: {
  "endpointUrl": "https://copilot-proxy.githubusercontent.com/_dns",
  "endpointIPs": [
    "4.225.11.192"
  ],
  "startTime": "2026-08-30T11:42:10.1169013Z",
  "statusCode": "http_OK",
  "requestId": null,
  "httpRequestDurationInMs": 590,
  "dnsResolutionDurationInMs": 154,
  "dnsError": null
}
[2026-08-30 11:44:57Z INFO ExecutionContext] Publish step telemetry for current step {
  "action": "complete_job",
  "type": "runner",
  "stage": "Post",
  "stepId": "fb973bc9-fb42-4afb-828f-f52698fd2dfc",
  "result": "succeeded",
  "errorMessages": [
    "Node.js 20 is deprecated. The following actions target Node.js 20 but are being forced to run on Node.js 24: actions/checkout@v4. For more information see: https://github.blog/changelog/2025-09-19-deprecation-of-node-20-on-github-actions-runners/"
  ],
  "executionTimeInSeconds": 1,
  "startTime": "2026-08-30T11:44:57.4240275Z",
  "finishTime": "2026-08-30T11:44:57.6723742Z"
}.
[2026-08-30 11:44:57Z INFO JobRunner] Job result after all job steps finish: Failed
[2026-08-30 11:44:57Z INFO JobRunner] Completing the job execution context.
[2026-08-30 11:44:57Z INFO JobRunner] Shutting down the job server queue.
[2026-08-30 11:44:57Z INFO JobServerQueue] Fire signal to shutdown all queues.
[2026-08-30 11:44:58Z INFO JobServerQueue] All queue process task stopped.
[2026-08-30 11:44:58Z INFO JobServerQueue] Try to append 1 batches web console lines for record 'fb973bc9-fb42-4afb-828f-f52698fd2dfc', success rate: 1/1.
[2026-08-30 11:44:58Z INFO JobServerQueue] Web console line queue drained.
[2026-08-30 11:44:58Z INFO JobServerQueue] Uploading 3 files in one shot.
[2026-08-30 11:44:58Z INFO JobServerQueue] Try to upload 3 log files or attachments, success rate: 3/3.
[2026-08-30 11:44:58Z INFO JobServerQueue] File upload queue drained.
[2026-08-30 11:44:58Z INFO JobServerQueue] Starting results-based upload queue...
[2026-08-30 11:44:58Z INFO JobServerQueue] Uploading 3 file(s) in one shot through results service.
[2026-08-30 11:44:58Z INFO JobServerQueue] Got a step log file to send to results service.
[2026-08-30 11:44:58Z INFO JobServerQueue] Starting upload of step log file to results service ResultsLog, C:\Users\krish\Documents\BITS\mlops-project\actions-runner\_diag\blocks\ee9d65f6-a341-4258-8262-1722c09b0a0b_d3c942af-da2d-4696-a388-beb3a182aaae.1
[2026-08-30 11:44:59Z INFO JobServerQueue] Got a step log file to send to results service.
[2026-08-30 11:44:59Z INFO JobServerQueue] Starting upload of step log file to results service ResultsLog, C:\Users\krish\Documents\BITS\mlops-project\actions-runner\_diag\blocks\ee9d65f6-a341-4258-8262-1722c09b0a0b_fb973bc9-fb42-4afb-828f-f52698fd2dfc.1
[2026-08-30 11:45:00Z INFO JobServerQueue] Got a job log file to send to results service.
[2026-08-30 11:45:00Z INFO JobServerQueue] Starting upload of job log file to results service ResultsLog, C:\Users\krish\Documents\BITS\mlops-project\actions-runner\_diag\blocks\ee9d65f6-a341-4258-8262-1722c09b0a0b_5d5f15b5-dc6b-5da1-aed8-93529954e349.1
[2026-08-30 11:45:00Z INFO JobServerQueue] Tried to upload 3 file(s) to results, success rate: 3/3.
[2026-08-30 11:45:00Z INFO JobServerQueue] Results upload queue drained.
[2026-08-30 11:45:01Z INFO JobServerQueue] Timeline update queue drained.
[2026-08-30 11:45:01Z INFO JobServerQueue] Disposing job server ...
[2026-08-30 11:45:01Z INFO JobServerQueue] Disposing results server ...
[2026-08-30 11:45:01Z INFO JobServerQueue] All queue process tasks have been stopped, and all queues are drained.
[2026-08-30 11:45:01Z INFO TempDirectoryManager] Cleaning runner temp folder: C:\Users\krish\Documents\BITS\mlops-project\actions-runner\_work\_temp
[2026-08-30 11:45:01Z INFO HostContext] Well known directory 'Bin': 'C:\Users\krish\Documents\BITS\mlops-project\actions-runner\bin'
[2026-08-30 11:45:01Z INFO HostContext] Well known directory 'Root': 'C:\Users\krish\Documents\BITS\mlops-project\actions-runner'
[2026-08-30 11:45:01Z INFO HostContext] Well known directory 'Diag': 'C:\Users\krish\Documents\BITS\mlops-project\actions-runner\_diag'
[2026-08-30 11:45:01Z INFO HostContext] Well known config file 'Telemetry': 'C:\Users\krish\Documents\BITS\mlops-project\actions-runner\_diag\.telemetry'
[2026-08-30 11:45:01Z INFO JobRunner] Raising job completed against run service
[2026-08-30 11:45:02Z INFO Worker] Job completed.
