[2026-08-30 11:46:16Z INFO HostContext] No proxy settings were found based on environmental variables (http_proxy/https_proxy/HTTP_PROXY/HTTPS_PROXY)
[2026-08-30 11:46:16Z INFO HostContext] Well known directory 'Bin': 'C:\Users\krish\Documents\BITS\mlops-project\actions-runner\bin'
[2026-08-30 11:46:16Z INFO HostContext] Well known directory 'Root': 'C:\Users\krish\Documents\BITS\mlops-project\actions-runner'
[2026-08-30 11:46:16Z INFO HostContext] Well known config file 'Credentials': 'C:\Users\krish\Documents\BITS\mlops-project\actions-runner\.credentials'
[2026-08-30 11:46:16Z INFO HostContext] Well known directory 'Bin': 'C:\Users\krish\Documents\BITS\mlops-project\actions-runner\bin'
[2026-08-30 11:46:16Z INFO HostContext] Well known directory 'Root': 'C:\Users\krish\Documents\BITS\mlops-project\actions-runner'
[2026-08-30 11:46:16Z INFO HostContext] Well known config file 'Runner': 'C:\Users\krish\Documents\BITS\mlops-project\actions-runner\.runner'
[2026-08-30 11:46:16Z INFO Worker] Version: 2.336.0
[2026-08-30 11:46:16Z INFO Worker] Commit: 98aabcd429c4e8402406c56ce2d26387fed3b9ce
[2026-08-30 11:46:16Z INFO Worker] Culture: en-IN
[2026-08-30 11:46:16Z INFO Worker] UI Culture: en-US
[2026-08-30 11:46:16Z INFO Worker] Waiting to receive the job message from the channel.
[2026-08-30 11:46:16Z INFO ProcessChannel] Receiving message of length 24506, with hash 'f5fa88abe70b5b65c307e09e430999d550170714a0c42a1da87e7bb93aa8fd1f'
[2026-08-30 11:46:16Z INFO Worker] Message received.
[2026-08-30 11:46:16Z INFO Worker] Job message:
 {
  "defaults": [
    {
      "type": 2,
      "file": 1,
      "line": 14,
      "col": 7,
      "map": [
        {
          "key": {
            "type": 0,
            "file": 1,
            "line": 14,
            "col": 7,
            "lit": "run"
          },
          "value": {
            "type": 2,
            "file": 1,
            "line": 15,
            "col": 9,
            "map": [
              {
                "key": {
                  "type": 0,
                  "file": 1,
                  "line": 15,
                  "col": 9,
                  "lit": "shell"
                },
                "value": {
                  "type": 0,
                  "file": 1,
                  "line": 15,
                  "col": 16,
                  "lit": "cmd"
                }
              }
            ]
          }
        }
      ]
    }
  ],
  "fileTable": [
    ".github/workflows/cd.yml"
  ],
  "mask": [
    {
      "type": "regex",
      "value": "***"
    },
    {
      "type": "regex",
      "value": "***"
    },
    {
      "type": "regex",
      "value": "***"
    },
    {
      "type": "regex",
      "value": "***"
    },
    {
      "type": "regex",
      "value": "***"
    },
    {
      "type": "regex",
      "value": "***"
    },
    {
      "type": "regex",
      "value": "***"
    },
    {
      "type": "regex",
      "value": "***"
    },
    {
      "type": "regex",
      "value": "***"
    },
    {
      "type": "regex",
      "value": "***"
    },
    {
      "type": "regex",
      "value": "***"
    },
    {
      "type": "regex",
      "value": "***"
    },
    {
      "type": "regex",
      "value": "***"
    },
    {
      "type": "regex",
      "value": "***"
    },
    {
      "type": "regex",
      "value": "***"
    },
    {
      "type": "regex",
      "value": "***"
    },
    {
      "type": "regex",
      "value": "***"
    },
    {
      "type": "regex",
      "value": "***"
    },
    {
      "type": "regex",
      "value": "***"
    },
    {
      "type": "regex",
      "value": "***"
    },
    {
      "type": "regex",
      "value": "***"
    },
    {
      "type": "regex",
      "value": "***"
    },
    {
      "type": "regex",
      "value": "***"
    },
    {
      "type": "regex",
      "value": "***"
    }
  ],
  "steps": [
    {
      "type": "action",
      "reference": {
        "type": "repository",
        "name": "actions/checkout",
        "ref": "v4",
        "repositoryType": "GitHub"
      },
      "displayNameToken": {
        "type": 0,
        "file": 1,
        "line": 19,
        "col": 15,
        "lit": "Checkout repository"
      },
      "contextName": "__actions_checkout",
      "condition": "success()",
      "id": "64448b61-ad5f-41cc-894a-3812c0349e0f",
      "name": "__actions_checkout"
    },
    {
      "type": "action",
      "reference": {
        "type": "script"
      },
      "displayNameToken": {
        "type": 0,
        "file": 1,
        "line": 22,
        "col": 15,
        "lit": "Pull latest Docker image"
      },
      "contextName": "__run",
      "inputs": {
        "type": 2,
        "map": [
          {
            "key": "script",
            "value": {
              "type": 0,
              "file": 1,
              "line": 23,
              "col": 14,
              "lit": "docker compose pull\n"
            }
          }
        ]
      },
      "condition": "success()",
      "id": "791a6142-ec4a-4d89-b460-8f0b094b7a05",
      "name": "__run"
    },
    {
      "type": "action",
      "reference": {
        "type": "script"
      },
      "displayNameToken": {
        "type": 0,
        "file": 1,
        "line": 26,
        "col": 15,
        "lit": "Remove old container"
      },
      "contextName": "__run_2",
      "inputs": {
        "type": 2,
        "map": [
          {
            "key": "script",
            "value": {
              "type": 0,
              "file": 1,
              "line": 27,
              "col": 14,
              "lit": "docker rm -f cats-dogs-api >nul 2>&1\nexit /b 0\n"
            }
          }
        ]
      },
      "condition": "success()",
      "id": "4e44dbce-f1b1-451c-9f0f-5b190033ffdd",
      "name": "__run_2"
    },
    {
      "type": "action",
      "reference": {
        "type": "script"
      },
      "displayNameToken": {
        "type": 0,
        "file": 1,
        "line": 31,
        "col": 15,
        "lit": "Deploy application"
      },
      "contextName": "__run_3",
      "inputs": {
        "type": 2,
        "map": [
          {
            "key": "script",
            "value": {
              "type": 0,
              "file": 1,
              "line": 32,
              "col": 14,
              "lit": "docker compose up -d\n"
            }
          }
        ]
      },
      "condition": "success()",
      "id": "21dfb9fb-cd3b-4462-8373-6c9adeaa75d0",
      "name": "__run_3"
    },
    {
      "type": "action",
      "reference": {
        "type": "script"
      },
      "displayNameToken": {
        "type": 0,
        "file": 1,
        "line": 35,
        "col": 15,
        "lit": "Check deployment"
      },
      "contextName": "__run_4",
      "inputs": {
        "type": 2,
        "map": [
          {
            "key": "script",
            "value": {
              "type": 0,
              "file": 1,
              "line": 36,
              "col": 14,
              "lit": "docker compose ps\n"
            }
          }
        ]
      },
      "condition": "success()",
      "id": "e0bd922c-f7de-4703-91fa-cab5a5fba59a",
      "name": "__run_4"
    },
    {
      "type": "action",
      "reference": {
        "type": "script"
      },
      "displayNameToken": {
        "type": 0,
        "file": 1,
        "line": 39,
        "col": 15,
        "lit": "Wait for application"
      },
      "contextName": "__run_5",
      "inputs": {
        "type": 2,
        "map": [
          {
            "key": "script",
            "value": {
              "type": 0,
              "file": 1,
              "line": 40,
              "col": 14,
              "lit": "ping 127.0.0.1 -n 11 > nul\n"
            }
          }
        ]
      },
      "condition": "success()",
      "id": "ba1cf36d-d091-41f1-83a6-bcfa9d5ee8ac",
      "name": "__run_5"
    },
    {
      "type": "action",
      "reference": {
        "type": "script"
      },
      "displayNameToken": {
        "type": 0,
        "file": 1,
        "line": 43,
        "col": 15,
        "lit": "Run smoke tests"
      },
      "contextName": "__run_6",
      "inputs": {
        "type": 2,
        "map": [
          {
            "key": "script",
            "value": {
              "type": 0,
              "file": 1,
              "line": 44,
              "col": 14,
              "lit": "python tests\\smoke_test.py\n"
            }
          }
        ]
      },
      "condition": "success()",
      "id": "ac2c8070-6190-45ef-9168-007f8933e8cc",
      "name": "__run_6"
    }
  ],
  "variables": {
    "Actions.EnableHttpRedirects": {
      "value": "true"
    },
    "DistributedTask.AddWarningToNode12Action": {
      "value": "true"
    },
    "DistributedTask.AddWarningToNode16Action": {
      "value": "true"
    },
    "DistributedTask.AllowRunnerContainerHooks": {
      "value": "true"
    },
    "DistributedTask.DeprecateStepOutputCommands": {
      "value": "true"
    },
    "DistributedTask.DetailUntarFailure": {
      "value": "true"
    },
    "DistributedTask.EnableCompositeActions": {
      "value": "true"
    },
    "DistributedTask.EnableJobServerQueueTelemetry": {
      "value": "true"
    },
    "DistributedTask.EnhancedAnnotations": {
      "value": "true"
    },
    "DistributedTask.ForceGithubJavascriptActionsToNode16": {
      "value": "true"
    },
    "DistributedTask.ForceGithubJavascriptActionsToNode20": {
      "value": "true"
    },
    "DistributedTask.LogTemplateErrorsAsDebugMessages": {
      "value": "true"
    },
    "DistributedTask.MarkJobAsFailedOnWorkerCrash": {
      "value": "true"
    },
    "DistributedTask.NewActionMetadata": {
      "value": "true"
    },
    "DistributedTask.UploadStepSummary": {
      "value": "true"
    },
    "DistributedTask.UseActionArchiveCache": {
      "value": "true"
    },
    "DistributedTask.UseWhich2": {
      "value": "true"
    },
    "RunService.FixEmbeddedIssues": {
      "value": "true"
    },
    "actions.runner.requirenode24": {
      "value": "false"
    },
    "actions.runner.usenode24bydefault": {
      "value": "true"
    },
    "actions.runner.warnonnode20": {
      "value": "true"
    },
    "actions_add_check_run_id_to_job_context": {
      "value": "true"
    },
    "actions_batch_action_resolution": {
      "value": "false"
    },
    "actions_container_action_runner_temp": {
      "value": "true"
    },
    "actions_display_helpful_actions_download_errors": {
      "value": "true"
    },
    "actions_runner_allow_artifacts_file": {
      "value": "false"
    },
    "actions_runner_compare_workflow_parser": {
      "value": "false"
    },
    "actions_runner_deprecate_linux_arm32": {
      "value": "true"
    },
    "actions_runner_emit_composite_markers": {
      "value": "true"
    },
    "actions_runner_kill_linux_arm32": {
      "value": "false"
    },
    "actions_runner_node20_removal_date": {
      "value": ""
    },
    "actions_runner_node24_default_date": {
      "value": "June 16th, 2026"
    },
    "actions_self_repository": {
      "value": "true"
    },
    "actions_service_container_command": {
      "value": "true"
    },
    "actions_set_orchestration_id_env_for_actions": {
      "value": "true"
    },
    "actions_skip_retry_complete_job_upon_known_errors": {
      "value": "true"
    },
    "actions_snapshot_preflight_hosted_runner_check": {
      "value": "false"
    },
    "actions_snapshot_preflight_image_gen_pool_check": {
      "value": "false"
    },
    "actions_use_bearer_token_for_codeload": {
      "value": "false"
    },
    "actions_uses_cache_service_v2": {
      "value": "true"
    },
    "github_token": {
      "value": "***",
      "isSecret": true
    },
    "system.from_run_service": {
      "value": "true"
    },
    "system.github.job": {
      "value": "deploy"
    },
    "system.github.launch_endpoint": {
      "value": "https://launch.actions.githubusercontent.com"
    },
    "system.github.results_endpoint": {
      "value": "https://results-receiver.actions.githubusercontent.com/"
    },
    "system.github.results_upload_with_sdk": {
      "value": "true"
    },
    "system.github.token": {
      "value": "***",
      "isSecret": true
    },
    "system.github.token.permissions": {
      "value": "{\"Contents\":\"read\",\"Metadata\":\"read\",\"Packages\":\"read\"}"
    },
    "system.orchestrationId": {
      "value": "0a709788-d50e-458e-b373-09d3f2416a6a.deploy.__default"
    },
    "system.phaseDisplayName": {
      "value": "deploy"
    },
    "system.runner.lowdiskspacethreshold": {
      "value": "100"
    },
    "system.runnerEnvironment": {
      "value": "self-hosted"
    },
    "system.runnerGroupName": {
      "value": "Default"
    }
  },
  "messageType": "RunnerJobRequest",
  "plan": {
    "scopeIdentifier": "00000000-0000-0000-0000-000000000000",
    "planType": "actions",
    "version": 0,
    "planId": "0a709788-d50e-458e-b373-09d3f2416a6a",
    "planGroup": null,
    "artifactUri": null,
    "artifactLocation": null,
    "definition": null,
    "owner": null
  },
  "timeline": {
    "id": "0a709788-d50e-458e-b373-09d3f2416a6a",
    "changeId": 0,
    "location": null
  },
  "jobId": "b169e73b-4e6c-5e62-bfc8-37f7f0baac9f",
  "jobDisplayName": "deploy",
  "jobName": "__default",
  "requestId": 0,
  "lockedUntil": "0001-01-01T00:00:00",
  "resources": {
    "endpoints": [
      {
        "data": {
          "ServerId": "",
          "ServerName": "",
          "CacheServerUrl": "https://artifactcache.actions.githubusercontent.com/HYuKmglMQMl7trVwvnqxtOY8iQZGcBLZase1hxQ2xSLdHe4AJJ/",
          "FeedStreamUrl": "wss://results-receiver.actions.githubusercontent.com/_ws/ingest.sock",
          "ResultsServiceUrl": "https://results-receiver.actions.githubusercontent.com/",
          "PipelinesServiceUrl": "https://pipelinesghubeus11.actions.githubusercontent.com/HYuKmglMQMl7trVwvnqxtOY8iQZGcBLZase1hxQ2xSLdHe4AJJ/",
          "GenerateIdTokenUrl": "",
          "ConnectivityChecks": "[\"https://broker.actions.githubusercontent.com/health\",\"https://token.actions.githubusercontent.com/ready\",\"https://run.actions.githubusercontent.com/health\"]",
          "ConnectivityAndDNSChecks": ""
        },
        "name": "SystemVssConnection",
        "url": "https://run-actions-2-azure-eastus.actions.githubusercontent.com/29/",
        "authorization": {
          "parameters": {
            "AccessToken": "***"
          },
          "scheme": "OAuth"
        },
        "isShared": false,
        "isReady": true
      }
    ]
  },
  "contextData": {
    "github": {
      "t": 2,
      "d": [
        {
          "k": "ref",
          "v": "refs/heads/main"
        },
        {
          "k": "sha",
          "v": "13de039073ccdf41d43e08fe70af946adf470b40"
        },
        {
          "k": "repository",
          "v": "2024ac05127-tech/assignment2"
        },
        {
          "k": "repository_owner",
          "v": "2024ac05127-tech"
        },
        {
          "k": "repository_owner_id",
          "v": "299813098"
        },
        {
          "k": "repositoryUrl",
          "v": "git://github.com/2024ac05127-tech/assignment2.git"
        },
        {
          "k": "run_id",
          "v": "33309748133"
        },
        {
          "k": "run_number",
          "v": "12"
        },
        {
          "k": "retention_days",
          "v": "90"
        },
        {
          "k": "run_attempt",
          "v": "1"
        },
        {
          "k": "artifact_cache_size_limit",
          "v": "10"
        },
        {
          "k": "repository_visibility",
          "v": "public"
        },
        {
          "k": "actor_id",
          "v": "299813098"
        },
        {
          "k": "actor",
          "v": "2024ac05127-tech"
        },
        {
          "k": "workflow",
          "v": "M4 CD Pipeline"
        },
        {
          "k": "head_ref",
          "v": ""
        },
        {
          "k": "base_ref",
          "v": ""
        },
        {
          "k": "event_name",
          "v": "push"
        },
        {
          "k": "server_url",
          "v": "https://github.com"
        },
        {
          "k": "api_url",
          "v": "https://api.github.com"
        },
        {
          "k": "graphql_url",
          "v": "https://api.github.com/graphql"
        },
        {
          "k": "ref_name",
          "v": "main"
        },
        {
          "k": "ref_protected",
          "v": false
        },
        {
          "k": "ref_type",
          "v": "branch"
        },
        {
          "k": "secret_source",
          "v": "Actions"
        },
        {
          "k": "event",
          "v": {
            "t": 2,
            "d": [
              {
                "k": "after",
                "v": "13de039073ccdf41d43e08fe70af946adf470b40"
              },
              {
                "k": "base_ref",
                "v": null
              },
              {
                "k": "before",
                "v": "6f0b9bffbc47da4815549fdf10f27a056474107e"
              },
              {
                "k": "commits",
                "v": {
                  "t": 1,
                  "a": [
                    {
                      "t": 2,
                      "d": [
                        {
                          "k": "author",
                          "v": {
                            "t": 2,
                            "d": [
                              {
                                "k": "email",
                                "v": "krishnareghu2018@gmail.com"
                              },
                              {
                                "k": "name",
                                "v": "Krishna Priya R"
                              },
                              {
                                "k": "username",
                                "v": "krishnapriya5"
                              }
                            ]
                          }
                        },
                        {
                          "k": "committer",
                          "v": {
                            "t": 2,
                            "d": [
                              {
                                "k": "email",
                                "v": "krishnareghu2018@gmail.com"
                              },
                              {
                                "k": "name",
                                "v": "Krishna Priya R"
                              },
                              {
                                "k": "username",
                                "v": "krishnapriya5"
                              }
                            ]
                          }
                        },
                        {
                          "k": "distinct",
                          "v": true
                        },
                        {
                          "k": "id",
                          "v": "13de039073ccdf41d43e08fe70af946adf470b40"
                        },
                        {
                          "k": "message",
                          "v": "Fix M4 CD deployment"
                        },
                        {
                          "k": "timestamp",
                          "v": "2026-08-30T17:16:03+05:30"
                        },
                        {
                          "k": "tree_id",
                          "v": "6cdbc18563aa85f662fc9dd1bfa1f2b08cf087bf"
                        },
                        {
                          "k": "url",
                          "v": "https://github.com/2024ac05127-tech/assignment2/commit/13de039073ccdf41d43e08fe70af946adf470b40"
                        }
                      ]
                    }
                  ]
                }
              },
              {
                "k": "compare",
                "v": "https://github.com/2024ac05127-tech/assignment2/compare/6f0b9bffbc47...13de039073cc"
              },
              {
                "k": "created",
                "v": false
              },
              {
                "k": "deleted",
                "v": false
              },
              {
                "k": "forced",
                "v": false
              },
              {
                "k": "head_commit",
                "v": {
                  "t": 2,
                  "d": [
                    {
                      "k": "author",
                      "v": {
                        "t": 2,
                        "d": [
                          {
                            "k": "email",
                            "v": "krishnareghu2018@gmail.com"
                          },
                          {
                            "k": "name",
                            "v": "Krishna Priya R"
                          },
                          {
                            "k": "username",
                            "v": "krishnapriya5"
                          }
                        ]
                      }
                    },
                    {
                      "k": "committer",
                      "v": {
                        "t": 2,
                        "d": [
                          {
                            "k": "email",
                            "v": "krishnareghu2018@gmail.com"
                          },
                          {
                            "k": "name",
                            "v": "Krishna Priya R"
                          },
                          {
                            "k": "username",
                            "v": "krishnapriya5"
                          }
                        ]
                      }
                    },
                    {
                      "k": "distinct",
                      "v": true
                    },
                    {
                      "k": "id",
                      "v": "13de039073ccdf41d43e08fe70af946adf470b40"
                    },
                    {
                      "k": "message",
                      "v": "Fix M4 CD deployment"
                    },
                    {
                      "k": "timestamp",
                      "v": "2026-08-30T17:16:03+05:30"
                    },
                    {
                      "k": "tree_id",
                      "v": "6cdbc18563aa85f662fc9dd1bfa1f2b08cf087bf"
                    },
                    {
                      "k": "url",
                      "v": "https://github.com/2024ac05127-tech/assignment2/commit/13de039073ccdf41d43e08fe70af946adf470b40"
                    }
                  ]
                }
              },
              {
                "k": "pusher",
                "v": {
                  "t": 2,
                  "d": [
                    {
                      "k": "email",
                      "v": "2024ac05127@wilp.bits-pilani.ac.in"
                    },
                    {
                      "k": "name",
                      "v": "2024ac05127-tech"
                    }
                  ]
                }
              },
              {
                "k": "ref",
                "v": "refs/heads/main"
              },
              {
                "k": "repository",
                "v": {
                  "t": 2,
                  "d": [
                    {
                      "k": "allow_forking",
                      "v": true
                    },
                    {
                      "k": "archive_url",
                      "v": "https://api.github.com/repos/2024ac05127-tech/assignment2/{archive_format}{/ref}"
                    },
                    {
                      "k": "archived",
                      "v": false
                    },
                    {
                      "k": "assignees_url",
                      "v": "https://api.github.com/repos/2024ac05127-tech/assignment2/assignees{/user}"
                    },
                    {
                      "k": "blobs_url",
                      "v": "https://api.github.com/repos/2024ac05127-tech/assignment2/git/blobs{/sha}"
                    },
                    {
                      "k": "branches_url",
                      "v": "https://api.github.com/repos/2024ac05127-tech/assignment2/branches{/branch}"
                    },
                    {
                      "k": "clone_url",
                      "v": "https://github.com/2024ac05127-tech/assignment2.git"
                    },
                    {
                      "k": "collaborators_url",
                      "v": "https://api.github.com/repos/2024ac05127-tech/assignment2/collaborators{/collaborator}"
                    },
                    {
                      "k": "comments_url",
                      "v": "https://api.github.com/repos/2024ac05127-tech/assignment2/comments{/number}"
                    },
                    {
                      "k": "commits_url",
                      "v": "https://api.github.com/repos/2024ac05127-tech/assignment2/commits{/sha}"
                    },
                    {
                      "k": "compare_url",
                      "v": "https://api.github.com/repos/2024ac05127-tech/assignment2/compare/{base}...{head}"
                    },
                    {
                      "k": "contents_url",
                      "v": "https://api.github.com/repos/2024ac05127-tech/assignment2/contents/{+path}"
                    },
                    {
                      "k": "contributors_url",
                      "v": "https://api.github.com/repos/2024ac05127-tech/assignment2/contributors"
                    },
                    {
                      "k": "created_at",
                      "v": 1787839779.0
                    },
                    {
                      "k": "default_branch",
                      "v": "main"
                    },
                    {
                      "k": "deployments_url",
                      "v": "https://api.github.com/repos/2024ac05127-tech/assignment2/deployments"
                    },
                    {
                      "k": "description",
                      "v": null
                    },
                    {
                      "k": "disabled",
                      "v": false
                    },
                    {
                      "k": "downloads_url",
                      "v": "https://api.github.com/repos/2024ac05127-tech/assignment2/downloads"
                    },
                    {
                      "k": "events_url",
                      "v": "https://api.github.com/repos/2024ac05127-tech/assignment2/events"
                    },
                    {
                      "k": "fork",
                      "v": false
                    },
                    {
                      "k": "forks",
                      "v": 0.0
                    },
                    {
                      "k": "forks_count",
                      "v": 0.0
                    },
                    {
                      "k": "forks_url",
                      "v": "https://api.github.com/repos/2024ac05127-tech/assignment2/forks"
                    },
                    {
                      "k": "full_name",
                      "v": "2024ac05127-tech/assignment2"
                    },
                    {
                      "k": "git_commits_url",
                      "v": "https://api.github.com/repos/2024ac05127-tech/assignment2/git/commits{/sha}"
                    },
                    {
                      "k": "git_refs_url",
                      "v": "https://api.github.com/repos/2024ac05127-tech/assignment2/git/refs{/sha}"
                    },
                    {
                      "k": "git_tags_url",
                      "v": "https://api.github.com/repos/2024ac05127-tech/assignment2/git/tags{/sha}"
                    },
                    {
                      "k": "git_url",
                      "v": "git://github.com/2024ac05127-tech/assignment2.git"
                    },
                    {
                      "k": "has_discussions",
                      "v": false
                    },
                    {
                      "k": "has_downloads",
                      "v": true
                    },
                    {
                      "k": "has_issues",
                      "v": true
                    },
                    {
                      "k": "has_pages",
                      "v": false
                    },
                    {
                      "k": "has_projects",
                      "v": true
                    },
                    {
                      "k": "has_pull_requests",
                      "v": true
                    },
                    {
                      "k": "has_wiki",
                      "v": true
                    },
                    {
                      "k": "homepage",
                      "v": null
                    },
                    {
                      "k": "hooks_url",
                      "v": "https://api.github.com/repos/2024ac05127-tech/assignment2/hooks"
                    },
                    {
                      "k": "html_url",
                      "v": "https://github.com/2024ac05127-tech/assignment2"
                    },
                    {
                      "k": "id",
                      "v": 1348565472.0
                    },
                    {
                      "k": "is_template",
                      "v": false
                    },
                    {
                      "k": "issue_comment_url",
                      "v": "https://api.github.com/repos/2024ac05127-tech/assignment2/issues/comments{/number}"
                    },
                    {
                      "k": "issue_events_url",
                      "v": "https://api.github.com/repos/2024ac05127-tech/assignment2/issues/events{/number}"
                    },
                    {
                      "k": "issues_url",
                      "v": "https://api.github.com/repos/2024ac05127-tech/assignment2/issues{/number}"
                    },
                    {
                      "k": "keys_url",
                      "v": "https://api.github.com/repos/2024ac05127-tech/assignment2/keys{/key_id}"
                    },
                    {
                      "k": "labels_url",
                      "v": "https://api.github.com/repos/2024ac05127-tech/assignment2/labels{/name}"
                    },
                    {
                      "k": "language",
                      "v": "Python"
                    },
                    {
                      "k": "languages_url",
                      "v": "https://api.github.com/repos/2024ac05127-tech/assignment2/languages"
                    },
                    {
                      "k": "license",
                      "v": null
                    },
                    {
                      "k": "master_branch",
                      "v": "main"
                    },
                    {
                      "k": "merges_url",
                      "v": "https://api.github.com/repos/2024ac05127-tech/assignment2/merges"
                    },
                    {
                      "k": "milestones_url",
                      "v": "https://api.github.com/repos/2024ac05127-tech/assignment2/milestones{/number}"
                    },
                    {
                      "k": "mirror_url",
                      "v": null
                    },
                    {
                      "k": "name",
                      "v": "assignment2"
                    },
                    {
                      "k": "node_id",
                      "v": "R_kgDOUGF54A"
                    },
                    {
                      "k": "notifications_url",
                      "v": "https://api.github.com/repos/2024ac05127-tech/assignment2/notifications{?since,all,participating}"
                    },
                    {
                      "k": "open_issues",
                      "v": 0.0
                    },
                    {
                      "k": "open_issues_count",
                      "v": 0.0
                    },
                    {
                      "k": "owner",
                      "v": {
                        "t": 2,
                        "d": [
                          {
                            "k": "avatar_url",
                            "v": "https://avatars.githubusercontent.com/u/299813098?v=4"
                          },
                          {
                            "k": "email",
                            "v": "2024ac05127@wilp.bits-pilani.ac.in"
                          },
                          {
                            "k": "events_url",
                            "v": "https://api.github.com/users/2024ac05127-tech/events{/privacy}"
                          },
                          {
                            "k": "followers_url",
                            "v": "https://api.github.com/users/2024ac05127-tech/followers"
                          },
                          {
                            "k": "following_url",
                            "v": "https://api.github.com/users/2024ac05127-tech/following{/other_user}"
                          },
                          {
                            "k": "gists_url",
                            "v": "https://api.github.com/users/2024ac05127-tech/gists{/gist_id}"
                          },
                          {
                            "k": "gravatar_id",
                            "v": ""
                          },
                          {
                            "k": "html_url",
                            "v": "https://github.com/2024ac05127-tech"
                          },
                          {
                            "k": "id",
                            "v": 299813098.0
                          },
                          {
                            "k": "login",
                            "v": "2024ac05127-tech"
                          },
                          {
                            "k": "name",
                            "v": "2024ac05127-tech"
                          },
                          {
                            "k": "node_id",
                            "v": "U_kgDOEd7I6g"
                          },
                          {
                            "k": "organizations_url",
                            "v": "https://api.github.com/users/2024ac05127-tech/orgs"
                          },
                          {
                            "k": "received_events_url",
                            "v": "https://api.github.com/users/2024ac05127-tech/received_events"
                          },
                          {
                            "k": "repos_url",
                            "v": "https://api.github.com/users/2024ac05127-tech/repos"
                          },
                          {
                            "k": "site_admin",
                            "v": false
                          },
                          {
                            "k": "starred_url",
                            "v": "https://api.github.com/users/2024ac05127-tech/starred{/owner}{/repo}"
                          },
                          {
                            "k": "subscriptions_url",
                            "v": "https://api.github.com/users/2024ac05127-tech/subscriptions"
                          },
                          {
                            "k": "type",
                            "v": "User"
                          },
                          {
                            "k": "url",
                            "v": "https://api.github.com/users/2024ac05127-tech"
                          },
                          {
                            "k": "user_view_type",
                            "v": "public"
                          }
                        ]
                      }
                    },
                    {
                      "k": "private",
                      "v": false
                    },
                    {
                      "k": "pull_request_creation_policy",
                      "v": "all"
                    },
                    {
                      "k": "pulls_url",
                      "v": "https://api.github.com/repos/2024ac05127-tech/assignment2/pulls{/number}"
                    },
                    {
                      "k": "pushed_at",
                      "v": 1788090369.0
                    },
                    {
                      "k": "releases_url",
                      "v": "https://api.github.com/repos/2024ac05127-tech/assignment2/releases{/id}"
                    },
                    {
                      "k": "size",
                      "v": 74.0
                    },
                    {
                      "k": "ssh_url",
                      "v": "git@github.com:2024ac05127-tech/assignment2.git"
                    },
                    {
                      "k": "stargazers",
                      "v": 0.0
                    },
                    {
                      "k": "stargazers_count",
                      "v": 0.0
                    },
                    {
                      "k": "stargazers_url",
                      "v": "https://api.github.com/repos/2024ac05127-tech/assignment2/stargazers"
                    },
                    {
                      "k": "statuses_url",
                      "v": "https://api.github.com/repos/2024ac05127-tech/assignment2/statuses/{sha}"
                    },
                    {
                      "k": "subscribers_url",
                      "v": "https://api.github.com/repos/2024ac05127-tech/assignment2/subscribers"
                    },
                    {
                      "k": "subscription_url",
                      "v": "https://api.github.com/repos/2024ac05127-tech/assignment2/subscription"
                    },
                    {
                      "k": "svn_url",
                      "v": "https://github.com/2024ac05127-tech/assignment2"
                    },
                    {
                      "k": "tags_url",
                      "v": "https://api.github.com/repos/2024ac05127-tech/assignment2/tags"
                    },
                    {
                      "k": "teams_url",
                      "v": "https://api.github.com/repos/2024ac05127-tech/assignment2/teams"
                    },
                    {
                      "k": "topics",
                      "v": {
                        "t": 1
                      }
                    },
                    {
                      "k": "trees_url",
                      "v": "https://api.github.com/repos/2024ac05127-tech/assignment2/git/trees{/sha}"
                    },
                    {
                      "k": "updated_at",
                      "v": "2026-08-30T11:42:06Z"
                    },
                    {
                      "k": "url",
                      "v": "https://api.github.com/repos/2024ac05127-tech/assignment2"
                    },
                    {
                      "k": "visibility",
                      "v": "public"
                    },
                    {
                      "k": "watchers",
                      "v": 0.0
                    },
                    {
                      "k": "watchers_count",
                      "v": 0.0
                    },
                    {
                      "k": "web_commit_signoff_required",
                      "v": false
                    }
                  ]
                }
              },
              {
                "k": "sender",
                "v": {
                  "t": 2,
                  "d": [
                    {
                      "k": "avatar_url",
                      "v": "https://avatars.githubusercontent.com/u/299813098?v=4"
                    },
                    {
                      "k": "events_url",
                      "v": "https://api.github.com/users/2024ac05127-tech/events{/privacy}"
                    },
                    {
                      "k": "followers_url",
                      "v": "https://api.github.com/users/2024ac05127-tech/followers"
                    },
                    {
                      "k": "following_url",
                      "v": "https://api.github.com/users/2024ac05127-tech/following{/other_user}"
                    },
                    {
                      "k": "gists_url",
                      "v": "https://api.github.com/users/2024ac05127-tech/gists{/gist_id}"
                    },
                    {
                      "k": "gravatar_id",
                      "v": ""
                    },
                    {
                      "k": "html_url",
                      "v": "https://github.com/2024ac05127-tech"
                    },
                    {
                      "k": "id",
                      "v": 299813098.0
                    },
                    {
                      "k": "login",
                      "v": "2024ac05127-tech"
                    },
                    {
                      "k": "node_id",
                      "v": "U_kgDOEd7I6g"
                    },
                    {
                      "k": "organizations_url",
                      "v": "https://api.github.com/users/2024ac05127-tech/orgs"
                    },
                    {
                      "k": "received_events_url",
                      "v": "https://api.github.com/users/2024ac05127-tech/received_events"
                    },
                    {
                      "k": "repos_url",
                      "v": "https://api.github.com/users/2024ac05127-tech/repos"
                    },
                    {
                      "k": "site_admin",
                      "v": false
                    },
                    {
                      "k": "starred_url",
                      "v": "https://api.github.com/users/2024ac05127-tech/starred{/owner}{/repo}"
                    },
                    {
                      "k": "subscriptions_url",
                      "v": "https://api.github.com/users/2024ac05127-tech/subscriptions"
                    },
                    {
                      "k": "type",
                      "v": "User"
                    },
                    {
                      "k": "url",
                      "v": "https://api.github.com/users/2024ac05127-tech"
                    },
                    {
                      "k": "user_view_type",
                      "v": "public"
                    }
                  ]
                }
              }
            ]
          }
        },
        {
          "k": "workflow_ref",
          "v": "2024ac05127-tech/assignment2/.github/workflows/cd.yml@refs/heads/main"
        },
        {
          "k": "workflow_sha",
          "v": "13de039073ccdf41d43e08fe70af946adf470b40"
        },
        {
          "k": "repository_id",
          "v": "1348565472"
        },
        {
          "k": "triggering_actor",
          "v": "2024ac05127-tech"
        }
      ]
    },
    "inputs": {
      "t": 2
    },
    "job": {
      "t": 2,
      "d": [
        {
          "k": "check_run_id",
          "v": 99252548345.0
        },
        {
          "k": "workflow_ref",
          "v": "2024ac05127-tech/assignment2/.github/workflows/cd.yml@refs/heads/main"
        },
        {
          "k": "workflow_sha",
          "v": "13de039073ccdf41d43e08fe70af946adf470b40"
        },
        {
          "k": "workflow_repository",
          "v": "2024ac05127-tech/assignment2"
        },
        {
          "k": "workflow_file_path",
          "v": ".github/workflows/cd.yml"
        }
      ]
    },
    "matrix": null,
    "needs": {
      "t": 2
    },
    "strategy": {
      "t": 2,
      "d": [
        {
          "k": "fail-fast",
          "v": true
        },
        {
          "k": "job-index",
          "v": 0.0
        },
        {
          "k": "job-total",
          "v": 1.0
        },
        {
          "k": "max-parallel",
          "v": 1.0
        }
      ]
    },
    "vars": {
      "t": 2
    }
  },
  "billingOwnerId": "U_kgDOEd7I6g"
}
[2026-08-30 11:46:16Z INFO JobRunner] Job ID b169e73b-4e6c-5e62-bfc8-37f7f0baac9f
[2026-08-30 11:46:16Z INFO ConfigurationStore] currentAssemblyLocation: C:\Users\krish\Documents\BITS\mlops-project\actions-runner\bin\Runner.Worker.dll
[2026-08-30 11:46:16Z INFO HostContext] Well known directory 'Bin': 'C:\Users\krish\Documents\BITS\mlops-project\actions-runner\bin'
[2026-08-30 11:46:16Z INFO ConfigurationStore] binPath: C:\Users\krish\Documents\BITS\mlops-project\actions-runner\bin
[2026-08-30 11:46:16Z INFO HostContext] Well known directory 'Bin': 'C:\Users\krish\Documents\BITS\mlops-project\actions-runner\bin'
[2026-08-30 11:46:16Z INFO HostContext] Well known directory 'Root': 'C:\Users\krish\Documents\BITS\mlops-project\actions-runner'
[2026-08-30 11:46:16Z INFO ConfigurationStore] RootFolder: C:\Users\krish\Documents\BITS\mlops-project\actions-runner
[2026-08-30 11:46:16Z INFO HostContext] Well known directory 'Bin': 'C:\Users\krish\Documents\BITS\mlops-project\actions-runner\bin'
[2026-08-30 11:46:16Z INFO HostContext] Well known directory 'Root': 'C:\Users\krish\Documents\BITS\mlops-project\actions-runner'
[2026-08-30 11:46:16Z INFO HostContext] Well known config file 'Runner': 'C:\Users\krish\Documents\BITS\mlops-project\actions-runner\.runner'
[2026-08-30 11:46:16Z INFO ConfigurationStore] ConfigFilePath: C:\Users\krish\Documents\BITS\mlops-project\actions-runner\.runner
[2026-08-30 11:46:16Z INFO HostContext] Well known directory 'Bin': 'C:\Users\krish\Documents\BITS\mlops-project\actions-runner\bin'
[2026-08-30 11:46:16Z INFO HostContext] Well known directory 'Root': 'C:\Users\krish\Documents\BITS\mlops-project\actions-runner'
[2026-08-30 11:46:16Z INFO HostContext] Well known config file 'MigratedRunner': 'C:\Users\krish\Documents\BITS\mlops-project\actions-runner\.runner_migrated'
[2026-08-30 11:46:16Z INFO ConfigurationStore] MigratedConfigFilePath: C:\Users\krish\Documents\BITS\mlops-project\actions-runner\.runner_migrated
[2026-08-30 11:46:16Z INFO HostContext] Well known directory 'Bin': 'C:\Users\krish\Documents\BITS\mlops-project\actions-runner\bin'
[2026-08-30 11:46:16Z INFO HostContext] Well known directory 'Root': 'C:\Users\krish\Documents\BITS\mlops-project\actions-runner'
[2026-08-30 11:46:16Z INFO HostContext] Well known config file 'Credentials': 'C:\Users\krish\Documents\BITS\mlops-project\actions-runner\.credentials'
[2026-08-30 11:46:16Z INFO ConfigurationStore] CredFilePath: C:\Users\krish\Documents\BITS\mlops-project\actions-runner\.credentials
[2026-08-30 11:46:16Z INFO HostContext] Well known directory 'Bin': 'C:\Users\krish\Documents\BITS\mlops-project\actions-runner\bin'
[2026-08-30 11:46:16Z INFO HostContext] Well known directory 'Root': 'C:\Users\krish\Documents\BITS\mlops-project\actions-runner'
[2026-08-30 11:46:16Z INFO HostContext] Well known config file 'MigratedCredentials': 'C:\Users\krish\Documents\BITS\mlops-project\actions-runner\.credentials_migrated'
[2026-08-30 11:46:16Z INFO ConfigurationStore] MigratedCredFilePath: C:\Users\krish\Documents\BITS\mlops-project\actions-runner\.credentials_migrated
[2026-08-30 11:46:16Z INFO HostContext] Well known directory 'Bin': 'C:\Users\krish\Documents\BITS\mlops-project\actions-runner\bin'
[2026-08-30 11:46:16Z INFO HostContext] Well known directory 'Root': 'C:\Users\krish\Documents\BITS\mlops-project\actions-runner'
[2026-08-30 11:46:16Z INFO HostContext] Well known config file 'Service': 'C:\Users\krish\Documents\BITS\mlops-project\actions-runner\.service'
[2026-08-30 11:46:16Z INFO ConfigurationStore] ServiceConfigFilePath: C:\Users\krish\Documents\BITS\mlops-project\actions-runner\.service
[2026-08-30 11:46:16Z INFO ConfigurationStore] Read setting file: 408 chars
[2026-08-30 11:46:16Z INFO JobRunner] Initializing launch client
[2026-08-30 11:46:16Z INFO JobServerQueue] Initializing results client
[2026-08-30 11:46:16Z INFO ResultServer] Creating websocket client ...wss://results-receiver.actions.githubusercontent.com/_ws/ingest.sock
[2026-08-30 11:46:16Z INFO ResultServer] Attempting to start websocket client with delay 00:00:00.
[2026-08-30 11:46:16Z INFO JobServerQueue] Start process web console line queue.
[2026-08-30 11:46:16Z INFO JobServerQueue] Start process file upload queue.
[2026-08-30 11:46:16Z INFO JobServerQueue] Start results file upload queue.
[2026-08-30 11:46:16Z INFO JobServerQueue] Starting results-based upload queue...
[2026-08-30 11:46:16Z INFO JobServerQueue] Start process timeline update queue.
[2026-08-30 11:46:16Z INFO ExecutionContext] Initializing Job context
[2026-08-30 11:46:16Z INFO ExecutionContext] Initialize GitHub context
[2026-08-30 11:46:16Z INFO ExecutionContext] Initialize Env context
[2026-08-30 11:46:16Z INFO HostContext] Well known directory 'Bin': 'C:\Users\krish\Documents\BITS\mlops-project\actions-runner\bin'
[2026-08-30 11:46:16Z INFO HostContext] Well known directory 'Root': 'C:\Users\krish\Documents\BITS\mlops-project\actions-runner'
[2026-08-30 11:46:16Z INFO HostContext] Well known directory 'Diag': 'C:\Users\krish\Documents\BITS\mlops-project\actions-runner\_diag'
[2026-08-30 11:46:16Z INFO HostContext] Well known directory 'Bin': 'C:\Users\krish\Documents\BITS\mlops-project\actions-runner\bin'
[2026-08-30 11:46:16Z INFO HostContext] Well known directory 'Root': 'C:\Users\krish\Documents\BITS\mlops-project\actions-runner'
[2026-08-30 11:46:16Z INFO HostContext] Well known directory 'Diag': 'C:\Users\krish\Documents\BITS\mlops-project\actions-runner\_diag'
[2026-08-30 11:46:16Z INFO JobRunner] Starting the job execution context.
[2026-08-30 11:46:16Z INFO HostContext] Well known directory 'Bin': 'C:\Users\krish\Documents\BITS\mlops-project\actions-runner\bin'
[2026-08-30 11:46:16Z INFO HostContext] Well known directory 'Root': 'C:\Users\krish\Documents\BITS\mlops-project\actions-runner'
[2026-08-30 11:46:16Z INFO HostContext] Well known directory 'Work': 'C:\Users\krish\Documents\BITS\mlops-project\actions-runner\_work'
[2026-08-30 11:46:16Z INFO JobRunner] Validating directory permissions for: 'C:\Users\krish\Documents\BITS\mlops-project\actions-runner\_work'
[2026-08-30 11:46:16Z INFO HostContext] Well known directory 'Bin': 'C:\Users\krish\Documents\BITS\mlops-project\actions-runner\bin'
[2026-08-30 11:46:16Z INFO HostContext] Well known directory 'Root': 'C:\Users\krish\Documents\BITS\mlops-project\actions-runner'
[2026-08-30 11:46:16Z INFO HostContext] Well known directory 'Work': 'C:\Users\krish\Documents\BITS\mlops-project\actions-runner\_work'
[2026-08-30 11:46:16Z INFO HostContext] Well known directory 'Tools': 'C:\Users\krish\Documents\BITS\mlops-project\actions-runner\_work\_tool'
[2026-08-30 11:46:16Z INFO HostContext] Well known directory 'Bin': 'C:\Users\krish\Documents\BITS\mlops-project\actions-runner\bin'
[2026-08-30 11:46:16Z INFO HostContext] Well known directory 'Root': 'C:\Users\krish\Documents\BITS\mlops-project\actions-runner'
[2026-08-30 11:46:16Z INFO HostContext] Well known directory 'Work': 'C:\Users\krish\Documents\BITS\mlops-project\actions-runner\_work'
[2026-08-30 11:46:16Z INFO HostContext] Well known directory 'Temp': 'C:\Users\krish\Documents\BITS\mlops-project\actions-runner\_work\_temp'
[2026-08-30 11:46:16Z INFO JobRunner] Getting job extension.
[2026-08-30 11:46:16Z INFO JobRunner] Initialize job. Getting all job steps.
[2026-08-30 11:46:16Z INFO HostContext] Well known directory 'Bin': 'C:\Users\krish\Documents\BITS\mlops-project\actions-runner\bin'
[2026-08-30 11:46:16Z INFO HostContext] Well known directory 'Root': 'C:\Users\krish\Documents\BITS\mlops-project\actions-runner'
[2026-08-30 11:46:16Z INFO HostContext] Well known directory 'Diag': 'C:\Users\krish\Documents\BITS\mlops-project\actions-runner\_diag'
[2026-08-30 11:46:16Z INFO HostContext] Well known directory 'Bin': 'C:\Users\krish\Documents\BITS\mlops-project\actions-runner\bin'
[2026-08-30 11:46:16Z INFO HostContext] Well known directory 'Root': 'C:\Users\krish\Documents\BITS\mlops-project\actions-runner'
[2026-08-30 11:46:16Z INFO HostContext] Well known directory 'Diag': 'C:\Users\krish\Documents\BITS\mlops-project\actions-runner\_diag'
[2026-08-30 11:46:16Z INFO HostContext] Well known directory 'Bin': 'C:\Users\krish\Documents\BITS\mlops-project\actions-runner\bin'
[2026-08-30 11:46:16Z INFO HostContext] Well known directory 'Root': 'C:\Users\krish\Documents\BITS\mlops-project\actions-runner'
[2026-08-30 11:46:16Z INFO HostContext] Well known config file 'Credentials': 'C:\Users\krish\Documents\BITS\mlops-project\actions-runner\.credentials'
[2026-08-30 11:46:16Z INFO HostContext] Well known directory 'Bin': 'C:\Users\krish\Documents\BITS\mlops-project\actions-runner\bin'
[2026-08-30 11:46:16Z INFO HostContext] Well known directory 'Root': 'C:\Users\krish\Documents\BITS\mlops-project\actions-runner'
[2026-08-30 11:46:16Z INFO HostContext] Well known config file 'SetupInfo': 'C:\Users\krish\Documents\BITS\mlops-project\actions-runner\.setup_info'
[2026-08-30 11:46:16Z INFO HostContext] Well known directory 'Bin': 'C:\Users\krish\Documents\BITS\mlops-project\actions-runner\bin'
[2026-08-30 11:46:16Z INFO HostContext] Well known directory 'Root': 'C:\Users\krish\Documents\BITS\mlops-project\actions-runner'
[2026-08-30 11:46:16Z INFO HostContext] Well known directory 'Work': 'C:\Users\krish\Documents\BITS\mlops-project\actions-runner\_work'
[2026-08-30 11:46:16Z INFO PipelineDirectoryManager] Loading tracking config if exists: C:\Users\krish\Documents\BITS\mlops-project\actions-runner\_work\_PipelineMapping\2024ac05127-tech/assignment2\PipelineFolder.json
[2026-08-30 11:46:16Z INFO PipelineDirectoryManager] Updating job run properties.
[2026-08-30 11:46:16Z INFO HostContext] Well known directory 'Bin': 'C:\Users\krish\Documents\BITS\mlops-project\actions-runner\bin'
[2026-08-30 11:46:16Z INFO HostContext] Well known directory 'Root': 'C:\Users\krish\Documents\BITS\mlops-project\actions-runner'
[2026-08-30 11:46:16Z INFO HostContext] Well known directory 'Work': 'C:\Users\krish\Documents\BITS\mlops-project\actions-runner\_work'
[2026-08-30 11:46:16Z INFO HostContext] Well known directory 'Bin': 'C:\Users\krish\Documents\BITS\mlops-project\actions-runner\bin'
[2026-08-30 11:46:16Z INFO HostContext] Well known directory 'Root': 'C:\Users\krish\Documents\BITS\mlops-project\actions-runner'
[2026-08-30 11:46:16Z INFO HostContext] Well known directory 'Work': 'C:\Users\krish\Documents\BITS\mlops-project\actions-runner\_work'
[2026-08-30 11:46:16Z INFO HostContext] Well known directory 'Bin': 'C:\Users\krish\Documents\BITS\mlops-project\actions-runner\bin'
[2026-08-30 11:46:16Z INFO HostContext] Well known directory 'Root': 'C:\Users\krish\Documents\BITS\mlops-project\actions-runner'
[2026-08-30 11:46:16Z INFO HostContext] Well known directory 'Work': 'C:\Users\krish\Documents\BITS\mlops-project\actions-runner\_work'
[2026-08-30 11:46:17Z INFO JobExtension] Downloading actions
[2026-08-30 11:46:17Z INFO HostContext] Well known directory 'Bin': 'C:\Users\krish\Documents\BITS\mlops-project\actions-runner\bin'
[2026-08-30 11:46:17Z INFO HostContext] Well known directory 'Root': 'C:\Users\krish\Documents\BITS\mlops-project\actions-runner'
[2026-08-30 11:46:17Z INFO HostContext] Well known directory 'Work': 'C:\Users\krish\Documents\BITS\mlops-project\actions-runner\_work'
[2026-08-30 11:46:17Z INFO HostContext] Well known directory 'Actions': 'C:\Users\krish\Documents\BITS\mlops-project\actions-runner\_work\_actions'
[2026-08-30 11:46:17Z INFO Worker] Listening for cancel message from the channel.
[2026-08-30 11:46:17Z INFO Worker] Waiting for the job to complete or for a cancel message from the channel.
[2026-08-30 11:46:17Z INFO ResultServer] Successfully started websocket client.
[2026-08-30 11:46:17Z INFO JobServerQueue] Try to append 1 batches web console lines for record '3f9ccac7-dc56-4663-8279-d03584fe0483', success rate: 1/1.
[2026-08-30 11:46:18Z INFO HostContext] Well known directory 'Bin': 'C:\Users\krish\Documents\BITS\mlops-project\actions-runner\bin'
[2026-08-30 11:46:18Z INFO HostContext] Well known directory 'Root': 'C:\Users\krish\Documents\BITS\mlops-project\actions-runner'
[2026-08-30 11:46:18Z INFO HostContext] Well known directory 'Work': 'C:\Users\krish\Documents\BITS\mlops-project\actions-runner\_work'
[2026-08-30 11:46:18Z INFO HostContext] Well known directory 'Actions': 'C:\Users\krish\Documents\BITS\mlops-project\actions-runner\_work\_actions'
[2026-08-30 11:46:18Z INFO HostContext] Well known directory 'Bin': 'C:\Users\krish\Documents\BITS\mlops-project\actions-runner\bin'
[2026-08-30 11:46:18Z INFO HostContext] Well known directory 'Root': 'C:\Users\krish\Documents\BITS\mlops-project\actions-runner'
[2026-08-30 11:46:18Z INFO HostContext] Well known directory 'Work': 'C:\Users\krish\Documents\BITS\mlops-project\actions-runner\_work'
[2026-08-30 11:46:18Z INFO HostContext] Well known directory 'Actions': 'C:\Users\krish\Documents\BITS\mlops-project\actions-runner\_work\_actions'
[2026-08-30 11:46:18Z INFO ActionManager] Save archive 'https://codeload.github.com/actions/checkout/zip/11d5960a326750d5838078e36cf38b85af677262' into C:\Users\krish\Documents\BITS\mlops-project\actions-runner\_work\_actions\_temp_e3289451-26e6-41e6-8c38-49014c2df4e2\8d1eb2b3-5561-4c0f-9ccc-5f976389d1a8.zip.
[2026-08-30 11:46:18Z INFO ActionManager] Using Basic token for action archive download.
[2026-08-30 11:46:18Z INFO JobServerQueue] Try to append 1 batches web console lines for record '3f9ccac7-dc56-4663-8279-d03584fe0483', success rate: 1/1.
[2026-08-30 11:46:18Z INFO JobServerQueue] Job timeline record has been updated for the first time.
[2026-08-30 11:46:19Z INFO ActionManager] Request URL: https://codeload.github.com/actions/checkout/zip/11d5960a326750d5838078e36cf38b85af677262 X-GitHub-Request-Id: F33B:3C1436:318B6:3D035B:6A94180A Http Status: OK
[2026-08-30 11:46:21Z INFO ActionManager] Finished getting action repository.
[2026-08-30 11:46:21Z INFO HostContext] Well known directory 'Bin': 'C:\Users\krish\Documents\BITS\mlops-project\actions-runner\bin'
[2026-08-30 11:46:21Z INFO HostContext] Well known directory 'Root': 'C:\Users\krish\Documents\BITS\mlops-project\actions-runner'
[2026-08-30 11:46:21Z INFO HostContext] Well known directory 'Work': 'C:\Users\krish\Documents\BITS\mlops-project\actions-runner\_work'
[2026-08-30 11:46:21Z INFO HostContext] Well known directory 'Actions': 'C:\Users\krish\Documents\BITS\mlops-project\actions-runner\_work\_actions'
[2026-08-30 11:46:21Z INFO ActionManifestManagerLegacy] Load schema file with definitions: [
  "null",
  "boolean",
  "number",
  "string",
  "sequence",
  "mapping",
  "any",
  "action-root",
  "inputs",
  "input",
  "outputs",
  "output-definition",
  "runs",
  "container-runs",
  "container-runs-args",
  "container-runs-env",
  "node-runs",
  "plugin-runs",
  "composite-runs",
  "composite-steps",
  "composite-step",
  "run-step",
  "uses-step",
  "container-runs-context",
  "output-value",
  "input-default-context",
  "non-empty-string",
  "string-steps-context",
  "boolean-steps-context",
  "step-env",
  "step-if",
  "step-with"
]
[2026-08-30 11:46:21Z INFO ActionManifestManager] Load schema file with definitions: [
  "null",
  "boolean",
  "number",
  "string",
  "sequence",
  "mapping",
  "any",
  "action-root",
  "inputs",
  "input",
  "outputs",
  "output-definition",
  "runs",
  "container-runs",
  "container-runs-args",
  "container-runs-env",
  "node-runs",
  "plugin-runs",
  "composite-runs",
  "composite-steps",
  "composite-step",
  "run-step",
  "uses-step",
  "container-runs-context",
  "output-value",
  "input-default-context",
  "non-empty-string",
  "string-steps-context",
  "boolean-steps-context",
  "step-env",
  "step-if",
  "step-with"
]
[2026-08-30 11:46:21Z INFO HostContext] Well known directory 'Bin': 'C:\Users\krish\Documents\BITS\mlops-project\actions-runner\bin'
[2026-08-30 11:46:21Z INFO HostContext] Well known directory 'Root': 'C:\Users\krish\Documents\BITS\mlops-project\actions-runner'
[2026-08-30 11:46:21Z INFO HostContext] Well known directory 'Work': 'C:\Users\krish\Documents\BITS\mlops-project\actions-runner\_work'
[2026-08-30 11:46:21Z INFO HostContext] Well known directory 'Actions': 'C:\Users\krish\Documents\BITS\mlops-project\actions-runner\_work\_actions'
[2026-08-30 11:46:21Z INFO ActionManifestManagerLegacy] Loaded action.yml file: {
  "name": "Checkout",
  "description": "Checkout a Git repository at a particular version",
  "inputs": {
    "type": 2,
    "map": [
      {
        "key": {
          "type": 0,
          "file": 2,
          "line": 4,
          "col": 3,
          "lit": "repository"
        },
        "value": {
          "type": 3,
          "file": 2,
          "line": 6,
          "col": 14,
          "expr": "github.repository"
        }
      },
      {
        "key": {
          "type": 0,
          "file": 2,
          "line": 7,
          "col": 3,
          "lit": "ref"
        },
        "value": ""
      },
      {
        "key": {
          "type": 0,
          "file": 2,
          "line": 12,
          "col": 3,
          "lit": "token"
        },
        "value": {
          "type": 3,
          "file": 2,
          "line": 24,
          "col": 14,
          "expr": "github.token"
        }
      },
      {
        "key": {
          "type": 0,
          "file": 2,
          "line": 25,
          "col": 3,
          "lit": "ssh-key"
        },
        "value": ""
      },
      {
        "key": {
          "type": 0,
          "file": 2,
          "line": 37,
          "col": 3,
          "lit": "ssh-known-hosts"
        },
        "value": ""
      },
      {
        "key": {
          "type": 0,
          "file": 2,
          "line": 42,
          "col": 3,
          "lit": "ssh-strict"
        },
        "value": {
          "type": 0,
          "file": 2,
          "line": 47,
          "col": 14,
          "lit": "true"
        }
      },
      {
        "key": {
          "type": 0,
          "file": 2,
          "line": 48,
          "col": 3,
          "lit": "ssh-user"
        },
        "value": {
          "type": 0,
          "file": 2,
          "line": 51,
          "col": 14,
          "lit": "git"
        }
      },
      {
        "key": {
          "type": 0,
          "file": 2,
          "line": 52,
          "col": 3,
          "lit": "persist-credentials"
        },
        "value": {
          "type": 0,
          "file": 2,
          "line": 54,
          "col": 14,
          "lit": "true"
        }
      },
      {
        "key": {
          "type": 0,
          "file": 2,
          "line": 55,
          "col": 3,
          "lit": "path"
        },
        "value": ""
      },
      {
        "key": {
          "type": 0,
          "file": 2,
          "line": 57,
          "col": 3,
          "lit": "clean"
        },
        "value": {
          "type": 0,
          "file": 2,
          "line": 59,
          "col": 14,
          "lit": "true"
        }
      },
      {
        "key": {
          "type": 0,
          "file": 2,
          "line": 60,
          "col": 3,
          "lit": "filter"
        },
        "value": {
          "type": 0,
          "file": 2,
          "line": 64,
          "col": 14,
          "lit": ""
        }
      },
      {
        "key": {
          "type": 0,
          "file": 2,
          "line": 65,
          "col": 3,
          "lit": "sparse-checkout"
        },
        "value": {
          "type": 0,
          "file": 2,
          "line": 69,
          "col": 14,
          "lit": ""
        }
      },
      {
        "key": {
          "type": 0,
          "file": 2,
          "line": 70,
          "col": 3,
          "lit": "sparse-checkout-cone-mode"
        },
        "value": {
          "type": 0,
          "file": 2,
          "line": 73,
          "col": 14,
          "lit": "true"
        }
      },
      {
        "key": {
          "type": 0,
          "file": 2,
          "line": 74,
          "col": 3,
          "lit": "fetch-depth"
        },
        "value": {
          "type": 0,
          "file": 2,
          "line": 76,
          "col": 14,
          "lit": "1"
        }
      },
      {
        "key": {
          "type": 0,
          "file": 2,
          "line": 77,
          "col": 3,
          "lit": "fetch-tags"
        },
        "value": {
          "type": 0,
          "file": 2,
          "line": 79,
          "col": 14,
          "lit": "false"
        }
      },
      {
        "key": {
          "type": 0,
          "file": 2,
          "line": 80,
          "col": 3,
          "lit": "show-progress"
        },
        "value": {
          "type": 0,
          "file": 2,
          "line": 82,
          "col": 14,
          "lit": "true"
        }
      },
      {
        "key": {
          "type": 0,
          "file": 2,
          "line": 83,
          "col": 3,
          "lit": "lfs"
        },
        "value": {
          "type": 0,
          "file": 2,
          "line": 85,
          "col": 14,
          "lit": "false"
        }
      },
      {
        "key": {
          "type": 0,
          "file": 2,
          "line": 86,
          "col": 3,
          "lit": "submodules"
        },
        "value": {
          "type": 0,
          "file": 2,
          "line": 94,
          "col": 14,
          "lit": "false"
        }
      },
      {
        "key": {
          "type": 0,
          "file": 2,
          "line": 95,
          "col": 3,
          "lit": "set-safe-directory"
        },
        "value": {
          "type": 0,
          "file": 2,
          "line": 97,
          "col": 14,
          "lit": "true"
        }
      },
      {
        "key": {
          "type": 0,
          "file": 2,
          "line": 98,
          "col": 3,
          "lit": "github-server-url"
        },
        "value": ""
      },
      {
        "key": {
          "type": 0,
          "file": 2,
          "line": 101,
          "col": 3,
          "lit": "allow-unsafe-pr-checkout"
        },
        "value": {
          "type": 0,
          "file": 2,
          "line": 109,
          "col": 14,
          "lit": "false"
        }
      }
    ]
  },
  "execution": {
    "executionType": "nodeJS",
    "hasPre": false,
    "hasPost": true,
    "script": "dist/index.js",
    "pre": null,
    "post": "dist/index.js",
    "nodeVersion": "node20",
    "cleanupCondition": "always()",
    "initCondition": "always()"
  },
  "deprecated": null
}
[2026-08-30 11:46:21Z INFO ActionManager] Action node.js file: dist/index.js, no more preparation.
[2026-08-30 11:46:21Z INFO HostContext] Well known directory 'Bin': 'C:\Users\krish\Documents\BITS\mlops-project\actions-runner\bin'
[2026-08-30 11:46:21Z INFO HostContext] Well known directory 'Root': 'C:\Users\krish\Documents\BITS\mlops-project\actions-runner'
[2026-08-30 11:46:21Z INFO HostContext] Well known directory 'Work': 'C:\Users\krish\Documents\BITS\mlops-project\actions-runner\_work'
[2026-08-30 11:46:21Z INFO HostContext] Well known directory 'Actions': 'C:\Users\krish\Documents\BITS\mlops-project\actions-runner\_work\_actions'
[2026-08-30 11:46:21Z INFO ActionManager] Load action that reference repository from 'C:\Users\krish\Documents\BITS\mlops-project\actions-runner\_work\_actions\actions\checkout\v4'
[2026-08-30 11:46:21Z INFO HostContext] Well known directory 'Bin': 'C:\Users\krish\Documents\BITS\mlops-project\actions-runner\bin'
[2026-08-30 11:46:21Z INFO HostContext] Well known directory 'Root': 'C:\Users\krish\Documents\BITS\mlops-project\actions-runner'
[2026-08-30 11:46:21Z INFO HostContext] Well known directory 'Work': 'C:\Users\krish\Documents\BITS\mlops-project\actions-runner\_work'
[2026-08-30 11:46:21Z INFO HostContext] Well known directory 'Actions': 'C:\Users\krish\Documents\BITS\mlops-project\actions-runner\_work\_actions'
[2026-08-30 11:46:21Z INFO ActionManifestManagerLegacy] Loaded action.yml file: {
  "name": "Checkout",
  "description": "Checkout a Git repository at a particular version",
  "inputs": {
    "type": 2,
    "map": [
      {
        "key": {
          "type": 0,
          "file": 2,
          "line": 4,
          "col": 3,
          "lit": "repository"
        },
        "value": {
          "type": 3,
          "file": 2,
          "line": 6,
          "col": 14,
          "expr": "github.repository"
        }
      },
      {
        "key": {
          "type": 0,
          "file": 2,
          "line": 7,
          "col": 3,
          "lit": "ref"
        },
        "value": ""
      },
      {
        "key": {
          "type": 0,
          "file": 2,
          "line": 12,
          "col": 3,
          "lit": "token"
        },
        "value": {
          "type": 3,
          "file": 2,
          "line": 24,
          "col": 14,
          "expr": "github.token"
        }
      },
      {
        "key": {
          "type": 0,
          "file": 2,
          "line": 25,
          "col": 3,
          "lit": "ssh-key"
        },
        "value": ""
      },
      {
        "key": {
          "type": 0,
          "file": 2,
          "line": 37,
          "col": 3,
          "lit": "ssh-known-hosts"
        },
        "value": ""
      },
      {
        "key": {
          "type": 0,
          "file": 2,
          "line": 42,
          "col": 3,
          "lit": "ssh-strict"
        },
        "value": {
          "type": 0,
          "file": 2,
          "line": 47,
          "col": 14,
          "lit": "true"
        }
      },
      {
        "key": {
          "type": 0,
          "file": 2,
          "line": 48,
          "col": 3,
          "lit": "ssh-user"
        },
        "value": {
          "type": 0,
          "file": 2,
          "line": 51,
          "col": 14,
          "lit": "git"
        }
      },
      {
        "key": {
          "type": 0,
          "file": 2,
          "line": 52,
          "col": 3,
          "lit": "persist-credentials"
        },
        "value": {
          "type": 0,
          "file": 2,
          "line": 54,
          "col": 14,
          "lit": "true"
        }
      },
      {
        "key": {
          "type": 0,
          "file": 2,
          "line": 55,
          "col": 3,
          "lit": "path"
        },
        "value": ""
      },
      {
        "key": {
          "type": 0,
          "file": 2,
          "line": 57,
          "col": 3,
          "lit": "clean"
        },
        "value": {
          "type": 0,
          "file": 2,
          "line": 59,
          "col": 14,
          "lit": "true"
        }
      },
      {
        "key": {
          "type": 0,
          "file": 2,
          "line": 60,
          "col": 3,
          "lit": "filter"
        },
        "value": {
          "type": 0,
          "file": 2,
          "line": 64,
          "col": 14,
          "lit": ""
        }
      },
      {
        "key": {
          "type": 0,
          "file": 2,
          "line": 65,
          "col": 3,
          "lit": "sparse-checkout"
        },
        "value": {
          "type": 0,
          "file": 2,
          "line": 69,
          "col": 14,
          "lit": ""
        }
      },
      {
        "key": {
          "type": 0,
          "file": 2,
          "line": 70,
          "col": 3,
          "lit": "sparse-checkout-cone-mode"
        },
        "value": {
          "type": 0,
          "file": 2,
          "line": 73,
          "col": 14,
          "lit": "true"
        }
      },
      {
        "key": {
          "type": 0,
          "file": 2,
          "line": 74,
          "col": 3,
          "lit": "fetch-depth"
        },
        "value": {
          "type": 0,
          "file": 2,
          "line": 76,
          "col": 14,
          "lit": "1"
        }
      },
      {
        "key": {
          "type": 0,
          "file": 2,
          "line": 77,
          "col": 3,
          "lit": "fetch-tags"
        },
        "value": {
          "type": 0,
          "file": 2,
          "line": 79,
          "col": 14,
          "lit": "false"
        }
      },
      {
        "key": {
          "type": 0,
          "file": 2,
          "line": 80,
          "col": 3,
          "lit": "show-progress"
        },
        "value": {
          "type": 0,
          "file": 2,
          "line": 82,
          "col": 14,
          "lit": "true"
        }
      },
      {
        "key": {
          "type": 0,
          "file": 2,
          "line": 83,
          "col": 3,
          "lit": "lfs"
        },
        "value": {
          "type": 0,
          "file": 2,
          "line": 85,
          "col": 14,
          "lit": "false"
        }
      },
      {
        "key": {
          "type": 0,
          "file": 2,
          "line": 86,
          "col": 3,
          "lit": "submodules"
        },
        "value": {
          "type": 0,
          "file": 2,
          "line": 94,
          "col": 14,
          "lit": "false"
        }
      },
      {
        "key": {
          "type": 0,
          "file": 2,
          "line": 95,
          "col": 3,
          "lit": "set-safe-directory"
        },
        "value": {
          "type": 0,
          "file": 2,
          "line": 97,
          "col": 14,
          "lit": "true"
        }
      },
      {
        "key": {
          "type": 0,
          "file": 2,
          "line": 98,
          "col": 3,
          "lit": "github-server-url"
        },
        "value": ""
      },
      {
        "key": {
          "type": 0,
          "file": 2,
          "line": 101,
          "col": 3,
          "lit": "allow-unsafe-pr-checkout"
        },
        "value": {
          "type": 0,
          "file": 2,
          "line": 109,
          "col": 14,
          "lit": "false"
        }
      }
    ]
  },
  "execution": {
    "executionType": "nodeJS",
    "hasPre": false,
    "hasPost": true,
    "script": "dist/index.js",
    "pre": null,
    "post": "dist/index.js",
    "nodeVersion": "node20",
    "cleanupCondition": "always()",
    "initCondition": "always()"
  },
  "deprecated": null
}
[2026-08-30 11:46:21Z INFO ActionManager] Action pre node.js file: N/A.
[2026-08-30 11:46:21Z INFO ActionManager] Action node.js file: dist/index.js.
[2026-08-30 11:46:21Z INFO ActionManager] Action post node.js file: dist/index.js.
[2026-08-30 11:46:21Z INFO JobExtension] Adding .
[2026-08-30 11:46:21Z INFO JobExtension] Adding .
[2026-08-30 11:46:21Z INFO JobExtension] Adding .
[2026-08-30 11:46:21Z INFO JobExtension] Adding .
[2026-08-30 11:46:21Z INFO JobExtension] Adding .
[2026-08-30 11:46:21Z INFO JobExtension] Adding .
[2026-08-30 11:46:21Z INFO JobExtension] Adding .
[2026-08-30 11:46:21Z INFO HostContext] Well known directory 'Bin': 'C:\Users\krish\Documents\BITS\mlops-project\actions-runner\bin'
[2026-08-30 11:46:21Z INFO HostContext] Well known directory 'Root': 'C:\Users\krish\Documents\BITS\mlops-project\actions-runner'
[2026-08-30 11:46:21Z INFO HostContext] Well known directory 'Diag': 'C:\Users\krish\Documents\BITS\mlops-project\actions-runner\_diag'
[2026-08-30 11:46:21Z INFO HostContext] Well known directory 'Bin': 'C:\Users\krish\Documents\BITS\mlops-project\actions-runner\bin'
[2026-08-30 11:46:21Z INFO HostContext] Well known directory 'Root': 'C:\Users\krish\Documents\BITS\mlops-project\actions-runner'
[2026-08-30 11:46:21Z INFO HostContext] Well known directory 'Diag': 'C:\Users\krish\Documents\BITS\mlops-project\actions-runner\_diag'
[2026-08-30 11:46:21Z INFO HostContext] Well known directory 'Bin': 'C:\Users\krish\Documents\BITS\mlops-project\actions-runner\bin'
[2026-08-30 11:46:21Z INFO HostContext] Well known directory 'Root': 'C:\Users\krish\Documents\BITS\mlops-project\actions-runner'
[2026-08-30 11:46:21Z INFO HostContext] Well known directory 'Diag': 'C:\Users\krish\Documents\BITS\mlops-project\actions-runner\_diag'
[2026-08-30 11:46:21Z INFO HostContext] Well known directory 'Bin': 'C:\Users\krish\Documents\BITS\mlops-project\actions-runner\bin'
[2026-08-30 11:46:21Z INFO HostContext] Well known directory 'Root': 'C:\Users\krish\Documents\BITS\mlops-project\actions-runner'
[2026-08-30 11:46:21Z INFO HostContext] Well known directory 'Diag': 'C:\Users\krish\Documents\BITS\mlops-project\actions-runner\_diag'
[2026-08-30 11:46:21Z INFO HostContext] Well known directory 'Bin': 'C:\Users\krish\Documents\BITS\mlops-project\actions-runner\bin'
[2026-08-30 11:46:21Z INFO HostContext] Well known directory 'Root': 'C:\Users\krish\Documents\BITS\mlops-project\actions-runner'
[2026-08-30 11:46:21Z INFO HostContext] Well known directory 'Diag': 'C:\Users\krish\Documents\BITS\mlops-project\actions-runner\_diag'
[2026-08-30 11:46:21Z INFO HostContext] Well known directory 'Bin': 'C:\Users\krish\Documents\BITS\mlops-project\actions-runner\bin'
[2026-08-30 11:46:21Z INFO HostContext] Well known directory 'Root': 'C:\Users\krish\Documents\BITS\mlops-project\actions-runner'
[2026-08-30 11:46:21Z INFO HostContext] Well known directory 'Diag': 'C:\Users\krish\Documents\BITS\mlops-project\actions-runner\_diag'
[2026-08-30 11:46:21Z INFO HostContext] Well known directory 'Bin': 'C:\Users\krish\Documents\BITS\mlops-project\actions-runner\bin'
[2026-08-30 11:46:21Z INFO HostContext] Well known directory 'Root': 'C:\Users\krish\Documents\BITS\mlops-project\actions-runner'
[2026-08-30 11:46:21Z INFO HostContext] Well known directory 'Diag': 'C:\Users\krish\Documents\BITS\mlops-project\actions-runner\_diag'
[2026-08-30 11:46:21Z INFO HostContext] Well known directory 'Bin': 'C:\Users\krish\Documents\BITS\mlops-project\actions-runner\bin'
[2026-08-30 11:46:21Z INFO HostContext] Well known directory 'Root': 'C:\Users\krish\Documents\BITS\mlops-project\actions-runner'
[2026-08-30 11:46:21Z INFO HostContext] Well known directory 'Diag': 'C:\Users\krish\Documents\BITS\mlops-project\actions-runner\_diag'
[2026-08-30 11:46:21Z INFO HostContext] Well known directory 'Bin': 'C:\Users\krish\Documents\BITS\mlops-project\actions-runner\bin'
[2026-08-30 11:46:21Z INFO HostContext] Well known directory 'Root': 'C:\Users\krish\Documents\BITS\mlops-project\actions-runner'
[2026-08-30 11:46:21Z INFO HostContext] Well known directory 'Diag': 'C:\Users\krish\Documents\BITS\mlops-project\actions-runner\_diag'
[2026-08-30 11:46:21Z INFO HostContext] Well known directory 'Bin': 'C:\Users\krish\Documents\BITS\mlops-project\actions-runner\bin'
[2026-08-30 11:46:21Z INFO HostContext] Well known directory 'Root': 'C:\Users\krish\Documents\BITS\mlops-project\actions-runner'
[2026-08-30 11:46:21Z INFO HostContext] Well known directory 'Diag': 'C:\Users\krish\Documents\BITS\mlops-project\actions-runner\_diag'
[2026-08-30 11:46:21Z INFO HostContext] Well known directory 'Bin': 'C:\Users\krish\Documents\BITS\mlops-project\actions-runner\bin'
[2026-08-30 11:46:21Z INFO HostContext] Well known directory 'Root': 'C:\Users\krish\Documents\BITS\mlops-project\actions-runner'
[2026-08-30 11:46:21Z INFO HostContext] Well known directory 'Diag': 'C:\Users\krish\Documents\BITS\mlops-project\actions-runner\_diag'
[2026-08-30 11:46:21Z INFO HostContext] Well known directory 'Bin': 'C:\Users\krish\Documents\BITS\mlops-project\actions-runner\bin'
[2026-08-30 11:46:21Z INFO HostContext] Well known directory 'Root': 'C:\Users\krish\Documents\BITS\mlops-project\actions-runner'
[2026-08-30 11:46:21Z INFO HostContext] Well known directory 'Diag': 'C:\Users\krish\Documents\BITS\mlops-project\actions-runner\_diag'
[2026-08-30 11:46:21Z INFO HostContext] Well known directory 'Bin': 'C:\Users\krish\Documents\BITS\mlops-project\actions-runner\bin'
[2026-08-30 11:46:21Z INFO HostContext] Well known directory 'Root': 'C:\Users\krish\Documents\BITS\mlops-project\actions-runner'
[2026-08-30 11:46:21Z INFO HostContext] Well known directory 'Diag': 'C:\Users\krish\Documents\BITS\mlops-project\actions-runner\_diag'
[2026-08-30 11:46:21Z INFO HostContext] Well known directory 'Bin': 'C:\Users\krish\Documents\BITS\mlops-project\actions-runner\bin'
[2026-08-30 11:46:21Z INFO HostContext] Well known directory 'Root': 'C:\Users\krish\Documents\BITS\mlops-project\actions-runner'
[2026-08-30 11:46:21Z INFO HostContext] Well known directory 'Diag': 'C:\Users\krish\Documents\BITS\mlops-project\actions-runner\_diag'
[2026-08-30 11:46:21Z INFO JobExtension] Total accessible running process: 296.
[2026-08-30 11:46:21Z INFO HostContext] Well known directory 'Bin': 'C:\Users\krish\Documents\BITS\mlops-project\actions-runner\bin'
[2026-08-30 11:46:21Z INFO HostContext] Well known directory 'Root': 'C:\Users\krish\Documents\BITS\mlops-project\actions-runner'
[2026-08-30 11:46:21Z INFO HostContext] Well known directory 'Work': 'C:\Users\krish\Documents\BITS\mlops-project\actions-runner\_work'
[2026-08-30 11:46:21Z INFO JobExtension] Start checking server connectivity.
[2026-08-30 11:46:21Z INFO JobExtension] Check server connectivity for https://broker.actions.githubusercontent.com/health.
[2026-08-30 11:46:21Z INFO JobExtension] Check server connectivity for https://token.actions.githubusercontent.com/ready.
[2026-08-30 11:46:21Z INFO JobExtension] Check server connectivity for https://run.actions.githubusercontent.com/health.
[2026-08-30 11:46:21Z INFO JobExtension] Start checking service connectivity in background.
[2026-08-30 11:46:21Z INFO ExecutionContext] Publish step telemetry for current step {
  "action": "setup_job",
  "type": "runner",
  "stage": "Pre",
  "stepId": "3f9ccac7-dc56-4663-8279-d03584fe0483",
  "result": "succeeded",
  "errorMessages": [],
  "executionTimeInSeconds": 5,
  "startTime": "2026-08-30T11:46:16.9188866Z",
  "finishTime": "2026-08-30T11:46:21.8104711Z"
}.
[2026-08-30 11:46:21Z INFO JobRunner] Total job steps: 7.
[2026-08-30 11:46:21Z INFO JobRunner] Run all job steps.
[2026-08-30 11:46:21Z INFO DapDebugger] DapDebugger initialized
[2026-08-30 11:46:21Z INFO StepsRunner] Processing step: DisplayName='Checkout repository'
[2026-08-30 11:46:21Z INFO StepsRunner] Evaluating: success()
[2026-08-30 11:46:21Z INFO StepsRunner] Result: true
[2026-08-30 11:46:21Z INFO StepsRunner] Starting the step.
[2026-08-30 11:46:21Z INFO HostContext] Well known directory 'Bin': 'C:\Users\krish\Documents\BITS\mlops-project\actions-runner\bin'
[2026-08-30 11:46:21Z INFO HostContext] Well known directory 'Root': 'C:\Users\krish\Documents\BITS\mlops-project\actions-runner'
[2026-08-30 11:46:21Z INFO HostContext] Well known directory 'Work': 'C:\Users\krish\Documents\BITS\mlops-project\actions-runner\_work'
[2026-08-30 11:46:21Z INFO StepsRunner] Which2: 'chcp'
[2026-08-30 11:46:21Z INFO StepsRunner] Location: 'C:\WINDOWS\system32\chcp.COM'
[2026-08-30 11:46:21Z INFO ProcessInvokerWrapper] Starting process:
[2026-08-30 11:46:21Z INFO ProcessInvokerWrapper]   File name: 'C:\WINDOWS\system32\chcp.COM'
[2026-08-30 11:46:21Z INFO ProcessInvokerWrapper]   Arguments: '65001'
[2026-08-30 11:46:21Z INFO ProcessInvokerWrapper]   Working directory: 'C:\Users\krish\Documents\BITS\mlops-project\actions-runner\_work'
[2026-08-30 11:46:21Z INFO ProcessInvokerWrapper]   Require exit code zero: 'False'
[2026-08-30 11:46:21Z INFO ProcessInvokerWrapper]   Encoding web name:  ; code page: ''
[2026-08-30 11:46:21Z INFO ProcessInvokerWrapper]   Force kill process on cancellation: 'False'
[2026-08-30 11:46:21Z INFO ProcessInvokerWrapper]   Redirected STDIN: 'False'
[2026-08-30 11:46:21Z INFO ProcessInvokerWrapper]   Persist current code page: 'True'
[2026-08-30 11:46:21Z INFO ProcessInvokerWrapper]   Keep redirected STDIN open: 'False'
[2026-08-30 11:46:21Z INFO ProcessInvokerWrapper]   High priority process: 'False'
[2026-08-30 11:46:21Z INFO JobServerQueue] Try to append 1 batches web console lines for record '3f9ccac7-dc56-4663-8279-d03584fe0483', success rate: 1/1.
[2026-08-30 11:46:21Z INFO ProcessInvokerWrapper] Process started with process id 18860, waiting for process exit.
[2026-08-30 11:46:21Z INFO ProcessInvokerWrapper] STDOUT/STDERR stream read finished.
[2026-08-30 11:46:21Z INFO ProcessInvokerWrapper] STDOUT/STDERR stream read finished.
[2026-08-30 11:46:21Z INFO ProcessInvokerWrapper] Finished process 18860 with exit code 0, and elapsed time 00:00:00.0392375.
[2026-08-30 11:46:21Z INFO StepsRunner] Successfully returned to code page 65001 (UTF8)
[2026-08-30 11:46:21Z INFO HostContext] Well known directory 'Bin': 'C:\Users\krish\Documents\BITS\mlops-project\actions-runner\bin'
[2026-08-30 11:46:21Z INFO HostContext] Well known directory 'Root': 'C:\Users\krish\Documents\BITS\mlops-project\actions-runner'
[2026-08-30 11:46:21Z INFO HostContext] Well known directory 'Work': 'C:\Users\krish\Documents\BITS\mlops-project\actions-runner\_work'
[2026-08-30 11:46:21Z INFO HostContext] Well known directory 'Actions': 'C:\Users\krish\Documents\BITS\mlops-project\actions-runner\_work\_actions'
[2026-08-30 11:46:21Z INFO ActionManager] Load action that reference repository from 'C:\Users\krish\Documents\BITS\mlops-project\actions-runner\_work\_actions\actions\checkout\v4'
[2026-08-30 11:46:21Z INFO HostContext] Well known directory 'Bin': 'C:\Users\krish\Documents\BITS\mlops-project\actions-runner\bin'
[2026-08-30 11:46:21Z INFO HostContext] Well known directory 'Root': 'C:\Users\krish\Documents\BITS\mlops-project\actions-runner'
[2026-08-30 11:46:21Z INFO HostContext] Well known directory 'Work': 'C:\Users\krish\Documents\BITS\mlops-project\actions-runner\_work'
[2026-08-30 11:46:21Z INFO HostContext] Well known directory 'Actions': 'C:\Users\krish\Documents\BITS\mlops-project\actions-runner\_work\_actions'
[2026-08-30 11:46:21Z INFO ActionManifestManagerLegacy] Loaded action.yml file: {
  "name": "Checkout",
  "description": "Checkout a Git repository at a particular version",
  "inputs": {
    "type": 2,
    "map": [
      {
        "key": {
          "type": 0,
          "file": 2,
          "line": 4,
          "col": 3,
          "lit": "repository"
        },
        "value": {
          "type": 3,
          "file": 2,
          "line": 6,
          "col": 14,
          "expr": "github.repository"
        }
      },
      {
        "key": {
          "type": 0,
          "file": 2,
          "line": 7,
          "col": 3,
          "lit": "ref"
        },
        "value": ""
      },
      {
        "key": {
          "type": 0,
          "file": 2,
          "line": 12,
          "col": 3,
          "lit": "token"
        },
        "value": {
          "type": 3,
          "file": 2,
          "line": 24,
          "col": 14,
          "expr": "github.token"
        }
      },
      {
        "key": {
          "type": 0,
          "file": 2,
          "line": 25,
          "col": 3,
          "lit": "ssh-key"
        },
        "value": ""
      },
      {
        "key": {
          "type": 0,
          "file": 2,
          "line": 37,
          "col": 3,
          "lit": "ssh-known-hosts"
        },
        "value": ""
      },
      {
        "key": {
          "type": 0,
          "file": 2,
          "line": 42,
          "col": 3,
          "lit": "ssh-strict"
        },
        "value": {
          "type": 0,
          "file": 2,
          "line": 47,
          "col": 14,
          "lit": "true"
        }
      },
      {
        "key": {
          "type": 0,
          "file": 2,
          "line": 48,
          "col": 3,
          "lit": "ssh-user"
        },
        "value": {
          "type": 0,
          "file": 2,
          "line": 51,
          "col": 14,
          "lit": "git"
        }
      },
      {
        "key": {
          "type": 0,
          "file": 2,
          "line": 52,
          "col": 3,
          "lit": "persist-credentials"
        },
        "value": {
          "type": 0,
          "file": 2,
          "line": 54,
          "col": 14,
          "lit": "true"
        }
      },
      {
        "key": {
          "type": 0,
          "file": 2,
          "line": 55,
          "col": 3,
          "lit": "path"
        },
        "value": ""
      },
      {
        "key": {
          "type": 0,
          "file": 2,
          "line": 57,
          "col": 3,
          "lit": "clean"
        },
        "value": {
          "type": 0,
          "file": 2,
          "line": 59,
          "col": 14,
          "lit": "true"
        }
      },
      {
        "key": {
          "type": 0,
          "file": 2,
          "line": 60,
          "col": 3,
          "lit": "filter"
        },
        "value": {
          "type": 0,
          "file": 2,
          "line": 64,
          "col": 14,
          "lit": ""
        }
      },
      {
        "key": {
          "type": 0,
          "file": 2,
          "line": 65,
          "col": 3,
          "lit": "sparse-checkout"
        },
        "value": {
          "type": 0,
          "file": 2,
          "line": 69,
          "col": 14,
          "lit": ""
        }
      },
      {
        "key": {
          "type": 0,
          "file": 2,
          "line": 70,
          "col": 3,
          "lit": "sparse-checkout-cone-mode"
        },
        "value": {
          "type": 0,
          "file": 2,
          "line": 73,
          "col": 14,
          "lit": "true"
        }
      },
      {
        "key": {
          "type": 0,
          "file": 2,
          "line": 74,
          "col": 3,
          "lit": "fetch-depth"
        },
        "value": {
          "type": 0,
          "file": 2,
          "line": 76,
          "col": 14,
          "lit": "1"
        }
      },
      {
        "key": {
          "type": 0,
          "file": 2,
          "line": 77,
          "col": 3,
          "lit": "fetch-tags"
        },
        "value": {
          "type": 0,
          "file": 2,
          "line": 79,
          "col": 14,
          "lit": "false"
        }
      },
      {
        "key": {
          "type": 0,
          "file": 2,
          "line": 80,
          "col": 3,
          "lit": "show-progress"
        },
        "value": {
          "type": 0,
          "file": 2,
          "line": 82,
          "col": 14,
          "lit": "true"
        }
      },
      {
        "key": {
          "type": 0,
          "file": 2,
          "line": 83,
          "col": 3,
          "lit": "lfs"
        },
        "value": {
          "type": 0,
          "file": 2,
          "line": 85,
          "col": 14,
          "lit": "false"
        }
      },
      {
        "key": {
          "type": 0,
          "file": 2,
          "line": 86,
          "col": 3,
          "lit": "submodules"
        },
        "value": {
          "type": 0,
          "file": 2,
          "line": 94,
          "col": 14,
          "lit": "false"
        }
      },
      {
        "key": {
          "type": 0,
          "file": 2,
          "line": 95,
          "col": 3,
          "lit": "set-safe-directory"
        },
        "value": {
          "type": 0,
          "file": 2,
          "line": 97,
          "col": 14,
          "lit": "true"
        }
      },
      {
        "key": {
          "type": 0,
          "file": 2,
          "line": 98,
          "col": 3,
          "lit": "github-server-url"
        },
        "value": ""
      },
      {
        "key": {
          "type": 0,
          "file": 2,
          "line": 101,
          "col": 3,
          "lit": "allow-unsafe-pr-checkout"
        },
        "value": {
          "type": 0,
          "file": 2,
          "line": 109,
          "col": 14,
          "lit": "false"
        }
      }
    ]
  },
  "execution": {
    "executionType": "nodeJS",
    "hasPre": false,
    "hasPost": true,
    "script": "dist/index.js",
    "pre": null,
    "post": "dist/index.js",
    "nodeVersion": "node20",
    "cleanupCondition": "always()",
    "initCondition": "always()"
  },
  "deprecated": null
}
[2026-08-30 11:46:21Z INFO ActionManager] Action pre node.js file: N/A.
[2026-08-30 11:46:21Z INFO ActionManager] Action node.js file: dist/index.js.
[2026-08-30 11:46:21Z INFO ActionManager] Action post node.js file: dist/index.js.
[2026-08-30 11:46:21Z INFO ExecutionContext] Reserve record order 9 to 16 for post job actions.
[2026-08-30 11:46:21Z INFO HostContext] Well known directory 'Bin': 'C:\Users\krish\Documents\BITS\mlops-project\actions-runner\bin'
[2026-08-30 11:46:21Z INFO HostContext] Well known directory 'Root': 'C:\Users\krish\Documents\BITS\mlops-project\actions-runner'
[2026-08-30 11:46:21Z INFO HostContext] Well known directory 'Diag': 'C:\Users\krish\Documents\BITS\mlops-project\actions-runner\_diag'
[2026-08-30 11:46:21Z INFO HostContext] Well known directory 'Bin': 'C:\Users\krish\Documents\BITS\mlops-project\actions-runner\bin'
[2026-08-30 11:46:21Z INFO HostContext] Well known directory 'Root': 'C:\Users\krish\Documents\BITS\mlops-project\actions-runner'
[2026-08-30 11:46:21Z INFO HostContext] Well known directory 'Diag': 'C:\Users\krish\Documents\BITS\mlops-project\actions-runner\_diag'
[2026-08-30 11:46:21Z INFO HostContext] Well known directory 'Bin': 'C:\Users\krish\Documents\BITS\mlops-project\actions-runner\bin'
[2026-08-30 11:46:21Z INFO HostContext] Well known directory 'Root': 'C:\Users\krish\Documents\BITS\mlops-project\actions-runner'
[2026-08-30 11:46:21Z INFO HostContext] Well known directory 'Work': 'C:\Users\krish\Documents\BITS\mlops-project\actions-runner\_work'
[2026-08-30 11:46:21Z INFO HostContext] Well known directory 'Temp': 'C:\Users\krish\Documents\BITS\mlops-project\actions-runner\_work\_temp'
[2026-08-30 11:46:21Z INFO ExecutionContext] Write event payload to C:\Users\krish\Documents\BITS\mlops-project\actions-runner\_work\_temp\_github_workflow\event.json
[2026-08-30 11:46:22Z INFO HostContext] Well known directory 'Bin': 'C:\Users\krish\Documents\BITS\mlops-project\actions-runner\bin'
[2026-08-30 11:46:22Z INFO HostContext] Well known directory 'Root': 'C:\Users\krish\Documents\BITS\mlops-project\actions-runner'
[2026-08-30 11:46:22Z INFO HostContext] Well known directory 'Work': 'C:\Users\krish\Documents\BITS\mlops-project\actions-runner\_work'
[2026-08-30 11:46:22Z INFO HostContext] Well known directory 'Temp': 'C:\Users\krish\Documents\BITS\mlops-project\actions-runner\_work\_temp'
[2026-08-30 11:46:22Z INFO ExtensionManager] Getting extensions for interface: 'GitHub.Runner.Worker.IFileCommandExtension'
[2026-08-30 11:46:22Z INFO ExtensionManager] Creating instance: GitHub.Runner.Worker.AddPathFileCommand, Runner.Worker
[2026-08-30 11:46:22Z INFO ExtensionManager] Creating instance: GitHub.Runner.Worker.SetEnvFileCommand, Runner.Worker
[2026-08-30 11:46:22Z INFO ExtensionManager] Creating instance: GitHub.Runner.Worker.CreateStepSummaryCommand, Runner.Worker
[2026-08-30 11:46:22Z INFO ExtensionManager] Creating instance: GitHub.Runner.Worker.SaveStateFileCommand, Runner.Worker
[2026-08-30 11:46:22Z INFO ExtensionManager] Creating instance: GitHub.Runner.Worker.SetOutputFileCommand, Runner.Worker
[2026-08-30 11:46:22Z INFO ExtensionManager] Creating instance: GitHub.Runner.Worker.CreateArtifactsFileCommand, Runner.Worker
[2026-08-30 11:46:22Z INFO ExtensionManager] Creating instance: GitHub.Runner.Worker.ArtifactsListFileCommand, Runner.Worker
[2026-08-30 11:46:22Z INFO ActionManifestManagerLegacy] Input 'repository': default value evaluate result: {
  "type": 0,
  "file": 2,
  "line": 6,
  "col": 14,
  "lit": "2024ac05127-tech/assignment2"
}
[2026-08-30 11:46:22Z INFO ActionManifestManagerLegacy] Input 'ref': default value evaluate result: ""
[2026-08-30 11:46:22Z INFO ActionManifestManagerLegacy] Input 'token': default value evaluate result: {
  "type": 0,
  "file": 2,
  "line": 24,
  "col": 14,
  "lit": "***"
}
[2026-08-30 11:46:22Z INFO ActionManifestManagerLegacy] Input 'ssh-key': default value evaluate result: ""
[2026-08-30 11:46:22Z INFO ActionManifestManagerLegacy] Input 'ssh-known-hosts': default value evaluate result: ""
[2026-08-30 11:46:22Z INFO ActionManifestManagerLegacy] Input 'ssh-strict': default value evaluate result: {
  "type": 0,
  "file": 2,
  "line": 47,
  "col": 14,
  "lit": "true"
}
[2026-08-30 11:46:22Z INFO ActionManifestManagerLegacy] Input 'ssh-user': default value evaluate result: {
  "type": 0,
  "file": 2,
  "line": 51,
  "col": 14,
  "lit": "git"
}
[2026-08-30 11:46:22Z INFO ActionManifestManagerLegacy] Input 'persist-credentials': default value evaluate result: {
  "type": 0,
  "file": 2,
  "line": 54,
  "col": 14,
  "lit": "true"
}
[2026-08-30 11:46:22Z INFO ActionManifestManagerLegacy] Input 'path': default value evaluate result: ""
[2026-08-30 11:46:22Z INFO ActionManifestManagerLegacy] Input 'clean': default value evaluate result: {
  "type": 0,
  "file": 2,
  "line": 59,
  "col": 14,
  "lit": "true"
}
[2026-08-30 11:46:22Z INFO ActionManifestManagerLegacy] Input 'filter': default value evaluate result: {
  "type": 0,
  "file": 2,
  "line": 64,
  "col": 14,
  "lit": ""
}
[2026-08-30 11:46:22Z INFO ActionManifestManagerLegacy] Input 'sparse-checkout': default value evaluate result: {
  "type": 0,
  "file": 2,
  "line": 69,
  "col": 14,
  "lit": ""
}
[2026-08-30 11:46:22Z INFO ActionManifestManagerLegacy] Input 'sparse-checkout-cone-mode': default value evaluate result: {
  "type": 0,
  "file": 2,
  "line": 73,
  "col": 14,
  "lit": "true"
}
[2026-08-30 11:46:22Z INFO ActionManifestManagerLegacy] Input 'fetch-depth': default value evaluate result: {
  "type": 0,
  "file": 2,
  "line": 76,
  "col": 14,
  "lit": "1"
}
[2026-08-30 11:46:22Z INFO ActionManifestManagerLegacy] Input 'fetch-tags': default value evaluate result: {
  "type": 0,
  "file": 2,
  "line": 79,
  "col": 14,
  "lit": "false"
}
[2026-08-30 11:46:22Z INFO ActionManifestManagerLegacy] Input 'show-progress': default value evaluate result: {
  "type": 0,
  "file": 2,
  "line": 82,
  "col": 14,
  "lit": "true"
}
[2026-08-30 11:46:22Z INFO ActionManifestManagerLegacy] Input 'lfs': default value evaluate result: {
  "type": 0,
  "file": 2,
  "line": 85,
  "col": 14,
  "lit": "false"
}
[2026-08-30 11:46:22Z INFO ActionManifestManagerLegacy] Input 'submodules': default value evaluate result: {
  "type": 0,
  "file": 2,
  "line": 94,
  "col": 14,
  "lit": "false"
}
[2026-08-30 11:46:22Z INFO ActionManifestManagerLegacy] Input 'set-safe-directory': default value evaluate result: {
  "type": 0,
  "file": 2,
  "line": 97,
  "col": 14,
  "lit": "true"
}
[2026-08-30 11:46:22Z INFO ActionManifestManagerLegacy] Input 'github-server-url': default value evaluate result: ""
[2026-08-30 11:46:22Z INFO ActionManifestManagerLegacy] Input 'allow-unsafe-pr-checkout': default value evaluate result: {
  "type": 0,
  "file": 2,
  "line": 109,
  "col": 14,
  "lit": "false"
}
[2026-08-30 11:46:22Z INFO ExtensionManager] Getting extensions for interface: 'GitHub.Runner.Worker.IActionCommandExtension'
[2026-08-30 11:46:22Z INFO ExtensionManager] Creating instance: GitHub.Runner.Worker.InternalPluginSetRepoPathCommandExtension, Runner.Worker
[2026-08-30 11:46:22Z INFO ExtensionManager] Creating instance: GitHub.Runner.Worker.SetEnvCommandExtension, Runner.Worker
[2026-08-30 11:46:22Z INFO ExtensionManager] Creating instance: GitHub.Runner.Worker.SetOutputCommandExtension, Runner.Worker
[2026-08-30 11:46:22Z INFO ExtensionManager] Creating instance: GitHub.Runner.Worker.SaveStateCommandExtension, Runner.Worker
[2026-08-30 11:46:22Z INFO ExtensionManager] Creating instance: GitHub.Runner.Worker.AddPathCommandExtension, Runner.Worker
[2026-08-30 11:46:22Z INFO ExtensionManager] Creating instance: GitHub.Runner.Worker.AddMaskCommandExtension, Runner.Worker
[2026-08-30 11:46:22Z INFO ExtensionManager] Creating instance: GitHub.Runner.Worker.AddMatcherCommandExtension, Runner.Worker
[2026-08-30 11:46:22Z INFO ExtensionManager] Creating instance: GitHub.Runner.Worker.RemoveMatcherCommandExtension, Runner.Worker
[2026-08-30 11:46:22Z INFO ExtensionManager] Creating instance: GitHub.Runner.Worker.WarningCommandExtension, Runner.Worker
[2026-08-30 11:46:22Z INFO ExtensionManager] Creating instance: GitHub.Runner.Worker.ErrorCommandExtension, Runner.Worker
[2026-08-30 11:46:22Z INFO ExtensionManager] Creating instance: GitHub.Runner.Worker.NoticeCommandExtension, Runner.Worker
[2026-08-30 11:46:22Z INFO ExtensionManager] Creating instance: GitHub.Runner.Worker.DebugCommandExtension, Runner.Worker
[2026-08-30 11:46:22Z INFO ExtensionManager] Creating instance: GitHub.Runner.Worker.GroupCommandExtension, Runner.Worker
[2026-08-30 11:46:22Z INFO ExtensionManager] Creating instance: GitHub.Runner.Worker.EndGroupCommandExtension, Runner.Worker
[2026-08-30 11:46:22Z INFO ExtensionManager] Creating instance: GitHub.Runner.Worker.EchoCommandExtension, Runner.Worker
[2026-08-30 11:46:22Z INFO ActionCommandManager] Register action command extension for command internal-set-repo-path
[2026-08-30 11:46:22Z INFO ActionCommandManager] Register action command extension for command set-env
[2026-08-30 11:46:22Z INFO ActionCommandManager] Register action command extension for command set-output
[2026-08-30 11:46:22Z INFO ActionCommandManager] Register action command extension for command save-state
[2026-08-30 11:46:22Z INFO ActionCommandManager] Register action command extension for command add-path
[2026-08-30 11:46:22Z INFO ActionCommandManager] Register action command extension for command add-mask
[2026-08-30 11:46:22Z INFO ActionCommandManager] Register action command extension for command add-matcher
[2026-08-30 11:46:22Z INFO ActionCommandManager] Register action command extension for command remove-matcher
[2026-08-30 11:46:22Z INFO ActionCommandManager] Register action command extension for command warning
[2026-08-30 11:46:22Z INFO ActionCommandManager] Register action command extension for command error
[2026-08-30 11:46:22Z INFO ActionCommandManager] Register action command extension for command notice
[2026-08-30 11:46:22Z INFO ActionCommandManager] Register action command extension for command debug
[2026-08-30 11:46:22Z INFO ActionCommandManager] Register action command extension for command group
[2026-08-30 11:46:22Z INFO ActionCommandManager] Register action command extension for command endgroup
[2026-08-30 11:46:22Z INFO ActionCommandManager] Register action command extension for command echo
[2026-08-30 11:46:22Z INFO JobServerQueue] Got a step log file to send to results service.
[2026-08-30 11:46:22Z INFO JobServerQueue] Starting upload of step log file to results service ResultsLog, C:\Users\krish\Documents\BITS\mlops-project\actions-runner\_diag\blocks\0a709788-d50e-458e-b373-09d3f2416a6a_3f9ccac7-dc56-4663-8279-d03584fe0483.1
[2026-08-30 11:46:22Z INFO JobServerQueue] Try to upload 1 log files or attachments, success rate: 1/1.
[2026-08-30 11:46:22Z INFO HostContext] Well known directory 'Bin': 'C:\Users\krish\Documents\BITS\mlops-project\actions-runner\bin'
[2026-08-30 11:46:22Z INFO HostContext] Well known directory 'Root': 'C:\Users\krish\Documents\BITS\mlops-project\actions-runner'
[2026-08-30 11:46:22Z INFO HostContext] Well known directory 'Externals': 'C:\Users\krish\Documents\BITS\mlops-project\actions-runner\externals'
[2026-08-30 11:46:22Z INFO ProcessInvokerWrapper] Starting process:
[2026-08-30 11:46:22Z INFO ProcessInvokerWrapper]   File name: 'C:\Users\krish\Documents\BITS\mlops-project\actions-runner\externals\node24\bin\node.exe'
[2026-08-30 11:46:22Z INFO ProcessInvokerWrapper]   Arguments: '"C:\Users\krish\Documents\BITS\mlops-project\actions-runner\_work\_actions\actions\checkout\v4\dist/index.js"'
[2026-08-30 11:46:22Z INFO ProcessInvokerWrapper]   Working directory: 'C:\Users\krish\Documents\BITS\mlops-project\actions-runner\_work\assignment2\assignment2'
[2026-08-30 11:46:22Z INFO ProcessInvokerWrapper]   Require exit code zero: 'False'
[2026-08-30 11:46:22Z INFO ProcessInvokerWrapper]   Encoding web name: utf-8 ; code page: '65001'
[2026-08-30 11:46:22Z INFO ProcessInvokerWrapper]   Force kill process on cancellation: 'False'
[2026-08-30 11:46:22Z INFO ProcessInvokerWrapper]   Redirected STDIN: 'False'
[2026-08-30 11:46:22Z INFO ProcessInvokerWrapper]   Persist current code page: 'True'
[2026-08-30 11:46:22Z INFO ProcessInvokerWrapper]   Keep redirected STDIN open: 'False'
[2026-08-30 11:46:22Z INFO ProcessInvokerWrapper]   High priority process: 'False'
[2026-08-30 11:46:22Z INFO JobServerQueue] Try to append 1 batches web console lines for record '64448b61-ad5f-41cc-894a-3812c0349e0f', success rate: 1/1.
[2026-08-30 11:46:24Z INFO JobServerQueue] Tried to upload 1 file(s) to results, success rate: 1/1.
[2026-08-30 11:46:24Z INFO ProcessInvokerWrapper] Process started with process id 5004, waiting for process exit.
[2026-08-30 11:46:25Z INFO AddMaskCommandExtension] Add new secret mask with length of 524
[2026-08-30 11:46:25Z INFO JobServerQueue] Try to append 1 batches web console lines for record '64448b61-ad5f-41cc-894a-3812c0349e0f', success rate: 1/1.
[2026-08-30 11:46:25Z INFO JobServerQueue] Try to append 1 batches web console lines for record '64448b61-ad5f-41cc-894a-3812c0349e0f', success rate: 1/1.
[2026-08-30 11:46:26Z INFO JobServerQueue] Try to append 1 batches web console lines for record '64448b61-ad5f-41cc-894a-3812c0349e0f', success rate: 1/1.
[2026-08-30 11:46:26Z INFO JobServerQueue] Try to append 1 batches web console lines for record '64448b61-ad5f-41cc-894a-3812c0349e0f', success rate: 1/1.
[2026-08-30 11:46:28Z INFO JobServerQueue] Try to append 1 batches web console lines for record '64448b61-ad5f-41cc-894a-3812c0349e0f', success rate: 1/1.
[2026-08-30 11:46:28Z INFO JobServerQueue] Try to append 1 batches web console lines for record '64448b61-ad5f-41cc-894a-3812c0349e0f', success rate: 1/1.
[2026-08-30 11:46:30Z INFO JobServerQueue] Try to append 1 batches web console lines for record '64448b61-ad5f-41cc-894a-3812c0349e0f', success rate: 1/1.
[2026-08-30 11:46:30Z INFO JobServerQueue] Try to append 1 batches web console lines for record '64448b61-ad5f-41cc-894a-3812c0349e0f', success rate: 1/1.
[2026-08-30 11:46:31Z INFO HostContext] Well known directory 'Bin': 'C:\Users\krish\Documents\BITS\mlops-project\actions-runner\bin'
[2026-08-30 11:46:31Z INFO HostContext] Well known directory 'Root': 'C:\Users\krish\Documents\BITS\mlops-project\actions-runner'
[2026-08-30 11:46:31Z INFO HostContext] Well known directory 'Work': 'C:\Users\krish\Documents\BITS\mlops-project\actions-runner\_work'
[2026-08-30 11:46:32Z INFO JobServerQueue] Try to append 1 batches web console lines for record '64448b61-ad5f-41cc-894a-3812c0349e0f', success rate: 1/1.
[2026-08-30 11:46:33Z INFO JobServerQueue] Try to append 1 batches web console lines for record '64448b61-ad5f-41cc-894a-3812c0349e0f', success rate: 1/1.
[2026-08-30 11:46:34Z INFO JobServerQueue] Try to append 1 batches web console lines for record '64448b61-ad5f-41cc-894a-3812c0349e0f', success rate: 1/1.
[2026-08-30 11:46:34Z INFO JobServerQueue] Try to append 1 batches web console lines for record '64448b61-ad5f-41cc-894a-3812c0349e0f', success rate: 1/1.
[2026-08-30 11:46:35Z INFO ProcessInvokerWrapper] STDOUT/STDERR stream read finished.
[2026-08-30 11:46:35Z INFO ProcessInvokerWrapper] STDOUT/STDERR stream read finished.
[2026-08-30 11:46:35Z INFO ProcessInvokerWrapper] Finished process 5004 with exit code 0, and elapsed time 00:00:13.0307518.
[2026-08-30 11:46:35Z INFO CreateStepSummaryCommand] Step Summary file (C:\Users\krish\Documents\BITS\mlops-project\actions-runner\_work\_temp\_runner_file_commands\step_summary_6881cd6a-ce42-4f79-9373-0c471a96de9f) is empty; skipping attachment upload
[2026-08-30 11:46:35Z INFO StepsRunner] Step result: 
[2026-08-30 11:46:35Z INFO ExecutionContext] Publish step telemetry for current step {
  "action": "actions/checkout",
  "ref": "v4",
  "type": "node24",
  "stage": "Main",
  "stepId": "64448b61-ad5f-41cc-894a-3812c0349e0f",
  "stepContextName": "__actions_checkout",
  "hasPreStep": false,
  "hasPostStep": true,
  "result": "succeeded",
  "errorMessages": [],
  "executionTimeInSeconds": 14,
  "startTime": "2026-08-30T11:46:21.8581517Z",
  "finishTime": "2026-08-30T11:46:35.1513067Z"
}.
[2026-08-30 11:46:35Z INFO StepsRunner] No need for updating job result with current step result 'Succeeded'.
[2026-08-30 11:46:35Z INFO StepsRunner] Current state: job state = ''
[2026-08-30 11:46:35Z INFO StepsRunner] Processing step: DisplayName='Pull latest Docker image'
[2026-08-30 11:46:35Z INFO StepsRunner] Evaluating: success()
[2026-08-30 11:46:35Z INFO StepsRunner] Result: true
[2026-08-30 11:46:35Z INFO StepsRunner] Starting the step.
[2026-08-30 11:46:35Z INFO HostContext] Well known directory 'Bin': 'C:\Users\krish\Documents\BITS\mlops-project\actions-runner\bin'
[2026-08-30 11:46:35Z INFO HostContext] Well known directory 'Root': 'C:\Users\krish\Documents\BITS\mlops-project\actions-runner'
[2026-08-30 11:46:35Z INFO HostContext] Well known directory 'Work': 'C:\Users\krish\Documents\BITS\mlops-project\actions-runner\_work'
[2026-08-30 11:46:35Z INFO StepsRunner] Which2: 'chcp'
[2026-08-30 11:46:35Z INFO StepsRunner] Location: 'C:\WINDOWS\system32\chcp.COM'
[2026-08-30 11:46:35Z INFO ProcessInvokerWrapper] Starting process:
[2026-08-30 11:46:35Z INFO ProcessInvokerWrapper]   File name: 'C:\WINDOWS\system32\chcp.COM'
[2026-08-30 11:46:35Z INFO ProcessInvokerWrapper]   Arguments: '65001'
[2026-08-30 11:46:35Z INFO ProcessInvokerWrapper]   Working directory: 'C:\Users\krish\Documents\BITS\mlops-project\actions-runner\_work'
[2026-08-30 11:46:35Z INFO ProcessInvokerWrapper]   Require exit code zero: 'False'
[2026-08-30 11:46:35Z INFO ProcessInvokerWrapper]   Encoding web name:  ; code page: ''
[2026-08-30 11:46:35Z INFO ProcessInvokerWrapper]   Force kill process on cancellation: 'False'
[2026-08-30 11:46:35Z INFO ProcessInvokerWrapper]   Redirected STDIN: 'False'
[2026-08-30 11:46:35Z INFO ProcessInvokerWrapper]   Persist current code page: 'True'
[2026-08-30 11:46:35Z INFO ProcessInvokerWrapper]   Keep redirected STDIN open: 'False'
[2026-08-30 11:46:35Z INFO ProcessInvokerWrapper]   High priority process: 'False'
[2026-08-30 11:46:35Z INFO ProcessInvokerWrapper] Process started with process id 15084, waiting for process exit.
[2026-08-30 11:46:35Z INFO ProcessInvokerWrapper] STDOUT/STDERR stream read finished.
[2026-08-30 11:46:35Z INFO ProcessInvokerWrapper] STDOUT/STDERR stream read finished.
[2026-08-30 11:46:35Z INFO JobServerQueue] Try to append 1 batches web console lines for record '64448b61-ad5f-41cc-894a-3812c0349e0f', success rate: 1/1.
[2026-08-30 11:46:35Z INFO ProcessInvokerWrapper] Finished process 15084 with exit code 0, and elapsed time 00:00:00.0793263.
[2026-08-30 11:46:35Z INFO StepsRunner] Successfully returned to code page 65001 (UTF8)
[2026-08-30 11:46:35Z INFO HostContext] Well known directory 'Bin': 'C:\Users\krish\Documents\BITS\mlops-project\actions-runner\bin'
[2026-08-30 11:46:35Z INFO JobServerQueue] Try to upload 1 log files or attachments, success rate: 1/1.
[2026-08-30 11:46:35Z INFO HostContext] Well known directory 'Root': 'C:\Users\krish\Documents\BITS\mlops-project\actions-runner'
[2026-08-30 11:46:35Z INFO HostContext] Well known directory 'Work': 'C:\Users\krish\Documents\BITS\mlops-project\actions-runner\_work'
[2026-08-30 11:46:35Z INFO HostContext] Well known directory 'Temp': 'C:\Users\krish\Documents\BITS\mlops-project\actions-runner\_work\_temp'
[2026-08-30 11:46:35Z INFO ExecutionContext] Write event payload to C:\Users\krish\Documents\BITS\mlops-project\actions-runner\_work\_temp\_github_workflow\event.json
[2026-08-30 11:46:35Z INFO HostContext] Well known directory 'Bin': 'C:\Users\krish\Documents\BITS\mlops-project\actions-runner\bin'
[2026-08-30 11:46:35Z INFO HostContext] Well known directory 'Root': 'C:\Users\krish\Documents\BITS\mlops-project\actions-runner'
[2026-08-30 11:46:35Z INFO HostContext] Well known directory 'Work': 'C:\Users\krish\Documents\BITS\mlops-project\actions-runner\_work'
[2026-08-30 11:46:35Z INFO HostContext] Well known directory 'Temp': 'C:\Users\krish\Documents\BITS\mlops-project\actions-runner\_work\_temp'
[2026-08-30 11:46:35Z INFO ExtensionManager] Getting extensions for interface: 'GitHub.Runner.Worker.IFileCommandExtension'
[2026-08-30 11:46:35Z INFO ExtensionManager] Getting extensions for interface: 'GitHub.Runner.Worker.IActionCommandExtension'
[2026-08-30 11:46:35Z INFO ActionCommandManager] Register action command extension for command internal-set-repo-path
[2026-08-30 11:46:35Z INFO ActionCommandManager] Register action command extension for command set-env
[2026-08-30 11:46:35Z INFO ActionCommandManager] Register action command extension for command set-output
[2026-08-30 11:46:35Z INFO ActionCommandManager] Register action command extension for command save-state
[2026-08-30 11:46:35Z INFO ActionCommandManager] Register action command extension for command add-path
[2026-08-30 11:46:35Z INFO ActionCommandManager] Register action command extension for command add-mask
[2026-08-30 11:46:35Z INFO ActionCommandManager] Register action command extension for command add-matcher
[2026-08-30 11:46:35Z INFO ActionCommandManager] Register action command extension for command remove-matcher
[2026-08-30 11:46:35Z INFO ActionCommandManager] Register action command extension for command warning
[2026-08-30 11:46:35Z INFO ActionCommandManager] Register action command extension for command error
[2026-08-30 11:46:35Z INFO ActionCommandManager] Register action command extension for command notice
[2026-08-30 11:46:35Z INFO ActionCommandManager] Register action command extension for command debug
[2026-08-30 11:46:35Z INFO ActionCommandManager] Register action command extension for command group
[2026-08-30 11:46:35Z INFO ActionCommandManager] Register action command extension for command endgroup
[2026-08-30 11:46:35Z INFO ActionCommandManager] Register action command extension for command echo
[2026-08-30 11:46:35Z INFO ScriptHandler] Which2: 'cmd'
[2026-08-30 11:46:35Z INFO ScriptHandler] Location: 'C:\WINDOWS\system32\cmd.EXE'
[2026-08-30 11:46:35Z INFO HostContext] Well known directory 'Bin': 'C:\Users\krish\Documents\BITS\mlops-project\actions-runner\bin'
[2026-08-30 11:46:35Z INFO HostContext] Well known directory 'Root': 'C:\Users\krish\Documents\BITS\mlops-project\actions-runner'
[2026-08-30 11:46:35Z INFO HostContext] Well known directory 'Work': 'C:\Users\krish\Documents\BITS\mlops-project\actions-runner\_work'
[2026-08-30 11:46:35Z INFO HostContext] Well known directory 'Temp': 'C:\Users\krish\Documents\BITS\mlops-project\actions-runner\_work\_temp'
[2026-08-30 11:46:35Z INFO ScriptHandler] Which2: 'cmd'
[2026-08-30 11:46:35Z INFO ScriptHandler] Location: 'C:\WINDOWS\system32\cmd.EXE'
[2026-08-30 11:46:35Z INFO ProcessInvokerWrapper] Starting process:
[2026-08-30 11:46:35Z INFO ProcessInvokerWrapper]   File name: 'C:\WINDOWS\system32\cmd.EXE'
[2026-08-30 11:46:35Z INFO ProcessInvokerWrapper]   Arguments: '/D /E:ON /V:OFF /S /C "CALL "C:\Users\krish\Documents\BITS\mlops-project\actions-runner\_work\_temp\14896fa5-e8ea-4d9b-a776-6eda95ac3f33.cmd""'
[2026-08-30 11:46:35Z INFO ProcessInvokerWrapper]   Working directory: 'C:\Users\krish\Documents\BITS\mlops-project\actions-runner\_work\assignment2\assignment2'
[2026-08-30 11:46:35Z INFO ProcessInvokerWrapper]   Require exit code zero: 'False'
[2026-08-30 11:46:35Z INFO ProcessInvokerWrapper]   Encoding web name:  ; code page: ''
[2026-08-30 11:46:35Z INFO ProcessInvokerWrapper]   Force kill process on cancellation: 'False'
[2026-08-30 11:46:35Z INFO ProcessInvokerWrapper]   Redirected STDIN: 'False'
[2026-08-30 11:46:35Z INFO ProcessInvokerWrapper]   Persist current code page: 'True'
[2026-08-30 11:46:35Z INFO ProcessInvokerWrapper]   Keep redirected STDIN open: 'False'
[2026-08-30 11:46:35Z INFO ProcessInvokerWrapper]   High priority process: 'False'
[2026-08-30 11:46:35Z INFO ProcessInvokerWrapper] Process started with process id 7052, waiting for process exit.
[2026-08-30 11:46:35Z INFO JobServerQueue] Got a step log file to send to results service.
[2026-08-30 11:46:35Z INFO JobServerQueue] Starting upload of step log file to results service ResultsLog, C:\Users\krish\Documents\BITS\mlops-project\actions-runner\_diag\blocks\0a709788-d50e-458e-b373-09d3f2416a6a_64448b61-ad5f-41cc-894a-3812c0349e0f.1
[2026-08-30 11:46:35Z INFO JobServerQueue] Try to append 1 batches web console lines for record '791a6142-ec4a-4d89-b460-8f0b094b7a05', success rate: 1/1.
[2026-08-30 11:46:35Z INFO JobServerQueue] Try to append 1 batches web console lines for record '791a6142-ec4a-4d89-b460-8f0b094b7a05', success rate: 1/1.
[2026-08-30 11:46:36Z INFO JobServerQueue] Tried to upload 1 file(s) to results, success rate: 1/1.
[2026-08-30 11:46:40Z INFO JobServerQueue] Try to append 1 batches web console lines for record '791a6142-ec4a-4d89-b460-8f0b094b7a05', success rate: 1/1.
[2026-08-30 11:46:41Z INFO JobServerQueue] Try to append 1 batches web console lines for record '791a6142-ec4a-4d89-b460-8f0b094b7a05', success rate: 1/1.
[2026-08-30 11:46:41Z INFO HostContext] Well known directory 'Bin': 'C:\Users\krish\Documents\BITS\mlops-project\actions-runner\bin'
[2026-08-30 11:46:41Z INFO HostContext] Well known directory 'Root': 'C:\Users\krish\Documents\BITS\mlops-project\actions-runner'
[2026-08-30 11:46:41Z INFO HostContext] Well known directory 'Work': 'C:\Users\krish\Documents\BITS\mlops-project\actions-runner\_work'
[2026-08-30 11:46:42Z INFO JobServerQueue] Try to append 1 batches web console lines for record '791a6142-ec4a-4d89-b460-8f0b094b7a05', success rate: 1/1.
[2026-08-30 11:46:42Z INFO JobServerQueue] Try to append 1 batches web console lines for record '791a6142-ec4a-4d89-b460-8f0b094b7a05', success rate: 1/1.
[2026-08-30 11:46:43Z INFO JobServerQueue] Try to append 1 batches web console lines for record '791a6142-ec4a-4d89-b460-8f0b094b7a05', success rate: 1/1.
[2026-08-30 11:46:43Z INFO JobServerQueue] Try to append 1 batches web console lines for record '791a6142-ec4a-4d89-b460-8f0b094b7a05', success rate: 1/1.
[2026-08-30 11:46:44Z INFO JobServerQueue] Try to append 1 batches web console lines for record '791a6142-ec4a-4d89-b460-8f0b094b7a05', success rate: 1/1.
[2026-08-30 11:46:44Z INFO JobServerQueue] Try to append 1 batches web console lines for record '791a6142-ec4a-4d89-b460-8f0b094b7a05', success rate: 1/1.
[2026-08-30 11:46:44Z INFO JobServerQueue] Try to append 1 batches web console lines for record '791a6142-ec4a-4d89-b460-8f0b094b7a05', success rate: 1/1.
[2026-08-30 11:46:44Z INFO JobServerQueue] Try to append 1 batches web console lines for record '791a6142-ec4a-4d89-b460-8f0b094b7a05', success rate: 1/1.
[2026-08-30 11:46:45Z INFO JobServerQueue] Try to append 1 batches web console lines for record '791a6142-ec4a-4d89-b460-8f0b094b7a05', success rate: 1/1.
[2026-08-30 11:46:45Z INFO JobServerQueue] Try to append 1 batches web console lines for record '791a6142-ec4a-4d89-b460-8f0b094b7a05', success rate: 1/1.
[2026-08-30 11:46:45Z INFO JobServerQueue] Try to append 1 batches web console lines for record '791a6142-ec4a-4d89-b460-8f0b094b7a05', success rate: 1/1.
[2026-08-30 11:46:45Z INFO JobServerQueue] Try to append 1 batches web console lines for record '791a6142-ec4a-4d89-b460-8f0b094b7a05', success rate: 1/1.
[2026-08-30 11:46:46Z INFO JobServerQueue] Try to append 1 batches web console lines for record '791a6142-ec4a-4d89-b460-8f0b094b7a05', success rate: 1/1.
[2026-08-30 11:46:46Z INFO JobServerQueue] Try to append 1 batches web console lines for record '791a6142-ec4a-4d89-b460-8f0b094b7a05', success rate: 1/1.
[2026-08-30 11:46:46Z INFO JobServerQueue] Try to append 1 batches web console lines for record '791a6142-ec4a-4d89-b460-8f0b094b7a05', success rate: 1/1.
[2026-08-30 11:46:46Z INFO JobServerQueue] Try to append 1 batches web console lines for record '791a6142-ec4a-4d89-b460-8f0b094b7a05', success rate: 1/1.
[2026-08-30 11:46:47Z INFO JobServerQueue] Try to append 1 batches web console lines for record '791a6142-ec4a-4d89-b460-8f0b094b7a05', success rate: 1/1.
[2026-08-30 11:46:47Z INFO JobServerQueue] Try to append 1 batches web console lines for record '791a6142-ec4a-4d89-b460-8f0b094b7a05', success rate: 1/1.
[2026-08-30 11:46:47Z INFO JobServerQueue] Try to append 1 batches web console lines for record '791a6142-ec4a-4d89-b460-8f0b094b7a05', success rate: 1/1.
[2026-08-30 11:46:47Z INFO JobServerQueue] Try to append 1 batches web console lines for record '791a6142-ec4a-4d89-b460-8f0b094b7a05', success rate: 1/1.
[2026-08-30 11:46:48Z INFO JobServerQueue] Try to append 1 batches web console lines for record '791a6142-ec4a-4d89-b460-8f0b094b7a05', success rate: 1/1.
[2026-08-30 11:46:48Z INFO JobServerQueue] Try to append 1 batches web console lines for record '791a6142-ec4a-4d89-b460-8f0b094b7a05', success rate: 1/1.
[2026-08-30 11:46:48Z INFO JobServerQueue] Try to append 1 batches web console lines for record '791a6142-ec4a-4d89-b460-8f0b094b7a05', success rate: 1/1.
[2026-08-30 11:46:48Z INFO JobServerQueue] Try to append 1 batches web console lines for record '791a6142-ec4a-4d89-b460-8f0b094b7a05', success rate: 1/1.
[2026-08-30 11:46:49Z INFO JobServerQueue] Try to append 1 batches web console lines for record '791a6142-ec4a-4d89-b460-8f0b094b7a05', success rate: 1/1.
[2026-08-30 11:46:49Z INFO JobServerQueue] Try to append 1 batches web console lines for record '791a6142-ec4a-4d89-b460-8f0b094b7a05', success rate: 1/1.
[2026-08-30 11:46:49Z INFO JobServerQueue] Try to append 1 batches web console lines for record '791a6142-ec4a-4d89-b460-8f0b094b7a05', success rate: 1/1.
[2026-08-30 11:46:49Z INFO JobServerQueue] Try to append 1 batches web console lines for record '791a6142-ec4a-4d89-b460-8f0b094b7a05', success rate: 1/1.
[2026-08-30 11:46:50Z INFO JobServerQueue] Try to append 1 batches web console lines for record '791a6142-ec4a-4d89-b460-8f0b094b7a05', success rate: 1/1.
[2026-08-30 11:46:50Z INFO JobServerQueue] Try to append 1 batches web console lines for record '791a6142-ec4a-4d89-b460-8f0b094b7a05', success rate: 1/1.
[2026-08-30 11:46:50Z INFO JobServerQueue] Try to append 1 batches web console lines for record '791a6142-ec4a-4d89-b460-8f0b094b7a05', success rate: 1/1.
[2026-08-30 11:46:50Z INFO JobServerQueue] Try to append 1 batches web console lines for record '791a6142-ec4a-4d89-b460-8f0b094b7a05', success rate: 1/1.
[2026-08-30 11:46:51Z INFO JobServerQueue] Try to append 1 batches web console lines for record '791a6142-ec4a-4d89-b460-8f0b094b7a05', success rate: 1/1.
[2026-08-30 11:46:51Z INFO JobServerQueue] Try to append 1 batches web console lines for record '791a6142-ec4a-4d89-b460-8f0b094b7a05', success rate: 1/1.
[2026-08-30 11:46:51Z INFO JobServerQueue] Try to append 1 batches web console lines for record '791a6142-ec4a-4d89-b460-8f0b094b7a05', success rate: 1/1.
[2026-08-30 11:46:51Z INFO HostContext] Well known directory 'Bin': 'C:\Users\krish\Documents\BITS\mlops-project\actions-runner\bin'
[2026-08-30 11:46:51Z INFO HostContext] Well known directory 'Root': 'C:\Users\krish\Documents\BITS\mlops-project\actions-runner'
[2026-08-30 11:46:51Z INFO HostContext] Well known directory 'Work': 'C:\Users\krish\Documents\BITS\mlops-project\actions-runner\_work'
[2026-08-30 11:46:52Z INFO JobServerQueue] Try to append 1 batches web console lines for record '791a6142-ec4a-4d89-b460-8f0b094b7a05', success rate: 1/1.
[2026-08-30 11:46:52Z INFO JobServerQueue] Try to append 1 batches web console lines for record '791a6142-ec4a-4d89-b460-8f0b094b7a05', success rate: 1/1.
[2026-08-30 11:46:52Z INFO JobServerQueue] Try to append 1 batches web console lines for record '791a6142-ec4a-4d89-b460-8f0b094b7a05', success rate: 1/1.
[2026-08-30 11:46:52Z INFO JobServerQueue] Try to append 1 batches web console lines for record '791a6142-ec4a-4d89-b460-8f0b094b7a05', success rate: 1/1.
[2026-08-30 11:46:53Z INFO JobServerQueue] Try to append 1 batches web console lines for record '791a6142-ec4a-4d89-b460-8f0b094b7a05', success rate: 1/1.
[2026-08-30 11:46:53Z INFO JobServerQueue] Try to append 1 batches web console lines for record '791a6142-ec4a-4d89-b460-8f0b094b7a05', success rate: 1/1.
[2026-08-30 11:46:53Z INFO JobServerQueue] Try to append 1 batches web console lines for record '791a6142-ec4a-4d89-b460-8f0b094b7a05', success rate: 1/1.
[2026-08-30 11:46:53Z INFO JobServerQueue] Try to append 1 batches web console lines for record '791a6142-ec4a-4d89-b460-8f0b094b7a05', success rate: 1/1.
[2026-08-30 11:46:54Z INFO JobServerQueue] Try to append 1 batches web console lines for record '791a6142-ec4a-4d89-b460-8f0b094b7a05', success rate: 1/1.
[2026-08-30 11:46:54Z INFO JobServerQueue] Try to append 1 batches web console lines for record '791a6142-ec4a-4d89-b460-8f0b094b7a05', success rate: 1/1.
[2026-08-30 11:46:54Z INFO JobServerQueue] Try to append 1 batches web console lines for record '791a6142-ec4a-4d89-b460-8f0b094b7a05', success rate: 1/1.
[2026-08-30 11:46:54Z INFO JobServerQueue] Try to append 1 batches web console lines for record '791a6142-ec4a-4d89-b460-8f0b094b7a05', success rate: 1/1.
[2026-08-30 11:46:55Z INFO JobServerQueue] Try to append 1 batches web console lines for record '791a6142-ec4a-4d89-b460-8f0b094b7a05', success rate: 1/1.
[2026-08-30 11:46:55Z INFO JobServerQueue] Try to append 1 batches web console lines for record '791a6142-ec4a-4d89-b460-8f0b094b7a05', success rate: 1/1.
[2026-08-30 11:46:55Z INFO JobServerQueue] Try to append 1 batches web console lines for record '791a6142-ec4a-4d89-b460-8f0b094b7a05', success rate: 1/1.
[2026-08-30 11:46:55Z INFO JobServerQueue] Try to append 1 batches web console lines for record '791a6142-ec4a-4d89-b460-8f0b094b7a05', success rate: 1/1.
[2026-08-30 11:46:56Z INFO JobServerQueue] Try to append 1 batches web console lines for record '791a6142-ec4a-4d89-b460-8f0b094b7a05', success rate: 1/1.
[2026-08-30 11:46:56Z INFO JobServerQueue] Try to append 1 batches web console lines for record '791a6142-ec4a-4d89-b460-8f0b094b7a05', success rate: 1/1.
[2026-08-30 11:46:56Z INFO JobServerQueue] Try to append 1 batches web console lines for record '791a6142-ec4a-4d89-b460-8f0b094b7a05', success rate: 1/1.
[2026-08-30 11:46:57Z INFO JobServerQueue] Try to append 1 batches web console lines for record '791a6142-ec4a-4d89-b460-8f0b094b7a05', success rate: 1/1.
[2026-08-30 11:46:57Z INFO JobServerQueue] Try to append 1 batches web console lines for record '791a6142-ec4a-4d89-b460-8f0b094b7a05', success rate: 1/1.
[2026-08-30 11:46:57Z INFO JobServerQueue] Try to append 1 batches web console lines for record '791a6142-ec4a-4d89-b460-8f0b094b7a05', success rate: 1/1.
[2026-08-30 11:46:57Z INFO JobServerQueue] Try to append 1 batches web console lines for record '791a6142-ec4a-4d89-b460-8f0b094b7a05', success rate: 1/1.
[2026-08-30 11:46:58Z INFO JobServerQueue] Try to append 1 batches web console lines for record '791a6142-ec4a-4d89-b460-8f0b094b7a05', success rate: 1/1.
[2026-08-30 11:46:58Z INFO JobServerQueue] Try to append 1 batches web console lines for record '791a6142-ec4a-4d89-b460-8f0b094b7a05', success rate: 1/1.
[2026-08-30 11:46:58Z INFO JobServerQueue] Try to append 1 batches web console lines for record '791a6142-ec4a-4d89-b460-8f0b094b7a05', success rate: 1/1.
[2026-08-30 11:46:58Z INFO JobServerQueue] Try to append 1 batches web console lines for record '791a6142-ec4a-4d89-b460-8f0b094b7a05', success rate: 1/1.
[2026-08-30 11:46:59Z INFO JobServerQueue] Try to append 1 batches web console lines for record '791a6142-ec4a-4d89-b460-8f0b094b7a05', success rate: 1/1.
[2026-08-30 11:46:59Z INFO JobServerQueue] Try to append 1 batches web console lines for record '791a6142-ec4a-4d89-b460-8f0b094b7a05', success rate: 1/1.
[2026-08-30 11:46:59Z INFO JobServerQueue] Try to append 1 batches web console lines for record '791a6142-ec4a-4d89-b460-8f0b094b7a05', success rate: 1/1.
[2026-08-30 11:46:59Z INFO JobServerQueue] Try to append 1 batches web console lines for record '791a6142-ec4a-4d89-b460-8f0b094b7a05', success rate: 1/1.
[2026-08-30 11:47:00Z INFO JobServerQueue] Try to append 1 batches web console lines for record '791a6142-ec4a-4d89-b460-8f0b094b7a05', success rate: 1/1.
[2026-08-30 11:47:00Z INFO JobServerQueue] Try to append 1 batches web console lines for record '791a6142-ec4a-4d89-b460-8f0b094b7a05', success rate: 1/1.
[2026-08-30 11:47:00Z INFO JobServerQueue] Try to append 1 batches web console lines for record '791a6142-ec4a-4d89-b460-8f0b094b7a05', success rate: 1/1.
[2026-08-30 11:47:00Z INFO JobServerQueue] Try to append 1 batches web console lines for record '791a6142-ec4a-4d89-b460-8f0b094b7a05', success rate: 1/1.
[2026-08-30 11:47:01Z INFO JobServerQueue] Try to append 1 batches web console lines for record '791a6142-ec4a-4d89-b460-8f0b094b7a05', success rate: 1/1.
[2026-08-30 11:47:01Z INFO JobServerQueue] Try to append 1 batches web console lines for record '791a6142-ec4a-4d89-b460-8f0b094b7a05', success rate: 1/1.
[2026-08-30 11:47:01Z INFO JobServerQueue] Try to append 1 batches web console lines for record '791a6142-ec4a-4d89-b460-8f0b094b7a05', success rate: 1/1.
[2026-08-30 11:47:01Z INFO HostContext] Well known directory 'Bin': 'C:\Users\krish\Documents\BITS\mlops-project\actions-runner\bin'
[2026-08-30 11:47:01Z INFO HostContext] Well known directory 'Root': 'C:\Users\krish\Documents\BITS\mlops-project\actions-runner'
[2026-08-30 11:47:01Z INFO HostContext] Well known directory 'Work': 'C:\Users\krish\Documents\BITS\mlops-project\actions-runner\_work'
[2026-08-30 11:47:01Z INFO JobServerQueue] Try to append 1 batches web console lines for record '791a6142-ec4a-4d89-b460-8f0b094b7a05', success rate: 1/1.
[2026-08-30 11:47:02Z INFO JobServerQueue] Try to append 1 batches web console lines for record '791a6142-ec4a-4d89-b460-8f0b094b7a05', success rate: 1/1.
[2026-08-30 11:47:02Z INFO JobServerQueue] Try to append 1 batches web console lines for record '791a6142-ec4a-4d89-b460-8f0b094b7a05', success rate: 1/1.
[2026-08-30 11:47:02Z INFO JobServerQueue] Try to append 1 batches web console lines for record '791a6142-ec4a-4d89-b460-8f0b094b7a05', success rate: 1/1.
[2026-08-30 11:47:03Z INFO JobServerQueue] Try to append 1 batches web console lines for record '791a6142-ec4a-4d89-b460-8f0b094b7a05', success rate: 1/1.
[2026-08-30 11:47:03Z INFO JobServerQueue] Try to append 1 batches web console lines for record '791a6142-ec4a-4d89-b460-8f0b094b7a05', success rate: 1/1.
[2026-08-30 11:47:03Z INFO JobServerQueue] Try to append 1 batches web console lines for record '791a6142-ec4a-4d89-b460-8f0b094b7a05', success rate: 1/1.
[2026-08-30 11:47:03Z INFO JobServerQueue] Try to append 1 batches web console lines for record '791a6142-ec4a-4d89-b460-8f0b094b7a05', success rate: 1/1.
[2026-08-30 11:47:04Z INFO JobServerQueue] Try to append 1 batches web console lines for record '791a6142-ec4a-4d89-b460-8f0b094b7a05', success rate: 1/1.
[2026-08-30 11:47:04Z INFO JobServerQueue] Try to append 1 batches web console lines for record '791a6142-ec4a-4d89-b460-8f0b094b7a05', success rate: 1/1.
[2026-08-30 11:47:04Z INFO JobServerQueue] Try to append 1 batches web console lines for record '791a6142-ec4a-4d89-b460-8f0b094b7a05', success rate: 1/1.
[2026-08-30 11:47:04Z INFO JobServerQueue] Try to append 1 batches web console lines for record '791a6142-ec4a-4d89-b460-8f0b094b7a05', success rate: 1/1.
[2026-08-30 11:47:05Z INFO JobServerQueue] Try to append 1 batches web console lines for record '791a6142-ec4a-4d89-b460-8f0b094b7a05', success rate: 1/1.
[2026-08-30 11:47:05Z INFO JobServerQueue] Try to append 1 batches web console lines for record '791a6142-ec4a-4d89-b460-8f0b094b7a05', success rate: 1/1.
[2026-08-30 11:47:05Z INFO JobServerQueue] Try to append 1 batches web console lines for record '791a6142-ec4a-4d89-b460-8f0b094b7a05', success rate: 1/1.
[2026-08-30 11:47:05Z INFO JobServerQueue] Try to append 1 batches web console lines for record '791a6142-ec4a-4d89-b460-8f0b094b7a05', success rate: 1/1.
[2026-08-30 11:47:06Z INFO JobServerQueue] Try to append 1 batches web console lines for record '791a6142-ec4a-4d89-b460-8f0b094b7a05', success rate: 1/1.
[2026-08-30 11:47:06Z INFO JobServerQueue] Try to append 1 batches web console lines for record '791a6142-ec4a-4d89-b460-8f0b094b7a05', success rate: 1/1.
[2026-08-30 11:47:06Z INFO JobServerQueue] Try to append 1 batches web console lines for record '791a6142-ec4a-4d89-b460-8f0b094b7a05', success rate: 1/1.
[2026-08-30 11:47:06Z INFO JobServerQueue] Try to append 1 batches web console lines for record '791a6142-ec4a-4d89-b460-8f0b094b7a05', success rate: 1/1.
[2026-08-30 11:47:07Z INFO JobServerQueue] Try to append 1 batches web console lines for record '791a6142-ec4a-4d89-b460-8f0b094b7a05', success rate: 1/1.
[2026-08-30 11:47:07Z INFO JobServerQueue] Try to append 1 batches web console lines for record '791a6142-ec4a-4d89-b460-8f0b094b7a05', success rate: 1/1.
[2026-08-30 11:47:07Z INFO JobServerQueue] Try to append 1 batches web console lines for record '791a6142-ec4a-4d89-b460-8f0b094b7a05', success rate: 1/1.
[2026-08-30 11:47:07Z INFO JobServerQueue] Try to append 1 batches web console lines for record '791a6142-ec4a-4d89-b460-8f0b094b7a05', success rate: 1/1.
[2026-08-30 11:47:08Z INFO JobServerQueue] Try to append 1 batches web console lines for record '791a6142-ec4a-4d89-b460-8f0b094b7a05', success rate: 1/1.
[2026-08-30 11:47:08Z INFO JobServerQueue] Try to append 1 batches web console lines for record '791a6142-ec4a-4d89-b460-8f0b094b7a05', success rate: 1/1.
[2026-08-30 11:47:08Z INFO JobServerQueue] Try to append 1 batches web console lines for record '791a6142-ec4a-4d89-b460-8f0b094b7a05', success rate: 1/1.
[2026-08-30 11:47:09Z INFO JobServerQueue] Try to append 1 batches web console lines for record '791a6142-ec4a-4d89-b460-8f0b094b7a05', success rate: 1/1.
[2026-08-30 11:47:09Z INFO JobServerQueue] Try to append 1 batches web console lines for record '791a6142-ec4a-4d89-b460-8f0b094b7a05', success rate: 1/1.
[2026-08-30 11:47:09Z INFO JobServerQueue] Try to append 1 batches web console lines for record '791a6142-ec4a-4d89-b460-8f0b094b7a05', success rate: 1/1.
[2026-08-30 11:47:09Z INFO JobServerQueue] Try to append 1 batches web console lines for record '791a6142-ec4a-4d89-b460-8f0b094b7a05', success rate: 1/1.
[2026-08-30 11:47:10Z INFO JobServerQueue] Try to append 1 batches web console lines for record '791a6142-ec4a-4d89-b460-8f0b094b7a05', success rate: 1/1.
[2026-08-30 11:47:10Z INFO JobServerQueue] Try to append 1 batches web console lines for record '791a6142-ec4a-4d89-b460-8f0b094b7a05', success rate: 1/1.
[2026-08-30 11:47:10Z INFO JobServerQueue] Try to append 1 batches web console lines for record '791a6142-ec4a-4d89-b460-8f0b094b7a05', success rate: 1/1.
[2026-08-30 11:47:10Z INFO JobServerQueue] Try to append 1 batches web console lines for record '791a6142-ec4a-4d89-b460-8f0b094b7a05', success rate: 1/1.
[2026-08-30 11:47:11Z INFO JobServerQueue] Try to append 1 batches web console lines for record '791a6142-ec4a-4d89-b460-8f0b094b7a05', success rate: 1/1.
[2026-08-30 11:47:11Z INFO JobServerQueue] Try to append 1 batches web console lines for record '791a6142-ec4a-4d89-b460-8f0b094b7a05', success rate: 1/1.
[2026-08-30 11:47:11Z INFO JobServerQueue] Try to append 1 batches web console lines for record '791a6142-ec4a-4d89-b460-8f0b094b7a05', success rate: 1/1.
[2026-08-30 11:47:11Z INFO HostContext] Well known directory 'Bin': 'C:\Users\krish\Documents\BITS\mlops-project\actions-runner\bin'
[2026-08-30 11:47:11Z INFO HostContext] Well known directory 'Root': 'C:\Users\krish\Documents\BITS\mlops-project\actions-runner'
[2026-08-30 11:47:11Z INFO HostContext] Well known directory 'Work': 'C:\Users\krish\Documents\BITS\mlops-project\actions-runner\_work'
[2026-08-30 11:47:11Z INFO JobServerQueue] Try to append 1 batches web console lines for record '791a6142-ec4a-4d89-b460-8f0b094b7a05', success rate: 1/1.
[2026-08-30 11:47:12Z INFO JobServerQueue] Try to append 1 batches web console lines for record '791a6142-ec4a-4d89-b460-8f0b094b7a05', success rate: 1/1.
[2026-08-30 11:47:12Z INFO JobServerQueue] Try to append 1 batches web console lines for record '791a6142-ec4a-4d89-b460-8f0b094b7a05', success rate: 1/1.
[2026-08-30 11:47:12Z INFO JobServerQueue] Try to append 1 batches web console lines for record '791a6142-ec4a-4d89-b460-8f0b094b7a05', success rate: 1/1.
[2026-08-30 11:47:12Z INFO JobServerQueue] Try to append 1 batches web console lines for record '791a6142-ec4a-4d89-b460-8f0b094b7a05', success rate: 1/1.
[2026-08-30 11:47:13Z INFO JobServerQueue] Try to append 1 batches web console lines for record '791a6142-ec4a-4d89-b460-8f0b094b7a05', success rate: 1/1.
[2026-08-30 11:47:13Z INFO JobServerQueue] Try to append 1 batches web console lines for record '791a6142-ec4a-4d89-b460-8f0b094b7a05', success rate: 1/1.
[2026-08-30 11:47:13Z INFO JobServerQueue] Try to append 1 batches web console lines for record '791a6142-ec4a-4d89-b460-8f0b094b7a05', success rate: 1/1.
[2026-08-30 11:47:13Z INFO JobServerQueue] Try to append 1 batches web console lines for record '791a6142-ec4a-4d89-b460-8f0b094b7a05', success rate: 1/1.
[2026-08-30 11:47:14Z INFO JobServerQueue] Try to append 1 batches web console lines for record '791a6142-ec4a-4d89-b460-8f0b094b7a05', success rate: 1/1.
[2026-08-30 11:47:14Z INFO JobServerQueue] Try to append 1 batches web console lines for record '791a6142-ec4a-4d89-b460-8f0b094b7a05', success rate: 1/1.
[2026-08-30 11:47:14Z INFO JobServerQueue] Try to append 1 batches web console lines for record '791a6142-ec4a-4d89-b460-8f0b094b7a05', success rate: 1/1.
[2026-08-30 11:47:14Z INFO JobServerQueue] Try to append 1 batches web console lines for record '791a6142-ec4a-4d89-b460-8f0b094b7a05', success rate: 1/1.
[2026-08-30 11:47:15Z INFO JobServerQueue] Try to append 1 batches web console lines for record '791a6142-ec4a-4d89-b460-8f0b094b7a05', success rate: 1/1.
[2026-08-30 11:47:15Z INFO JobServerQueue] Try to append 1 batches web console lines for record '791a6142-ec4a-4d89-b460-8f0b094b7a05', success rate: 1/1.
[2026-08-30 11:47:15Z INFO JobServerQueue] Try to append 1 batches web console lines for record '791a6142-ec4a-4d89-b460-8f0b094b7a05', success rate: 1/1.
[2026-08-30 11:47:16Z INFO JobServerQueue] Try to append 1 batches web console lines for record '791a6142-ec4a-4d89-b460-8f0b094b7a05', success rate: 1/1.
[2026-08-30 11:47:16Z INFO JobServerQueue] Try to append 1 batches web console lines for record '791a6142-ec4a-4d89-b460-8f0b094b7a05', success rate: 1/1.
[2026-08-30 11:47:16Z INFO JobServerQueue] Try to append 1 batches web console lines for record '791a6142-ec4a-4d89-b460-8f0b094b7a05', success rate: 1/1.
[2026-08-30 11:47:16Z INFO JobServerQueue] Try to append 1 batches web console lines for record '791a6142-ec4a-4d89-b460-8f0b094b7a05', success rate: 1/1.
[2026-08-30 11:47:17Z INFO JobServerQueue] Try to append 1 batches web console lines for record '791a6142-ec4a-4d89-b460-8f0b094b7a05', success rate: 1/1.
[2026-08-30 11:47:17Z INFO JobServerQueue] Try to append 1 batches web console lines for record '791a6142-ec4a-4d89-b460-8f0b094b7a05', success rate: 1/1.
[2026-08-30 11:47:17Z INFO JobServerQueue] Try to append 1 batches web console lines for record '791a6142-ec4a-4d89-b460-8f0b094b7a05', success rate: 1/1.
[2026-08-30 11:47:17Z INFO JobServerQueue] Try to append 1 batches web console lines for record '791a6142-ec4a-4d89-b460-8f0b094b7a05', success rate: 1/1.
[2026-08-30 11:47:18Z INFO JobServerQueue] Try to append 1 batches web console lines for record '791a6142-ec4a-4d89-b460-8f0b094b7a05', success rate: 1/1.
[2026-08-30 11:47:18Z INFO JobServerQueue] Try to append 1 batches web console lines for record '791a6142-ec4a-4d89-b460-8f0b094b7a05', success rate: 1/1.
[2026-08-30 11:47:18Z INFO JobServerQueue] Try to append 1 batches web console lines for record '791a6142-ec4a-4d89-b460-8f0b094b7a05', success rate: 1/1.
[2026-08-30 11:47:18Z INFO JobServerQueue] Try to append 1 batches web console lines for record '791a6142-ec4a-4d89-b460-8f0b094b7a05', success rate: 1/1.
[2026-08-30 11:47:19Z INFO JobServerQueue] Try to append 1 batches web console lines for record '791a6142-ec4a-4d89-b460-8f0b094b7a05', success rate: 1/1.
[2026-08-30 11:47:19Z INFO JobServerQueue] Try to append 1 batches web console lines for record '791a6142-ec4a-4d89-b460-8f0b094b7a05', success rate: 1/1.
[2026-08-30 11:47:19Z INFO JobServerQueue] Try to append 1 batches web console lines for record '791a6142-ec4a-4d89-b460-8f0b094b7a05', success rate: 1/1.
[2026-08-30 11:47:19Z INFO JobServerQueue] Try to append 1 batches web console lines for record '791a6142-ec4a-4d89-b460-8f0b094b7a05', success rate: 1/1.
[2026-08-30 11:47:20Z INFO JobServerQueue] Try to append 1 batches web console lines for record '791a6142-ec4a-4d89-b460-8f0b094b7a05', success rate: 1/1.
[2026-08-30 11:47:20Z INFO JobServerQueue] Try to append 1 batches web console lines for record '791a6142-ec4a-4d89-b460-8f0b094b7a05', success rate: 1/1.
[2026-08-30 11:47:20Z INFO JobServerQueue] Stop aggressive process web console line queue.
[2026-08-30 11:47:20Z INFO JobServerQueue] Try to append 1 batches web console lines for record '791a6142-ec4a-4d89-b460-8f0b094b7a05', success rate: 1/1.
[2026-08-30 11:47:21Z INFO JobServerQueue] Try to append 1 batches web console lines for record '791a6142-ec4a-4d89-b460-8f0b094b7a05', success rate: 1/1.
[2026-08-30 11:47:21Z INFO JobServerQueue] Try to append 1 batches web console lines for record '791a6142-ec4a-4d89-b460-8f0b094b7a05', success rate: 1/1.
[2026-08-30 11:47:21Z INFO HostContext] Well known directory 'Bin': 'C:\Users\krish\Documents\BITS\mlops-project\actions-runner\bin'
[2026-08-30 11:47:21Z INFO HostContext] Well known directory 'Root': 'C:\Users\krish\Documents\BITS\mlops-project\actions-runner'
[2026-08-30 11:47:21Z INFO HostContext] Well known directory 'Work': 'C:\Users\krish\Documents\BITS\mlops-project\actions-runner\_work'
[2026-08-30 11:47:22Z INFO JobServerQueue] Try to append 1 batches web console lines for record '791a6142-ec4a-4d89-b460-8f0b094b7a05', success rate: 1/1.
[2026-08-30 11:47:22Z INFO JobServerQueue] Try to append 1 batches web console lines for record '791a6142-ec4a-4d89-b460-8f0b094b7a05', success rate: 1/1.
[2026-08-30 11:47:23Z INFO JobServerQueue] Try to append 1 batches web console lines for record '791a6142-ec4a-4d89-b460-8f0b094b7a05', success rate: 1/1.
[2026-08-30 11:47:23Z INFO JobServerQueue] Try to append 1 batches web console lines for record '791a6142-ec4a-4d89-b460-8f0b094b7a05', success rate: 1/1.
[2026-08-30 11:47:24Z INFO JobServerQueue] Try to append 1 batches web console lines for record '791a6142-ec4a-4d89-b460-8f0b094b7a05', success rate: 1/1.
[2026-08-30 11:47:24Z INFO JobServerQueue] Try to append 1 batches web console lines for record '791a6142-ec4a-4d89-b460-8f0b094b7a05', success rate: 1/1.
[2026-08-30 11:47:25Z INFO JobServerQueue] Try to append 1 batches web console lines for record '791a6142-ec4a-4d89-b460-8f0b094b7a05', success rate: 1/1.
[2026-08-30 11:47:25Z INFO JobServerQueue] Try to append 1 batches web console lines for record '791a6142-ec4a-4d89-b460-8f0b094b7a05', success rate: 1/1.
[2026-08-30 11:47:26Z INFO JobServerQueue] Try to append 1 batches web console lines for record '791a6142-ec4a-4d89-b460-8f0b094b7a05', success rate: 1/1.
[2026-08-30 11:47:26Z INFO JobServerQueue] Try to append 1 batches web console lines for record '791a6142-ec4a-4d89-b460-8f0b094b7a05', success rate: 1/1.
[2026-08-30 11:47:27Z INFO JobServerQueue] Try to append 1 batches web console lines for record '791a6142-ec4a-4d89-b460-8f0b094b7a05', success rate: 1/1.
[2026-08-30 11:47:27Z INFO JobServerQueue] Try to append 1 batches web console lines for record '791a6142-ec4a-4d89-b460-8f0b094b7a05', success rate: 1/1.
[2026-08-30 11:47:28Z INFO JobServerQueue] Try to append 1 batches web console lines for record '791a6142-ec4a-4d89-b460-8f0b094b7a05', success rate: 1/1.
[2026-08-30 11:47:28Z INFO JobServerQueue] Try to append 1 batches web console lines for record '791a6142-ec4a-4d89-b460-8f0b094b7a05', success rate: 1/1.
[2026-08-30 11:47:29Z INFO JobServerQueue] Try to append 1 batches web console lines for record '791a6142-ec4a-4d89-b460-8f0b094b7a05', success rate: 1/1.
[2026-08-30 11:47:29Z INFO JobServerQueue] Try to append 1 batches web console lines for record '791a6142-ec4a-4d89-b460-8f0b094b7a05', success rate: 1/1.
[2026-08-30 11:47:30Z INFO JobServerQueue] Try to append 1 batches web console lines for record '791a6142-ec4a-4d89-b460-8f0b094b7a05', success rate: 1/1.
[2026-08-30 11:47:31Z INFO JobServerQueue] Try to append 1 batches web console lines for record '791a6142-ec4a-4d89-b460-8f0b094b7a05', success rate: 1/1.
[2026-08-30 11:47:31Z INFO JobServerQueue] Try to append 1 batches web console lines for record '791a6142-ec4a-4d89-b460-8f0b094b7a05', success rate: 1/1.
[2026-08-30 11:47:31Z INFO HostContext] Well known directory 'Bin': 'C:\Users\krish\Documents\BITS\mlops-project\actions-runner\bin'
[2026-08-30 11:47:31Z INFO HostContext] Well known directory 'Root': 'C:\Users\krish\Documents\BITS\mlops-project\actions-runner'
[2026-08-30 11:47:31Z INFO HostContext] Well known directory 'Work': 'C:\Users\krish\Documents\BITS\mlops-project\actions-runner\_work'
[2026-08-30 11:47:32Z INFO JobServerQueue] Try to append 1 batches web console lines for record '791a6142-ec4a-4d89-b460-8f0b094b7a05', success rate: 1/1.
[2026-08-30 11:47:32Z INFO JobServerQueue] Try to append 1 batches web console lines for record '791a6142-ec4a-4d89-b460-8f0b094b7a05', success rate: 1/1.
[2026-08-30 11:47:33Z INFO JobServerQueue] Try to append 1 batches web console lines for record '791a6142-ec4a-4d89-b460-8f0b094b7a05', success rate: 1/1.
[2026-08-30 11:47:33Z INFO JobServerQueue] Try to append 1 batches web console lines for record '791a6142-ec4a-4d89-b460-8f0b094b7a05', success rate: 1/1.
[2026-08-30 11:47:34Z INFO JobServerQueue] Try to append 1 batches web console lines for record '791a6142-ec4a-4d89-b460-8f0b094b7a05', success rate: 1/1.
[2026-08-30 11:47:34Z INFO JobServerQueue] Try to append 1 batches web console lines for record '791a6142-ec4a-4d89-b460-8f0b094b7a05', success rate: 1/1.
[2026-08-30 11:47:35Z INFO JobServerQueue] Try to append 1 batches web console lines for record '791a6142-ec4a-4d89-b460-8f0b094b7a05', success rate: 1/1.
[2026-08-30 11:47:35Z INFO JobServerQueue] Try to append 1 batches web console lines for record '791a6142-ec4a-4d89-b460-8f0b094b7a05', success rate: 1/1.
[2026-08-30 11:47:36Z INFO JobServerQueue] Try to append 1 batches web console lines for record '791a6142-ec4a-4d89-b460-8f0b094b7a05', success rate: 1/1.
[2026-08-30 11:47:36Z INFO JobServerQueue] Try to append 1 batches web console lines for record '791a6142-ec4a-4d89-b460-8f0b094b7a05', success rate: 1/1.
[2026-08-30 11:47:37Z INFO JobServerQueue] Try to append 1 batches web console lines for record '791a6142-ec4a-4d89-b460-8f0b094b7a05', success rate: 1/1.
[2026-08-30 11:47:37Z INFO JobServerQueue] Try to append 1 batches web console lines for record '791a6142-ec4a-4d89-b460-8f0b094b7a05', success rate: 1/1.
[2026-08-30 11:47:38Z INFO JobServerQueue] Try to append 1 batches web console lines for record '791a6142-ec4a-4d89-b460-8f0b094b7a05', success rate: 1/1.
[2026-08-30 11:47:38Z INFO JobServerQueue] Try to append 1 batches web console lines for record '791a6142-ec4a-4d89-b460-8f0b094b7a05', success rate: 1/1.
[2026-08-30 11:47:39Z INFO JobServerQueue] Try to append 1 batches web console lines for record '791a6142-ec4a-4d89-b460-8f0b094b7a05', success rate: 1/1.
[2026-08-30 11:47:39Z INFO JobServerQueue] Try to append 1 batches web console lines for record '791a6142-ec4a-4d89-b460-8f0b094b7a05', success rate: 1/1.
[2026-08-30 11:47:40Z INFO JobServerQueue] Try to append 1 batches web console lines for record '791a6142-ec4a-4d89-b460-8f0b094b7a05', success rate: 1/1.
[2026-08-30 11:47:40Z INFO JobServerQueue] Try to append 1 batches web console lines for record '791a6142-ec4a-4d89-b460-8f0b094b7a05', success rate: 1/1.
[2026-08-30 11:47:41Z INFO JobServerQueue] Try to append 1 batches web console lines for record '791a6142-ec4a-4d89-b460-8f0b094b7a05', success rate: 1/1.
[2026-08-30 11:47:41Z INFO JobServerQueue] Try to append 1 batches web console lines for record '791a6142-ec4a-4d89-b460-8f0b094b7a05', success rate: 1/1.
[2026-08-30 11:47:41Z INFO HostContext] Well known directory 'Bin': 'C:\Users\krish\Documents\BITS\mlops-project\actions-runner\bin'
[2026-08-30 11:47:41Z INFO HostContext] Well known directory 'Root': 'C:\Users\krish\Documents\BITS\mlops-project\actions-runner'
[2026-08-30 11:47:41Z INFO HostContext] Well known directory 'Work': 'C:\Users\krish\Documents\BITS\mlops-project\actions-runner\_work'
[2026-08-30 11:47:42Z INFO JobServerQueue] Try to append 1 batches web console lines for record '791a6142-ec4a-4d89-b460-8f0b094b7a05', success rate: 1/1.
[2026-08-30 11:47:42Z INFO JobServerQueue] Try to append 1 batches web console lines for record '791a6142-ec4a-4d89-b460-8f0b094b7a05', success rate: 1/1.
[2026-08-30 11:47:43Z INFO JobServerQueue] Try to append 1 batches web console lines for record '791a6142-ec4a-4d89-b460-8f0b094b7a05', success rate: 1/1.
[2026-08-30 11:47:44Z INFO JobServerQueue] Try to append 1 batches web console lines for record '791a6142-ec4a-4d89-b460-8f0b094b7a05', success rate: 1/1.
[2026-08-30 11:47:44Z INFO JobServerQueue] Try to append 1 batches web console lines for record '791a6142-ec4a-4d89-b460-8f0b094b7a05', success rate: 1/1.
[2026-08-30 11:47:45Z INFO JobServerQueue] Try to append 1 batches web console lines for record '791a6142-ec4a-4d89-b460-8f0b094b7a05', success rate: 1/1.
[2026-08-30 11:47:45Z INFO JobServerQueue] Try to append 1 batches web console lines for record '791a6142-ec4a-4d89-b460-8f0b094b7a05', success rate: 1/1.
[2026-08-30 11:47:46Z INFO JobServerQueue] Try to append 1 batches web console lines for record '791a6142-ec4a-4d89-b460-8f0b094b7a05', success rate: 1/1.
[2026-08-30 11:47:46Z INFO JobServerQueue] Try to append 1 batches web console lines for record '791a6142-ec4a-4d89-b460-8f0b094b7a05', success rate: 1/1.
[2026-08-30 11:47:47Z INFO JobServerQueue] Try to append 1 batches web console lines for record '791a6142-ec4a-4d89-b460-8f0b094b7a05', success rate: 1/1.
[2026-08-30 11:47:47Z INFO JobServerQueue] Try to append 1 batches web console lines for record '791a6142-ec4a-4d89-b460-8f0b094b7a05', success rate: 1/1.
[2026-08-30 11:47:48Z INFO JobServerQueue] Try to append 1 batches web console lines for record '791a6142-ec4a-4d89-b460-8f0b094b7a05', success rate: 1/1.
[2026-08-30 11:47:48Z INFO JobServerQueue] Try to append 1 batches web console lines for record '791a6142-ec4a-4d89-b460-8f0b094b7a05', success rate: 1/1.
[2026-08-30 11:47:49Z INFO JobServerQueue] Try to append 1 batches web console lines for record '791a6142-ec4a-4d89-b460-8f0b094b7a05', success rate: 1/1.
[2026-08-30 11:47:49Z INFO JobServerQueue] Try to append 1 batches web console lines for record '791a6142-ec4a-4d89-b460-8f0b094b7a05', success rate: 1/1.
[2026-08-30 11:47:50Z INFO JobServerQueue] Try to append 1 batches web console lines for record '791a6142-ec4a-4d89-b460-8f0b094b7a05', success rate: 1/1.
[2026-08-30 11:47:50Z INFO JobServerQueue] Try to append 1 batches web console lines for record '791a6142-ec4a-4d89-b460-8f0b094b7a05', success rate: 1/1.
[2026-08-30 11:47:51Z INFO JobServerQueue] Try to append 1 batches web console lines for record '791a6142-ec4a-4d89-b460-8f0b094b7a05', success rate: 1/1.
[2026-08-30 11:47:51Z INFO JobServerQueue] Try to append 1 batches web console lines for record '791a6142-ec4a-4d89-b460-8f0b094b7a05', success rate: 1/1.
[2026-08-30 11:47:51Z INFO HostContext] Well known directory 'Bin': 'C:\Users\krish\Documents\BITS\mlops-project\actions-runner\bin'
[2026-08-30 11:47:51Z INFO HostContext] Well known directory 'Root': 'C:\Users\krish\Documents\BITS\mlops-project\actions-runner'
[2026-08-30 11:47:51Z INFO HostContext] Well known directory 'Work': 'C:\Users\krish\Documents\BITS\mlops-project\actions-runner\_work'
[2026-08-30 11:47:52Z INFO JobServerQueue] Try to append 1 batches web console lines for record '791a6142-ec4a-4d89-b460-8f0b094b7a05', success rate: 1/1.
[2026-08-30 11:47:52Z INFO JobServerQueue] Try to append 1 batches web console lines for record '791a6142-ec4a-4d89-b460-8f0b094b7a05', success rate: 1/1.
[2026-08-30 11:47:53Z INFO JobServerQueue] Try to append 1 batches web console lines for record '791a6142-ec4a-4d89-b460-8f0b094b7a05', success rate: 1/1.
[2026-08-30 11:47:53Z INFO JobServerQueue] Try to append 1 batches web console lines for record '791a6142-ec4a-4d89-b460-8f0b094b7a05', success rate: 1/1.
[2026-08-30 11:47:54Z INFO JobServerQueue] Try to append 1 batches web console lines for record '791a6142-ec4a-4d89-b460-8f0b094b7a05', success rate: 1/1.
[2026-08-30 11:47:55Z INFO JobServerQueue] Try to append 1 batches web console lines for record '791a6142-ec4a-4d89-b460-8f0b094b7a05', success rate: 1/1.
[2026-08-30 11:47:55Z INFO JobServerQueue] Try to append 1 batches web console lines for record '791a6142-ec4a-4d89-b460-8f0b094b7a05', success rate: 1/1.
[2026-08-30 11:47:56Z INFO JobServerQueue] Try to append 1 batches web console lines for record '791a6142-ec4a-4d89-b460-8f0b094b7a05', success rate: 1/1.
[2026-08-30 11:47:56Z INFO JobServerQueue] Try to append 1 batches web console lines for record '791a6142-ec4a-4d89-b460-8f0b094b7a05', success rate: 1/1.
[2026-08-30 11:47:57Z INFO JobServerQueue] Try to append 1 batches web console lines for record '791a6142-ec4a-4d89-b460-8f0b094b7a05', success rate: 1/1.
[2026-08-30 11:47:57Z INFO JobServerQueue] Try to append 1 batches web console lines for record '791a6142-ec4a-4d89-b460-8f0b094b7a05', success rate: 1/1.
[2026-08-30 11:47:58Z INFO JobServerQueue] Try to append 1 batches web console lines for record '791a6142-ec4a-4d89-b460-8f0b094b7a05', success rate: 1/1.
[2026-08-30 11:47:59Z INFO JobServerQueue] Try to append 1 batches web console lines for record '791a6142-ec4a-4d89-b460-8f0b094b7a05', success rate: 1/1.
[2026-08-30 11:47:59Z INFO JobServerQueue] Try to append 1 batches web console lines for record '791a6142-ec4a-4d89-b460-8f0b094b7a05', success rate: 1/1.
[2026-08-30 11:48:00Z INFO JobServerQueue] Try to append 1 batches web console lines for record '791a6142-ec4a-4d89-b460-8f0b094b7a05', success rate: 1/1.
[2026-08-30 11:48:00Z INFO JobServerQueue] Try to append 1 batches web console lines for record '791a6142-ec4a-4d89-b460-8f0b094b7a05', success rate: 1/1.
[2026-08-30 11:48:01Z INFO JobServerQueue] Try to append 1 batches web console lines for record '791a6142-ec4a-4d89-b460-8f0b094b7a05', success rate: 1/1.
[2026-08-30 11:48:01Z INFO JobServerQueue] Try to append 1 batches web console lines for record '791a6142-ec4a-4d89-b460-8f0b094b7a05', success rate: 1/1.
[2026-08-30 11:48:01Z INFO HostContext] Well known directory 'Bin': 'C:\Users\krish\Documents\BITS\mlops-project\actions-runner\bin'
[2026-08-30 11:48:01Z INFO HostContext] Well known directory 'Root': 'C:\Users\krish\Documents\BITS\mlops-project\actions-runner'
[2026-08-30 11:48:01Z INFO HostContext] Well known directory 'Work': 'C:\Users\krish\Documents\BITS\mlops-project\actions-runner\_work'
[2026-08-30 11:48:02Z INFO JobServerQueue] Try to append 1 batches web console lines for record '791a6142-ec4a-4d89-b460-8f0b094b7a05', success rate: 1/1.
[2026-08-30 11:48:02Z INFO JobServerQueue] Try to append 1 batches web console lines for record '791a6142-ec4a-4d89-b460-8f0b094b7a05', success rate: 1/1.
[2026-08-30 11:48:03Z INFO JobServerQueue] Try to append 1 batches web console lines for record '791a6142-ec4a-4d89-b460-8f0b094b7a05', success rate: 1/1.
[2026-08-30 11:48:03Z INFO JobServerQueue] Try to append 1 batches web console lines for record '791a6142-ec4a-4d89-b460-8f0b094b7a05', success rate: 1/1.
[2026-08-30 11:48:04Z INFO JobServerQueue] Try to append 1 batches web console lines for record '791a6142-ec4a-4d89-b460-8f0b094b7a05', success rate: 1/1.
[2026-08-30 11:48:04Z INFO JobServerQueue] Try to append 1 batches web console lines for record '791a6142-ec4a-4d89-b460-8f0b094b7a05', success rate: 1/1.
[2026-08-30 11:48:05Z INFO JobServerQueue] Try to append 1 batches web console lines for record '791a6142-ec4a-4d89-b460-8f0b094b7a05', success rate: 1/1.
[2026-08-30 11:48:05Z INFO JobServerQueue] Try to append 1 batches web console lines for record '791a6142-ec4a-4d89-b460-8f0b094b7a05', success rate: 1/1.
[2026-08-30 11:48:06Z INFO JobServerQueue] Try to append 1 batches web console lines for record '791a6142-ec4a-4d89-b460-8f0b094b7a05', success rate: 1/1.
[2026-08-30 11:48:06Z INFO JobServerQueue] Try to append 1 batches web console lines for record '791a6142-ec4a-4d89-b460-8f0b094b7a05', success rate: 1/1.
[2026-08-30 11:48:07Z INFO JobServerQueue] Try to append 1 batches web console lines for record '791a6142-ec4a-4d89-b460-8f0b094b7a05', success rate: 1/1.
[2026-08-30 11:48:07Z INFO JobServerQueue] Try to append 1 batches web console lines for record '791a6142-ec4a-4d89-b460-8f0b094b7a05', success rate: 1/1.
[2026-08-30 11:48:08Z INFO JobServerQueue] Try to append 1 batches web console lines for record '791a6142-ec4a-4d89-b460-8f0b094b7a05', success rate: 1/1.
[2026-08-30 11:48:08Z INFO JobServerQueue] Try to append 1 batches web console lines for record '791a6142-ec4a-4d89-b460-8f0b094b7a05', success rate: 1/1.
[2026-08-30 11:48:09Z INFO JobServerQueue] Try to append 1 batches web console lines for record '791a6142-ec4a-4d89-b460-8f0b094b7a05', success rate: 1/1.
[2026-08-30 11:48:09Z INFO JobServerQueue] Try to append 1 batches web console lines for record '791a6142-ec4a-4d89-b460-8f0b094b7a05', success rate: 1/1.
[2026-08-30 11:48:10Z INFO JobServerQueue] Try to append 1 batches web console lines for record '791a6142-ec4a-4d89-b460-8f0b094b7a05', success rate: 1/1.
[2026-08-30 11:48:10Z INFO JobServerQueue] Try to append 1 batches web console lines for record '791a6142-ec4a-4d89-b460-8f0b094b7a05', success rate: 1/1.
[2026-08-30 11:48:11Z INFO JobServerQueue] Try to append 1 batches web console lines for record '791a6142-ec4a-4d89-b460-8f0b094b7a05', success rate: 1/1.
[2026-08-30 11:48:11Z INFO JobServerQueue] Try to append 1 batches web console lines for record '791a6142-ec4a-4d89-b460-8f0b094b7a05', success rate: 1/1.
[2026-08-30 11:48:11Z INFO HostContext] Well known directory 'Bin': 'C:\Users\krish\Documents\BITS\mlops-project\actions-runner\bin'
[2026-08-30 11:48:11Z INFO HostContext] Well known directory 'Root': 'C:\Users\krish\Documents\BITS\mlops-project\actions-runner'
[2026-08-30 11:48:11Z INFO HostContext] Well known directory 'Work': 'C:\Users\krish\Documents\BITS\mlops-project\actions-runner\_work'
[2026-08-30 11:48:12Z INFO JobServerQueue] Try to append 1 batches web console lines for record '791a6142-ec4a-4d89-b460-8f0b094b7a05', success rate: 1/1.
[2026-08-30 11:48:12Z INFO JobServerQueue] Try to append 1 batches web console lines for record '791a6142-ec4a-4d89-b460-8f0b094b7a05', success rate: 1/1.
[2026-08-30 11:48:13Z INFO JobServerQueue] Try to append 1 batches web console lines for record '791a6142-ec4a-4d89-b460-8f0b094b7a05', success rate: 1/1.
[2026-08-30 11:48:13Z INFO JobServerQueue] Try to append 1 batches web console lines for record '791a6142-ec4a-4d89-b460-8f0b094b7a05', success rate: 1/1.
[2026-08-30 11:48:14Z INFO JobServerQueue] Try to append 1 batches web console lines for record '791a6142-ec4a-4d89-b460-8f0b094b7a05', success rate: 1/1.
[2026-08-30 11:48:14Z INFO JobServerQueue] Try to append 1 batches web console lines for record '791a6142-ec4a-4d89-b460-8f0b094b7a05', success rate: 1/1.
[2026-08-30 11:48:15Z INFO JobServerQueue] Try to append 1 batches web console lines for record '791a6142-ec4a-4d89-b460-8f0b094b7a05', success rate: 1/1.
[2026-08-30 11:48:15Z INFO JobServerQueue] Try to append 1 batches web console lines for record '791a6142-ec4a-4d89-b460-8f0b094b7a05', success rate: 1/1.
[2026-08-30 11:48:16Z INFO JobServerQueue] Try to append 1 batches web console lines for record '791a6142-ec4a-4d89-b460-8f0b094b7a05', success rate: 1/1.
[2026-08-30 11:48:16Z INFO JobServerQueue] Try to append 1 batches web console lines for record '791a6142-ec4a-4d89-b460-8f0b094b7a05', success rate: 1/1.
[2026-08-30 11:48:17Z INFO JobServerQueue] Try to append 1 batches web console lines for record '791a6142-ec4a-4d89-b460-8f0b094b7a05', success rate: 1/1.
[2026-08-30 11:48:17Z INFO JobServerQueue] Try to append 1 batches web console lines for record '791a6142-ec4a-4d89-b460-8f0b094b7a05', success rate: 1/1.
[2026-08-30 11:48:18Z INFO JobServerQueue] Try to append 1 batches web console lines for record '791a6142-ec4a-4d89-b460-8f0b094b7a05', success rate: 1/1.
[2026-08-30 11:48:18Z INFO JobServerQueue] Try to append 1 batches web console lines for record '791a6142-ec4a-4d89-b460-8f0b094b7a05', success rate: 1/1.
[2026-08-30 11:48:19Z INFO JobServerQueue] Try to append 1 batches web console lines for record '791a6142-ec4a-4d89-b460-8f0b094b7a05', success rate: 1/1.
[2026-08-30 11:48:19Z INFO JobServerQueue] Try to append 1 batches web console lines for record '791a6142-ec4a-4d89-b460-8f0b094b7a05', success rate: 1/1.
[2026-08-30 11:48:20Z INFO JobServerQueue] Try to append 1 batches web console lines for record '791a6142-ec4a-4d89-b460-8f0b094b7a05', success rate: 1/1.
[2026-08-30 11:48:20Z INFO JobServerQueue] Try to append 1 batches web console lines for record '791a6142-ec4a-4d89-b460-8f0b094b7a05', success rate: 1/1.
[2026-08-30 11:48:21Z INFO JobServerQueue] Try to append 1 batches web console lines for record '791a6142-ec4a-4d89-b460-8f0b094b7a05', success rate: 1/1.
[2026-08-30 11:48:21Z INFO JobServerQueue] Try to append 1 batches web console lines for record '791a6142-ec4a-4d89-b460-8f0b094b7a05', success rate: 1/1.
[2026-08-30 11:48:21Z INFO HostContext] Well known directory 'Bin': 'C:\Users\krish\Documents\BITS\mlops-project\actions-runner\bin'
[2026-08-30 11:48:21Z INFO HostContext] Well known directory 'Root': 'C:\Users\krish\Documents\BITS\mlops-project\actions-runner'
[2026-08-30 11:48:21Z INFO HostContext] Well known directory 'Work': 'C:\Users\krish\Documents\BITS\mlops-project\actions-runner\_work'
[2026-08-30 11:48:22Z INFO JobServerQueue] Try to append 1 batches web console lines for record '791a6142-ec4a-4d89-b460-8f0b094b7a05', success rate: 1/1.
[2026-08-30 11:48:22Z INFO JobServerQueue] Try to append 1 batches web console lines for record '791a6142-ec4a-4d89-b460-8f0b094b7a05', success rate: 1/1.
[2026-08-30 11:48:23Z INFO JobServerQueue] Try to append 1 batches web console lines for record '791a6142-ec4a-4d89-b460-8f0b094b7a05', success rate: 1/1.
[2026-08-30 11:48:23Z INFO JobServerQueue] Try to append 1 batches web console lines for record '791a6142-ec4a-4d89-b460-8f0b094b7a05', success rate: 1/1.
[2026-08-30 11:48:24Z INFO JobServerQueue] Try to append 1 batches web console lines for record '791a6142-ec4a-4d89-b460-8f0b094b7a05', success rate: 1/1.
[2026-08-30 11:48:24Z INFO JobServerQueue] Try to append 1 batches web console lines for record '791a6142-ec4a-4d89-b460-8f0b094b7a05', success rate: 1/1.
[2026-08-30 11:48:25Z INFO JobServerQueue] Try to append 1 batches web console lines for record '791a6142-ec4a-4d89-b460-8f0b094b7a05', success rate: 1/1.
[2026-08-30 11:48:25Z INFO JobServerQueue] Try to append 1 batches web console lines for record '791a6142-ec4a-4d89-b460-8f0b094b7a05', success rate: 1/1.
[2026-08-30 11:48:26Z INFO JobServerQueue] Try to append 1 batches web console lines for record '791a6142-ec4a-4d89-b460-8f0b094b7a05', success rate: 1/1.
[2026-08-30 11:48:27Z INFO JobServerQueue] Try to append 1 batches web console lines for record '791a6142-ec4a-4d89-b460-8f0b094b7a05', success rate: 1/1.
[2026-08-30 11:48:27Z INFO JobServerQueue] Try to append 1 batches web console lines for record '791a6142-ec4a-4d89-b460-8f0b094b7a05', success rate: 1/1.
[2026-08-30 11:48:28Z INFO JobServerQueue] Try to append 1 batches web console lines for record '791a6142-ec4a-4d89-b460-8f0b094b7a05', success rate: 1/1.
[2026-08-30 11:48:28Z INFO JobServerQueue] Try to append 1 batches web console lines for record '791a6142-ec4a-4d89-b460-8f0b094b7a05', success rate: 1/1.
[2026-08-30 11:48:29Z INFO JobServerQueue] Try to append 1 batches web console lines for record '791a6142-ec4a-4d89-b460-8f0b094b7a05', success rate: 1/1.
[2026-08-30 11:48:29Z INFO JobServerQueue] Try to append 1 batches web console lines for record '791a6142-ec4a-4d89-b460-8f0b094b7a05', success rate: 1/1.
[2026-08-30 11:48:30Z INFO JobServerQueue] Try to append 1 batches web console lines for record '791a6142-ec4a-4d89-b460-8f0b094b7a05', success rate: 1/1.
[2026-08-30 11:48:30Z INFO JobServerQueue] Try to append 1 batches web console lines for record '791a6142-ec4a-4d89-b460-8f0b094b7a05', success rate: 1/1.
[2026-08-30 11:48:31Z INFO JobServerQueue] Try to append 1 batches web console lines for record '791a6142-ec4a-4d89-b460-8f0b094b7a05', success rate: 1/1.
[2026-08-30 11:48:31Z INFO JobServerQueue] Try to append 1 batches web console lines for record '791a6142-ec4a-4d89-b460-8f0b094b7a05', success rate: 1/1.
[2026-08-30 11:48:31Z INFO HostContext] Well known directory 'Bin': 'C:\Users\krish\Documents\BITS\mlops-project\actions-runner\bin'
[2026-08-30 11:48:31Z INFO HostContext] Well known directory 'Root': 'C:\Users\krish\Documents\BITS\mlops-project\actions-runner'
[2026-08-30 11:48:31Z INFO HostContext] Well known directory 'Work': 'C:\Users\krish\Documents\BITS\mlops-project\actions-runner\_work'
[2026-08-30 11:48:32Z INFO JobServerQueue] Try to append 1 batches web console lines for record '791a6142-ec4a-4d89-b460-8f0b094b7a05', success rate: 1/1.
[2026-08-30 11:48:32Z INFO JobServerQueue] Try to append 1 batches web console lines for record '791a6142-ec4a-4d89-b460-8f0b094b7a05', success rate: 1/1.
[2026-08-30 11:48:33Z INFO JobServerQueue] Try to append 1 batches web console lines for record '791a6142-ec4a-4d89-b460-8f0b094b7a05', success rate: 1/1.
[2026-08-30 11:48:33Z INFO JobServerQueue] Try to append 1 batches web console lines for record '791a6142-ec4a-4d89-b460-8f0b094b7a05', success rate: 1/1.
[2026-08-30 11:48:34Z INFO JobServerQueue] Try to append 1 batches web console lines for record '791a6142-ec4a-4d89-b460-8f0b094b7a05', success rate: 1/1.
[2026-08-30 11:48:34Z INFO JobServerQueue] Try to append 1 batches web console lines for record '791a6142-ec4a-4d89-b460-8f0b094b7a05', success rate: 1/1.
[2026-08-30 11:48:35Z INFO JobServerQueue] Try to append 1 batches web console lines for record '791a6142-ec4a-4d89-b460-8f0b094b7a05', success rate: 1/1.
[2026-08-30 11:48:35Z INFO JobServerQueue] Try to append 1 batches web console lines for record '791a6142-ec4a-4d89-b460-8f0b094b7a05', success rate: 1/1.
[2026-08-30 11:48:36Z INFO JobServerQueue] Try to append 1 batches web console lines for record '791a6142-ec4a-4d89-b460-8f0b094b7a05', success rate: 1/1.
[2026-08-30 11:48:36Z INFO JobServerQueue] Try to append 1 batches web console lines for record '791a6142-ec4a-4d89-b460-8f0b094b7a05', success rate: 1/1.
[2026-08-30 11:48:37Z INFO JobServerQueue] Try to append 1 batches web console lines for record '791a6142-ec4a-4d89-b460-8f0b094b7a05', success rate: 1/1.
[2026-08-30 11:48:37Z INFO JobServerQueue] Try to append 1 batches web console lines for record '791a6142-ec4a-4d89-b460-8f0b094b7a05', success rate: 1/1.
[2026-08-30 11:48:38Z INFO JobServerQueue] Try to append 1 batches web console lines for record '791a6142-ec4a-4d89-b460-8f0b094b7a05', success rate: 1/1.
[2026-08-30 11:48:38Z INFO JobServerQueue] Try to append 1 batches web console lines for record '791a6142-ec4a-4d89-b460-8f0b094b7a05', success rate: 1/1.
[2026-08-30 11:48:39Z INFO JobServerQueue] Try to append 1 batches web console lines for record '791a6142-ec4a-4d89-b460-8f0b094b7a05', success rate: 1/1.
[2026-08-30 11:48:39Z INFO JobServerQueue] Try to append 1 batches web console lines for record '791a6142-ec4a-4d89-b460-8f0b094b7a05', success rate: 1/1.
[2026-08-30 11:48:40Z INFO JobServerQueue] Try to append 1 batches web console lines for record '791a6142-ec4a-4d89-b460-8f0b094b7a05', success rate: 1/1.
[2026-08-30 11:48:40Z INFO JobServerQueue] Try to append 1 batches web console lines for record '791a6142-ec4a-4d89-b460-8f0b094b7a05', success rate: 1/1.
[2026-08-30 11:48:41Z INFO JobServerQueue] Try to append 1 batches web console lines for record '791a6142-ec4a-4d89-b460-8f0b094b7a05', success rate: 1/1.
[2026-08-30 11:48:41Z INFO JobServerQueue] Try to append 1 batches web console lines for record '791a6142-ec4a-4d89-b460-8f0b094b7a05', success rate: 1/1.
[2026-08-30 11:48:41Z INFO HostContext] Well known directory 'Bin': 'C:\Users\krish\Documents\BITS\mlops-project\actions-runner\bin'
[2026-08-30 11:48:41Z INFO HostContext] Well known directory 'Root': 'C:\Users\krish\Documents\BITS\mlops-project\actions-runner'
[2026-08-30 11:48:41Z INFO HostContext] Well known directory 'Work': 'C:\Users\krish\Documents\BITS\mlops-project\actions-runner\_work'
[2026-08-30 11:48:42Z INFO JobServerQueue] Try to append 1 batches web console lines for record '791a6142-ec4a-4d89-b460-8f0b094b7a05', success rate: 1/1.
[2026-08-30 11:48:42Z INFO JobServerQueue] Try to append 1 batches web console lines for record '791a6142-ec4a-4d89-b460-8f0b094b7a05', success rate: 1/1.
[2026-08-30 11:48:43Z INFO JobServerQueue] Try to append 1 batches web console lines for record '791a6142-ec4a-4d89-b460-8f0b094b7a05', success rate: 1/1.
[2026-08-30 11:48:43Z INFO JobServerQueue] Try to append 1 batches web console lines for record '791a6142-ec4a-4d89-b460-8f0b094b7a05', success rate: 1/1.
[2026-08-30 11:48:44Z INFO JobServerQueue] Try to append 1 batches web console lines for record '791a6142-ec4a-4d89-b460-8f0b094b7a05', success rate: 1/1.
[2026-08-30 11:48:44Z INFO JobServerQueue] Try to append 1 batches web console lines for record '791a6142-ec4a-4d89-b460-8f0b094b7a05', success rate: 1/1.
[2026-08-30 11:48:45Z INFO JobServerQueue] Try to append 1 batches web console lines for record '791a6142-ec4a-4d89-b460-8f0b094b7a05', success rate: 1/1.
[2026-08-30 11:48:45Z INFO JobServerQueue] Try to append 1 batches web console lines for record '791a6142-ec4a-4d89-b460-8f0b094b7a05', success rate: 1/1.
[2026-08-30 11:48:46Z INFO JobServerQueue] Try to append 1 batches web console lines for record '791a6142-ec4a-4d89-b460-8f0b094b7a05', success rate: 1/1.
[2026-08-30 11:48:46Z INFO JobServerQueue] Try to append 1 batches web console lines for record '791a6142-ec4a-4d89-b460-8f0b094b7a05', success rate: 1/1.
[2026-08-30 11:48:47Z INFO JobServerQueue] Try to append 1 batches web console lines for record '791a6142-ec4a-4d89-b460-8f0b094b7a05', success rate: 1/1.
[2026-08-30 11:48:48Z INFO JobServerQueue] Try to append 1 batches web console lines for record '791a6142-ec4a-4d89-b460-8f0b094b7a05', success rate: 1/1.
[2026-08-30 11:48:48Z INFO JobServerQueue] Try to append 1 batches web console lines for record '791a6142-ec4a-4d89-b460-8f0b094b7a05', success rate: 1/1.
[2026-08-30 11:48:49Z INFO JobServerQueue] Try to append 1 batches web console lines for record '791a6142-ec4a-4d89-b460-8f0b094b7a05', success rate: 1/1.
[2026-08-30 11:48:49Z INFO JobServerQueue] Try to append 1 batches web console lines for record '791a6142-ec4a-4d89-b460-8f0b094b7a05', success rate: 1/1.
[2026-08-30 11:48:49Z INFO ProcessInvokerWrapper] STDOUT/STDERR stream read finished.
[2026-08-30 11:48:49Z INFO ProcessInvokerWrapper] STDOUT/STDERR stream read finished.
[2026-08-30 11:48:49Z INFO ProcessInvokerWrapper] Finished process 7052 with exit code 0, and elapsed time 00:02:14.5665252.
[2026-08-30 11:48:49Z INFO CreateStepSummaryCommand] Step Summary file (C:\Users\krish\Documents\BITS\mlops-project\actions-runner\_work\_temp\_runner_file_commands\step_summary_3762b4b1-b7d1-44f4-b58b-32cdcf35b127) is empty; skipping attachment upload
[2026-08-30 11:48:49Z INFO StepsRunner] Step result: 
[2026-08-30 11:48:49Z INFO ExecutionContext] Publish step telemetry for current step {
  "action": "cmd",
  "type": "run",
  "stage": "Main",
  "stepId": "791a6142-ec4a-4d89-b460-8f0b094b7a05",
  "stepContextName": "__run",
  "result": "succeeded",
  "errorMessages": [],
  "executionTimeInSeconds": 135,
  "startTime": "2026-08-30T11:46:35.1552642Z",
  "finishTime": "2026-08-30T11:48:49.8423671Z"
}.
[2026-08-30 11:48:49Z INFO StepsRunner] No need for updating job result with current step result 'Succeeded'.
[2026-08-30 11:48:49Z INFO StepsRunner] Current state: job state = ''
[2026-08-30 11:48:49Z INFO StepsRunner] Processing step: DisplayName='Remove old container'
[2026-08-30 11:48:49Z INFO StepsRunner] Evaluating: success()
[2026-08-30 11:48:49Z INFO StepsRunner] Result: true
[2026-08-30 11:48:49Z INFO StepsRunner] Starting the step.
[2026-08-30 11:48:49Z INFO HostContext] Well known directory 'Bin': 'C:\Users\krish\Documents\BITS\mlops-project\actions-runner\bin'
[2026-08-30 11:48:49Z INFO HostContext] Well known directory 'Root': 'C:\Users\krish\Documents\BITS\mlops-project\actions-runner'
[2026-08-30 11:48:49Z INFO HostContext] Well known directory 'Work': 'C:\Users\krish\Documents\BITS\mlops-project\actions-runner\_work'
[2026-08-30 11:48:49Z INFO StepsRunner] Which2: 'chcp'
[2026-08-30 11:48:49Z INFO StepsRunner] Location: 'C:\WINDOWS\system32\chcp.COM'
[2026-08-30 11:48:49Z INFO ProcessInvokerWrapper] Starting process:
[2026-08-30 11:48:49Z INFO ProcessInvokerWrapper]   File name: 'C:\WINDOWS\system32\chcp.COM'
[2026-08-30 11:48:49Z INFO ProcessInvokerWrapper]   Arguments: '65001'
[2026-08-30 11:48:49Z INFO ProcessInvokerWrapper]   Working directory: 'C:\Users\krish\Documents\BITS\mlops-project\actions-runner\_work'
[2026-08-30 11:48:49Z INFO ProcessInvokerWrapper]   Require exit code zero: 'False'
[2026-08-30 11:48:49Z INFO ProcessInvokerWrapper]   Encoding web name:  ; code page: ''
[2026-08-30 11:48:49Z INFO ProcessInvokerWrapper]   Force kill process on cancellation: 'False'
[2026-08-30 11:48:49Z INFO ProcessInvokerWrapper]   Redirected STDIN: 'False'
[2026-08-30 11:48:49Z INFO ProcessInvokerWrapper]   Persist current code page: 'True'
[2026-08-30 11:48:49Z INFO ProcessInvokerWrapper]   Keep redirected STDIN open: 'False'
[2026-08-30 11:48:49Z INFO ProcessInvokerWrapper]   High priority process: 'False'
[2026-08-30 11:48:49Z INFO ProcessInvokerWrapper] Process started with process id 17828, waiting for process exit.
[2026-08-30 11:48:49Z INFO ProcessInvokerWrapper] STDOUT/STDERR stream read finished.
[2026-08-30 11:48:49Z INFO ProcessInvokerWrapper] STDOUT/STDERR stream read finished.
[2026-08-30 11:48:49Z INFO ProcessInvokerWrapper] Finished process 17828 with exit code 0, and elapsed time 00:00:00.0676470.
[2026-08-30 11:48:49Z INFO StepsRunner] Successfully returned to code page 65001 (UTF8)
[2026-08-30 11:48:49Z INFO HostContext] Well known directory 'Bin': 'C:\Users\krish\Documents\BITS\mlops-project\actions-runner\bin'
[2026-08-30 11:48:49Z INFO HostContext] Well known directory 'Root': 'C:\Users\krish\Documents\BITS\mlops-project\actions-runner'
[2026-08-30 11:48:49Z INFO HostContext] Well known directory 'Work': 'C:\Users\krish\Documents\BITS\mlops-project\actions-runner\_work'
[2026-08-30 11:48:49Z INFO HostContext] Well known directory 'Temp': 'C:\Users\krish\Documents\BITS\mlops-project\actions-runner\_work\_temp'
[2026-08-30 11:48:49Z INFO ExecutionContext] Write event payload to C:\Users\krish\Documents\BITS\mlops-project\actions-runner\_work\_temp\_github_workflow\event.json
[2026-08-30 11:48:49Z INFO HostContext] Well known directory 'Bin': 'C:\Users\krish\Documents\BITS\mlops-project\actions-runner\bin'
[2026-08-30 11:48:49Z INFO HostContext] Well known directory 'Root': 'C:\Users\krish\Documents\BITS\mlops-project\actions-runner'
[2026-08-30 11:48:49Z INFO HostContext] Well known directory 'Work': 'C:\Users\krish\Documents\BITS\mlops-project\actions-runner\_work'
[2026-08-30 11:48:49Z INFO HostContext] Well known directory 'Temp': 'C:\Users\krish\Documents\BITS\mlops-project\actions-runner\_work\_temp'
[2026-08-30 11:48:49Z INFO ExtensionManager] Getting extensions for interface: 'GitHub.Runner.Worker.IFileCommandExtension'
[2026-08-30 11:48:49Z INFO ExtensionManager] Getting extensions for interface: 'GitHub.Runner.Worker.IActionCommandExtension'
[2026-08-30 11:48:49Z INFO ActionCommandManager] Register action command extension for command internal-set-repo-path
[2026-08-30 11:48:49Z INFO ActionCommandManager] Register action command extension for command set-env
[2026-08-30 11:48:49Z INFO ActionCommandManager] Register action command extension for command set-output
[2026-08-30 11:48:49Z INFO ActionCommandManager] Register action command extension for command save-state
[2026-08-30 11:48:49Z INFO ActionCommandManager] Register action command extension for command add-path
[2026-08-30 11:48:49Z INFO ActionCommandManager] Register action command extension for command add-mask
[2026-08-30 11:48:49Z INFO ActionCommandManager] Register action command extension for command add-matcher
[2026-08-30 11:48:49Z INFO ActionCommandManager] Register action command extension for command remove-matcher
[2026-08-30 11:48:49Z INFO ActionCommandManager] Register action command extension for command warning
[2026-08-30 11:48:49Z INFO ActionCommandManager] Register action command extension for command error
[2026-08-30 11:48:49Z INFO ActionCommandManager] Register action command extension for command notice
[2026-08-30 11:48:49Z INFO ActionCommandManager] Register action command extension for command debug
[2026-08-30 11:48:49Z INFO ActionCommandManager] Register action command extension for command group
[2026-08-30 11:48:49Z INFO ActionCommandManager] Register action command extension for command endgroup
[2026-08-30 11:48:49Z INFO ActionCommandManager] Register action command extension for command echo
[2026-08-30 11:48:49Z INFO ScriptHandler] Which2: 'cmd'
[2026-08-30 11:48:49Z INFO ScriptHandler] Location: 'C:\WINDOWS\system32\cmd.EXE'
[2026-08-30 11:48:49Z INFO HostContext] Well known directory 'Bin': 'C:\Users\krish\Documents\BITS\mlops-project\actions-runner\bin'
[2026-08-30 11:48:49Z INFO HostContext] Well known directory 'Root': 'C:\Users\krish\Documents\BITS\mlops-project\actions-runner'
[2026-08-30 11:48:49Z INFO HostContext] Well known directory 'Work': 'C:\Users\krish\Documents\BITS\mlops-project\actions-runner\_work'
[2026-08-30 11:48:49Z INFO HostContext] Well known directory 'Temp': 'C:\Users\krish\Documents\BITS\mlops-project\actions-runner\_work\_temp'
[2026-08-30 11:48:49Z INFO ScriptHandler] Which2: 'cmd'
[2026-08-30 11:48:49Z INFO ScriptHandler] Location: 'C:\WINDOWS\system32\cmd.EXE'
[2026-08-30 11:48:49Z INFO ProcessInvokerWrapper] Starting process:
[2026-08-30 11:48:49Z INFO ProcessInvokerWrapper]   File name: 'C:\WINDOWS\system32\cmd.EXE'
[2026-08-30 11:48:49Z INFO ProcessInvokerWrapper]   Arguments: '/D /E:ON /V:OFF /S /C "CALL "C:\Users\krish\Documents\BITS\mlops-project\actions-runner\_work\_temp\9d3c73f6-85c7-4f0b-8f8f-1ec2d13b7fdd.cmd""'
[2026-08-30 11:48:49Z INFO ProcessInvokerWrapper]   Working directory: 'C:\Users\krish\Documents\BITS\mlops-project\actions-runner\_work\assignment2\assignment2'
[2026-08-30 11:48:49Z INFO ProcessInvokerWrapper]   Require exit code zero: 'False'
[2026-08-30 11:48:49Z INFO ProcessInvokerWrapper]   Encoding web name:  ; code page: ''
[2026-08-30 11:48:49Z INFO ProcessInvokerWrapper]   Force kill process on cancellation: 'False'
[2026-08-30 11:48:49Z INFO ProcessInvokerWrapper]   Redirected STDIN: 'False'
[2026-08-30 11:48:49Z INFO ProcessInvokerWrapper]   Persist current code page: 'True'
[2026-08-30 11:48:49Z INFO ProcessInvokerWrapper]   Keep redirected STDIN open: 'False'
[2026-08-30 11:48:49Z INFO ProcessInvokerWrapper]   High priority process: 'False'
[2026-08-30 11:48:50Z INFO JobServerQueue] Try to append 1 batches web console lines for record '791a6142-ec4a-4d89-b460-8f0b094b7a05', success rate: 1/1.
[2026-08-30 11:48:50Z INFO JobServerQueue] Try to append 1 batches web console lines for record '4e44dbce-f1b1-451c-9f0f-5b190033ffdd', success rate: 1/1.
[2026-08-30 11:48:50Z INFO ProcessInvokerWrapper] Process started with process id 8952, waiting for process exit.
[2026-08-30 11:48:50Z INFO JobServerQueue] Got a step log file to send to results service.
[2026-08-30 11:48:50Z INFO JobServerQueue] Starting upload of step log file to results service ResultsLog, C:\Users\krish\Documents\BITS\mlops-project\actions-runner\_diag\blocks\0a709788-d50e-458e-b373-09d3f2416a6a_791a6142-ec4a-4d89-b460-8f0b094b7a05.1
[2026-08-30 11:48:50Z INFO JobServerQueue] Try to upload 1 log files or attachments, success rate: 1/1.
[2026-08-30 11:48:50Z INFO ProcessInvokerWrapper] STDOUT/STDERR stream read finished.
[2026-08-30 11:48:50Z INFO ProcessInvokerWrapper] STDOUT/STDERR stream read finished.
[2026-08-30 11:48:50Z INFO ProcessInvokerWrapper] Finished process 8952 with exit code 0, and elapsed time 00:00:00.6669410.
[2026-08-30 11:48:50Z INFO CreateStepSummaryCommand] Step Summary file (C:\Users\krish\Documents\BITS\mlops-project\actions-runner\_work\_temp\_runner_file_commands\step_summary_041e094f-32e4-4691-9d97-f3bc335b5b25) is empty; skipping attachment upload
[2026-08-30 11:48:50Z INFO StepsRunner] Step result: 
[2026-08-30 11:48:50Z INFO ExecutionContext] Publish step telemetry for current step {
  "action": "cmd",
  "type": "run",
  "stage": "Main",
  "stepId": "4e44dbce-f1b1-451c-9f0f-5b190033ffdd",
  "stepContextName": "__run_2",
  "result": "succeeded",
  "errorMessages": [],
  "executionTimeInSeconds": 1,
  "startTime": "2026-08-30T11:48:49.8472331Z",
  "finishTime": "2026-08-30T11:48:50.67776Z"
}.
[2026-08-30 11:48:50Z INFO StepsRunner] No need for updating job result with current step result 'Succeeded'.
[2026-08-30 11:48:50Z INFO StepsRunner] Current state: job state = ''
[2026-08-30 11:48:50Z INFO StepsRunner] Processing step: DisplayName='Deploy application'
[2026-08-30 11:48:50Z INFO StepsRunner] Evaluating: success()
[2026-08-30 11:48:50Z INFO StepsRunner] Result: true
[2026-08-30 11:48:50Z INFO StepsRunner] Starting the step.
[2026-08-30 11:48:50Z INFO HostContext] Well known directory 'Bin': 'C:\Users\krish\Documents\BITS\mlops-project\actions-runner\bin'
[2026-08-30 11:48:50Z INFO HostContext] Well known directory 'Root': 'C:\Users\krish\Documents\BITS\mlops-project\actions-runner'
[2026-08-30 11:48:50Z INFO HostContext] Well known directory 'Work': 'C:\Users\krish\Documents\BITS\mlops-project\actions-runner\_work'
[2026-08-30 11:48:50Z INFO StepsRunner] Which2: 'chcp'
[2026-08-30 11:48:50Z INFO StepsRunner] Location: 'C:\WINDOWS\system32\chcp.COM'
[2026-08-30 11:48:50Z INFO ProcessInvokerWrapper] Starting process:
[2026-08-30 11:48:50Z INFO ProcessInvokerWrapper]   File name: 'C:\WINDOWS\system32\chcp.COM'
[2026-08-30 11:48:50Z INFO ProcessInvokerWrapper]   Arguments: '65001'
[2026-08-30 11:48:50Z INFO ProcessInvokerWrapper]   Working directory: 'C:\Users\krish\Documents\BITS\mlops-project\actions-runner\_work'
[2026-08-30 11:48:50Z INFO ProcessInvokerWrapper]   Require exit code zero: 'False'
[2026-08-30 11:48:50Z INFO ProcessInvokerWrapper]   Encoding web name:  ; code page: ''
[2026-08-30 11:48:50Z INFO ProcessInvokerWrapper]   Force kill process on cancellation: 'False'
[2026-08-30 11:48:50Z INFO ProcessInvokerWrapper]   Redirected STDIN: 'False'
[2026-08-30 11:48:50Z INFO ProcessInvokerWrapper]   Persist current code page: 'True'
[2026-08-30 11:48:50Z INFO ProcessInvokerWrapper]   Keep redirected STDIN open: 'False'
[2026-08-30 11:48:50Z INFO ProcessInvokerWrapper]   High priority process: 'False'
[2026-08-30 11:48:50Z INFO ProcessInvokerWrapper] Process started with process id 10648, waiting for process exit.
[2026-08-30 11:48:50Z INFO ProcessInvokerWrapper] STDOUT/STDERR stream read finished.
[2026-08-30 11:48:50Z INFO ProcessInvokerWrapper] STDOUT/STDERR stream read finished.
[2026-08-30 11:48:50Z INFO ProcessInvokerWrapper] Finished process 10648 with exit code 0, and elapsed time 00:00:00.1051295.
[2026-08-30 11:48:50Z INFO StepsRunner] Successfully returned to code page 65001 (UTF8)
[2026-08-30 11:48:50Z INFO HostContext] Well known directory 'Bin': 'C:\Users\krish\Documents\BITS\mlops-project\actions-runner\bin'
[2026-08-30 11:48:50Z INFO HostContext] Well known directory 'Root': 'C:\Users\krish\Documents\BITS\mlops-project\actions-runner'
[2026-08-30 11:48:50Z INFO HostContext] Well known directory 'Work': 'C:\Users\krish\Documents\BITS\mlops-project\actions-runner\_work'
[2026-08-30 11:48:50Z INFO HostContext] Well known directory 'Temp': 'C:\Users\krish\Documents\BITS\mlops-project\actions-runner\_work\_temp'
[2026-08-30 11:48:50Z INFO ExecutionContext] Write event payload to C:\Users\krish\Documents\BITS\mlops-project\actions-runner\_work\_temp\_github_workflow\event.json
[2026-08-30 11:48:50Z INFO HostContext] Well known directory 'Bin': 'C:\Users\krish\Documents\BITS\mlops-project\actions-runner\bin'
[2026-08-30 11:48:50Z INFO HostContext] Well known directory 'Root': 'C:\Users\krish\Documents\BITS\mlops-project\actions-runner'
[2026-08-30 11:48:50Z INFO HostContext] Well known directory 'Work': 'C:\Users\krish\Documents\BITS\mlops-project\actions-runner\_work'
[2026-08-30 11:48:50Z INFO HostContext] Well known directory 'Temp': 'C:\Users\krish\Documents\BITS\mlops-project\actions-runner\_work\_temp'
[2026-08-30 11:48:50Z INFO ExtensionManager] Getting extensions for interface: 'GitHub.Runner.Worker.IFileCommandExtension'
[2026-08-30 11:48:50Z INFO ExtensionManager] Getting extensions for interface: 'GitHub.Runner.Worker.IActionCommandExtension'
[2026-08-30 11:48:50Z INFO ActionCommandManager] Register action command extension for command internal-set-repo-path
[2026-08-30 11:48:50Z INFO ActionCommandManager] Register action command extension for command set-env
[2026-08-30 11:48:50Z INFO ActionCommandManager] Register action command extension for command set-output
[2026-08-30 11:48:50Z INFO ActionCommandManager] Register action command extension for command save-state
[2026-08-30 11:48:50Z INFO ActionCommandManager] Register action command extension for command add-path
[2026-08-30 11:48:50Z INFO ActionCommandManager] Register action command extension for command add-mask
[2026-08-30 11:48:50Z INFO ActionCommandManager] Register action command extension for command add-matcher
[2026-08-30 11:48:50Z INFO ActionCommandManager] Register action command extension for command remove-matcher
[2026-08-30 11:48:50Z INFO ActionCommandManager] Register action command extension for command warning
[2026-08-30 11:48:50Z INFO ActionCommandManager] Register action command extension for command error
[2026-08-30 11:48:50Z INFO ActionCommandManager] Register action command extension for command notice
[2026-08-30 11:48:50Z INFO ActionCommandManager] Register action command extension for command debug
[2026-08-30 11:48:50Z INFO ActionCommandManager] Register action command extension for command group
[2026-08-30 11:48:50Z INFO ActionCommandManager] Register action command extension for command endgroup
[2026-08-30 11:48:50Z INFO ActionCommandManager] Register action command extension for command echo
[2026-08-30 11:48:50Z INFO ScriptHandler] Which2: 'cmd'
[2026-08-30 11:48:50Z INFO ScriptHandler] Location: 'C:\WINDOWS\system32\cmd.EXE'
[2026-08-30 11:48:50Z INFO HostContext] Well known directory 'Bin': 'C:\Users\krish\Documents\BITS\mlops-project\actions-runner\bin'
[2026-08-30 11:48:50Z INFO HostContext] Well known directory 'Root': 'C:\Users\krish\Documents\BITS\mlops-project\actions-runner'
[2026-08-30 11:48:50Z INFO HostContext] Well known directory 'Work': 'C:\Users\krish\Documents\BITS\mlops-project\actions-runner\_work'
[2026-08-30 11:48:50Z INFO HostContext] Well known directory 'Temp': 'C:\Users\krish\Documents\BITS\mlops-project\actions-runner\_work\_temp'
[2026-08-30 11:48:50Z INFO ScriptHandler] Which2: 'cmd'
[2026-08-30 11:48:50Z INFO ScriptHandler] Location: 'C:\WINDOWS\system32\cmd.EXE'
[2026-08-30 11:48:50Z INFO ProcessInvokerWrapper] Starting process:
[2026-08-30 11:48:50Z INFO ProcessInvokerWrapper]   File name: 'C:\WINDOWS\system32\cmd.EXE'
[2026-08-30 11:48:50Z INFO ProcessInvokerWrapper]   Arguments: '/D /E:ON /V:OFF /S /C "CALL "C:\Users\krish\Documents\BITS\mlops-project\actions-runner\_work\_temp\698c707d-69ad-47c4-a4c0-3c3c02dc590b.cmd""'
[2026-08-30 11:48:50Z INFO ProcessInvokerWrapper]   Working directory: 'C:\Users\krish\Documents\BITS\mlops-project\actions-runner\_work\assignment2\assignment2'
[2026-08-30 11:48:50Z INFO ProcessInvokerWrapper]   Require exit code zero: 'False'
[2026-08-30 11:48:50Z INFO ProcessInvokerWrapper]   Encoding web name:  ; code page: ''
[2026-08-30 11:48:50Z INFO ProcessInvokerWrapper]   Force kill process on cancellation: 'False'
[2026-08-30 11:48:50Z INFO ProcessInvokerWrapper]   Redirected STDIN: 'False'
[2026-08-30 11:48:50Z INFO ProcessInvokerWrapper]   Persist current code page: 'True'
[2026-08-30 11:48:50Z INFO ProcessInvokerWrapper]   Keep redirected STDIN open: 'False'
[2026-08-30 11:48:50Z INFO ProcessInvokerWrapper]   High priority process: 'False'
[2026-08-30 11:48:50Z INFO ProcessInvokerWrapper] Process started with process id 14080, waiting for process exit.
[2026-08-30 11:48:51Z INFO JobServerQueue] Try to append 1 batches web console lines for record '21dfb9fb-cd3b-4462-8373-6c9adeaa75d0', success rate: 1/1.
[2026-08-30 11:48:51Z INFO JobServerQueue] Try to upload 1 log files or attachments, success rate: 1/1.
[2026-08-30 11:48:51Z INFO JobServerQueue] Try to append 1 batches web console lines for record '21dfb9fb-cd3b-4462-8373-6c9adeaa75d0', success rate: 1/1.
[2026-08-30 11:48:52Z INFO HostContext] Well known directory 'Bin': 'C:\Users\krish\Documents\BITS\mlops-project\actions-runner\bin'
[2026-08-30 11:48:52Z INFO HostContext] Well known directory 'Root': 'C:\Users\krish\Documents\BITS\mlops-project\actions-runner'
[2026-08-30 11:48:52Z INFO HostContext] Well known directory 'Work': 'C:\Users\krish\Documents\BITS\mlops-project\actions-runner\_work'
[2026-08-30 11:48:52Z INFO JobServerQueue] Tried to upload 1 file(s) to results, success rate: 1/1.
[2026-08-30 11:48:53Z INFO JobServerQueue] Got a step log file to send to results service.
[2026-08-30 11:48:53Z INFO JobServerQueue] Starting upload of step log file to results service ResultsLog, C:\Users\krish\Documents\BITS\mlops-project\actions-runner\_diag\blocks\0a709788-d50e-458e-b373-09d3f2416a6a_4e44dbce-f1b1-451c-9f0f-5b190033ffdd.1
[2026-08-30 11:48:55Z INFO JobServerQueue] Tried to upload 1 file(s) to results, success rate: 1/1.
[2026-08-30 11:48:59Z INFO JobServerQueue] Try to append 1 batches web console lines for record '21dfb9fb-cd3b-4462-8373-6c9adeaa75d0', success rate: 1/1.
[2026-08-30 11:48:59Z INFO ProcessInvokerWrapper] STDOUT/STDERR stream read finished.
[2026-08-30 11:48:59Z INFO ProcessInvokerWrapper] STDOUT/STDERR stream read finished.
[2026-08-30 11:48:59Z INFO ProcessInvokerWrapper] Finished process 14080 with exit code 0, and elapsed time 00:00:08.7665264.
[2026-08-30 11:48:59Z INFO CreateStepSummaryCommand] Step Summary file (C:\Users\krish\Documents\BITS\mlops-project\actions-runner\_work\_temp\_runner_file_commands\step_summary_005e2734-8eb8-4633-86a9-66b57f45f3dc) is empty; skipping attachment upload
[2026-08-30 11:48:59Z INFO StepsRunner] Step result: 
[2026-08-30 11:48:59Z INFO ExecutionContext] Publish step telemetry for current step {
  "action": "cmd",
  "type": "run",
  "stage": "Main",
  "stepId": "21dfb9fb-cd3b-4462-8373-6c9adeaa75d0",
  "stepContextName": "__run_3",
  "result": "succeeded",
  "errorMessages": [],
  "executionTimeInSeconds": 9,
  "startTime": "2026-08-30T11:48:50.6949674Z",
  "finishTime": "2026-08-30T11:48:59.5953082Z"
}.
[2026-08-30 11:48:59Z INFO StepsRunner] No need for updating job result with current step result 'Succeeded'.
[2026-08-30 11:48:59Z INFO StepsRunner] Current state: job state = ''
[2026-08-30 11:48:59Z INFO StepsRunner] Processing step: DisplayName='Check deployment'
[2026-08-30 11:48:59Z INFO StepsRunner] Evaluating: success()
[2026-08-30 11:48:59Z INFO StepsRunner] Result: true
[2026-08-30 11:48:59Z INFO StepsRunner] Starting the step.
[2026-08-30 11:48:59Z INFO HostContext] Well known directory 'Bin': 'C:\Users\krish\Documents\BITS\mlops-project\actions-runner\bin'
[2026-08-30 11:48:59Z INFO HostContext] Well known directory 'Root': 'C:\Users\krish\Documents\BITS\mlops-project\actions-runner'
[2026-08-30 11:48:59Z INFO HostContext] Well known directory 'Work': 'C:\Users\krish\Documents\BITS\mlops-project\actions-runner\_work'
[2026-08-30 11:48:59Z INFO StepsRunner] Which2: 'chcp'
[2026-08-30 11:48:59Z INFO StepsRunner] Location: 'C:\WINDOWS\system32\chcp.COM'
[2026-08-30 11:48:59Z INFO ProcessInvokerWrapper] Starting process:
[2026-08-30 11:48:59Z INFO ProcessInvokerWrapper]   File name: 'C:\WINDOWS\system32\chcp.COM'
[2026-08-30 11:48:59Z INFO ProcessInvokerWrapper]   Arguments: '65001'
[2026-08-30 11:48:59Z INFO ProcessInvokerWrapper]   Working directory: 'C:\Users\krish\Documents\BITS\mlops-project\actions-runner\_work'
[2026-08-30 11:48:59Z INFO ProcessInvokerWrapper]   Require exit code zero: 'False'
[2026-08-30 11:48:59Z INFO ProcessInvokerWrapper]   Encoding web name:  ; code page: ''
[2026-08-30 11:48:59Z INFO ProcessInvokerWrapper]   Force kill process on cancellation: 'False'
[2026-08-30 11:48:59Z INFO ProcessInvokerWrapper]   Redirected STDIN: 'False'
[2026-08-30 11:48:59Z INFO ProcessInvokerWrapper]   Persist current code page: 'True'
[2026-08-30 11:48:59Z INFO ProcessInvokerWrapper]   Keep redirected STDIN open: 'False'
[2026-08-30 11:48:59Z INFO ProcessInvokerWrapper]   High priority process: 'False'
[2026-08-30 11:48:59Z INFO ProcessInvokerWrapper] Process started with process id 11364, waiting for process exit.
[2026-08-30 11:48:59Z INFO ProcessInvokerWrapper] STDOUT/STDERR stream read finished.
[2026-08-30 11:48:59Z INFO ProcessInvokerWrapper] STDOUT/STDERR stream read finished.
[2026-08-30 11:48:59Z INFO ProcessInvokerWrapper] Finished process 11364 with exit code 0, and elapsed time 00:00:00.0285557.
[2026-08-30 11:48:59Z INFO StepsRunner] Successfully returned to code page 65001 (UTF8)
[2026-08-30 11:48:59Z INFO HostContext] Well known directory 'Bin': 'C:\Users\krish\Documents\BITS\mlops-project\actions-runner\bin'
[2026-08-30 11:48:59Z INFO HostContext] Well known directory 'Root': 'C:\Users\krish\Documents\BITS\mlops-project\actions-runner'
[2026-08-30 11:48:59Z INFO HostContext] Well known directory 'Work': 'C:\Users\krish\Documents\BITS\mlops-project\actions-runner\_work'
[2026-08-30 11:48:59Z INFO HostContext] Well known directory 'Temp': 'C:\Users\krish\Documents\BITS\mlops-project\actions-runner\_work\_temp'
[2026-08-30 11:48:59Z INFO ExecutionContext] Write event payload to C:\Users\krish\Documents\BITS\mlops-project\actions-runner\_work\_temp\_github_workflow\event.json
[2026-08-30 11:48:59Z INFO HostContext] Well known directory 'Bin': 'C:\Users\krish\Documents\BITS\mlops-project\actions-runner\bin'
[2026-08-30 11:48:59Z INFO HostContext] Well known directory 'Root': 'C:\Users\krish\Documents\BITS\mlops-project\actions-runner'
[2026-08-30 11:48:59Z INFO HostContext] Well known directory 'Work': 'C:\Users\krish\Documents\BITS\mlops-project\actions-runner\_work'
[2026-08-30 11:48:59Z INFO HostContext] Well known directory 'Temp': 'C:\Users\krish\Documents\BITS\mlops-project\actions-runner\_work\_temp'
[2026-08-30 11:48:59Z INFO ExtensionManager] Getting extensions for interface: 'GitHub.Runner.Worker.IFileCommandExtension'
[2026-08-30 11:48:59Z INFO ExtensionManager] Getting extensions for interface: 'GitHub.Runner.Worker.IActionCommandExtension'
[2026-08-30 11:48:59Z INFO ActionCommandManager] Register action command extension for command internal-set-repo-path
[2026-08-30 11:48:59Z INFO ActionCommandManager] Register action command extension for command set-env
[2026-08-30 11:48:59Z INFO ActionCommandManager] Register action command extension for command set-output
[2026-08-30 11:48:59Z INFO ActionCommandManager] Register action command extension for command save-state
[2026-08-30 11:48:59Z INFO ActionCommandManager] Register action command extension for command add-path
[2026-08-30 11:48:59Z INFO ActionCommandManager] Register action command extension for command add-mask
[2026-08-30 11:48:59Z INFO ActionCommandManager] Register action command extension for command add-matcher
[2026-08-30 11:48:59Z INFO ActionCommandManager] Register action command extension for command remove-matcher
[2026-08-30 11:48:59Z INFO ActionCommandManager] Register action command extension for command warning
[2026-08-30 11:48:59Z INFO ActionCommandManager] Register action command extension for command error
[2026-08-30 11:48:59Z INFO ActionCommandManager] Register action command extension for command notice
[2026-08-30 11:48:59Z INFO ActionCommandManager] Register action command extension for command debug
[2026-08-30 11:48:59Z INFO ActionCommandManager] Register action command extension for command group
[2026-08-30 11:48:59Z INFO ActionCommandManager] Register action command extension for command endgroup
[2026-08-30 11:48:59Z INFO ActionCommandManager] Register action command extension for command echo
[2026-08-30 11:48:59Z INFO ScriptHandler] Which2: 'cmd'
[2026-08-30 11:48:59Z INFO ScriptHandler] Location: 'C:\WINDOWS\system32\cmd.EXE'
[2026-08-30 11:48:59Z INFO HostContext] Well known directory 'Bin': 'C:\Users\krish\Documents\BITS\mlops-project\actions-runner\bin'
[2026-08-30 11:48:59Z INFO HostContext] Well known directory 'Root': 'C:\Users\krish\Documents\BITS\mlops-project\actions-runner'
[2026-08-30 11:48:59Z INFO HostContext] Well known directory 'Work': 'C:\Users\krish\Documents\BITS\mlops-project\actions-runner\_work'
[2026-08-30 11:48:59Z INFO HostContext] Well known directory 'Temp': 'C:\Users\krish\Documents\BITS\mlops-project\actions-runner\_work\_temp'
[2026-08-30 11:48:59Z INFO ScriptHandler] Which2: 'cmd'
[2026-08-30 11:48:59Z INFO ScriptHandler] Location: 'C:\WINDOWS\system32\cmd.EXE'
[2026-08-30 11:48:59Z INFO ProcessInvokerWrapper] Starting process:
[2026-08-30 11:48:59Z INFO ProcessInvokerWrapper]   File name: 'C:\WINDOWS\system32\cmd.EXE'
[2026-08-30 11:48:59Z INFO ProcessInvokerWrapper]   Arguments: '/D /E:ON /V:OFF /S /C "CALL "C:\Users\krish\Documents\BITS\mlops-project\actions-runner\_work\_temp\d1498431-8194-4603-afdc-d55de24962fa.cmd""'
[2026-08-30 11:48:59Z INFO ProcessInvokerWrapper]   Working directory: 'C:\Users\krish\Documents\BITS\mlops-project\actions-runner\_work\assignment2\assignment2'
[2026-08-30 11:48:59Z INFO ProcessInvokerWrapper]   Require exit code zero: 'False'
[2026-08-30 11:48:59Z INFO ProcessInvokerWrapper]   Encoding web name:  ; code page: ''
[2026-08-30 11:48:59Z INFO ProcessInvokerWrapper]   Force kill process on cancellation: 'False'
[2026-08-30 11:48:59Z INFO ProcessInvokerWrapper]   Redirected STDIN: 'False'
[2026-08-30 11:48:59Z INFO ProcessInvokerWrapper]   Persist current code page: 'True'
[2026-08-30 11:48:59Z INFO ProcessInvokerWrapper]   Keep redirected STDIN open: 'False'
[2026-08-30 11:48:59Z INFO ProcessInvokerWrapper]   High priority process: 'False'
[2026-08-30 11:48:59Z INFO ProcessInvokerWrapper] Process started with process id 12548, waiting for process exit.
[2026-08-30 11:48:59Z INFO JobServerQueue] Try to append 1 batches web console lines for record '21dfb9fb-cd3b-4462-8373-6c9adeaa75d0', success rate: 1/1.
[2026-08-30 11:48:59Z INFO JobServerQueue] Try to append 1 batches web console lines for record 'e0bd922c-f7de-4703-91fa-cab5a5fba59a', success rate: 1/1.
[2026-08-30 11:49:00Z INFO ProcessInvokerWrapper] STDOUT/STDERR stream read finished.
[2026-08-30 11:49:00Z INFO ProcessInvokerWrapper] STDOUT/STDERR stream read finished.
[2026-08-30 11:49:00Z INFO ProcessInvokerWrapper] Finished process 12548 with exit code 0, and elapsed time 00:00:00.4001746.
[2026-08-30 11:49:00Z INFO CreateStepSummaryCommand] Step Summary file (C:\Users\krish\Documents\BITS\mlops-project\actions-runner\_work\_temp\_runner_file_commands\step_summary_364441e6-6110-42bb-a960-adc5e01ee7ce) is empty; skipping attachment upload
[2026-08-30 11:49:00Z INFO StepsRunner] Step result: 
[2026-08-30 11:49:00Z INFO ExecutionContext] Publish step telemetry for current step {
  "action": "cmd",
  "type": "run",
  "stage": "Main",
  "stepId": "e0bd922c-f7de-4703-91fa-cab5a5fba59a",
  "stepContextName": "__run_4",
  "result": "succeeded",
  "errorMessages": [],
  "executionTimeInSeconds": 1,
  "startTime": "2026-08-30T11:48:59.5978376Z",
  "finishTime": "2026-08-30T11:49:00.0460128Z"
}.
[2026-08-30 11:49:00Z INFO StepsRunner] No need for updating job result with current step result 'Succeeded'.
[2026-08-30 11:49:00Z INFO StepsRunner] Current state: job state = ''
[2026-08-30 11:49:00Z INFO StepsRunner] Processing step: DisplayName='Wait for application'
[2026-08-30 11:49:00Z INFO StepsRunner] Evaluating: success()
[2026-08-30 11:49:00Z INFO StepsRunner] Result: true
[2026-08-30 11:49:00Z INFO StepsRunner] Starting the step.
[2026-08-30 11:49:00Z INFO HostContext] Well known directory 'Bin': 'C:\Users\krish\Documents\BITS\mlops-project\actions-runner\bin'
[2026-08-30 11:49:00Z INFO HostContext] Well known directory 'Root': 'C:\Users\krish\Documents\BITS\mlops-project\actions-runner'
[2026-08-30 11:49:00Z INFO HostContext] Well known directory 'Work': 'C:\Users\krish\Documents\BITS\mlops-project\actions-runner\_work'
[2026-08-30 11:49:00Z INFO StepsRunner] Which2: 'chcp'
[2026-08-30 11:49:00Z INFO StepsRunner] Location: 'C:\WINDOWS\system32\chcp.COM'
[2026-08-30 11:49:00Z INFO ProcessInvokerWrapper] Starting process:
[2026-08-30 11:49:00Z INFO ProcessInvokerWrapper]   File name: 'C:\WINDOWS\system32\chcp.COM'
[2026-08-30 11:49:00Z INFO ProcessInvokerWrapper]   Arguments: '65001'
[2026-08-30 11:49:00Z INFO ProcessInvokerWrapper]   Working directory: 'C:\Users\krish\Documents\BITS\mlops-project\actions-runner\_work'
[2026-08-30 11:49:00Z INFO ProcessInvokerWrapper]   Require exit code zero: 'False'
[2026-08-30 11:49:00Z INFO ProcessInvokerWrapper]   Encoding web name:  ; code page: ''
[2026-08-30 11:49:00Z INFO ProcessInvokerWrapper]   Force kill process on cancellation: 'False'
[2026-08-30 11:49:00Z INFO ProcessInvokerWrapper]   Redirected STDIN: 'False'
[2026-08-30 11:49:00Z INFO ProcessInvokerWrapper]   Persist current code page: 'True'
[2026-08-30 11:49:00Z INFO ProcessInvokerWrapper]   Keep redirected STDIN open: 'False'
[2026-08-30 11:49:00Z INFO ProcessInvokerWrapper]   High priority process: 'False'
[2026-08-30 11:49:00Z INFO ProcessInvokerWrapper] Process started with process id 9876, waiting for process exit.
[2026-08-30 11:49:00Z INFO ProcessInvokerWrapper] STDOUT/STDERR stream read finished.
[2026-08-30 11:49:00Z INFO ProcessInvokerWrapper] STDOUT/STDERR stream read finished.
[2026-08-30 11:49:00Z INFO ProcessInvokerWrapper] Finished process 9876 with exit code 0, and elapsed time 00:00:00.0219732.
[2026-08-30 11:49:00Z INFO StepsRunner] Successfully returned to code page 65001 (UTF8)
[2026-08-30 11:49:00Z INFO HostContext] Well known directory 'Bin': 'C:\Users\krish\Documents\BITS\mlops-project\actions-runner\bin'
[2026-08-30 11:49:00Z INFO HostContext] Well known directory 'Root': 'C:\Users\krish\Documents\BITS\mlops-project\actions-runner'
[2026-08-30 11:49:00Z INFO HostContext] Well known directory 'Work': 'C:\Users\krish\Documents\BITS\mlops-project\actions-runner\_work'
[2026-08-30 11:49:00Z INFO HostContext] Well known directory 'Temp': 'C:\Users\krish\Documents\BITS\mlops-project\actions-runner\_work\_temp'
[2026-08-30 11:49:00Z INFO ExecutionContext] Write event payload to C:\Users\krish\Documents\BITS\mlops-project\actions-runner\_work\_temp\_github_workflow\event.json
[2026-08-30 11:49:00Z INFO HostContext] Well known directory 'Bin': 'C:\Users\krish\Documents\BITS\mlops-project\actions-runner\bin'
[2026-08-30 11:49:00Z INFO HostContext] Well known directory 'Root': 'C:\Users\krish\Documents\BITS\mlops-project\actions-runner'
[2026-08-30 11:49:00Z INFO HostContext] Well known directory 'Work': 'C:\Users\krish\Documents\BITS\mlops-project\actions-runner\_work'
[2026-08-30 11:49:00Z INFO HostContext] Well known directory 'Temp': 'C:\Users\krish\Documents\BITS\mlops-project\actions-runner\_work\_temp'
[2026-08-30 11:49:00Z INFO ExtensionManager] Getting extensions for interface: 'GitHub.Runner.Worker.IFileCommandExtension'
[2026-08-30 11:49:00Z INFO ExtensionManager] Getting extensions for interface: 'GitHub.Runner.Worker.IActionCommandExtension'
[2026-08-30 11:49:00Z INFO ActionCommandManager] Register action command extension for command internal-set-repo-path
[2026-08-30 11:49:00Z INFO ActionCommandManager] Register action command extension for command set-env
[2026-08-30 11:49:00Z INFO ActionCommandManager] Register action command extension for command set-output
[2026-08-30 11:49:00Z INFO ActionCommandManager] Register action command extension for command save-state
[2026-08-30 11:49:00Z INFO ActionCommandManager] Register action command extension for command add-path
[2026-08-30 11:49:00Z INFO ActionCommandManager] Register action command extension for command add-mask
[2026-08-30 11:49:00Z INFO ActionCommandManager] Register action command extension for command add-matcher
[2026-08-30 11:49:00Z INFO ActionCommandManager] Register action command extension for command remove-matcher
[2026-08-30 11:49:00Z INFO ActionCommandManager] Register action command extension for command warning
[2026-08-30 11:49:00Z INFO ActionCommandManager] Register action command extension for command error
[2026-08-30 11:49:00Z INFO ActionCommandManager] Register action command extension for command notice
[2026-08-30 11:49:00Z INFO ActionCommandManager] Register action command extension for command debug
[2026-08-30 11:49:00Z INFO ActionCommandManager] Register action command extension for command group
[2026-08-30 11:49:00Z INFO ActionCommandManager] Register action command extension for command endgroup
[2026-08-30 11:49:00Z INFO ActionCommandManager] Register action command extension for command echo
[2026-08-30 11:49:00Z INFO ScriptHandler] Which2: 'cmd'
[2026-08-30 11:49:00Z INFO ScriptHandler] Location: 'C:\WINDOWS\system32\cmd.EXE'
[2026-08-30 11:49:00Z INFO HostContext] Well known directory 'Bin': 'C:\Users\krish\Documents\BITS\mlops-project\actions-runner\bin'
[2026-08-30 11:49:00Z INFO HostContext] Well known directory 'Root': 'C:\Users\krish\Documents\BITS\mlops-project\actions-runner'
[2026-08-30 11:49:00Z INFO HostContext] Well known directory 'Work': 'C:\Users\krish\Documents\BITS\mlops-project\actions-runner\_work'
[2026-08-30 11:49:00Z INFO HostContext] Well known directory 'Temp': 'C:\Users\krish\Documents\BITS\mlops-project\actions-runner\_work\_temp'
[2026-08-30 11:49:00Z INFO ScriptHandler] Which2: 'cmd'
[2026-08-30 11:49:00Z INFO ScriptHandler] Location: 'C:\WINDOWS\system32\cmd.EXE'
[2026-08-30 11:49:00Z INFO ProcessInvokerWrapper] Starting process:
[2026-08-30 11:49:00Z INFO ProcessInvokerWrapper]   File name: 'C:\WINDOWS\system32\cmd.EXE'
[2026-08-30 11:49:00Z INFO ProcessInvokerWrapper]   Arguments: '/D /E:ON /V:OFF /S /C "CALL "C:\Users\krish\Documents\BITS\mlops-project\actions-runner\_work\_temp\338e5998-4623-4f4c-a3f6-e0686679b2cb.cmd""'
[2026-08-30 11:49:00Z INFO ProcessInvokerWrapper]   Working directory: 'C:\Users\krish\Documents\BITS\mlops-project\actions-runner\_work\assignment2\assignment2'
[2026-08-30 11:49:00Z INFO ProcessInvokerWrapper]   Require exit code zero: 'False'
[2026-08-30 11:49:00Z INFO ProcessInvokerWrapper]   Encoding web name:  ; code page: ''
[2026-08-30 11:49:00Z INFO ProcessInvokerWrapper]   Force kill process on cancellation: 'False'
[2026-08-30 11:49:00Z INFO ProcessInvokerWrapper]   Redirected STDIN: 'False'
[2026-08-30 11:49:00Z INFO ProcessInvokerWrapper]   Persist current code page: 'True'
[2026-08-30 11:49:00Z INFO ProcessInvokerWrapper]   Keep redirected STDIN open: 'False'
[2026-08-30 11:49:00Z INFO ProcessInvokerWrapper]   High priority process: 'False'
[2026-08-30 11:49:00Z INFO JobServerQueue] Got a step log file to send to results service.
[2026-08-30 11:49:00Z INFO JobServerQueue] Starting upload of step log file to results service ResultsLog, C:\Users\krish\Documents\BITS\mlops-project\actions-runner\_diag\blocks\0a709788-d50e-458e-b373-09d3f2416a6a_21dfb9fb-cd3b-4462-8373-6c9adeaa75d0.1
[2026-08-30 11:49:00Z INFO ProcessInvokerWrapper] Process started with process id 17568, waiting for process exit.
[2026-08-30 11:49:00Z INFO JobServerQueue] Try to append 1 batches web console lines for record 'e0bd922c-f7de-4703-91fa-cab5a5fba59a', success rate: 1/1.
[2026-08-30 11:49:00Z INFO JobServerQueue] Try to append 1 batches web console lines for record 'ba1cf36d-d091-41f1-83a6-bcfa9d5ee8ac', success rate: 1/1.
[2026-08-30 11:49:00Z INFO JobServerQueue] Try to upload 2 log files or attachments, success rate: 2/2.
[2026-08-30 11:49:00Z INFO JobServerQueue] Got a step log file to send to results service.
[2026-08-30 11:49:00Z INFO JobServerQueue] Starting upload of step log file to results service ResultsLog, C:\Users\krish\Documents\BITS\mlops-project\actions-runner\_diag\blocks\0a709788-d50e-458e-b373-09d3f2416a6a_e0bd922c-f7de-4703-91fa-cab5a5fba59a.1
[2026-08-30 11:49:01Z INFO JobServerQueue] Tried to upload 2 file(s) to results, success rate: 2/2.
[2026-08-30 11:49:02Z INFO HostContext] Well known directory 'Bin': 'C:\Users\krish\Documents\BITS\mlops-project\actions-runner\bin'
[2026-08-30 11:49:02Z INFO HostContext] Well known directory 'Root': 'C:\Users\krish\Documents\BITS\mlops-project\actions-runner'
[2026-08-30 11:49:02Z INFO HostContext] Well known directory 'Work': 'C:\Users\krish\Documents\BITS\mlops-project\actions-runner\_work'
[2026-08-30 11:49:10Z INFO ProcessInvokerWrapper] STDOUT/STDERR stream read finished.
[2026-08-30 11:49:10Z INFO ProcessInvokerWrapper] STDOUT/STDERR stream read finished.
[2026-08-30 11:49:10Z INFO ProcessInvokerWrapper] Finished process 17568 with exit code 0, and elapsed time 00:00:10.1951151.
[2026-08-30 11:49:10Z INFO CreateStepSummaryCommand] Step Summary file (C:\Users\krish\Documents\BITS\mlops-project\actions-runner\_work\_temp\_runner_file_commands\step_summary_2df2b6db-d8bc-4553-abc5-f3907050f874) is empty; skipping attachment upload
[2026-08-30 11:49:10Z INFO StepsRunner] Step result: 
[2026-08-30 11:49:10Z INFO ExecutionContext] Publish step telemetry for current step {
  "action": "cmd",
  "type": "run",
  "stage": "Main",
  "stepId": "ba1cf36d-d091-41f1-83a6-bcfa9d5ee8ac",
  "stepContextName": "__run_5",
  "result": "succeeded",
  "errorMessages": [],
  "executionTimeInSeconds": 11,
  "startTime": "2026-08-30T11:49:00.0485818Z",
  "finishTime": "2026-08-30T11:49:10.2829884Z"
}.
[2026-08-30 11:49:10Z INFO StepsRunner] No need for updating job result with current step result 'Succeeded'.
[2026-08-30 11:49:10Z INFO StepsRunner] Current state: job state = ''
[2026-08-30 11:49:10Z INFO StepsRunner] Processing step: DisplayName='Run smoke tests'
[2026-08-30 11:49:10Z INFO StepsRunner] Evaluating: success()
[2026-08-30 11:49:10Z INFO StepsRunner] Result: true
[2026-08-30 11:49:10Z INFO StepsRunner] Starting the step.
[2026-08-30 11:49:10Z INFO HostContext] Well known directory 'Bin': 'C:\Users\krish\Documents\BITS\mlops-project\actions-runner\bin'
[2026-08-30 11:49:10Z INFO HostContext] Well known directory 'Root': 'C:\Users\krish\Documents\BITS\mlops-project\actions-runner'
[2026-08-30 11:49:10Z INFO HostContext] Well known directory 'Work': 'C:\Users\krish\Documents\BITS\mlops-project\actions-runner\_work'
[2026-08-30 11:49:10Z INFO StepsRunner] Which2: 'chcp'
[2026-08-30 11:49:10Z INFO StepsRunner] Location: 'C:\WINDOWS\system32\chcp.COM'
[2026-08-30 11:49:10Z INFO ProcessInvokerWrapper] Starting process:
[2026-08-30 11:49:10Z INFO ProcessInvokerWrapper]   File name: 'C:\WINDOWS\system32\chcp.COM'
[2026-08-30 11:49:10Z INFO ProcessInvokerWrapper]   Arguments: '65001'
[2026-08-30 11:49:10Z INFO ProcessInvokerWrapper]   Working directory: 'C:\Users\krish\Documents\BITS\mlops-project\actions-runner\_work'
[2026-08-30 11:49:10Z INFO ProcessInvokerWrapper]   Require exit code zero: 'False'
[2026-08-30 11:49:10Z INFO ProcessInvokerWrapper]   Encoding web name:  ; code page: ''
[2026-08-30 11:49:10Z INFO ProcessInvokerWrapper]   Force kill process on cancellation: 'False'
[2026-08-30 11:49:10Z INFO ProcessInvokerWrapper]   Redirected STDIN: 'False'
[2026-08-30 11:49:10Z INFO ProcessInvokerWrapper]   Persist current code page: 'True'
[2026-08-30 11:49:10Z INFO ProcessInvokerWrapper]   Keep redirected STDIN open: 'False'
[2026-08-30 11:49:10Z INFO ProcessInvokerWrapper]   High priority process: 'False'
[2026-08-30 11:49:10Z INFO ProcessInvokerWrapper] Process started with process id 17996, waiting for process exit.
[2026-08-30 11:49:10Z INFO ProcessInvokerWrapper] STDOUT/STDERR stream read finished.
[2026-08-30 11:49:10Z INFO ProcessInvokerWrapper] STDOUT/STDERR stream read finished.
[2026-08-30 11:49:10Z INFO ProcessInvokerWrapper] Finished process 17996 with exit code 0, and elapsed time 00:00:00.0387759.
[2026-08-30 11:49:10Z INFO StepsRunner] Successfully returned to code page 65001 (UTF8)
[2026-08-30 11:49:10Z INFO HostContext] Well known directory 'Bin': 'C:\Users\krish\Documents\BITS\mlops-project\actions-runner\bin'
[2026-08-30 11:49:10Z INFO HostContext] Well known directory 'Root': 'C:\Users\krish\Documents\BITS\mlops-project\actions-runner'
[2026-08-30 11:49:10Z INFO HostContext] Well known directory 'Work': 'C:\Users\krish\Documents\BITS\mlops-project\actions-runner\_work'
[2026-08-30 11:49:10Z INFO HostContext] Well known directory 'Temp': 'C:\Users\krish\Documents\BITS\mlops-project\actions-runner\_work\_temp'
[2026-08-30 11:49:10Z INFO ExecutionContext] Write event payload to C:\Users\krish\Documents\BITS\mlops-project\actions-runner\_work\_temp\_github_workflow\event.json
[2026-08-30 11:49:10Z INFO HostContext] Well known directory 'Bin': 'C:\Users\krish\Documents\BITS\mlops-project\actions-runner\bin'
[2026-08-30 11:49:10Z INFO HostContext] Well known directory 'Root': 'C:\Users\krish\Documents\BITS\mlops-project\actions-runner'
[2026-08-30 11:49:10Z INFO HostContext] Well known directory 'Work': 'C:\Users\krish\Documents\BITS\mlops-project\actions-runner\_work'
[2026-08-30 11:49:10Z INFO HostContext] Well known directory 'Temp': 'C:\Users\krish\Documents\BITS\mlops-project\actions-runner\_work\_temp'
[2026-08-30 11:49:10Z INFO ExtensionManager] Getting extensions for interface: 'GitHub.Runner.Worker.IFileCommandExtension'
[2026-08-30 11:49:10Z INFO ExtensionManager] Getting extensions for interface: 'GitHub.Runner.Worker.IActionCommandExtension'
[2026-08-30 11:49:10Z INFO ActionCommandManager] Register action command extension for command internal-set-repo-path
[2026-08-30 11:49:10Z INFO ActionCommandManager] Register action command extension for command set-env
[2026-08-30 11:49:10Z INFO ActionCommandManager] Register action command extension for command set-output
[2026-08-30 11:49:10Z INFO ActionCommandManager] Register action command extension for command save-state
[2026-08-30 11:49:10Z INFO ActionCommandManager] Register action command extension for command add-path
[2026-08-30 11:49:10Z INFO ActionCommandManager] Register action command extension for command add-mask
[2026-08-30 11:49:10Z INFO ActionCommandManager] Register action command extension for command add-matcher
[2026-08-30 11:49:10Z INFO ActionCommandManager] Register action command extension for command remove-matcher
[2026-08-30 11:49:10Z INFO ActionCommandManager] Register action command extension for command warning
[2026-08-30 11:49:10Z INFO ActionCommandManager] Register action command extension for command error
[2026-08-30 11:49:10Z INFO ActionCommandManager] Register action command extension for command notice
[2026-08-30 11:49:10Z INFO ActionCommandManager] Register action command extension for command debug
[2026-08-30 11:49:10Z INFO ActionCommandManager] Register action command extension for command group
[2026-08-30 11:49:10Z INFO ActionCommandManager] Register action command extension for command endgroup
[2026-08-30 11:49:10Z INFO ActionCommandManager] Register action command extension for command echo
[2026-08-30 11:49:10Z INFO ScriptHandler] Which2: 'cmd'
[2026-08-30 11:49:10Z INFO ScriptHandler] Location: 'C:\WINDOWS\system32\cmd.EXE'
[2026-08-30 11:49:10Z INFO HostContext] Well known directory 'Bin': 'C:\Users\krish\Documents\BITS\mlops-project\actions-runner\bin'
[2026-08-30 11:49:10Z INFO HostContext] Well known directory 'Root': 'C:\Users\krish\Documents\BITS\mlops-project\actions-runner'
[2026-08-30 11:49:10Z INFO HostContext] Well known directory 'Work': 'C:\Users\krish\Documents\BITS\mlops-project\actions-runner\_work'
[2026-08-30 11:49:10Z INFO HostContext] Well known directory 'Temp': 'C:\Users\krish\Documents\BITS\mlops-project\actions-runner\_work\_temp'
[2026-08-30 11:49:10Z INFO ScriptHandler] Which2: 'cmd'
[2026-08-30 11:49:10Z INFO ScriptHandler] Location: 'C:\WINDOWS\system32\cmd.EXE'
[2026-08-30 11:49:10Z INFO ProcessInvokerWrapper] Starting process:
[2026-08-30 11:49:10Z INFO ProcessInvokerWrapper]   File name: 'C:\WINDOWS\system32\cmd.EXE'
[2026-08-30 11:49:10Z INFO ProcessInvokerWrapper]   Arguments: '/D /E:ON /V:OFF /S /C "CALL "C:\Users\krish\Documents\BITS\mlops-project\actions-runner\_work\_temp\d5102c17-6a68-4535-b82c-739ff05f0f2a.cmd""'
[2026-08-30 11:49:10Z INFO ProcessInvokerWrapper]   Working directory: 'C:\Users\krish\Documents\BITS\mlops-project\actions-runner\_work\assignment2\assignment2'
[2026-08-30 11:49:10Z INFO ProcessInvokerWrapper]   Require exit code zero: 'False'
[2026-08-30 11:49:10Z INFO ProcessInvokerWrapper]   Encoding web name:  ; code page: ''
[2026-08-30 11:49:10Z INFO ProcessInvokerWrapper]   Force kill process on cancellation: 'False'
[2026-08-30 11:49:10Z INFO ProcessInvokerWrapper]   Redirected STDIN: 'False'
[2026-08-30 11:49:10Z INFO ProcessInvokerWrapper]   Persist current code page: 'True'
[2026-08-30 11:49:10Z INFO ProcessInvokerWrapper]   Keep redirected STDIN open: 'False'
[2026-08-30 11:49:10Z INFO ProcessInvokerWrapper]   High priority process: 'False'
[2026-08-30 11:49:10Z INFO ProcessInvokerWrapper] Process started with process id 17684, waiting for process exit.
[2026-08-30 11:49:10Z INFO JobServerQueue] Try to upload 1 log files or attachments, success rate: 1/1.
[2026-08-30 11:49:10Z INFO JobServerQueue] Try to append 1 batches web console lines for record 'ac2c8070-6190-45ef-9168-007f8933e8cc', success rate: 1/1.
[2026-08-30 11:49:10Z INFO ProcessInvokerWrapper] STDOUT/STDERR stream read finished.
[2026-08-30 11:49:10Z INFO ProcessInvokerWrapper] STDOUT/STDERR stream read finished.
[2026-08-30 11:49:10Z INFO ProcessInvokerWrapper] Finished process 17684 with exit code 2, and elapsed time 00:00:00.1892170.
[2026-08-30 11:49:10Z INFO CreateStepSummaryCommand] Step Summary file (C:\Users\krish\Documents\BITS\mlops-project\actions-runner\_work\_temp\_runner_file_commands\step_summary_e1ee41ef-69e7-40a5-b567-3b8c0bd1b593) is empty; skipping attachment upload
[2026-08-30 11:49:10Z INFO StepsRunner] Step result: Failed
[2026-08-30 11:49:10Z INFO ExecutionContext] Publish step telemetry for current step {
  "action": "cmd",
  "type": "run",
  "stage": "Main",
  "stepId": "ac2c8070-6190-45ef-9168-007f8933e8cc",
  "stepContextName": "__run_6",
  "result": "failed",
  "errorMessages": [
    "Process completed with exit code 2."
  ],
  "executionTimeInSeconds": 1,
  "startTime": "2026-08-30T11:49:10.2859773Z",
  "finishTime": "2026-08-30T11:49:10.5411592Z"
}.
[2026-08-30 11:49:10Z INFO StepsRunner] Update job result with current step result 'Failed'.
[2026-08-30 11:49:10Z INFO StepsRunner] Current state: job state = 'Failed'
[2026-08-30 11:49:10Z INFO StepsRunner] Processing step: DisplayName='Post Checkout repository'
[2026-08-30 11:49:10Z INFO StepsRunner] Evaluating: always()
[2026-08-30 11:49:10Z INFO StepsRunner] Result: true
[2026-08-30 11:49:10Z INFO StepsRunner] Starting the step.
[2026-08-30 11:49:10Z INFO HostContext] Well known directory 'Bin': 'C:\Users\krish\Documents\BITS\mlops-project\actions-runner\bin'
[2026-08-30 11:49:10Z INFO HostContext] Well known directory 'Root': 'C:\Users\krish\Documents\BITS\mlops-project\actions-runner'
[2026-08-30 11:49:10Z INFO HostContext] Well known directory 'Work': 'C:\Users\krish\Documents\BITS\mlops-project\actions-runner\_work'
[2026-08-30 11:49:10Z INFO StepsRunner] Which2: 'chcp'
[2026-08-30 11:49:10Z INFO StepsRunner] Location: 'C:\WINDOWS\system32\chcp.COM'
[2026-08-30 11:49:10Z INFO ProcessInvokerWrapper] Starting process:
[2026-08-30 11:49:10Z INFO ProcessInvokerWrapper]   File name: 'C:\WINDOWS\system32\chcp.COM'
[2026-08-30 11:49:10Z INFO ProcessInvokerWrapper]   Arguments: '65001'
[2026-08-30 11:49:10Z INFO ProcessInvokerWrapper]   Working directory: 'C:\Users\krish\Documents\BITS\mlops-project\actions-runner\_work'
[2026-08-30 11:49:10Z INFO ProcessInvokerWrapper]   Require exit code zero: 'False'
[2026-08-30 11:49:10Z INFO ProcessInvokerWrapper]   Encoding web name:  ; code page: ''
[2026-08-30 11:49:10Z INFO ProcessInvokerWrapper]   Force kill process on cancellation: 'False'
[2026-08-30 11:49:10Z INFO ProcessInvokerWrapper]   Redirected STDIN: 'False'
[2026-08-30 11:49:10Z INFO ProcessInvokerWrapper]   Persist current code page: 'True'
[2026-08-30 11:49:10Z INFO ProcessInvokerWrapper]   Keep redirected STDIN open: 'False'
[2026-08-30 11:49:10Z INFO ProcessInvokerWrapper]   High priority process: 'False'
[2026-08-30 11:49:10Z INFO ProcessInvokerWrapper] Process started with process id 4952, waiting for process exit.
[2026-08-30 11:49:10Z INFO ProcessInvokerWrapper] STDOUT/STDERR stream read finished.
[2026-08-30 11:49:10Z INFO ProcessInvokerWrapper] STDOUT/STDERR stream read finished.
[2026-08-30 11:49:10Z INFO ProcessInvokerWrapper] Finished process 4952 with exit code 0, and elapsed time 00:00:00.0135205.
[2026-08-30 11:49:10Z INFO StepsRunner] Successfully returned to code page 65001 (UTF8)
[2026-08-30 11:49:10Z INFO HostContext] Well known directory 'Bin': 'C:\Users\krish\Documents\BITS\mlops-project\actions-runner\bin'
[2026-08-30 11:49:10Z INFO HostContext] Well known directory 'Root': 'C:\Users\krish\Documents\BITS\mlops-project\actions-runner'
[2026-08-30 11:49:10Z INFO HostContext] Well known directory 'Work': 'C:\Users\krish\Documents\BITS\mlops-project\actions-runner\_work'
[2026-08-30 11:49:10Z INFO HostContext] Well known directory 'Actions': 'C:\Users\krish\Documents\BITS\mlops-project\actions-runner\_work\_actions'
[2026-08-30 11:49:10Z INFO ActionManager] Load action that reference repository from 'C:\Users\krish\Documents\BITS\mlops-project\actions-runner\_work\_actions\actions\checkout\v4'
[2026-08-30 11:49:10Z INFO HostContext] Well known directory 'Bin': 'C:\Users\krish\Documents\BITS\mlops-project\actions-runner\bin'
[2026-08-30 11:49:10Z INFO HostContext] Well known directory 'Root': 'C:\Users\krish\Documents\BITS\mlops-project\actions-runner'
[2026-08-30 11:49:10Z INFO HostContext] Well known directory 'Work': 'C:\Users\krish\Documents\BITS\mlops-project\actions-runner\_work'
[2026-08-30 11:49:10Z INFO HostContext] Well known directory 'Actions': 'C:\Users\krish\Documents\BITS\mlops-project\actions-runner\_work\_actions'
[2026-08-30 11:49:10Z INFO ActionManifestManagerLegacy] Loaded action.yml file: {
  "name": "Checkout",
  "description": "Checkout a Git repository at a particular version",
  "inputs": {
    "type": 2,
    "map": [
      {
        "key": {
          "type": 0,
          "file": 2,
          "line": 4,
          "col": 3,
          "lit": "repository"
        },
        "value": {
          "type": 3,
          "file": 2,
          "line": 6,
          "col": 14,
          "expr": "github.repository"
        }
      },
      {
        "key": {
          "type": 0,
          "file": 2,
          "line": 7,
          "col": 3,
          "lit": "ref"
        },
        "value": ""
      },
      {
        "key": {
          "type": 0,
          "file": 2,
          "line": 12,
          "col": 3,
          "lit": "token"
        },
        "value": {
          "type": 3,
          "file": 2,
          "line": 24,
          "col": 14,
          "expr": "github.token"
        }
      },
      {
        "key": {
          "type": 0,
          "file": 2,
          "line": 25,
          "col": 3,
          "lit": "ssh-key"
        },
        "value": ""
      },
      {
        "key": {
          "type": 0,
          "file": 2,
          "line": 37,
          "col": 3,
          "lit": "ssh-known-hosts"
        },
        "value": ""
      },
      {
        "key": {
          "type": 0,
          "file": 2,
          "line": 42,
          "col": 3,
          "lit": "ssh-strict"
        },
        "value": {
          "type": 0,
          "file": 2,
          "line": 47,
          "col": 14,
          "lit": "true"
        }
      },
      {
        "key": {
          "type": 0,
          "file": 2,
          "line": 48,
          "col": 3,
          "lit": "ssh-user"
        },
        "value": {
          "type": 0,
          "file": 2,
          "line": 51,
          "col": 14,
          "lit": "git"
        }
      },
      {
        "key": {
          "type": 0,
          "file": 2,
          "line": 52,
          "col": 3,
          "lit": "persist-credentials"
        },
        "value": {
          "type": 0,
          "file": 2,
          "line": 54,
          "col": 14,
          "lit": "true"
        }
      },
      {
        "key": {
          "type": 0,
          "file": 2,
          "line": 55,
          "col": 3,
          "lit": "path"
        },
        "value": ""
      },
      {
        "key": {
          "type": 0,
          "file": 2,
          "line": 57,
          "col": 3,
          "lit": "clean"
        },
        "value": {
          "type": 0,
          "file": 2,
          "line": 59,
          "col": 14,
          "lit": "true"
        }
      },
      {
        "key": {
          "type": 0,
          "file": 2,
          "line": 60,
          "col": 3,
          "lit": "filter"
        },
        "value": {
          "type": 0,
          "file": 2,
          "line": 64,
          "col": 14,
          "lit": ""
        }
      },
      {
        "key": {
          "type": 0,
          "file": 2,
          "line": 65,
          "col": 3,
          "lit": "sparse-checkout"
        },
        "value": {
          "type": 0,
          "file": 2,
          "line": 69,
          "col": 14,
          "lit": ""
        }
      },
      {
        "key": {
          "type": 0,
          "file": 2,
          "line": 70,
          "col": 3,
          "lit": "sparse-checkout-cone-mode"
        },
        "value": {
          "type": 0,
          "file": 2,
          "line": 73,
          "col": 14,
          "lit": "true"
        }
      },
      {
        "key": {
          "type": 0,
          "file": 2,
          "line": 74,
          "col": 3,
          "lit": "fetch-depth"
        },
        "value": {
          "type": 0,
          "file": 2,
          "line": 76,
          "col": 14,
          "lit": "1"
        }
      },
      {
        "key": {
          "type": 0,
          "file": 2,
          "line": 77,
          "col": 3,
          "lit": "fetch-tags"
        },
        "value": {
          "type": 0,
          "file": 2,
          "line": 79,
          "col": 14,
          "lit": "false"
        }
      },
      {
        "key": {
          "type": 0,
          "file": 2,
          "line": 80,
          "col": 3,
          "lit": "show-progress"
        },
        "value": {
          "type": 0,
          "file": 2,
          "line": 82,
          "col": 14,
          "lit": "true"
        }
      },
      {
        "key": {
          "type": 0,
          "file": 2,
          "line": 83,
          "col": 3,
          "lit": "lfs"
        },
        "value": {
          "type": 0,
          "file": 2,
          "line": 85,
          "col": 14,
          "lit": "false"
        }
      },
      {
        "key": {
          "type": 0,
          "file": 2,
          "line": 86,
          "col": 3,
          "lit": "submodules"
        },
        "value": {
          "type": 0,
          "file": 2,
          "line": 94,
          "col": 14,
          "lit": "false"
        }
      },
      {
        "key": {
          "type": 0,
          "file": 2,
          "line": 95,
          "col": 3,
          "lit": "set-safe-directory"
        },
        "value": {
          "type": 0,
          "file": 2,
          "line": 97,
          "col": 14,
          "lit": "true"
        }
      },
      {
        "key": {
          "type": 0,
          "file": 2,
          "line": 98,
          "col": 3,
          "lit": "github-server-url"
        },
        "value": ""
      },
      {
        "key": {
          "type": 0,
          "file": 2,
          "line": 101,
          "col": 3,
          "lit": "allow-unsafe-pr-checkout"
        },
        "value": {
          "type": 0,
          "file": 2,
          "line": 109,
          "col": 14,
          "lit": "false"
        }
      }
    ]
  },
  "execution": {
    "executionType": "nodeJS",
    "hasPre": false,
    "hasPost": true,
    "script": "dist/index.js",
    "pre": null,
    "post": "dist/index.js",
    "nodeVersion": "node20",
    "cleanupCondition": "always()",
    "initCondition": "always()"
  },
  "deprecated": null
}
[2026-08-30 11:49:10Z INFO ActionManager] Action pre node.js file: N/A.
[2026-08-30 11:49:10Z INFO ActionManager] Action node.js file: dist/index.js.
[2026-08-30 11:49:10Z INFO ActionManager] Action post node.js file: dist/index.js.
[2026-08-30 11:49:10Z INFO HostContext] Well known directory 'Bin': 'C:\Users\krish\Documents\BITS\mlops-project\actions-runner\bin'
[2026-08-30 11:49:10Z INFO HostContext] Well known directory 'Root': 'C:\Users\krish\Documents\BITS\mlops-project\actions-runner'
[2026-08-30 11:49:10Z INFO HostContext] Well known directory 'Work': 'C:\Users\krish\Documents\BITS\mlops-project\actions-runner\_work'
[2026-08-30 11:49:10Z INFO HostContext] Well known directory 'Temp': 'C:\Users\krish\Documents\BITS\mlops-project\actions-runner\_work\_temp'
[2026-08-30 11:49:10Z INFO ExecutionContext] Write event payload to C:\Users\krish\Documents\BITS\mlops-project\actions-runner\_work\_temp\_github_workflow\event.json
[2026-08-30 11:49:10Z INFO HostContext] Well known directory 'Bin': 'C:\Users\krish\Documents\BITS\mlops-project\actions-runner\bin'
[2026-08-30 11:49:10Z INFO HostContext] Well known directory 'Root': 'C:\Users\krish\Documents\BITS\mlops-project\actions-runner'
[2026-08-30 11:49:10Z INFO HostContext] Well known directory 'Work': 'C:\Users\krish\Documents\BITS\mlops-project\actions-runner\_work'
[2026-08-30 11:49:10Z INFO HostContext] Well known directory 'Temp': 'C:\Users\krish\Documents\BITS\mlops-project\actions-runner\_work\_temp'
[2026-08-30 11:49:10Z INFO ExtensionManager] Getting extensions for interface: 'GitHub.Runner.Worker.IFileCommandExtension'
[2026-08-30 11:49:10Z INFO ActionManifestManagerLegacy] Input 'repository': default value evaluate result: {
  "type": 0,
  "file": 2,
  "line": 6,
  "col": 14,
  "lit": "2024ac05127-tech/assignment2"
}
[2026-08-30 11:49:10Z INFO ActionManifestManagerLegacy] Input 'ref': default value evaluate result: ""
[2026-08-30 11:49:10Z INFO ActionManifestManagerLegacy] Input 'token': default value evaluate result: {
  "type": 0,
  "file": 2,
  "line": 24,
  "col": 14,
  "lit": "***"
}
[2026-08-30 11:49:10Z INFO ActionManifestManagerLegacy] Input 'ssh-key': default value evaluate result: ""
[2026-08-30 11:49:10Z INFO ActionManifestManagerLegacy] Input 'ssh-known-hosts': default value evaluate result: ""
[2026-08-30 11:49:10Z INFO ActionManifestManagerLegacy] Input 'ssh-strict': default value evaluate result: {
  "type": 0,
  "file": 2,
  "line": 47,
  "col": 14,
  "lit": "true"
}
[2026-08-30 11:49:10Z INFO ActionManifestManagerLegacy] Input 'ssh-user': default value evaluate result: {
  "type": 0,
  "file": 2,
  "line": 51,
  "col": 14,
  "lit": "git"
}
[2026-08-30 11:49:10Z INFO ActionManifestManagerLegacy] Input 'persist-credentials': default value evaluate result: {
  "type": 0,
  "file": 2,
  "line": 54,
  "col": 14,
  "lit": "true"
}
[2026-08-30 11:49:10Z INFO ActionManifestManagerLegacy] Input 'path': default value evaluate result: ""
[2026-08-30 11:49:10Z INFO ActionManifestManagerLegacy] Input 'clean': default value evaluate result: {
  "type": 0,
  "file": 2,
  "line": 59,
  "col": 14,
  "lit": "true"
}
[2026-08-30 11:49:10Z INFO ActionManifestManagerLegacy] Input 'filter': default value evaluate result: {
  "type": 0,
  "file": 2,
  "line": 64,
  "col": 14,
  "lit": ""
}
[2026-08-30 11:49:10Z INFO ActionManifestManagerLegacy] Input 'sparse-checkout': default value evaluate result: {
  "type": 0,
  "file": 2,
  "line": 69,
  "col": 14,
  "lit": ""
}
[2026-08-30 11:49:10Z INFO ActionManifestManagerLegacy] Input 'sparse-checkout-cone-mode': default value evaluate result: {
  "type": 0,
  "file": 2,
  "line": 73,
  "col": 14,
  "lit": "true"
}
[2026-08-30 11:49:10Z INFO ActionManifestManagerLegacy] Input 'fetch-depth': default value evaluate result: {
  "type": 0,
  "file": 2,
  "line": 76,
  "col": 14,
  "lit": "1"
}
[2026-08-30 11:49:10Z INFO ActionManifestManagerLegacy] Input 'fetch-tags': default value evaluate result: {
  "type": 0,
  "file": 2,
  "line": 79,
  "col": 14,
  "lit": "false"
}
[2026-08-30 11:49:10Z INFO ActionManifestManagerLegacy] Input 'show-progress': default value evaluate result: {
  "type": 0,
  "file": 2,
  "line": 82,
  "col": 14,
  "lit": "true"
}
[2026-08-30 11:49:10Z INFO ActionManifestManagerLegacy] Input 'lfs': default value evaluate result: {
  "type": 0,
  "file": 2,
  "line": 85,
  "col": 14,
  "lit": "false"
}
[2026-08-30 11:49:10Z INFO ActionManifestManagerLegacy] Input 'submodules': default value evaluate result: {
  "type": 0,
  "file": 2,
  "line": 94,
  "col": 14,
  "lit": "false"
}
[2026-08-30 11:49:10Z INFO ActionManifestManagerLegacy] Input 'set-safe-directory': default value evaluate result: {
  "type": 0,
  "file": 2,
  "line": 97,
  "col": 14,
  "lit": "true"
}
[2026-08-30 11:49:10Z INFO ActionManifestManagerLegacy] Input 'github-server-url': default value evaluate result: ""
[2026-08-30 11:49:10Z INFO ActionManifestManagerLegacy] Input 'allow-unsafe-pr-checkout': default value evaluate result: {
  "type": 0,
  "file": 2,
  "line": 109,
  "col": 14,
  "lit": "false"
}
[2026-08-30 11:49:10Z INFO ExtensionManager] Getting extensions for interface: 'GitHub.Runner.Worker.IActionCommandExtension'
[2026-08-30 11:49:10Z INFO ActionCommandManager] Register action command extension for command internal-set-repo-path
[2026-08-30 11:49:10Z INFO ActionCommandManager] Register action command extension for command set-env
[2026-08-30 11:49:10Z INFO ActionCommandManager] Register action command extension for command set-output
[2026-08-30 11:49:10Z INFO ActionCommandManager] Register action command extension for command save-state
[2026-08-30 11:49:10Z INFO ActionCommandManager] Register action command extension for command add-path
[2026-08-30 11:49:10Z INFO ActionCommandManager] Register action command extension for command add-mask
[2026-08-30 11:49:10Z INFO ActionCommandManager] Register action command extension for command add-matcher
[2026-08-30 11:49:10Z INFO ActionCommandManager] Register action command extension for command remove-matcher
[2026-08-30 11:49:10Z INFO ActionCommandManager] Register action command extension for command warning
[2026-08-30 11:49:10Z INFO ActionCommandManager] Register action command extension for command error
[2026-08-30 11:49:10Z INFO ActionCommandManager] Register action command extension for command notice
[2026-08-30 11:49:10Z INFO ActionCommandManager] Register action command extension for command debug
[2026-08-30 11:49:10Z INFO ActionCommandManager] Register action command extension for command group
[2026-08-30 11:49:10Z INFO ActionCommandManager] Register action command extension for command endgroup
[2026-08-30 11:49:10Z INFO ActionCommandManager] Register action command extension for command echo
[2026-08-30 11:49:10Z INFO HostContext] Well known directory 'Bin': 'C:\Users\krish\Documents\BITS\mlops-project\actions-runner\bin'
[2026-08-30 11:49:10Z INFO HostContext] Well known directory 'Root': 'C:\Users\krish\Documents\BITS\mlops-project\actions-runner'
[2026-08-30 11:49:10Z INFO HostContext] Well known directory 'Externals': 'C:\Users\krish\Documents\BITS\mlops-project\actions-runner\externals'
[2026-08-30 11:49:10Z INFO ProcessInvokerWrapper] Starting process:
[2026-08-30 11:49:10Z INFO ProcessInvokerWrapper]   File name: 'C:\Users\krish\Documents\BITS\mlops-project\actions-runner\externals\node24\bin\node.exe'
[2026-08-30 11:49:10Z INFO ProcessInvokerWrapper]   Arguments: '"C:\Users\krish\Documents\BITS\mlops-project\actions-runner\_work\_actions\actions\checkout\v4\dist/index.js"'
[2026-08-30 11:49:10Z INFO ProcessInvokerWrapper]   Working directory: 'C:\Users\krish\Documents\BITS\mlops-project\actions-runner\_work\assignment2\assignment2'
[2026-08-30 11:49:10Z INFO ProcessInvokerWrapper]   Require exit code zero: 'False'
[2026-08-30 11:49:10Z INFO ProcessInvokerWrapper]   Encoding web name: utf-8 ; code page: '65001'
[2026-08-30 11:49:10Z INFO ProcessInvokerWrapper]   Force kill process on cancellation: 'False'
[2026-08-30 11:49:10Z INFO ProcessInvokerWrapper]   Redirected STDIN: 'False'
[2026-08-30 11:49:10Z INFO ProcessInvokerWrapper]   Persist current code page: 'True'
[2026-08-30 11:49:10Z INFO ProcessInvokerWrapper]   Keep redirected STDIN open: 'False'
[2026-08-30 11:49:10Z INFO ProcessInvokerWrapper]   High priority process: 'False'
[2026-08-30 11:49:10Z INFO ProcessInvokerWrapper] Process started with process id 3444, waiting for process exit.
[2026-08-30 11:49:10Z INFO JobServerQueue] Got a step log file to send to results service.
[2026-08-30 11:49:10Z INFO JobServerQueue] Starting upload of step log file to results service ResultsLog, C:\Users\krish\Documents\BITS\mlops-project\actions-runner\_diag\blocks\0a709788-d50e-458e-b373-09d3f2416a6a_ba1cf36d-d091-41f1-83a6-bcfa9d5ee8ac.1
[2026-08-30 11:49:10Z INFO AddMaskCommandExtension] Add new secret mask with length of 32
[2026-08-30 11:49:10Z INFO JobServerQueue] Try to append 1 batches web console lines for record 'ac2c8070-6190-45ef-9168-007f8933e8cc', success rate: 1/1.
[2026-08-30 11:49:10Z INFO JobServerQueue] Try to append 1 batches web console lines for record '57d65d39-d884-4ca2-bffe-84bfe6ebecdb', success rate: 1/1.
[2026-08-30 11:49:11Z INFO JobServerQueue] Try to append 1 batches web console lines for record '57d65d39-d884-4ca2-bffe-84bfe6ebecdb', success rate: 1/1.
[2026-08-30 11:49:11Z INFO JobServerQueue] Try to upload 1 log files or attachments, success rate: 1/1.
[2026-08-30 11:49:11Z INFO JobServerQueue] Got a step log file to send to results service.
[2026-08-30 11:49:11Z INFO JobServerQueue] Starting upload of step log file to results service ResultsLog, C:\Users\krish\Documents\BITS\mlops-project\actions-runner\_diag\blocks\0a709788-d50e-458e-b373-09d3f2416a6a_ac2c8070-6190-45ef-9168-007f8933e8cc.1
[2026-08-30 11:49:12Z INFO HostContext] Well known directory 'Bin': 'C:\Users\krish\Documents\BITS\mlops-project\actions-runner\bin'
[2026-08-30 11:49:12Z INFO HostContext] Well known directory 'Root': 'C:\Users\krish\Documents\BITS\mlops-project\actions-runner'
[2026-08-30 11:49:12Z INFO HostContext] Well known directory 'Work': 'C:\Users\krish\Documents\BITS\mlops-project\actions-runner\_work'
[2026-08-30 11:49:12Z INFO JobServerQueue] Tried to upload 2 file(s) to results, success rate: 2/2.
[2026-08-30 11:49:13Z INFO JobServerQueue] Try to append 1 batches web console lines for record '57d65d39-d884-4ca2-bffe-84bfe6ebecdb', success rate: 1/1.
[2026-08-30 11:49:14Z INFO JobServerQueue] Try to append 1 batches web console lines for record '57d65d39-d884-4ca2-bffe-84bfe6ebecdb', success rate: 1/1.
[2026-08-30 11:49:14Z INFO ProcessInvokerWrapper] STDOUT/STDERR stream read finished.
[2026-08-30 11:49:14Z INFO ProcessInvokerWrapper] STDOUT/STDERR stream read finished.
[2026-08-30 11:49:14Z INFO ProcessInvokerWrapper] Finished process 3444 with exit code 0, and elapsed time 00:00:04.2093475.
[2026-08-30 11:49:14Z INFO CreateStepSummaryCommand] Step Summary file (C:\Users\krish\Documents\BITS\mlops-project\actions-runner\_work\_temp\_runner_file_commands\step_summary_ca2910b3-5157-4723-abd6-b6f609dc0656) is empty; skipping attachment upload
[2026-08-30 11:49:14Z INFO StepsRunner] Step result: 
[2026-08-30 11:49:14Z INFO ExecutionContext] Publish step telemetry for current step {
  "action": "actions/checkout",
  "ref": "v4",
  "type": "node24",
  "stage": "Post",
  "stepId": "57d65d39-d884-4ca2-bffe-84bfe6ebecdb",
  "result": "succeeded",
  "errorMessages": [],
  "executionTimeInSeconds": 5,
  "startTime": "2026-08-30T11:49:10.5505183Z",
  "finishTime": "2026-08-30T11:49:14.8132859Z"
}.
[2026-08-30 11:49:14Z INFO StepsRunner] No need for updating job result with current step result 'Succeeded'.
[2026-08-30 11:49:14Z INFO StepsRunner] Current state: job state = 'Failed'
[2026-08-30 11:49:14Z INFO JobRunner] Finalize job.
[2026-08-30 11:49:14Z INFO HostContext] Well known directory 'Bin': 'C:\Users\krish\Documents\BITS\mlops-project\actions-runner\bin'
[2026-08-30 11:49:14Z INFO HostContext] Well known directory 'Root': 'C:\Users\krish\Documents\BITS\mlops-project\actions-runner'
[2026-08-30 11:49:14Z INFO HostContext] Well known directory 'Diag': 'C:\Users\krish\Documents\BITS\mlops-project\actions-runner\_diag'
[2026-08-30 11:49:14Z INFO HostContext] Well known directory 'Bin': 'C:\Users\krish\Documents\BITS\mlops-project\actions-runner\bin'
[2026-08-30 11:49:14Z INFO HostContext] Well known directory 'Root': 'C:\Users\krish\Documents\BITS\mlops-project\actions-runner'
[2026-08-30 11:49:14Z INFO HostContext] Well known directory 'Diag': 'C:\Users\krish\Documents\BITS\mlops-project\actions-runner\_diag'
[2026-08-30 11:49:14Z INFO JobExtension] Initialize Env context
[2026-08-30 11:49:14Z INFO JobExtension] Initialize steps context
[2026-08-30 11:49:14Z INFO JobExtension] Total accessible running process: 292.
[2026-08-30 11:49:14Z INFO JobExtension] Inspecting process environment variables. PID: 20448 (SearchProtocolHost)
[2026-08-30 11:49:14Z WARN JobExtension] Ignore exception during read process environment variables: Access is denied.
[2026-08-30 11:49:14Z INFO JobExtension] Inspecting process environment variables. PID: 10744 (RuntimeBroker)
[2026-08-30 11:49:14Z INFO JobExtension] Inspecting process environment variables. PID: 19904 (RuntimeBroker)
[2026-08-30 11:49:14Z INFO JobExtension] Inspecting process environment variables. PID: 20028 (MoUsoCoreWorker)
[2026-08-30 11:49:14Z WARN JobExtension] Ignore exception during read process environment variables: Access is denied.
[2026-08-30 11:49:14Z INFO JobExtension] Inspecting process environment variables. PID: 2964 (svchost)
[2026-08-30 11:49:14Z WARN JobExtension] Ignore exception during read process environment variables: Access is denied.
[2026-08-30 11:49:14Z INFO JobExtension] Wait for all connectivity checks to finish.
[2026-08-30 11:49:14Z INFO JobExtension] Connectivity check result: {
  "endpointUrl": "https://broker.actions.githubusercontent.com/health",
  "endpointIPs": null,
  "startTime": "2026-08-30T11:46:21.8038077Z",
  "statusCode": "http_OK",
  "requestId": "F342:2F8760:1B5F631:1C03961:6A94180E",
  "httpRequestDurationInMs": 773,
  "dnsResolutionDurationInMs": 0,
  "dnsError": null
}
[2026-08-30 11:49:14Z INFO JobExtension] Connectivity check result: {
  "endpointUrl": "https://token.actions.githubusercontent.com/ready",
  "endpointIPs": null,
  "startTime": "2026-08-30T11:46:21.8052406Z",
  "statusCode": "http_NoContent",
  "requestId": "F344:323335:28D1B1C:38C1299:6A94180E",
  "httpRequestDurationInMs": 1062,
  "dnsResolutionDurationInMs": 0,
  "dnsError": null
}
[2026-08-30 11:49:14Z INFO JobExtension] Connectivity check result: {
  "endpointUrl": "https://run.actions.githubusercontent.com/health",
  "endpointIPs": null,
  "startTime": "2026-08-30T11:46:21.805557Z",
  "statusCode": "http_OK",
  "requestId": "F343:2AC8ED:1B15589:1C8CEFB:6A94180E",
  "httpRequestDurationInMs": 769,
  "dnsResolutionDurationInMs": 0,
  "dnsError": null
}
[2026-08-30 11:49:14Z INFO ExecutionContext] Publish step telemetry for current step {
  "action": "complete_job",
  "type": "runner",
  "stage": "Post",
  "stepId": "f1383cf9-ee9f-4464-b2c6-77a66caa4297",
  "result": "succeeded",
  "errorMessages": [
    "Node.js 20 is deprecated. The following actions target Node.js 20 but are being forced to run on Node.js 24: actions/checkout@v4. For more information see: https://github.blog/changelog/2025-09-19-deprecation-of-node-20-on-github-actions-runners/"
  ],
  "executionTimeInSeconds": 1,
  "startTime": "2026-08-30T11:49:14.8252609Z",
  "finishTime": "2026-08-30T11:49:14.8794054Z"
}.
[2026-08-30 11:49:14Z INFO JobRunner] Job result after all job steps finish: Failed
[2026-08-30 11:49:14Z INFO JobRunner] Completing the job execution context.
[2026-08-30 11:49:14Z INFO JobRunner] Shutting down the job server queue.
[2026-08-30 11:49:14Z INFO JobServerQueue] Fire signal to shutdown all queues.
[2026-08-30 11:49:15Z INFO JobServerQueue] All queue process task stopped.
[2026-08-30 11:49:15Z INFO JobServerQueue] Try to append 1 batches web console lines for record 'f1383cf9-ee9f-4464-b2c6-77a66caa4297', success rate: 1/1.
[2026-08-30 11:49:15Z INFO JobServerQueue] Web console line queue drained.
[2026-08-30 11:49:15Z INFO JobServerQueue] Uploading 3 files in one shot.
[2026-08-30 11:49:15Z INFO JobServerQueue] Try to upload 3 log files or attachments, success rate: 3/3.
[2026-08-30 11:49:15Z INFO JobServerQueue] File upload queue drained.
[2026-08-30 11:49:15Z INFO JobServerQueue] Starting results-based upload queue...
[2026-08-30 11:49:15Z INFO JobServerQueue] Uploading 3 file(s) in one shot through results service.
[2026-08-30 11:49:15Z INFO JobServerQueue] Got a step log file to send to results service.
[2026-08-30 11:49:15Z INFO JobServerQueue] Starting upload of step log file to results service ResultsLog, C:\Users\krish\Documents\BITS\mlops-project\actions-runner\_diag\blocks\0a709788-d50e-458e-b373-09d3f2416a6a_57d65d39-d884-4ca2-bffe-84bfe6ebecdb.1
[2026-08-30 11:49:16Z INFO JobServerQueue] Got a step log file to send to results service.
[2026-08-30 11:49:16Z INFO JobServerQueue] Starting upload of step log file to results service ResultsLog, C:\Users\krish\Documents\BITS\mlops-project\actions-runner\_diag\blocks\0a709788-d50e-458e-b373-09d3f2416a6a_f1383cf9-ee9f-4464-b2c6-77a66caa4297.1
[2026-08-30 11:49:17Z INFO JobServerQueue] Got a job log file to send to results service.
[2026-08-30 11:49:17Z INFO JobServerQueue] Starting upload of job log file to results service ResultsLog, C:\Users\krish\Documents\BITS\mlops-project\actions-runner\_diag\blocks\0a709788-d50e-458e-b373-09d3f2416a6a_b169e73b-4e6c-5e62-bfc8-37f7f0baac9f.1
[2026-08-30 11:49:18Z INFO JobServerQueue] Tried to upload 3 file(s) to results, success rate: 3/3.
[2026-08-30 11:49:18Z INFO JobServerQueue] Results upload queue drained.
[2026-08-30 11:49:18Z INFO JobServerQueue] Timeline update queue drained.
[2026-08-30 11:49:18Z INFO JobServerQueue] Disposing job server ...
[2026-08-30 11:49:18Z INFO JobServerQueue] Disposing results server ...
[2026-08-30 11:49:18Z INFO JobServerQueue] All queue process tasks have been stopped, and all queues are drained.
[2026-08-30 11:49:18Z INFO TempDirectoryManager] Cleaning runner temp folder: C:\Users\krish\Documents\BITS\mlops-project\actions-runner\_work\_temp
[2026-08-30 11:49:18Z INFO HostContext] Well known directory 'Bin': 'C:\Users\krish\Documents\BITS\mlops-project\actions-runner\bin'
[2026-08-30 11:49:18Z INFO HostContext] Well known directory 'Root': 'C:\Users\krish\Documents\BITS\mlops-project\actions-runner'
[2026-08-30 11:49:18Z INFO HostContext] Well known directory 'Diag': 'C:\Users\krish\Documents\BITS\mlops-project\actions-runner\_diag'
[2026-08-30 11:49:18Z INFO HostContext] Well known config file 'Telemetry': 'C:\Users\krish\Documents\BITS\mlops-project\actions-runner\_diag\.telemetry'
[2026-08-30 11:49:18Z INFO JobRunner] Raising job completed against run service
[2026-08-30 11:49:19Z INFO Worker] Job completed.
