[2026-08-30 09:49:58Z INFO HostContext] No proxy settings were found based on environmental variables (http_proxy/https_proxy/HTTP_PROXY/HTTPS_PROXY)
[2026-08-30 09:49:58Z INFO HostContext] Well known directory 'Bin': 'C:\Users\krish\Documents\BITS\mlops-project\actions-runner\bin'
[2026-08-30 09:49:58Z INFO HostContext] Well known directory 'Root': 'C:\Users\krish\Documents\BITS\mlops-project\actions-runner'
[2026-08-30 09:49:58Z INFO HostContext] Well known config file 'Credentials': 'C:\Users\krish\Documents\BITS\mlops-project\actions-runner\.credentials'
[2026-08-30 09:50:01Z INFO HostContext] Well known directory 'Bin': 'C:\Users\krish\Documents\BITS\mlops-project\actions-runner\bin'
[2026-08-30 09:50:01Z INFO HostContext] Well known directory 'Root': 'C:\Users\krish\Documents\BITS\mlops-project\actions-runner'
[2026-08-30 09:50:01Z INFO HostContext] Well known config file 'Runner': 'C:\Users\krish\Documents\BITS\mlops-project\actions-runner\.runner'
[2026-08-30 09:50:01Z INFO Worker] Version: 2.336.0
[2026-08-30 09:50:01Z INFO Worker] Commit: 98aabcd429c4e8402406c56ce2d26387fed3b9ce
[2026-08-30 09:50:01Z INFO Worker] Culture: en-IN
[2026-08-30 09:50:01Z INFO Worker] UI Culture: en-US
[2026-08-30 09:50:01Z INFO Worker] Waiting to receive the job message from the channel.
[2026-08-30 09:50:03Z INFO ProcessChannel] Receiving message of length 24115, with hash '0121d3a97410fc9087eeae4ef4e183493b8b691b25daa693c530ddc5d46272e3'
[2026-08-30 09:50:03Z INFO Worker] Message received.
[2026-08-30 09:50:08Z INFO Worker] Job message:
 {
  "defaults": [
    {
      "type": 2,
      "file": 1,
      "line": 14,
      "col": 7,
      "map": [
        {
          "key": {
            "type": 0,
            "file": 1,
            "line": 14,
            "col": 7,
            "lit": "run"
          },
          "value": {
            "type": 2,
            "file": 1,
            "line": 15,
            "col": 9,
            "map": [
              {
                "key": {
                  "type": 0,
                  "file": 1,
                  "line": 15,
                  "col": 9,
                  "lit": "shell"
                },
                "value": {
                  "type": 0,
                  "file": 1,
                  "line": 15,
                  "col": 16,
                  "lit": "cmd"
                }
              }
            ]
          }
        }
      ]
    }
  ],
  "fileTable": [
    ".github/workflows/cd.yml"
  ],
  "mask": [
    {
      "type": "regex",
      "value": "***"
    },
    {
      "type": "regex",
      "value": "***"
    },
    {
      "type": "regex",
      "value": "***"
    },
    {
      "type": "regex",
      "value": "***"
    },
    {
      "type": "regex",
      "value": "***"
    },
    {
      "type": "regex",
      "value": "***"
    },
    {
      "type": "regex",
      "value": "***"
    },
    {
      "type": "regex",
      "value": "***"
    },
    {
      "type": "regex",
      "value": "***"
    },
    {
      "type": "regex",
      "value": "***"
    },
    {
      "type": "regex",
      "value": "***"
    },
    {
      "type": "regex",
      "value": "***"
    },
    {
      "type": "regex",
      "value": "***"
    },
    {
      "type": "regex",
      "value": "***"
    },
    {
      "type": "regex",
      "value": "***"
    },
    {
      "type": "regex",
      "value": "***"
    },
    {
      "type": "regex",
      "value": "***"
    },
    {
      "type": "regex",
      "value": "***"
    },
    {
      "type": "regex",
      "value": "***"
    },
    {
      "type": "regex",
      "value": "***"
    },
    {
      "type": "regex",
      "value": "***"
    },
    {
      "type": "regex",
      "value": "***"
    },
    {
      "type": "regex",
      "value": "***"
    },
    {
      "type": "regex",
      "value": "***"
    }
  ],
  "steps": [
    {
      "type": "action",
      "reference": {
        "type": "repository",
        "name": "actions/checkout",
        "ref": "v4",
        "repositoryType": "GitHub"
      },
      "displayNameToken": {
        "type": 0,
        "file": 1,
        "line": 19,
        "col": 15,
        "lit": "Checkout repository"
      },
      "contextName": "__actions_checkout",
      "condition": "success()",
      "id": "334aafc9-e18e-4ebf-bd59-774a5ba0f940",
      "name": "__actions_checkout"
    },
    {
      "type": "action",
      "reference": {
        "type": "script"
      },
      "displayNameToken": {
        "type": 0,
        "file": 1,
        "line": 22,
        "col": 15,
        "lit": "Pull latest Docker image"
      },
      "contextName": "__run",
      "inputs": {
        "type": 2,
        "map": [
          {
            "key": "script",
            "value": {
              "type": 0,
              "file": 1,
              "line": 23,
              "col": 14,
              "lit": "docker compose pull\n"
            }
          }
        ]
      },
      "condition": "success()",
      "id": "2ac0e1d6-d8b1-4bb2-8176-f620714e455e",
      "name": "__run"
    },
    {
      "type": "action",
      "reference": {
        "type": "script"
      },
      "displayNameToken": {
        "type": 0,
        "file": 1,
        "line": 26,
        "col": 15,
        "lit": "Deploy application"
      },
      "contextName": "__run_2",
      "inputs": {
        "type": 2,
        "map": [
          {
            "key": "script",
            "value": {
              "type": 0,
              "file": 1,
              "line": 27,
              "col": 14,
              "lit": "docker compose up -d\n"
            }
          }
        ]
      },
      "condition": "success()",
      "id": "d5d643b6-624a-44c1-8d21-eb1d8993f6c5",
      "name": "__run_2"
    },
    {
      "type": "action",
      "reference": {
        "type": "script"
      },
      "displayNameToken": {
        "type": 0,
        "file": 1,
        "line": 30,
        "col": 15,
        "lit": "Check deployment"
      },
      "contextName": "__run_3",
      "inputs": {
        "type": 2,
        "map": [
          {
            "key": "script",
            "value": {
              "type": 0,
              "file": 1,
              "line": 31,
              "col": 14,
              "lit": "docker compose ps\n"
            }
          }
        ]
      },
      "condition": "success()",
      "id": "1caea5ed-9e8c-4ae1-9c07-d1b7cbb7d6a7",
      "name": "__run_3"
    },
    {
      "type": "action",
      "reference": {
        "type": "script"
      },
      "displayNameToken": {
        "type": 0,
        "file": 1,
        "line": 34,
        "col": 15,
        "lit": "Wait for application"
      },
      "contextName": "__run_4",
      "inputs": {
        "type": 2,
        "map": [
          {
            "key": "script",
            "value": {
              "type": 0,
              "file": 1,
              "line": 35,
              "col": 14,
              "lit": "timeout /t 10 /nobreak\n"
            }
          }
        ]
      },
      "condition": "success()",
      "id": "077189df-850a-4ddb-a32c-0b5ca2879231",
      "name": "__run_4"
    },
    {
      "type": "action",
      "reference": {
        "type": "script"
      },
      "displayNameToken": {
        "type": 0,
        "file": 1,
        "line": 38,
        "col": 15,
        "lit": "Run smoke tests"
      },
      "contextName": "__run_5",
      "inputs": {
        "type": 2,
        "map": [
          {
            "key": "script",
            "value": {
              "type": 0,
              "file": 1,
              "line": 39,
              "col": 14,
              "lit": "python smoke_tests.py\n"
            }
          }
        ]
      },
      "condition": "success()",
      "id": "9ce313b5-07d4-45c8-a37a-0ca6cca71b2f",
      "name": "__run_5"
    }
  ],
  "variables": {
    "Actions.EnableHttpRedirects": {
      "value": "true"
    },
    "DistributedTask.AddWarningToNode12Action": {
      "value": "true"
    },
    "DistributedTask.AddWarningToNode16Action": {
      "value": "true"
    },
    "DistributedTask.AllowRunnerContainerHooks": {
      "value": "true"
    },
    "DistributedTask.DeprecateStepOutputCommands": {
      "value": "true"
    },
    "DistributedTask.DetailUntarFailure": {
      "value": "true"
    },
    "DistributedTask.EnableCompositeActions": {
      "value": "true"
    },
    "DistributedTask.EnableJobServerQueueTelemetry": {
      "value": "true"
    },
    "DistributedTask.EnhancedAnnotations": {
      "value": "true"
    },
    "DistributedTask.ForceGithubJavascriptActionsToNode16": {
      "value": "true"
    },
    "DistributedTask.ForceGithubJavascriptActionsToNode20": {
      "value": "true"
    },
    "DistributedTask.LogTemplateErrorsAsDebugMessages": {
      "value": "true"
    },
    "DistributedTask.MarkJobAsFailedOnWorkerCrash": {
      "value": "true"
    },
    "DistributedTask.NewActionMetadata": {
      "value": "true"
    },
    "DistributedTask.UploadStepSummary": {
      "value": "true"
    },
    "DistributedTask.UseActionArchiveCache": {
      "value": "true"
    },
    "DistributedTask.UseWhich2": {
      "value": "true"
    },
    "RunService.FixEmbeddedIssues": {
      "value": "true"
    },
    "actions.runner.requirenode24": {
      "value": "false"
    },
    "actions.runner.usenode24bydefault": {
      "value": "true"
    },
    "actions.runner.warnonnode20": {
      "value": "true"
    },
    "actions_add_check_run_id_to_job_context": {
      "value": "true"
    },
    "actions_batch_action_resolution": {
      "value": "false"
    },
    "actions_container_action_runner_temp": {
      "value": "true"
    },
    "actions_display_helpful_actions_download_errors": {
      "value": "true"
    },
    "actions_runner_allow_artifacts_file": {
      "value": "false"
    },
    "actions_runner_compare_workflow_parser": {
      "value": "false"
    },
    "actions_runner_deprecate_linux_arm32": {
      "value": "true"
    },
    "actions_runner_emit_composite_markers": {
      "value": "true"
    },
    "actions_runner_kill_linux_arm32": {
      "value": "false"
    },
    "actions_runner_node20_removal_date": {
      "value": ""
    },
    "actions_runner_node24_default_date": {
      "value": "June 16th, 2026"
    },
    "actions_self_repository": {
      "value": "true"
    },
    "actions_service_container_command": {
      "value": "true"
    },
    "actions_set_orchestration_id_env_for_actions": {
      "value": "true"
    },
    "actions_skip_retry_complete_job_upon_known_errors": {
      "value": "true"
    },
    "actions_snapshot_preflight_hosted_runner_check": {
      "value": "false"
    },
    "actions_snapshot_preflight_image_gen_pool_check": {
      "value": "false"
    },
    "actions_use_bearer_token_for_codeload": {
      "value": "false"
    },
    "actions_uses_cache_service_v2": {
      "value": "true"
    },
    "github_token": {
      "value": "***",
      "isSecret": true
    },
    "system.from_run_service": {
      "value": "true"
    },
    "system.github.job": {
      "value": "deploy"
    },
    "system.github.launch_endpoint": {
      "value": "https://launch.actions.githubusercontent.com"
    },
    "system.github.results_endpoint": {
      "value": "https://results-receiver.actions.githubusercontent.com/"
    },
    "system.github.results_upload_with_sdk": {
      "value": "true"
    },
    "system.github.token": {
      "value": "***",
      "isSecret": true
    },
    "system.github.token.permissions": {
      "value": "{\"Contents\":\"read\",\"Metadata\":\"read\",\"Packages\":\"read\"}"
    },
    "system.orchestrationId": {
      "value": "3934f28b-e857-4e02-92c2-014b7327ae39.deploy.__default"
    },
    "system.phaseDisplayName": {
      "value": "deploy"
    },
    "system.runner.lowdiskspacethreshold": {
      "value": "100"
    },
    "system.runnerEnvironment": {
      "value": "self-hosted"
    },
    "system.runnerGroupName": {
      "value": "Default"
    }
  },
  "messageType": "RunnerJobRequest",
  "plan": {
    "scopeIdentifier": "00000000-0000-0000-0000-000000000000",
    "planType": "actions",
    "version": 0,
    "planId": "3934f28b-e857-4e02-92c2-014b7327ae39",
    "planGroup": null,
    "artifactUri": null,
    "artifactLocation": null,
    "definition": null,
    "owner": null
  },
  "timeline": {
    "id": "3934f28b-e857-4e02-92c2-014b7327ae39",
    "changeId": 0,
    "location": null
  },
  "jobId": "a167d782-99cc-5e08-b6b0-3f72bc94aad0",
  "jobDisplayName": "deploy",
  "jobName": "__default",
  "requestId": 0,
  "lockedUntil": "0001-01-01T00:00:00",
  "resources": {
    "endpoints": [
      {
        "data": {
          "ServerId": "",
          "ServerName": "",
          "CacheServerUrl": "https://artifactcache.actions.githubusercontent.com/HYuKmglMQMl7trVwvnqxtOY8iQZGcBLZase1hxQ2xSLdHe4AJJ/",
          "FeedStreamUrl": "wss://results-receiver.actions.githubusercontent.com/_ws/ingest.sock",
          "ResultsServiceUrl": "https://results-receiver.actions.githubusercontent.com/",
          "PipelinesServiceUrl": "https://pipelinesghubeus11.actions.githubusercontent.com/HYuKmglMQMl7trVwvnqxtOY8iQZGcBLZase1hxQ2xSLdHe4AJJ/",
          "GenerateIdTokenUrl": "",
          "ConnectivityChecks": "[\"https://broker.actions.githubusercontent.com/health\",\"https://token.actions.githubusercontent.com/ready\",\"https://run.actions.githubusercontent.com/health\"]",
          "ConnectivityAndDNSChecks": ""
        },
        "name": "SystemVssConnection",
        "url": "https://run-actions-2-azure-eastus.actions.githubusercontent.com/86/",
        "authorization": {
          "parameters": {
            "AccessToken": "***"
          },
          "scheme": "OAuth"
        },
        "isShared": false,
        "isReady": true
      }
    ]
  },
  "contextData": {
    "github": {
      "t": 2,
      "d": [
        {
          "k": "ref",
          "v": "refs/heads/main"
        },
        {
          "k": "sha",
          "v": "9c8509bddce70ac16f2ed97ca5b093c6925fd09d"
        },
        {
          "k": "repository",
          "v": "2024ac05127-tech/assignment2"
        },
        {
          "k": "repository_owner",
          "v": "2024ac05127-tech"
        },
        {
          "k": "repository_owner_id",
          "v": "299813098"
        },
        {
          "k": "repositoryUrl",
          "v": "git://github.com/2024ac05127-tech/assignment2.git"
        },
        {
          "k": "run_id",
          "v": "33304996896"
        },
        {
          "k": "run_number",
          "v": "3"
        },
        {
          "k": "retention_days",
          "v": "90"
        },
        {
          "k": "run_attempt",
          "v": "1"
        },
        {
          "k": "artifact_cache_size_limit",
          "v": "10"
        },
        {
          "k": "repository_visibility",
          "v": "public"
        },
        {
          "k": "actor_id",
          "v": "299813098"
        },
        {
          "k": "actor",
          "v": "2024ac05127-tech"
        },
        {
          "k": "workflow",
          "v": "M4 CD Pipeline"
        },
        {
          "k": "head_ref",
          "v": ""
        },
        {
          "k": "base_ref",
          "v": ""
        },
        {
          "k": "event_name",
          "v": "push"
        },
        {
          "k": "server_url",
          "v": "https://github.com"
        },
        {
          "k": "api_url",
          "v": "https://api.github.com"
        },
        {
          "k": "graphql_url",
          "v": "https://api.github.com/graphql"
        },
        {
          "k": "ref_name",
          "v": "main"
        },
        {
          "k": "ref_protected",
          "v": false
        },
        {
          "k": "ref_type",
          "v": "branch"
        },
        {
          "k": "secret_source",
          "v": "Actions"
        },
        {
          "k": "event",
          "v": {
            "t": 2,
            "d": [
              {
                "k": "after",
                "v": "9c8509bddce70ac16f2ed97ca5b093c6925fd09d"
              },
              {
                "k": "base_ref",
                "v": null
              },
              {
                "k": "before",
                "v": "5c8c82b882945eefaa4ed4e4359082656ac5a217"
              },
              {
                "k": "commits",
                "v": {
                  "t": 1,
                  "a": [
                    {
                      "t": 2,
                      "d": [
                        {
                          "k": "author",
                          "v": {
                            "t": 2,
                            "d": [
                              {
                                "k": "email",
                                "v": "krishnareghu2018@gmail.com"
                              },
                              {
                                "k": "name",
                                "v": "Krishna Priya R"
                              },
                              {
                                "k": "username",
                                "v": "krishnapriya5"
                              }
                            ]
                          }
                        },
                        {
                          "k": "committer",
                          "v": {
                            "t": 2,
                            "d": [
                              {
                                "k": "email",
                                "v": "krishnareghu2018@gmail.com"
                              },
                              {
                                "k": "name",
                                "v": "Krishna Priya R"
                              },
                              {
                                "k": "username",
                                "v": "krishnapriya5"
                              }
                            ]
                          }
                        },
                        {
                          "k": "distinct",
                          "v": true
                        },
                        {
                          "k": "id",
                          "v": "9c8509bddce70ac16f2ed97ca5b093c6925fd09d"
                        },
                        {
                          "k": "message",
                          "v": "Add M4 continuous deployment"
                        },
                        {
                          "k": "timestamp",
                          "v": "2026-08-30T15:18:32+05:30"
                        },
                        {
                          "k": "tree_id",
                          "v": "de86aa3a9e83b2e58777185a4ad8cdf105d0b524"
                        },
                        {
                          "k": "url",
                          "v": "https://github.com/2024ac05127-tech/assignment2/commit/9c8509bddce70ac16f2ed97ca5b093c6925fd09d"
                        }
                      ]
                    }
                  ]
                }
              },
              {
                "k": "compare",
                "v": "https://github.com/2024ac05127-tech/assignment2/compare/5c8c82b88294...9c8509bddce7"
              },
              {
                "k": "created",
                "v": false
              },
              {
                "k": "deleted",
                "v": false
              },
              {
                "k": "forced",
                "v": false
              },
              {
                "k": "head_commit",
                "v": {
                  "t": 2,
                  "d": [
                    {
                      "k": "author",
                      "v": {
                        "t": 2,
                        "d": [
                          {
                            "k": "email",
                            "v": "krishnareghu2018@gmail.com"
                          },
                          {
                            "k": "name",
                            "v": "Krishna Priya R"
                          },
                          {
                            "k": "username",
                            "v": "krishnapriya5"
                          }
                        ]
                      }
                    },
                    {
                      "k": "committer",
                      "v": {
                        "t": 2,
                        "d": [
                          {
                            "k": "email",
                            "v": "krishnareghu2018@gmail.com"
                          },
                          {
                            "k": "name",
                            "v": "Krishna Priya R"
                          },
                          {
                            "k": "username",
                            "v": "krishnapriya5"
                          }
                        ]
                      }
                    },
                    {
                      "k": "distinct",
                      "v": true
                    },
                    {
                      "k": "id",
                      "v": "9c8509bddce70ac16f2ed97ca5b093c6925fd09d"
                    },
                    {
                      "k": "message",
                      "v": "Add M4 continuous deployment"
                    },
                    {
                      "k": "timestamp",
                      "v": "2026-08-30T15:18:32+05:30"
                    },
                    {
                      "k": "tree_id",
                      "v": "de86aa3a9e83b2e58777185a4ad8cdf105d0b524"
                    },
                    {
                      "k": "url",
                      "v": "https://github.com/2024ac05127-tech/assignment2/commit/9c8509bddce70ac16f2ed97ca5b093c6925fd09d"
                    }
                  ]
                }
              },
              {
                "k": "pusher",
                "v": {
                  "t": 2,
                  "d": [
                    {
                      "k": "email",
                      "v": "2024ac05127@wilp.bits-pilani.ac.in"
                    },
                    {
                      "k": "name",
                      "v": "2024ac05127-tech"
                    }
                  ]
                }
              },
              {
                "k": "ref",
                "v": "refs/heads/main"
              },
              {
                "k": "repository",
                "v": {
                  "t": 2,
                  "d": [
                    {
                      "k": "allow_forking",
                      "v": true
                    },
                    {
                      "k": "archive_url",
                      "v": "https://api.github.com/repos/2024ac05127-tech/assignment2/{archive_format}{/ref}"
                    },
                    {
                      "k": "archived",
                      "v": false
                    },
                    {
                      "k": "assignees_url",
                      "v": "https://api.github.com/repos/2024ac05127-tech/assignment2/assignees{/user}"
                    },
                    {
                      "k": "blobs_url",
                      "v": "https://api.github.com/repos/2024ac05127-tech/assignment2/git/blobs{/sha}"
                    },
                    {
                      "k": "branches_url",
                      "v": "https://api.github.com/repos/2024ac05127-tech/assignment2/branches{/branch}"
                    },
                    {
                      "k": "clone_url",
                      "v": "https://github.com/2024ac05127-tech/assignment2.git"
                    },
                    {
                      "k": "collaborators_url",
                      "v": "https://api.github.com/repos/2024ac05127-tech/assignment2/collaborators{/collaborator}"
                    },
                    {
                      "k": "comments_url",
                      "v": "https://api.github.com/repos/2024ac05127-tech/assignment2/comments{/number}"
                    },
                    {
                      "k": "commits_url",
                      "v": "https://api.github.com/repos/2024ac05127-tech/assignment2/commits{/sha}"
                    },
                    {
                      "k": "compare_url",
                      "v": "https://api.github.com/repos/2024ac05127-tech/assignment2/compare/{base}...{head}"
                    },
                    {
                      "k": "contents_url",
                      "v": "https://api.github.com/repos/2024ac05127-tech/assignment2/contents/{+path}"
                    },
                    {
                      "k": "contributors_url",
                      "v": "https://api.github.com/repos/2024ac05127-tech/assignment2/contributors"
                    },
                    {
                      "k": "created_at",
                      "v": 1787839779.0
                    },
                    {
                      "k": "default_branch",
                      "v": "main"
                    },
                    {
                      "k": "deployments_url",
                      "v": "https://api.github.com/repos/2024ac05127-tech/assignment2/deployments"
                    },
                    {
                      "k": "description",
                      "v": null
                    },
                    {
                      "k": "disabled",
                      "v": false
                    },
                    {
                      "k": "downloads_url",
                      "v": "https://api.github.com/repos/2024ac05127-tech/assignment2/downloads"
                    },
                    {
                      "k": "events_url",
                      "v": "https://api.github.com/repos/2024ac05127-tech/assignment2/events"
                    },
                    {
                      "k": "fork",
                      "v": false
                    },
                    {
                      "k": "forks",
                      "v": 0.0
                    },
                    {
                      "k": "forks_count",
                      "v": 0.0
                    },
                    {
                      "k": "forks_url",
                      "v": "https://api.github.com/repos/2024ac05127-tech/assignment2/forks"
                    },
                    {
                      "k": "full_name",
                      "v": "2024ac05127-tech/assignment2"
                    },
                    {
                      "k": "git_commits_url",
                      "v": "https://api.github.com/repos/2024ac05127-tech/assignment2/git/commits{/sha}"
                    },
                    {
                      "k": "git_refs_url",
                      "v": "https://api.github.com/repos/2024ac05127-tech/assignment2/git/refs{/sha}"
                    },
                    {
                      "k": "git_tags_url",
                      "v": "https://api.github.com/repos/2024ac05127-tech/assignment2/git/tags{/sha}"
                    },
                    {
                      "k": "git_url",
                      "v": "git://github.com/2024ac05127-tech/assignment2.git"
                    },
                    {
                      "k": "has_discussions",
                      "v": false
                    },
                    {
                      "k": "has_downloads",
                      "v": true
                    },
                    {
                      "k": "has_issues",
                      "v": true
                    },
                    {
                      "k": "has_pages",
                      "v": false
                    },
                    {
                      "k": "has_projects",
                      "v": true
                    },
                    {
                      "k": "has_pull_requests",
                      "v": true
                    },
                    {
                      "k": "has_wiki",
                      "v": true
                    },
                    {
                      "k": "homepage",
                      "v": null
                    },
                    {
                      "k": "hooks_url",
                      "v": "https://api.github.com/repos/2024ac05127-tech/assignment2/hooks"
                    },
                    {
                      "k": "html_url",
                      "v": "https://github.com/2024ac05127-tech/assignment2"
                    },
                    {
                      "k": "id",
                      "v": 1348565472.0
                    },
                    {
                      "k": "is_template",
                      "v": false
                    },
                    {
                      "k": "issue_comment_url",
                      "v": "https://api.github.com/repos/2024ac05127-tech/assignment2/issues/comments{/number}"
                    },
                    {
                      "k": "issue_events_url",
                      "v": "https://api.github.com/repos/2024ac05127-tech/assignment2/issues/events{/number}"
                    },
                    {
                      "k": "issues_url",
                      "v": "https://api.github.com/repos/2024ac05127-tech/assignment2/issues{/number}"
                    },
                    {
                      "k": "keys_url",
                      "v": "https://api.github.com/repos/2024ac05127-tech/assignment2/keys{/key_id}"
                    },
                    {
                      "k": "labels_url",
                      "v": "https://api.github.com/repos/2024ac05127-tech/assignment2/labels{/name}"
                    },
                    {
                      "k": "language",
                      "v": "Python"
                    },
                    {
                      "k": "languages_url",
                      "v": "https://api.github.com/repos/2024ac05127-tech/assignment2/languages"
                    },
                    {
                      "k": "license",
                      "v": null
                    },
                    {
                      "k": "master_branch",
                      "v": "main"
                    },
                    {
                      "k": "merges_url",
                      "v": "https://api.github.com/repos/2024ac05127-tech/assignment2/merges"
                    },
                    {
                      "k": "milestones_url",
                      "v": "https://api.github.com/repos/2024ac05127-tech/assignment2/milestones{/number}"
                    },
                    {
                      "k": "mirror_url",
                      "v": null
                    },
                    {
                      "k": "name",
                      "v": "assignment2"
                    },
                    {
                      "k": "node_id",
                      "v": "R_kgDOUGF54A"
                    },
                    {
                      "k": "notifications_url",
                      "v": "https://api.github.com/repos/2024ac05127-tech/assignment2/notifications{?since,all,participating}"
                    },
                    {
                      "k": "open_issues",
                      "v": 0.0
                    },
                    {
                      "k": "open_issues_count",
                      "v": 0.0
                    },
                    {
                      "k": "owner",
                      "v": {
                        "t": 2,
                        "d": [
                          {
                            "k": "avatar_url",
                            "v": "https://avatars.githubusercontent.com/u/299813098?v=4"
                          },
                          {
                            "k": "email",
                            "v": "2024ac05127@wilp.bits-pilani.ac.in"
                          },
                          {
                            "k": "events_url",
                            "v": "https://api.github.com/users/2024ac05127-tech/events{/privacy}"
                          },
                          {
                            "k": "followers_url",
                            "v": "https://api.github.com/users/2024ac05127-tech/followers"
                          },
                          {
                            "k": "following_url",
                            "v": "https://api.github.com/users/2024ac05127-tech/following{/other_user}"
                          },
                          {
                            "k": "gists_url",
                            "v": "https://api.github.com/users/2024ac05127-tech/gists{/gist_id}"
                          },
                          {
                            "k": "gravatar_id",
                            "v": ""
                          },
                          {
                            "k": "html_url",
                            "v": "https://github.com/2024ac05127-tech"
                          },
                          {
                            "k": "id",
                            "v": 299813098.0
                          },
                          {
                            "k": "login",
                            "v": "2024ac05127-tech"
                          },
                          {
                            "k": "name",
                            "v": "2024ac05127-tech"
                          },
                          {
                            "k": "node_id",
                            "v": "U_kgDOEd7I6g"
                          },
                          {
                            "k": "organizations_url",
                            "v": "https://api.github.com/users/2024ac05127-tech/orgs"
                          },
                          {
                            "k": "received_events_url",
                            "v": "https://api.github.com/users/2024ac05127-tech/received_events"
                          },
                          {
                            "k": "repos_url",
                            "v": "https://api.github.com/users/2024ac05127-tech/repos"
                          },
                          {
                            "k": "site_admin",
                            "v": false
                          },
                          {
                            "k": "starred_url",
                            "v": "https://api.github.com/users/2024ac05127-tech/starred{/owner}{/repo}"
                          },
                          {
                            "k": "subscriptions_url",
                            "v": "https://api.github.com/users/2024ac05127-tech/subscriptions"
                          },
                          {
                            "k": "type",
                            "v": "User"
                          },
                          {
                            "k": "url",
                            "v": "https://api.github.com/users/2024ac05127-tech"
                          },
                          {
                            "k": "user_view_type",
                            "v": "public"
                          }
                        ]
                      }
                    },
                    {
                      "k": "private",
                      "v": false
                    },
                    {
                      "k": "pull_request_creation_policy",
                      "v": "all"
                    },
                    {
                      "k": "pulls_url",
                      "v": "https://api.github.com/repos/2024ac05127-tech/assignment2/pulls{/number}"
                    },
                    {
                      "k": "pushed_at",
                      "v": 1788083382.0
                    },
                    {
                      "k": "releases_url",
                      "v": "https://api.github.com/repos/2024ac05127-tech/assignment2/releases{/id}"
                    },
                    {
                      "k": "size",
                      "v": 72.0
                    },
                    {
                      "k": "ssh_url",
                      "v": "git@github.com:2024ac05127-tech/assignment2.git"
                    },
                    {
                      "k": "stargazers",
                      "v": 0.0
                    },
                    {
                      "k": "stargazers_count",
                      "v": 0.0
                    },
                    {
                      "k": "stargazers_url",
                      "v": "https://api.github.com/repos/2024ac05127-tech/assignment2/stargazers"
                    },
                    {
                      "k": "statuses_url",
                      "v": "https://api.github.com/repos/2024ac05127-tech/assignment2/statuses/{sha}"
                    },
                    {
                      "k": "subscribers_url",
                      "v": "https://api.github.com/repos/2024ac05127-tech/assignment2/subscribers"
                    },
                    {
                      "k": "subscription_url",
                      "v": "https://api.github.com/repos/2024ac05127-tech/assignment2/subscription"
                    },
                    {
                      "k": "svn_url",
                      "v": "https://github.com/2024ac05127-tech/assignment2"
                    },
                    {
                      "k": "tags_url",
                      "v": "https://api.github.com/repos/2024ac05127-tech/assignment2/tags"
                    },
                    {
                      "k": "teams_url",
                      "v": "https://api.github.com/repos/2024ac05127-tech/assignment2/teams"
                    },
                    {
                      "k": "topics",
                      "v": {
                        "t": 1
                      }
                    },
                    {
                      "k": "trees_url",
                      "v": "https://api.github.com/repos/2024ac05127-tech/assignment2/git/trees{/sha}"
                    },
                    {
                      "k": "updated_at",
                      "v": "2026-08-30T08:30:15Z"
                    },
                    {
                      "k": "url",
                      "v": "https://api.github.com/repos/2024ac05127-tech/assignment2"
                    },
                    {
                      "k": "visibility",
                      "v": "public"
                    },
                    {
                      "k": "watchers",
                      "v": 0.0
                    },
                    {
                      "k": "watchers_count",
                      "v": 0.0
                    },
                    {
                      "k": "web_commit_signoff_required",
                      "v": false
                    }
                  ]
                }
              },
              {
                "k": "sender",
                "v": {
                  "t": 2,
                  "d": [
                    {
                      "k": "avatar_url",
                      "v": "https://avatars.githubusercontent.com/u/299813098?v=4"
                    },
                    {
                      "k": "events_url",
                      "v": "https://api.github.com/users/2024ac05127-tech/events{/privacy}"
                    },
                    {
                      "k": "followers_url",
                      "v": "https://api.github.com/users/2024ac05127-tech/followers"
                    },
                    {
                      "k": "following_url",
                      "v": "https://api.github.com/users/2024ac05127-tech/following{/other_user}"
                    },
                    {
                      "k": "gists_url",
                      "v": "https://api.github.com/users/2024ac05127-tech/gists{/gist_id}"
                    },
                    {
                      "k": "gravatar_id",
                      "v": ""
                    },
                    {
                      "k": "html_url",
                      "v": "https://github.com/2024ac05127-tech"
                    },
                    {
                      "k": "id",
                      "v": 299813098.0
                    },
                    {
                      "k": "login",
                      "v": "2024ac05127-tech"
                    },
                    {
                      "k": "node_id",
                      "v": "U_kgDOEd7I6g"
                    },
                    {
                      "k": "organizations_url",
                      "v": "https://api.github.com/users/2024ac05127-tech/orgs"
                    },
                    {
                      "k": "received_events_url",
                      "v": "https://api.github.com/users/2024ac05127-tech/received_events"
                    },
                    {
                      "k": "repos_url",
                      "v": "https://api.github.com/users/2024ac05127-tech/repos"
                    },
                    {
                      "k": "site_admin",
                      "v": false
                    },
                    {
                      "k": "starred_url",
                      "v": "https://api.github.com/users/2024ac05127-tech/starred{/owner}{/repo}"
                    },
                    {
                      "k": "subscriptions_url",
                      "v": "https://api.github.com/users/2024ac05127-tech/subscriptions"
                    },
                    {
                      "k": "type",
                      "v": "User"
                    },
                    {
                      "k": "url",
                      "v": "https://api.github.com/users/2024ac05127-tech"
                    },
                    {
                      "k": "user_view_type",
                      "v": "public"
                    }
                  ]
                }
              }
            ]
          }
        },
        {
          "k": "workflow_ref",
          "v": "2024ac05127-tech/assignment2/.github/workflows/cd.yml@refs/heads/main"
        },
        {
          "k": "workflow_sha",
          "v": "9c8509bddce70ac16f2ed97ca5b093c6925fd09d"
        },
        {
          "k": "repository_id",
          "v": "1348565472"
        },
        {
          "k": "triggering_actor",
          "v": "2024ac05127-tech"
        }
      ]
    },
    "inputs": {
      "t": 2
    },
    "job": {
      "t": 2,
      "d": [
        {
          "k": "check_run_id",
          "v": 99239841497.0
        },
        {
          "k": "workflow_ref",
          "v": "2024ac05127-tech/assignment2/.github/workflows/cd.yml@refs/heads/main"
        },
        {
          "k": "workflow_sha",
          "v": "9c8509bddce70ac16f2ed97ca5b093c6925fd09d"
        },
        {
          "k": "workflow_repository",
          "v": "2024ac05127-tech/assignment2"
        },
        {
          "k": "workflow_file_path",
          "v": ".github/workflows/cd.yml"
        }
      ]
    },
    "matrix": null,
    "needs": {
      "t": 2
    },
    "strategy": {
      "t": 2,
      "d": [
        {
          "k": "fail-fast",
          "v": true
        },
        {
          "k": "job-index",
          "v": 0.0
        },
        {
          "k": "job-total",
          "v": 1.0
        },
        {
          "k": "max-parallel",
          "v": 1.0
        }
      ]
    },
    "vars": {
      "t": 2
    }
  },
  "billingOwnerId": "U_kgDOEd7I6g"
}
[2026-08-30 09:50:08Z INFO JobRunner] Job ID a167d782-99cc-5e08-b6b0-3f72bc94aad0
[2026-08-30 09:50:08Z INFO ConfigurationStore] currentAssemblyLocation: C:\Users\krish\Documents\BITS\mlops-project\actions-runner\bin\Runner.Worker.dll
[2026-08-30 09:50:08Z INFO HostContext] Well known directory 'Bin': 'C:\Users\krish\Documents\BITS\mlops-project\actions-runner\bin'
[2026-08-30 09:50:08Z INFO ConfigurationStore] binPath: C:\Users\krish\Documents\BITS\mlops-project\actions-runner\bin
[2026-08-30 09:50:08Z INFO HostContext] Well known directory 'Bin': 'C:\Users\krish\Documents\BITS\mlops-project\actions-runner\bin'
[2026-08-30 09:50:08Z INFO HostContext] Well known directory 'Root': 'C:\Users\krish\Documents\BITS\mlops-project\actions-runner'
[2026-08-30 09:50:08Z INFO ConfigurationStore] RootFolder: C:\Users\krish\Documents\BITS\mlops-project\actions-runner
[2026-08-30 09:50:08Z INFO HostContext] Well known directory 'Bin': 'C:\Users\krish\Documents\BITS\mlops-project\actions-runner\bin'
[2026-08-30 09:50:08Z INFO HostContext] Well known directory 'Root': 'C:\Users\krish\Documents\BITS\mlops-project\actions-runner'
[2026-08-30 09:50:08Z INFO HostContext] Well known config file 'Runner': 'C:\Users\krish\Documents\BITS\mlops-project\actions-runner\.runner'
[2026-08-30 09:50:08Z INFO ConfigurationStore] ConfigFilePath: C:\Users\krish\Documents\BITS\mlops-project\actions-runner\.runner
[2026-08-30 09:50:08Z INFO HostContext] Well known directory 'Bin': 'C:\Users\krish\Documents\BITS\mlops-project\actions-runner\bin'
[2026-08-30 09:50:08Z INFO HostContext] Well known directory 'Root': 'C:\Users\krish\Documents\BITS\mlops-project\actions-runner'
[2026-08-30 09:50:08Z INFO HostContext] Well known config file 'MigratedRunner': 'C:\Users\krish\Documents\BITS\mlops-project\actions-runner\.runner_migrated'
[2026-08-30 09:50:08Z INFO ConfigurationStore] MigratedConfigFilePath: C:\Users\krish\Documents\BITS\mlops-project\actions-runner\.runner_migrated
[2026-08-30 09:50:08Z INFO HostContext] Well known directory 'Bin': 'C:\Users\krish\Documents\BITS\mlops-project\actions-runner\bin'
[2026-08-30 09:50:08Z INFO HostContext] Well known directory 'Root': 'C:\Users\krish\Documents\BITS\mlops-project\actions-runner'
[2026-08-30 09:50:08Z INFO HostContext] Well known config file 'Credentials': 'C:\Users\krish\Documents\BITS\mlops-project\actions-runner\.credentials'
[2026-08-30 09:50:08Z INFO ConfigurationStore] CredFilePath: C:\Users\krish\Documents\BITS\mlops-project\actions-runner\.credentials
[2026-08-30 09:50:08Z INFO HostContext] Well known directory 'Bin': 'C:\Users\krish\Documents\BITS\mlops-project\actions-runner\bin'
[2026-08-30 09:50:08Z INFO HostContext] Well known directory 'Root': 'C:\Users\krish\Documents\BITS\mlops-project\actions-runner'
[2026-08-30 09:50:08Z INFO HostContext] Well known config file 'MigratedCredentials': 'C:\Users\krish\Documents\BITS\mlops-project\actions-runner\.credentials_migrated'
[2026-08-30 09:50:08Z INFO ConfigurationStore] MigratedCredFilePath: C:\Users\krish\Documents\BITS\mlops-project\actions-runner\.credentials_migrated
[2026-08-30 09:50:08Z INFO HostContext] Well known directory 'Bin': 'C:\Users\krish\Documents\BITS\mlops-project\actions-runner\bin'
[2026-08-30 09:50:08Z INFO HostContext] Well known directory 'Root': 'C:\Users\krish\Documents\BITS\mlops-project\actions-runner'
[2026-08-30 09:50:08Z INFO HostContext] Well known config file 'Service': 'C:\Users\krish\Documents\BITS\mlops-project\actions-runner\.service'
[2026-08-30 09:50:08Z INFO ConfigurationStore] ServiceConfigFilePath: C:\Users\krish\Documents\BITS\mlops-project\actions-runner\.service
[2026-08-30 09:50:08Z INFO ConfigurationStore] Read setting file: 408 chars
[2026-08-30 09:50:09Z INFO JobRunner] Initializing launch client
[2026-08-30 09:50:09Z INFO JobServerQueue] Initializing results client
[2026-08-30 09:50:09Z INFO ResultServer] Creating websocket client ...wss://results-receiver.actions.githubusercontent.com/_ws/ingest.sock
[2026-08-30 09:50:09Z INFO ResultServer] Attempting to start websocket client with delay 00:00:00.
[2026-08-30 09:50:11Z INFO JobServerQueue] Start process web console line queue.
[2026-08-30 09:50:11Z INFO JobServerQueue] Start process file upload queue.
[2026-08-30 09:50:11Z INFO JobServerQueue] Start results file upload queue.
[2026-08-30 09:50:11Z INFO JobServerQueue] Starting results-based upload queue...
[2026-08-30 09:50:11Z INFO JobServerQueue] Start process timeline update queue.
[2026-08-30 09:50:11Z INFO ExecutionContext] Initializing Job context
[2026-08-30 09:50:11Z INFO ExecutionContext] Initialize GitHub context
[2026-08-30 09:50:11Z INFO ExecutionContext] Initialize Env context
[2026-08-30 09:50:11Z INFO HostContext] Well known directory 'Bin': 'C:\Users\krish\Documents\BITS\mlops-project\actions-runner\bin'
[2026-08-30 09:50:11Z INFO HostContext] Well known directory 'Root': 'C:\Users\krish\Documents\BITS\mlops-project\actions-runner'
[2026-08-30 09:50:11Z INFO HostContext] Well known directory 'Diag': 'C:\Users\krish\Documents\BITS\mlops-project\actions-runner\_diag'
[2026-08-30 09:50:11Z INFO HostContext] Well known directory 'Bin': 'C:\Users\krish\Documents\BITS\mlops-project\actions-runner\bin'
[2026-08-30 09:50:11Z INFO HostContext] Well known directory 'Root': 'C:\Users\krish\Documents\BITS\mlops-project\actions-runner'
[2026-08-30 09:50:11Z INFO HostContext] Well known directory 'Diag': 'C:\Users\krish\Documents\BITS\mlops-project\actions-runner\_diag'
[2026-08-30 09:50:11Z INFO JobRunner] Starting the job execution context.
[2026-08-30 09:50:11Z INFO HostContext] Well known directory 'Bin': 'C:\Users\krish\Documents\BITS\mlops-project\actions-runner\bin'
[2026-08-30 09:50:11Z INFO HostContext] Well known directory 'Root': 'C:\Users\krish\Documents\BITS\mlops-project\actions-runner'
[2026-08-30 09:50:11Z INFO HostContext] Well known directory 'Work': 'C:\Users\krish\Documents\BITS\mlops-project\actions-runner\_work'
[2026-08-30 09:50:11Z INFO JobRunner] Validating directory permissions for: 'C:\Users\krish\Documents\BITS\mlops-project\actions-runner\_work'
[2026-08-30 09:50:11Z INFO HostContext] Well known directory 'Bin': 'C:\Users\krish\Documents\BITS\mlops-project\actions-runner\bin'
[2026-08-30 09:50:11Z INFO HostContext] Well known directory 'Root': 'C:\Users\krish\Documents\BITS\mlops-project\actions-runner'
[2026-08-30 09:50:11Z INFO HostContext] Well known directory 'Work': 'C:\Users\krish\Documents\BITS\mlops-project\actions-runner\_work'
[2026-08-30 09:50:11Z INFO HostContext] Well known directory 'Tools': 'C:\Users\krish\Documents\BITS\mlops-project\actions-runner\_work\_tool'
[2026-08-30 09:50:11Z INFO HostContext] Well known directory 'Bin': 'C:\Users\krish\Documents\BITS\mlops-project\actions-runner\bin'
[2026-08-30 09:50:11Z INFO HostContext] Well known directory 'Root': 'C:\Users\krish\Documents\BITS\mlops-project\actions-runner'
[2026-08-30 09:50:11Z INFO HostContext] Well known directory 'Work': 'C:\Users\krish\Documents\BITS\mlops-project\actions-runner\_work'
[2026-08-30 09:50:11Z INFO HostContext] Well known directory 'Temp': 'C:\Users\krish\Documents\BITS\mlops-project\actions-runner\_work\_temp'
[2026-08-30 09:50:12Z INFO JobRunner] Getting job extension.
[2026-08-30 09:50:12Z INFO JobRunner] Initialize job. Getting all job steps.
[2026-08-30 09:50:12Z INFO JobServerQueue] Job timeline record has been updated for the first time.
[2026-08-30 09:50:12Z INFO HostContext] Well known directory 'Bin': 'C:\Users\krish\Documents\BITS\mlops-project\actions-runner\bin'
[2026-08-30 09:50:12Z INFO HostContext] Well known directory 'Root': 'C:\Users\krish\Documents\BITS\mlops-project\actions-runner'
[2026-08-30 09:50:12Z INFO HostContext] Well known directory 'Diag': 'C:\Users\krish\Documents\BITS\mlops-project\actions-runner\_diag'
[2026-08-30 09:50:12Z INFO HostContext] Well known directory 'Bin': 'C:\Users\krish\Documents\BITS\mlops-project\actions-runner\bin'
[2026-08-30 09:50:12Z INFO HostContext] Well known directory 'Root': 'C:\Users\krish\Documents\BITS\mlops-project\actions-runner'
[2026-08-30 09:50:12Z INFO HostContext] Well known directory 'Diag': 'C:\Users\krish\Documents\BITS\mlops-project\actions-runner\_diag'
[2026-08-30 09:50:12Z INFO HostContext] Well known directory 'Bin': 'C:\Users\krish\Documents\BITS\mlops-project\actions-runner\bin'
[2026-08-30 09:50:12Z INFO HostContext] Well known directory 'Root': 'C:\Users\krish\Documents\BITS\mlops-project\actions-runner'
[2026-08-30 09:50:12Z INFO HostContext] Well known config file 'Credentials': 'C:\Users\krish\Documents\BITS\mlops-project\actions-runner\.credentials'
[2026-08-30 09:50:12Z INFO HostContext] Well known directory 'Bin': 'C:\Users\krish\Documents\BITS\mlops-project\actions-runner\bin'
[2026-08-30 09:50:12Z INFO HostContext] Well known directory 'Root': 'C:\Users\krish\Documents\BITS\mlops-project\actions-runner'
[2026-08-30 09:50:12Z INFO HostContext] Well known config file 'SetupInfo': 'C:\Users\krish\Documents\BITS\mlops-project\actions-runner\.setup_info'
[2026-08-30 09:50:12Z INFO HostContext] Well known directory 'Bin': 'C:\Users\krish\Documents\BITS\mlops-project\actions-runner\bin'
[2026-08-30 09:50:12Z INFO HostContext] Well known directory 'Root': 'C:\Users\krish\Documents\BITS\mlops-project\actions-runner'
[2026-08-30 09:50:12Z INFO HostContext] Well known directory 'Work': 'C:\Users\krish\Documents\BITS\mlops-project\actions-runner\_work'
[2026-08-30 09:50:12Z INFO PipelineDirectoryManager] Loading tracking config if exists: C:\Users\krish\Documents\BITS\mlops-project\actions-runner\_work\_PipelineMapping\2024ac05127-tech/assignment2\PipelineFolder.json
[2026-08-30 09:50:12Z INFO PipelineDirectoryManager] Updating job run properties.
[2026-08-30 09:50:13Z INFO HostContext] Well known directory 'Bin': 'C:\Users\krish\Documents\BITS\mlops-project\actions-runner\bin'
[2026-08-30 09:50:13Z INFO HostContext] Well known directory 'Root': 'C:\Users\krish\Documents\BITS\mlops-project\actions-runner'
[2026-08-30 09:50:13Z INFO HostContext] Well known directory 'Work': 'C:\Users\krish\Documents\BITS\mlops-project\actions-runner\_work'
[2026-08-30 09:50:13Z INFO HostContext] Well known directory 'Bin': 'C:\Users\krish\Documents\BITS\mlops-project\actions-runner\bin'
[2026-08-30 09:50:13Z INFO HostContext] Well known directory 'Root': 'C:\Users\krish\Documents\BITS\mlops-project\actions-runner'
[2026-08-30 09:50:13Z INFO HostContext] Well known directory 'Work': 'C:\Users\krish\Documents\BITS\mlops-project\actions-runner\_work'
[2026-08-30 09:50:13Z INFO HostContext] Well known directory 'Bin': 'C:\Users\krish\Documents\BITS\mlops-project\actions-runner\bin'
[2026-08-30 09:50:13Z INFO HostContext] Well known directory 'Root': 'C:\Users\krish\Documents\BITS\mlops-project\actions-runner'
[2026-08-30 09:50:13Z INFO HostContext] Well known directory 'Work': 'C:\Users\krish\Documents\BITS\mlops-project\actions-runner\_work'
[2026-08-30 09:50:13Z INFO JobExtension] Downloading actions
[2026-08-30 09:50:13Z INFO HostContext] Well known directory 'Bin': 'C:\Users\krish\Documents\BITS\mlops-project\actions-runner\bin'
[2026-08-30 09:50:13Z INFO HostContext] Well known directory 'Root': 'C:\Users\krish\Documents\BITS\mlops-project\actions-runner'
[2026-08-30 09:50:13Z INFO HostContext] Well known directory 'Work': 'C:\Users\krish\Documents\BITS\mlops-project\actions-runner\_work'
[2026-08-30 09:50:13Z INFO HostContext] Well known directory 'Actions': 'C:\Users\krish\Documents\BITS\mlops-project\actions-runner\_work\_actions'
[2026-08-30 09:50:15Z INFO ResultServer] Successfully started websocket client.
[2026-08-30 09:50:15Z INFO JobServerQueue] Try to append 1 batches web console lines for record '0defe3c5-6236-4823-9dcf-d3e090758b17', success rate: 1/1.
[2026-08-30 09:50:15Z INFO Worker] Listening for cancel message from the channel.
[2026-08-30 09:50:15Z INFO Worker] Waiting for the job to complete or for a cancel message from the channel.
[2026-08-30 09:50:15Z INFO JobServerQueue] Try to append 1 batches web console lines for record '0defe3c5-6236-4823-9dcf-d3e090758b17', success rate: 1/1.
[2026-08-30 09:50:17Z INFO HostContext] Well known directory 'Bin': 'C:\Users\krish\Documents\BITS\mlops-project\actions-runner\bin'
[2026-08-30 09:50:17Z INFO HostContext] Well known directory 'Root': 'C:\Users\krish\Documents\BITS\mlops-project\actions-runner'
[2026-08-30 09:50:17Z INFO HostContext] Well known directory 'Work': 'C:\Users\krish\Documents\BITS\mlops-project\actions-runner\_work'
[2026-08-30 09:50:17Z INFO HostContext] Well known directory 'Actions': 'C:\Users\krish\Documents\BITS\mlops-project\actions-runner\_work\_actions'
[2026-08-30 09:50:17Z INFO HostContext] Well known directory 'Bin': 'C:\Users\krish\Documents\BITS\mlops-project\actions-runner\bin'
[2026-08-30 09:50:17Z INFO HostContext] Well known directory 'Root': 'C:\Users\krish\Documents\BITS\mlops-project\actions-runner'
[2026-08-30 09:50:17Z INFO HostContext] Well known directory 'Work': 'C:\Users\krish\Documents\BITS\mlops-project\actions-runner\_work'
[2026-08-30 09:50:17Z INFO HostContext] Well known directory 'Actions': 'C:\Users\krish\Documents\BITS\mlops-project\actions-runner\_work\_actions'
[2026-08-30 09:50:17Z INFO JobServerQueue] Try to append 1 batches web console lines for record '0defe3c5-6236-4823-9dcf-d3e090758b17', success rate: 1/1.
[2026-08-30 09:50:17Z INFO ActionManager] Save archive 'https://codeload.github.com/actions/checkout/zip/11d5960a326750d5838078e36cf38b85af677262' into C:\Users\krish\Documents\BITS\mlops-project\actions-runner\_work\_actions\_temp_93358d2c-45d0-4ebf-be76-920cb5e1ca9e\ca41a5cc-df7f-4edb-bde4-66b07dd8f7ea.zip.
[2026-08-30 09:50:18Z INFO ActionManager] Using Basic token for action archive download.
[2026-08-30 09:50:23Z INFO ActionManager] Request URL: https://codeload.github.com/actions/checkout/zip/11d5960a326750d5838078e36cf38b85af677262 X-GitHub-Request-Id: C9F4:3099A0:2F3C6:39FCAD:6A93FCDC Http Status: OK
[2026-08-30 09:50:35Z INFO ActionManager] Finished getting action repository.
[2026-08-30 09:50:36Z INFO HostContext] Well known directory 'Bin': 'C:\Users\krish\Documents\BITS\mlops-project\actions-runner\bin'
[2026-08-30 09:50:36Z INFO HostContext] Well known directory 'Root': 'C:\Users\krish\Documents\BITS\mlops-project\actions-runner'
[2026-08-30 09:50:36Z INFO HostContext] Well known directory 'Work': 'C:\Users\krish\Documents\BITS\mlops-project\actions-runner\_work'
[2026-08-30 09:50:36Z INFO HostContext] Well known directory 'Actions': 'C:\Users\krish\Documents\BITS\mlops-project\actions-runner\_work\_actions'
[2026-08-30 09:50:36Z INFO ActionManifestManagerLegacy] Load schema file with definitions: [
  "null",
  "boolean",
  "number",
  "string",
  "sequence",
  "mapping",
  "any",
  "action-root",
  "inputs",
  "input",
  "outputs",
  "output-definition",
  "runs",
  "container-runs",
  "container-runs-args",
  "container-runs-env",
  "node-runs",
  "plugin-runs",
  "composite-runs",
  "composite-steps",
  "composite-step",
  "run-step",
  "uses-step",
  "container-runs-context",
  "output-value",
  "input-default-context",
  "non-empty-string",
  "string-steps-context",
  "boolean-steps-context",
  "step-env",
  "step-if",
  "step-with"
]
[2026-08-30 09:50:36Z INFO ActionManifestManager] Load schema file with definitions: [
  "null",
  "boolean",
  "number",
  "string",
  "sequence",
  "mapping",
  "any",
  "action-root",
  "inputs",
  "input",
  "outputs",
  "output-definition",
  "runs",
  "container-runs",
  "container-runs-args",
  "container-runs-env",
  "node-runs",
  "plugin-runs",
  "composite-runs",
  "composite-steps",
  "composite-step",
  "run-step",
  "uses-step",
  "container-runs-context",
  "output-value",
  "input-default-context",
  "non-empty-string",
  "string-steps-context",
  "boolean-steps-context",
  "step-env",
  "step-if",
  "step-with"
]
[2026-08-30 09:50:36Z INFO HostContext] Well known directory 'Bin': 'C:\Users\krish\Documents\BITS\mlops-project\actions-runner\bin'
[2026-08-30 09:50:36Z INFO HostContext] Well known directory 'Root': 'C:\Users\krish\Documents\BITS\mlops-project\actions-runner'
[2026-08-30 09:50:36Z INFO HostContext] Well known directory 'Work': 'C:\Users\krish\Documents\BITS\mlops-project\actions-runner\_work'
[2026-08-30 09:50:37Z INFO HostContext] Well known directory 'Actions': 'C:\Users\krish\Documents\BITS\mlops-project\actions-runner\_work\_actions'
[2026-08-30 09:50:38Z INFO ActionManifestManagerLegacy] Loaded action.yml file: {
  "name": "Checkout",
  "description": "Checkout a Git repository at a particular version",
  "inputs": {
    "type": 2,
    "map": [
      {
        "key": {
          "type": 0,
          "file": 2,
          "line": 4,
          "col": 3,
          "lit": "repository"
        },
        "value": {
          "type": 3,
          "file": 2,
          "line": 6,
          "col": 14,
          "expr": "github.repository"
        }
      },
      {
        "key": {
          "type": 0,
          "file": 2,
          "line": 7,
          "col": 3,
          "lit": "ref"
        },
        "value": ""
      },
      {
        "key": {
          "type": 0,
          "file": 2,
          "line": 12,
          "col": 3,
          "lit": "token"
        },
        "value": {
          "type": 3,
          "file": 2,
          "line": 24,
          "col": 14,
          "expr": "github.token"
        }
      },
      {
        "key": {
          "type": 0,
          "file": 2,
          "line": 25,
          "col": 3,
          "lit": "ssh-key"
        },
        "value": ""
      },
      {
        "key": {
          "type": 0,
          "file": 2,
          "line": 37,
          "col": 3,
          "lit": "ssh-known-hosts"
        },
        "value": ""
      },
      {
        "key": {
          "type": 0,
          "file": 2,
          "line": 42,
          "col": 3,
          "lit": "ssh-strict"
        },
        "value": {
          "type": 0,
          "file": 2,
          "line": 47,
          "col": 14,
          "lit": "true"
        }
      },
      {
        "key": {
          "type": 0,
          "file": 2,
          "line": 48,
          "col": 3,
          "lit": "ssh-user"
        },
        "value": {
          "type": 0,
          "file": 2,
          "line": 51,
          "col": 14,
          "lit": "git"
        }
      },
      {
        "key": {
          "type": 0,
          "file": 2,
          "line": 52,
          "col": 3,
          "lit": "persist-credentials"
        },
        "value": {
          "type": 0,
          "file": 2,
          "line": 54,
          "col": 14,
          "lit": "true"
        }
      },
      {
        "key": {
          "type": 0,
          "file": 2,
          "line": 55,
          "col": 3,
          "lit": "path"
        },
        "value": ""
      },
      {
        "key": {
          "type": 0,
          "file": 2,
          "line": 57,
          "col": 3,
          "lit": "clean"
        },
        "value": {
          "type": 0,
          "file": 2,
          "line": 59,
          "col": 14,
          "lit": "true"
        }
      },
      {
        "key": {
          "type": 0,
          "file": 2,
          "line": 60,
          "col": 3,
          "lit": "filter"
        },
        "value": {
          "type": 0,
          "file": 2,
          "line": 64,
          "col": 14,
          "lit": ""
        }
      },
      {
        "key": {
          "type": 0,
          "file": 2,
          "line": 65,
          "col": 3,
          "lit": "sparse-checkout"
        },
        "value": {
          "type": 0,
          "file": 2,
          "line": 69,
          "col": 14,
          "lit": ""
        }
      },
      {
        "key": {
          "type": 0,
          "file": 2,
          "line": 70,
          "col": 3,
          "lit": "sparse-checkout-cone-mode"
        },
        "value": {
          "type": 0,
          "file": 2,
          "line": 73,
          "col": 14,
          "lit": "true"
        }
      },
      {
        "key": {
          "type": 0,
          "file": 2,
          "line": 74,
          "col": 3,
          "lit": "fetch-depth"
        },
        "value": {
          "type": 0,
          "file": 2,
          "line": 76,
          "col": 14,
          "lit": "1"
        }
      },
      {
        "key": {
          "type": 0,
          "file": 2,
          "line": 77,
          "col": 3,
          "lit": "fetch-tags"
        },
        "value": {
          "type": 0,
          "file": 2,
          "line": 79,
          "col": 14,
          "lit": "false"
        }
      },
      {
        "key": {
          "type": 0,
          "file": 2,
          "line": 80,
          "col": 3,
          "lit": "show-progress"
        },
        "value": {
          "type": 0,
          "file": 2,
          "line": 82,
          "col": 14,
          "lit": "true"
        }
      },
      {
        "key": {
          "type": 0,
          "file": 2,
          "line": 83,
          "col": 3,
          "lit": "lfs"
        },
        "value": {
          "type": 0,
          "file": 2,
          "line": 85,
          "col": 14,
          "lit": "false"
        }
      },
      {
        "key": {
          "type": 0,
          "file": 2,
          "line": 86,
          "col": 3,
          "lit": "submodules"
        },
        "value": {
          "type": 0,
          "file": 2,
          "line": 94,
          "col": 14,
          "lit": "false"
        }
      },
      {
        "key": {
          "type": 0,
          "file": 2,
          "line": 95,
          "col": 3,
          "lit": "set-safe-directory"
        },
        "value": {
          "type": 0,
          "file": 2,
          "line": 97,
          "col": 14,
          "lit": "true"
        }
      },
      {
        "key": {
          "type": 0,
          "file": 2,
          "line": 98,
          "col": 3,
          "lit": "github-server-url"
        },
        "value": ""
      },
      {
        "key": {
          "type": 0,
          "file": 2,
          "line": 101,
          "col": 3,
          "lit": "allow-unsafe-pr-checkout"
        },
        "value": {
          "type": 0,
          "file": 2,
          "line": 109,
          "col": 14,
          "lit": "false"
        }
      }
    ]
  },
  "execution": {
    "executionType": "nodeJS",
    "hasPre": false,
    "hasPost": true,
    "script": "dist/index.js",
    "pre": null,
    "post": "dist/index.js",
    "nodeVersion": "node20",
    "cleanupCondition": "always()",
    "initCondition": "always()"
  },
  "deprecated": null
}
[2026-08-30 09:50:38Z INFO ActionManager] Action node.js file: dist/index.js, no more preparation.
[2026-08-30 09:50:38Z INFO HostContext] Well known directory 'Bin': 'C:\Users\krish\Documents\BITS\mlops-project\actions-runner\bin'
[2026-08-30 09:50:38Z INFO HostContext] Well known directory 'Root': 'C:\Users\krish\Documents\BITS\mlops-project\actions-runner'
[2026-08-30 09:50:38Z INFO HostContext] Well known directory 'Work': 'C:\Users\krish\Documents\BITS\mlops-project\actions-runner\_work'
[2026-08-30 09:50:38Z INFO HostContext] Well known directory 'Actions': 'C:\Users\krish\Documents\BITS\mlops-project\actions-runner\_work\_actions'
[2026-08-30 09:50:38Z INFO ActionManager] Load action that reference repository from 'C:\Users\krish\Documents\BITS\mlops-project\actions-runner\_work\_actions\actions\checkout\v4'
[2026-08-30 09:50:38Z INFO HostContext] Well known directory 'Bin': 'C:\Users\krish\Documents\BITS\mlops-project\actions-runner\bin'
[2026-08-30 09:50:38Z INFO HostContext] Well known directory 'Root': 'C:\Users\krish\Documents\BITS\mlops-project\actions-runner'
[2026-08-30 09:50:38Z INFO HostContext] Well known directory 'Work': 'C:\Users\krish\Documents\BITS\mlops-project\actions-runner\_work'
[2026-08-30 09:50:38Z INFO HostContext] Well known directory 'Actions': 'C:\Users\krish\Documents\BITS\mlops-project\actions-runner\_work\_actions'
[2026-08-30 09:50:38Z INFO ActionManifestManagerLegacy] Loaded action.yml file: {
  "name": "Checkout",
  "description": "Checkout a Git repository at a particular version",
  "inputs": {
    "type": 2,
    "map": [
      {
        "key": {
          "type": 0,
          "file": 2,
          "line": 4,
          "col": 3,
          "lit": "repository"
        },
        "value": {
          "type": 3,
          "file": 2,
          "line": 6,
          "col": 14,
          "expr": "github.repository"
        }
      },
      {
        "key": {
          "type": 0,
          "file": 2,
          "line": 7,
          "col": 3,
          "lit": "ref"
        },
        "value": ""
      },
      {
        "key": {
          "type": 0,
          "file": 2,
          "line": 12,
          "col": 3,
          "lit": "token"
        },
        "value": {
          "type": 3,
          "file": 2,
          "line": 24,
          "col": 14,
          "expr": "github.token"
        }
      },
      {
        "key": {
          "type": 0,
          "file": 2,
          "line": 25,
          "col": 3,
          "lit": "ssh-key"
        },
        "value": ""
      },
      {
        "key": {
          "type": 0,
          "file": 2,
          "line": 37,
          "col": 3,
          "lit": "ssh-known-hosts"
        },
        "value": ""
      },
      {
        "key": {
          "type": 0,
          "file": 2,
          "line": 42,
          "col": 3,
          "lit": "ssh-strict"
        },
        "value": {
          "type": 0,
          "file": 2,
          "line": 47,
          "col": 14,
          "lit": "true"
        }
      },
      {
        "key": {
          "type": 0,
          "file": 2,
          "line": 48,
          "col": 3,
          "lit": "ssh-user"
        },
        "value": {
          "type": 0,
          "file": 2,
          "line": 51,
          "col": 14,
          "lit": "git"
        }
      },
      {
        "key": {
          "type": 0,
          "file": 2,
          "line": 52,
          "col": 3,
          "lit": "persist-credentials"
        },
        "value": {
          "type": 0,
          "file": 2,
          "line": 54,
          "col": 14,
          "lit": "true"
        }
      },
      {
        "key": {
          "type": 0,
          "file": 2,
          "line": 55,
          "col": 3,
          "lit": "path"
        },
        "value": ""
      },
      {
        "key": {
          "type": 0,
          "file": 2,
          "line": 57,
          "col": 3,
          "lit": "clean"
        },
        "value": {
          "type": 0,
          "file": 2,
          "line": 59,
          "col": 14,
          "lit": "true"
        }
      },
      {
        "key": {
          "type": 0,
          "file": 2,
          "line": 60,
          "col": 3,
          "lit": "filter"
        },
        "value": {
          "type": 0,
          "file": 2,
          "line": 64,
          "col": 14,
          "lit": ""
        }
      },
      {
        "key": {
          "type": 0,
          "file": 2,
          "line": 65,
          "col": 3,
          "lit": "sparse-checkout"
        },
        "value": {
          "type": 0,
          "file": 2,
          "line": 69,
          "col": 14,
          "lit": ""
        }
      },
      {
        "key": {
          "type": 0,
          "file": 2,
          "line": 70,
          "col": 3,
          "lit": "sparse-checkout-cone-mode"
        },
        "value": {
          "type": 0,
          "file": 2,
          "line": 73,
          "col": 14,
          "lit": "true"
        }
      },
      {
        "key": {
          "type": 0,
          "file": 2,
          "line": 74,
          "col": 3,
          "lit": "fetch-depth"
        },
        "value": {
          "type": 0,
          "file": 2,
          "line": 76,
          "col": 14,
          "lit": "1"
        }
      },
      {
        "key": {
          "type": 0,
          "file": 2,
          "line": 77,
          "col": 3,
          "lit": "fetch-tags"
        },
        "value": {
          "type": 0,
          "file": 2,
          "line": 79,
          "col": 14,
          "lit": "false"
        }
      },
      {
        "key": {
          "type": 0,
          "file": 2,
          "line": 80,
          "col": 3,
          "lit": "show-progress"
        },
        "value": {
          "type": 0,
          "file": 2,
          "line": 82,
          "col": 14,
          "lit": "true"
        }
      },
      {
        "key": {
          "type": 0,
          "file": 2,
          "line": 83,
          "col": 3,
          "lit": "lfs"
        },
        "value": {
          "type": 0,
          "file": 2,
          "line": 85,
          "col": 14,
          "lit": "false"
        }
      },
      {
        "key": {
          "type": 0,
          "file": 2,
          "line": 86,
          "col": 3,
          "lit": "submodules"
        },
        "value": {
          "type": 0,
          "file": 2,
          "line": 94,
          "col": 14,
          "lit": "false"
        }
      },
      {
        "key": {
          "type": 0,
          "file": 2,
          "line": 95,
          "col": 3,
          "lit": "set-safe-directory"
        },
        "value": {
          "type": 0,
          "file": 2,
          "line": 97,
          "col": 14,
          "lit": "true"
        }
      },
      {
        "key": {
          "type": 0,
          "file": 2,
          "line": 98,
          "col": 3,
          "lit": "github-server-url"
        },
        "value": ""
      },
      {
        "key": {
          "type": 0,
          "file": 2,
          "line": 101,
          "col": 3,
          "lit": "allow-unsafe-pr-checkout"
        },
        "value": {
          "type": 0,
          "file": 2,
          "line": 109,
          "col": 14,
          "lit": "false"
        }
      }
    ]
  },
  "execution": {
    "executionType": "nodeJS",
    "hasPre": false,
    "hasPost": true,
    "script": "dist/index.js",
    "pre": null,
    "post": "dist/index.js",
    "nodeVersion": "node20",
    "cleanupCondition": "always()",
    "initCondition": "always()"
  },
  "deprecated": null
}
[2026-08-30 09:50:38Z INFO ActionManager] Action pre node.js file: N/A.
[2026-08-30 09:50:38Z INFO ActionManager] Action node.js file: dist/index.js.
[2026-08-30 09:50:38Z INFO ActionManager] Action post node.js file: dist/index.js.
[2026-08-30 09:50:38Z INFO JobExtension] Adding .
[2026-08-30 09:50:38Z INFO JobExtension] Adding .
[2026-08-30 09:50:38Z INFO JobExtension] Adding .
[2026-08-30 09:50:38Z INFO JobExtension] Adding .
[2026-08-30 09:50:38Z INFO JobExtension] Adding .
[2026-08-30 09:50:38Z INFO JobExtension] Adding .
[2026-08-30 09:50:38Z INFO HostContext] Well known directory 'Bin': 'C:\Users\krish\Documents\BITS\mlops-project\actions-runner\bin'
[2026-08-30 09:50:38Z INFO HostContext] Well known directory 'Root': 'C:\Users\krish\Documents\BITS\mlops-project\actions-runner'
[2026-08-30 09:50:38Z INFO HostContext] Well known directory 'Diag': 'C:\Users\krish\Documents\BITS\mlops-project\actions-runner\_diag'
[2026-08-30 09:50:38Z INFO HostContext] Well known directory 'Bin': 'C:\Users\krish\Documents\BITS\mlops-project\actions-runner\bin'
[2026-08-30 09:50:38Z INFO HostContext] Well known directory 'Root': 'C:\Users\krish\Documents\BITS\mlops-project\actions-runner'
[2026-08-30 09:50:38Z INFO HostContext] Well known directory 'Diag': 'C:\Users\krish\Documents\BITS\mlops-project\actions-runner\_diag'
[2026-08-30 09:50:38Z INFO HostContext] Well known directory 'Bin': 'C:\Users\krish\Documents\BITS\mlops-project\actions-runner\bin'
[2026-08-30 09:50:38Z INFO HostContext] Well known directory 'Root': 'C:\Users\krish\Documents\BITS\mlops-project\actions-runner'
[2026-08-30 09:50:38Z INFO HostContext] Well known directory 'Diag': 'C:\Users\krish\Documents\BITS\mlops-project\actions-runner\_diag'
[2026-08-30 09:50:38Z INFO HostContext] Well known directory 'Bin': 'C:\Users\krish\Documents\BITS\mlops-project\actions-runner\bin'
[2026-08-30 09:50:38Z INFO HostContext] Well known directory 'Root': 'C:\Users\krish\Documents\BITS\mlops-project\actions-runner'
[2026-08-30 09:50:38Z INFO HostContext] Well known directory 'Diag': 'C:\Users\krish\Documents\BITS\mlops-project\actions-runner\_diag'
[2026-08-30 09:50:38Z INFO HostContext] Well known directory 'Bin': 'C:\Users\krish\Documents\BITS\mlops-project\actions-runner\bin'
[2026-08-30 09:50:38Z INFO HostContext] Well known directory 'Root': 'C:\Users\krish\Documents\BITS\mlops-project\actions-runner'
[2026-08-30 09:50:38Z INFO HostContext] Well known directory 'Diag': 'C:\Users\krish\Documents\BITS\mlops-project\actions-runner\_diag'
[2026-08-30 09:50:38Z INFO HostContext] Well known directory 'Bin': 'C:\Users\krish\Documents\BITS\mlops-project\actions-runner\bin'
[2026-08-30 09:50:38Z INFO HostContext] Well known directory 'Root': 'C:\Users\krish\Documents\BITS\mlops-project\actions-runner'
[2026-08-30 09:50:38Z INFO HostContext] Well known directory 'Diag': 'C:\Users\krish\Documents\BITS\mlops-project\actions-runner\_diag'
[2026-08-30 09:50:38Z INFO HostContext] Well known directory 'Bin': 'C:\Users\krish\Documents\BITS\mlops-project\actions-runner\bin'
[2026-08-30 09:50:38Z INFO HostContext] Well known directory 'Root': 'C:\Users\krish\Documents\BITS\mlops-project\actions-runner'
[2026-08-30 09:50:38Z INFO HostContext] Well known directory 'Diag': 'C:\Users\krish\Documents\BITS\mlops-project\actions-runner\_diag'
[2026-08-30 09:50:38Z INFO HostContext] Well known directory 'Bin': 'C:\Users\krish\Documents\BITS\mlops-project\actions-runner\bin'
[2026-08-30 09:50:38Z INFO HostContext] Well known directory 'Root': 'C:\Users\krish\Documents\BITS\mlops-project\actions-runner'
[2026-08-30 09:50:38Z INFO HostContext] Well known directory 'Diag': 'C:\Users\krish\Documents\BITS\mlops-project\actions-runner\_diag'
[2026-08-30 09:50:38Z INFO HostContext] Well known directory 'Bin': 'C:\Users\krish\Documents\BITS\mlops-project\actions-runner\bin'
[2026-08-30 09:50:38Z INFO HostContext] Well known directory 'Root': 'C:\Users\krish\Documents\BITS\mlops-project\actions-runner'
[2026-08-30 09:50:38Z INFO HostContext] Well known directory 'Diag': 'C:\Users\krish\Documents\BITS\mlops-project\actions-runner\_diag'
[2026-08-30 09:50:38Z INFO HostContext] Well known directory 'Bin': 'C:\Users\krish\Documents\BITS\mlops-project\actions-runner\bin'
[2026-08-30 09:50:38Z INFO HostContext] Well known directory 'Root': 'C:\Users\krish\Documents\BITS\mlops-project\actions-runner'
[2026-08-30 09:50:38Z INFO HostContext] Well known directory 'Diag': 'C:\Users\krish\Documents\BITS\mlops-project\actions-runner\_diag'
[2026-08-30 09:50:38Z INFO HostContext] Well known directory 'Bin': 'C:\Users\krish\Documents\BITS\mlops-project\actions-runner\bin'
[2026-08-30 09:50:38Z INFO HostContext] Well known directory 'Root': 'C:\Users\krish\Documents\BITS\mlops-project\actions-runner'
[2026-08-30 09:50:38Z INFO HostContext] Well known directory 'Diag': 'C:\Users\krish\Documents\BITS\mlops-project\actions-runner\_diag'
[2026-08-30 09:50:38Z INFO HostContext] Well known directory 'Bin': 'C:\Users\krish\Documents\BITS\mlops-project\actions-runner\bin'
[2026-08-30 09:50:38Z INFO HostContext] Well known directory 'Root': 'C:\Users\krish\Documents\BITS\mlops-project\actions-runner'
[2026-08-30 09:50:38Z INFO HostContext] Well known directory 'Diag': 'C:\Users\krish\Documents\BITS\mlops-project\actions-runner\_diag'
[2026-08-30 09:50:38Z INFO JobServerQueue] Try to append 1 batches web console lines for record '0defe3c5-6236-4823-9dcf-d3e090758b17', success rate: 1/1.
[2026-08-30 09:50:38Z INFO JobExtension] Total accessible running process: 316.
[2026-08-30 09:50:38Z INFO HostContext] Well known directory 'Bin': 'C:\Users\krish\Documents\BITS\mlops-project\actions-runner\bin'
[2026-08-30 09:50:38Z INFO HostContext] Well known directory 'Root': 'C:\Users\krish\Documents\BITS\mlops-project\actions-runner'
[2026-08-30 09:50:38Z INFO HostContext] Well known directory 'Work': 'C:\Users\krish\Documents\BITS\mlops-project\actions-runner\_work'
[2026-08-30 09:50:38Z INFO JobExtension] Start checking server connectivity.
[2026-08-30 09:50:39Z INFO JobExtension] Check server connectivity for https://broker.actions.githubusercontent.com/health.
[2026-08-30 09:50:39Z INFO JobExtension] Check server connectivity for https://token.actions.githubusercontent.com/ready.
[2026-08-30 09:50:39Z INFO JobExtension] Check server connectivity for https://run.actions.githubusercontent.com/health.
[2026-08-30 09:50:39Z INFO JobExtension] Start checking service connectivity in background.
[2026-08-30 09:50:39Z INFO ExecutionContext] Publish step telemetry for current step {
  "action": "setup_job",
  "type": "runner",
  "stage": "Pre",
  "stepId": "0defe3c5-6236-4823-9dcf-d3e090758b17",
  "result": "succeeded",
  "errorMessages": [],
  "executionTimeInSeconds": 27,
  "startTime": "2026-08-30T09:50:12.6937561Z",
  "finishTime": "2026-08-30T09:50:39.2221482Z"
}.
[2026-08-30 09:50:39Z INFO JobRunner] Total job steps: 6.
[2026-08-30 09:50:39Z INFO JobRunner] Run all job steps.
[2026-08-30 09:50:39Z INFO DapDebugger] DapDebugger initialized
[2026-08-30 09:50:39Z INFO StepsRunner] Processing step: DisplayName='Checkout repository'
[2026-08-30 09:50:39Z INFO StepsRunner] Evaluating: success()
[2026-08-30 09:50:39Z INFO StepsRunner] Result: true
[2026-08-30 09:50:39Z INFO StepsRunner] Starting the step.
[2026-08-30 09:50:40Z INFO HostContext] Well known directory 'Bin': 'C:\Users\krish\Documents\BITS\mlops-project\actions-runner\bin'
[2026-08-30 09:50:40Z INFO HostContext] Well known directory 'Root': 'C:\Users\krish\Documents\BITS\mlops-project\actions-runner'
[2026-08-30 09:50:40Z INFO JobServerQueue] Got a step log file to send to results service.
[2026-08-30 09:50:40Z INFO JobServerQueue] Starting upload of step log file to results service ResultsLog, C:\Users\krish\Documents\BITS\mlops-project\actions-runner\_diag\blocks\3934f28b-e857-4e02-92c2-014b7327ae39_0defe3c5-6236-4823-9dcf-d3e090758b17.1
[2026-08-30 09:50:40Z INFO HostContext] Well known directory 'Work': 'C:\Users\krish\Documents\BITS\mlops-project\actions-runner\_work'
[2026-08-30 09:50:40Z INFO StepsRunner] Which2: 'chcp'
[2026-08-30 09:50:40Z INFO StepsRunner] Location: 'C:\WINDOWS\system32\chcp.COM'
[2026-08-30 09:50:40Z INFO ProcessInvokerWrapper] Starting process:
[2026-08-30 09:50:40Z INFO ProcessInvokerWrapper]   File name: 'C:\WINDOWS\system32\chcp.COM'
[2026-08-30 09:50:40Z INFO ProcessInvokerWrapper]   Arguments: '65001'
[2026-08-30 09:50:40Z INFO ProcessInvokerWrapper]   Working directory: 'C:\Users\krish\Documents\BITS\mlops-project\actions-runner\_work'
[2026-08-30 09:50:40Z INFO ProcessInvokerWrapper]   Require exit code zero: 'False'
[2026-08-30 09:50:40Z INFO ProcessInvokerWrapper]   Encoding web name:  ; code page: ''
[2026-08-30 09:50:40Z INFO ProcessInvokerWrapper]   Force kill process on cancellation: 'False'
[2026-08-30 09:50:40Z INFO ProcessInvokerWrapper]   Redirected STDIN: 'False'
[2026-08-30 09:50:40Z INFO ProcessInvokerWrapper]   Persist current code page: 'True'
[2026-08-30 09:50:40Z INFO ProcessInvokerWrapper]   Keep redirected STDIN open: 'False'
[2026-08-30 09:50:40Z INFO ProcessInvokerWrapper]   High priority process: 'False'
[2026-08-30 09:50:40Z INFO JobServerQueue] Try to upload 1 log files or attachments, success rate: 1/1.
[2026-08-30 09:50:41Z INFO ProcessInvokerWrapper] Process started with process id 17944, waiting for process exit.
[2026-08-30 09:50:41Z INFO ProcessInvokerWrapper] STDOUT/STDERR stream read finished.
[2026-08-30 09:50:41Z INFO ProcessInvokerWrapper] STDOUT/STDERR stream read finished.
[2026-08-30 09:50:42Z INFO ProcessInvokerWrapper] Finished process 17944 with exit code 0, and elapsed time 00:00:02.0399369.
[2026-08-30 09:50:42Z INFO StepsRunner] Successfully returned to code page 65001 (UTF8)
[2026-08-30 09:50:42Z INFO HostContext] Well known directory 'Bin': 'C:\Users\krish\Documents\BITS\mlops-project\actions-runner\bin'
[2026-08-30 09:50:42Z INFO HostContext] Well known directory 'Root': 'C:\Users\krish\Documents\BITS\mlops-project\actions-runner'
[2026-08-30 09:50:42Z INFO HostContext] Well known directory 'Work': 'C:\Users\krish\Documents\BITS\mlops-project\actions-runner\_work'
[2026-08-30 09:50:42Z INFO HostContext] Well known directory 'Actions': 'C:\Users\krish\Documents\BITS\mlops-project\actions-runner\_work\_actions'
[2026-08-30 09:50:42Z INFO ActionManager] Load action that reference repository from 'C:\Users\krish\Documents\BITS\mlops-project\actions-runner\_work\_actions\actions\checkout\v4'
[2026-08-30 09:50:42Z INFO HostContext] Well known directory 'Bin': 'C:\Users\krish\Documents\BITS\mlops-project\actions-runner\bin'
[2026-08-30 09:50:42Z INFO HostContext] Well known directory 'Root': 'C:\Users\krish\Documents\BITS\mlops-project\actions-runner'
[2026-08-30 09:50:42Z INFO HostContext] Well known directory 'Work': 'C:\Users\krish\Documents\BITS\mlops-project\actions-runner\_work'
[2026-08-30 09:50:42Z INFO HostContext] Well known directory 'Actions': 'C:\Users\krish\Documents\BITS\mlops-project\actions-runner\_work\_actions'
[2026-08-30 09:50:42Z INFO ActionManifestManagerLegacy] Loaded action.yml file: {
  "name": "Checkout",
  "description": "Checkout a Git repository at a particular version",
  "inputs": {
    "type": 2,
    "map": [
      {
        "key": {
          "type": 0,
          "file": 2,
          "line": 4,
          "col": 3,
          "lit": "repository"
        },
        "value": {
          "type": 3,
          "file": 2,
          "line": 6,
          "col": 14,
          "expr": "github.repository"
        }
      },
      {
        "key": {
          "type": 0,
          "file": 2,
          "line": 7,
          "col": 3,
          "lit": "ref"
        },
        "value": ""
      },
      {
        "key": {
          "type": 0,
          "file": 2,
          "line": 12,
          "col": 3,
          "lit": "token"
        },
        "value": {
          "type": 3,
          "file": 2,
          "line": 24,
          "col": 14,
          "expr": "github.token"
        }
      },
      {
        "key": {
          "type": 0,
          "file": 2,
          "line": 25,
          "col": 3,
          "lit": "ssh-key"
        },
        "value": ""
      },
      {
        "key": {
          "type": 0,
          "file": 2,
          "line": 37,
          "col": 3,
          "lit": "ssh-known-hosts"
        },
        "value": ""
      },
      {
        "key": {
          "type": 0,
          "file": 2,
          "line": 42,
          "col": 3,
          "lit": "ssh-strict"
        },
        "value": {
          "type": 0,
          "file": 2,
          "line": 47,
          "col": 14,
          "lit": "true"
        }
      },
      {
        "key": {
          "type": 0,
          "file": 2,
          "line": 48,
          "col": 3,
          "lit": "ssh-user"
        },
        "value": {
          "type": 0,
          "file": 2,
          "line": 51,
          "col": 14,
          "lit": "git"
        }
      },
      {
        "key": {
          "type": 0,
          "file": 2,
          "line": 52,
          "col": 3,
          "lit": "persist-credentials"
        },
        "value": {
          "type": 0,
          "file": 2,
          "line": 54,
          "col": 14,
          "lit": "true"
        }
      },
      {
        "key": {
          "type": 0,
          "file": 2,
          "line": 55,
          "col": 3,
          "lit": "path"
        },
        "value": ""
      },
      {
        "key": {
          "type": 0,
          "file": 2,
          "line": 57,
          "col": 3,
          "lit": "clean"
        },
        "value": {
          "type": 0,
          "file": 2,
          "line": 59,
          "col": 14,
          "lit": "true"
        }
      },
      {
        "key": {
          "type": 0,
          "file": 2,
          "line": 60,
          "col": 3,
          "lit": "filter"
        },
        "value": {
          "type": 0,
          "file": 2,
          "line": 64,
          "col": 14,
          "lit": ""
        }
      },
      {
        "key": {
          "type": 0,
          "file": 2,
          "line": 65,
          "col": 3,
          "lit": "sparse-checkout"
        },
        "value": {
          "type": 0,
          "file": 2,
          "line": 69,
          "col": 14,
          "lit": ""
        }
      },
      {
        "key": {
          "type": 0,
          "file": 2,
          "line": 70,
          "col": 3,
          "lit": "sparse-checkout-cone-mode"
        },
        "value": {
          "type": 0,
          "file": 2,
          "line": 73,
          "col": 14,
          "lit": "true"
        }
      },
      {
        "key": {
          "type": 0,
          "file": 2,
          "line": 74,
          "col": 3,
          "lit": "fetch-depth"
        },
        "value": {
          "type": 0,
          "file": 2,
          "line": 76,
          "col": 14,
          "lit": "1"
        }
      },
      {
        "key": {
          "type": 0,
          "file": 2,
          "line": 77,
          "col": 3,
          "lit": "fetch-tags"
        },
        "value": {
          "type": 0,
          "file": 2,
          "line": 79,
          "col": 14,
          "lit": "false"
        }
      },
      {
        "key": {
          "type": 0,
          "file": 2,
          "line": 80,
          "col": 3,
          "lit": "show-progress"
        },
        "value": {
          "type": 0,
          "file": 2,
          "line": 82,
          "col": 14,
          "lit": "true"
        }
      },
      {
        "key": {
          "type": 0,
          "file": 2,
          "line": 83,
          "col": 3,
          "lit": "lfs"
        },
        "value": {
          "type": 0,
          "file": 2,
          "line": 85,
          "col": 14,
          "lit": "false"
        }
      },
      {
        "key": {
          "type": 0,
          "file": 2,
          "line": 86,
          "col": 3,
          "lit": "submodules"
        },
        "value": {
          "type": 0,
          "file": 2,
          "line": 94,
          "col": 14,
          "lit": "false"
        }
      },
      {
        "key": {
          "type": 0,
          "file": 2,
          "line": 95,
          "col": 3,
          "lit": "set-safe-directory"
        },
        "value": {
          "type": 0,
          "file": 2,
          "line": 97,
          "col": 14,
          "lit": "true"
        }
      },
      {
        "key": {
          "type": 0,
          "file": 2,
          "line": 98,
          "col": 3,
          "lit": "github-server-url"
        },
        "value": ""
      },
      {
        "key": {
          "type": 0,
          "file": 2,
          "line": 101,
          "col": 3,
          "lit": "allow-unsafe-pr-checkout"
        },
        "value": {
          "type": 0,
          "file": 2,
          "line": 109,
          "col": 14,
          "lit": "false"
        }
      }
    ]
  },
  "execution": {
    "executionType": "nodeJS",
    "hasPre": false,
    "hasPost": true,
    "script": "dist/index.js",
    "pre": null,
    "post": "dist/index.js",
    "nodeVersion": "node20",
    "cleanupCondition": "always()",
    "initCondition": "always()"
  },
  "deprecated": null
}
[2026-08-30 09:50:42Z INFO ActionManager] Action pre node.js file: N/A.
[2026-08-30 09:50:42Z INFO ActionManager] Action node.js file: dist/index.js.
[2026-08-30 09:50:42Z INFO ActionManager] Action post node.js file: dist/index.js.
[2026-08-30 09:50:42Z INFO ExecutionContext] Reserve record order 8 to 14 for post job actions.
[2026-08-30 09:50:42Z INFO HostContext] Well known directory 'Bin': 'C:\Users\krish\Documents\BITS\mlops-project\actions-runner\bin'
[2026-08-30 09:50:42Z INFO HostContext] Well known directory 'Root': 'C:\Users\krish\Documents\BITS\mlops-project\actions-runner'
[2026-08-30 09:50:42Z INFO HostContext] Well known directory 'Diag': 'C:\Users\krish\Documents\BITS\mlops-project\actions-runner\_diag'
[2026-08-30 09:50:42Z INFO HostContext] Well known directory 'Bin': 'C:\Users\krish\Documents\BITS\mlops-project\actions-runner\bin'
[2026-08-30 09:50:42Z INFO HostContext] Well known directory 'Root': 'C:\Users\krish\Documents\BITS\mlops-project\actions-runner'
[2026-08-30 09:50:42Z INFO HostContext] Well known directory 'Diag': 'C:\Users\krish\Documents\BITS\mlops-project\actions-runner\_diag'
[2026-08-30 09:50:42Z INFO HostContext] Well known directory 'Bin': 'C:\Users\krish\Documents\BITS\mlops-project\actions-runner\bin'
[2026-08-30 09:50:42Z INFO HostContext] Well known directory 'Root': 'C:\Users\krish\Documents\BITS\mlops-project\actions-runner'
[2026-08-30 09:50:42Z INFO HostContext] Well known directory 'Work': 'C:\Users\krish\Documents\BITS\mlops-project\actions-runner\_work'
[2026-08-30 09:50:42Z INFO HostContext] Well known directory 'Temp': 'C:\Users\krish\Documents\BITS\mlops-project\actions-runner\_work\_temp'
[2026-08-30 09:50:42Z INFO ExecutionContext] Write event payload to C:\Users\krish\Documents\BITS\mlops-project\actions-runner\_work\_temp\_github_workflow\event.json
[2026-08-30 09:50:42Z INFO HostContext] Well known directory 'Bin': 'C:\Users\krish\Documents\BITS\mlops-project\actions-runner\bin'
[2026-08-30 09:50:42Z INFO HostContext] Well known directory 'Root': 'C:\Users\krish\Documents\BITS\mlops-project\actions-runner'
[2026-08-30 09:50:42Z INFO HostContext] Well known directory 'Work': 'C:\Users\krish\Documents\BITS\mlops-project\actions-runner\_work'
[2026-08-30 09:50:42Z INFO HostContext] Well known directory 'Temp': 'C:\Users\krish\Documents\BITS\mlops-project\actions-runner\_work\_temp'
[2026-08-30 09:50:42Z INFO ExtensionManager] Getting extensions for interface: 'GitHub.Runner.Worker.IFileCommandExtension'
[2026-08-30 09:50:42Z INFO ExtensionManager] Creating instance: GitHub.Runner.Worker.AddPathFileCommand, Runner.Worker
[2026-08-30 09:50:42Z INFO ExtensionManager] Creating instance: GitHub.Runner.Worker.SetEnvFileCommand, Runner.Worker
[2026-08-30 09:50:42Z INFO ExtensionManager] Creating instance: GitHub.Runner.Worker.CreateStepSummaryCommand, Runner.Worker
[2026-08-30 09:50:42Z INFO ExtensionManager] Creating instance: GitHub.Runner.Worker.SaveStateFileCommand, Runner.Worker
[2026-08-30 09:50:42Z INFO ExtensionManager] Creating instance: GitHub.Runner.Worker.SetOutputFileCommand, Runner.Worker
[2026-08-30 09:50:42Z INFO ExtensionManager] Creating instance: GitHub.Runner.Worker.CreateArtifactsFileCommand, Runner.Worker
[2026-08-30 09:50:42Z INFO ExtensionManager] Creating instance: GitHub.Runner.Worker.ArtifactsListFileCommand, Runner.Worker
[2026-08-30 09:50:43Z INFO ActionManifestManagerLegacy] Input 'repository': default value evaluate result: {
  "type": 0,
  "file": 2,
  "line": 6,
  "col": 14,
  "lit": "2024ac05127-tech/assignment2"
}
[2026-08-30 09:50:43Z INFO ActionManifestManagerLegacy] Input 'ref': default value evaluate result: ""
[2026-08-30 09:50:43Z INFO ActionManifestManagerLegacy] Input 'token': default value evaluate result: {
  "type": 0,
  "file": 2,
  "line": 24,
  "col": 14,
  "lit": "***"
}
[2026-08-30 09:50:43Z INFO ActionManifestManagerLegacy] Input 'ssh-key': default value evaluate result: ""
[2026-08-30 09:50:43Z INFO ActionManifestManagerLegacy] Input 'ssh-known-hosts': default value evaluate result: ""
[2026-08-30 09:50:43Z INFO ActionManifestManagerLegacy] Input 'ssh-strict': default value evaluate result: {
  "type": 0,
  "file": 2,
  "line": 47,
  "col": 14,
  "lit": "true"
}
[2026-08-30 09:50:43Z INFO ActionManifestManagerLegacy] Input 'ssh-user': default value evaluate result: {
  "type": 0,
  "file": 2,
  "line": 51,
  "col": 14,
  "lit": "git"
}
[2026-08-30 09:50:43Z INFO ActionManifestManagerLegacy] Input 'persist-credentials': default value evaluate result: {
  "type": 0,
  "file": 2,
  "line": 54,
  "col": 14,
  "lit": "true"
}
[2026-08-30 09:50:43Z INFO ActionManifestManagerLegacy] Input 'path': default value evaluate result: ""
[2026-08-30 09:50:43Z INFO ActionManifestManagerLegacy] Input 'clean': default value evaluate result: {
  "type": 0,
  "file": 2,
  "line": 59,
  "col": 14,
  "lit": "true"
}
[2026-08-30 09:50:43Z INFO ActionManifestManagerLegacy] Input 'filter': default value evaluate result: {
  "type": 0,
  "file": 2,
  "line": 64,
  "col": 14,
  "lit": ""
}
[2026-08-30 09:50:43Z INFO ActionManifestManagerLegacy] Input 'sparse-checkout': default value evaluate result: {
  "type": 0,
  "file": 2,
  "line": 69,
  "col": 14,
  "lit": ""
}
[2026-08-30 09:50:43Z INFO ActionManifestManagerLegacy] Input 'sparse-checkout-cone-mode': default value evaluate result: {
  "type": 0,
  "file": 2,
  "line": 73,
  "col": 14,
  "lit": "true"
}
[2026-08-30 09:50:43Z INFO ActionManifestManagerLegacy] Input 'fetch-depth': default value evaluate result: {
  "type": 0,
  "file": 2,
  "line": 76,
  "col": 14,
  "lit": "1"
}
[2026-08-30 09:50:43Z INFO ActionManifestManagerLegacy] Input 'fetch-tags': default value evaluate result: {
  "type": 0,
  "file": 2,
  "line": 79,
  "col": 14,
  "lit": "false"
}
[2026-08-30 09:50:43Z INFO ActionManifestManagerLegacy] Input 'show-progress': default value evaluate result: {
  "type": 0,
  "file": 2,
  "line": 82,
  "col": 14,
  "lit": "true"
}
[2026-08-30 09:50:43Z INFO ActionManifestManagerLegacy] Input 'lfs': default value evaluate result: {
  "type": 0,
  "file": 2,
  "line": 85,
  "col": 14,
  "lit": "false"
}
[2026-08-30 09:50:43Z INFO ActionManifestManagerLegacy] Input 'submodules': default value evaluate result: {
  "type": 0,
  "file": 2,
  "line": 94,
  "col": 14,
  "lit": "false"
}
[2026-08-30 09:50:43Z INFO ActionManifestManagerLegacy] Input 'set-safe-directory': default value evaluate result: {
  "type": 0,
  "file": 2,
  "line": 97,
  "col": 14,
  "lit": "true"
}
[2026-08-30 09:50:43Z INFO ActionManifestManagerLegacy] Input 'github-server-url': default value evaluate result: ""
[2026-08-30 09:50:43Z INFO ActionManifestManagerLegacy] Input 'allow-unsafe-pr-checkout': default value evaluate result: {
  "type": 0,
  "file": 2,
  "line": 109,
  "col": 14,
  "lit": "false"
}
[2026-08-30 09:50:43Z INFO ExtensionManager] Getting extensions for interface: 'GitHub.Runner.Worker.IActionCommandExtension'
[2026-08-30 09:50:43Z INFO ExtensionManager] Creating instance: GitHub.Runner.Worker.InternalPluginSetRepoPathCommandExtension, Runner.Worker
[2026-08-30 09:50:43Z INFO ExtensionManager] Creating instance: GitHub.Runner.Worker.SetEnvCommandExtension, Runner.Worker
[2026-08-30 09:50:43Z INFO ExtensionManager] Creating instance: GitHub.Runner.Worker.SetOutputCommandExtension, Runner.Worker
[2026-08-30 09:50:43Z INFO ExtensionManager] Creating instance: GitHub.Runner.Worker.SaveStateCommandExtension, Runner.Worker
[2026-08-30 09:50:43Z INFO ExtensionManager] Creating instance: GitHub.Runner.Worker.AddPathCommandExtension, Runner.Worker
[2026-08-30 09:50:43Z INFO ExtensionManager] Creating instance: GitHub.Runner.Worker.AddMaskCommandExtension, Runner.Worker
[2026-08-30 09:50:43Z INFO ExtensionManager] Creating instance: GitHub.Runner.Worker.AddMatcherCommandExtension, Runner.Worker
[2026-08-30 09:50:43Z INFO ExtensionManager] Creating instance: GitHub.Runner.Worker.RemoveMatcherCommandExtension, Runner.Worker
[2026-08-30 09:50:43Z INFO ExtensionManager] Creating instance: GitHub.Runner.Worker.WarningCommandExtension, Runner.Worker
[2026-08-30 09:50:43Z INFO ExtensionManager] Creating instance: GitHub.Runner.Worker.ErrorCommandExtension, Runner.Worker
[2026-08-30 09:50:43Z INFO ExtensionManager] Creating instance: GitHub.Runner.Worker.NoticeCommandExtension, Runner.Worker
[2026-08-30 09:50:43Z INFO ExtensionManager] Creating instance: GitHub.Runner.Worker.DebugCommandExtension, Runner.Worker
[2026-08-30 09:50:43Z INFO ExtensionManager] Creating instance: GitHub.Runner.Worker.GroupCommandExtension, Runner.Worker
[2026-08-30 09:50:43Z INFO ExtensionManager] Creating instance: GitHub.Runner.Worker.EndGroupCommandExtension, Runner.Worker
[2026-08-30 09:50:43Z INFO ExtensionManager] Creating instance: GitHub.Runner.Worker.EchoCommandExtension, Runner.Worker
[2026-08-30 09:50:43Z INFO ActionCommandManager] Register action command extension for command internal-set-repo-path
[2026-08-30 09:50:43Z INFO ActionCommandManager] Register action command extension for command set-env
[2026-08-30 09:50:43Z INFO ActionCommandManager] Register action command extension for command set-output
[2026-08-30 09:50:43Z INFO ActionCommandManager] Register action command extension for command save-state
[2026-08-30 09:50:43Z INFO ActionCommandManager] Register action command extension for command add-path
[2026-08-30 09:50:43Z INFO ActionCommandManager] Register action command extension for command add-mask
[2026-08-30 09:50:43Z INFO ActionCommandManager] Register action command extension for command add-matcher
[2026-08-30 09:50:43Z INFO ActionCommandManager] Register action command extension for command remove-matcher
[2026-08-30 09:50:43Z INFO ActionCommandManager] Register action command extension for command warning
[2026-08-30 09:50:43Z INFO ActionCommandManager] Register action command extension for command error
[2026-08-30 09:50:43Z INFO ActionCommandManager] Register action command extension for command notice
[2026-08-30 09:50:43Z INFO ActionCommandManager] Register action command extension for command debug
[2026-08-30 09:50:43Z INFO ActionCommandManager] Register action command extension for command group
[2026-08-30 09:50:43Z INFO ActionCommandManager] Register action command extension for command endgroup
[2026-08-30 09:50:43Z INFO ActionCommandManager] Register action command extension for command echo
[2026-08-30 09:50:43Z INFO JobServerQueue] Try to append 1 batches web console lines for record '334aafc9-e18e-4ebf-bd59-774a5ba0f940', success rate: 1/1.
[2026-08-30 09:50:43Z INFO HostContext] Well known directory 'Bin': 'C:\Users\krish\Documents\BITS\mlops-project\actions-runner\bin'
[2026-08-30 09:50:43Z INFO HostContext] Well known directory 'Root': 'C:\Users\krish\Documents\BITS\mlops-project\actions-runner'
[2026-08-30 09:50:43Z INFO HostContext] Well known directory 'Externals': 'C:\Users\krish\Documents\BITS\mlops-project\actions-runner\externals'
[2026-08-30 09:50:43Z INFO ProcessInvokerWrapper] Starting process:
[2026-08-30 09:50:43Z INFO ProcessInvokerWrapper]   File name: 'C:\Users\krish\Documents\BITS\mlops-project\actions-runner\externals\node24\bin\node.exe'
[2026-08-30 09:50:43Z INFO ProcessInvokerWrapper]   Arguments: '"C:\Users\krish\Documents\BITS\mlops-project\actions-runner\_work\_actions\actions\checkout\v4\dist/index.js"'
[2026-08-30 09:50:43Z INFO ProcessInvokerWrapper]   Working directory: 'C:\Users\krish\Documents\BITS\mlops-project\actions-runner\_work\assignment2\assignment2'
[2026-08-30 09:50:43Z INFO ProcessInvokerWrapper]   Require exit code zero: 'False'
[2026-08-30 09:50:43Z INFO ProcessInvokerWrapper]   Encoding web name: utf-8 ; code page: '65001'
[2026-08-30 09:50:43Z INFO ProcessInvokerWrapper]   Force kill process on cancellation: 'False'
[2026-08-30 09:50:43Z INFO ProcessInvokerWrapper]   Redirected STDIN: 'False'
[2026-08-30 09:50:43Z INFO ProcessInvokerWrapper]   Persist current code page: 'True'
[2026-08-30 09:50:43Z INFO ProcessInvokerWrapper]   Keep redirected STDIN open: 'False'
[2026-08-30 09:50:43Z INFO ProcessInvokerWrapper]   High priority process: 'False'
[2026-08-30 09:50:44Z INFO JobServerQueue] Tried to upload 1 file(s) to results, success rate: 1/1.
[2026-08-30 09:50:48Z INFO HostContext] Well known directory 'Bin': 'C:\Users\krish\Documents\BITS\mlops-project\actions-runner\bin'
[2026-08-30 09:50:48Z INFO HostContext] Well known directory 'Root': 'C:\Users\krish\Documents\BITS\mlops-project\actions-runner'
[2026-08-30 09:50:48Z INFO HostContext] Well known directory 'Work': 'C:\Users\krish\Documents\BITS\mlops-project\actions-runner\_work'
[2026-08-30 09:50:50Z INFO ProcessInvokerWrapper] Process started with process id 21392, waiting for process exit.
[2026-08-30 09:50:58Z INFO HostContext] Well known directory 'Bin': 'C:\Users\krish\Documents\BITS\mlops-project\actions-runner\bin'
[2026-08-30 09:50:58Z INFO HostContext] Well known directory 'Root': 'C:\Users\krish\Documents\BITS\mlops-project\actions-runner'
[2026-08-30 09:50:58Z INFO HostContext] Well known directory 'Work': 'C:\Users\krish\Documents\BITS\mlops-project\actions-runner\_work'
[2026-08-30 09:51:02Z INFO JobServerQueue] Try to append 1 batches web console lines for record '334aafc9-e18e-4ebf-bd59-774a5ba0f940', success rate: 1/1.
[2026-08-30 09:51:02Z INFO JobServerQueue] Try to append 1 batches web console lines for record '334aafc9-e18e-4ebf-bd59-774a5ba0f940', success rate: 1/1.
[2026-08-30 09:51:04Z INFO JobServerQueue] Try to append 1 batches web console lines for record '334aafc9-e18e-4ebf-bd59-774a5ba0f940', success rate: 1/1.
[2026-08-30 09:51:04Z INFO AddMaskCommandExtension] Add new secret mask with length of 524
[2026-08-30 09:51:05Z INFO JobServerQueue] Try to append 1 batches web console lines for record '334aafc9-e18e-4ebf-bd59-774a5ba0f940', success rate: 1/1.
[2026-08-30 09:51:05Z INFO JobServerQueue] Try to append 1 batches web console lines for record '334aafc9-e18e-4ebf-bd59-774a5ba0f940', success rate: 1/1.
[2026-08-30 09:51:05Z INFO JobServerQueue] Try to append 1 batches web console lines for record '334aafc9-e18e-4ebf-bd59-774a5ba0f940', success rate: 1/1.
[2026-08-30 09:51:06Z INFO JobServerQueue] Try to append 1 batches web console lines for record '334aafc9-e18e-4ebf-bd59-774a5ba0f940', success rate: 1/1.
[2026-08-30 09:51:09Z INFO HostContext] Well known directory 'Bin': 'C:\Users\krish\Documents\BITS\mlops-project\actions-runner\bin'
[2026-08-30 09:51:09Z INFO HostContext] Well known directory 'Root': 'C:\Users\krish\Documents\BITS\mlops-project\actions-runner'
[2026-08-30 09:51:09Z INFO HostContext] Well known directory 'Work': 'C:\Users\krish\Documents\BITS\mlops-project\actions-runner\_work'
[2026-08-30 09:51:10Z INFO JobServerQueue] Try to append 1 batches web console lines for record '334aafc9-e18e-4ebf-bd59-774a5ba0f940', success rate: 1/1.
[2026-08-30 09:51:15Z INFO JobServerQueue] Try to append 1 batches web console lines for record '334aafc9-e18e-4ebf-bd59-774a5ba0f940', success rate: 1/1.
[2026-08-30 09:51:16Z INFO JobServerQueue] Try to append 1 batches web console lines for record '334aafc9-e18e-4ebf-bd59-774a5ba0f940', success rate: 1/1.
[2026-08-30 09:51:18Z INFO JobServerQueue] Try to append 1 batches web console lines for record '334aafc9-e18e-4ebf-bd59-774a5ba0f940', success rate: 1/1.
[2026-08-30 09:51:19Z INFO JobServerQueue] Try to append 1 batches web console lines for record '334aafc9-e18e-4ebf-bd59-774a5ba0f940', success rate: 1/1.
[2026-08-30 09:51:19Z INFO HostContext] Well known directory 'Bin': 'C:\Users\krish\Documents\BITS\mlops-project\actions-runner\bin'
[2026-08-30 09:51:19Z INFO HostContext] Well known directory 'Root': 'C:\Users\krish\Documents\BITS\mlops-project\actions-runner'
[2026-08-30 09:51:19Z INFO HostContext] Well known directory 'Work': 'C:\Users\krish\Documents\BITS\mlops-project\actions-runner\_work'
[2026-08-30 09:51:22Z INFO JobServerQueue] Try to append 1 batches web console lines for record '334aafc9-e18e-4ebf-bd59-774a5ba0f940', success rate: 1/1.
[2026-08-30 09:51:26Z INFO JobServerQueue] Try to append 1 batches web console lines for record '334aafc9-e18e-4ebf-bd59-774a5ba0f940', success rate: 1/1.
[2026-08-30 09:51:29Z INFO HostContext] Well known directory 'Bin': 'C:\Users\krish\Documents\BITS\mlops-project\actions-runner\bin'
[2026-08-30 09:51:29Z INFO HostContext] Well known directory 'Root': 'C:\Users\krish\Documents\BITS\mlops-project\actions-runner'
[2026-08-30 09:51:29Z INFO HostContext] Well known directory 'Work': 'C:\Users\krish\Documents\BITS\mlops-project\actions-runner\_work'
[2026-08-30 09:51:35Z INFO JobServerQueue] Stop aggressive process web console line queue.
[2026-08-30 09:51:39Z INFO HostContext] Well known directory 'Bin': 'C:\Users\krish\Documents\BITS\mlops-project\actions-runner\bin'
[2026-08-30 09:51:39Z INFO HostContext] Well known directory 'Root': 'C:\Users\krish\Documents\BITS\mlops-project\actions-runner'
[2026-08-30 09:51:39Z INFO HostContext] Well known directory 'Work': 'C:\Users\krish\Documents\BITS\mlops-project\actions-runner\_work'
[2026-08-30 09:51:49Z INFO HostContext] Well known directory 'Bin': 'C:\Users\krish\Documents\BITS\mlops-project\actions-runner\bin'
[2026-08-30 09:51:49Z INFO HostContext] Well known directory 'Root': 'C:\Users\krish\Documents\BITS\mlops-project\actions-runner'
[2026-08-30 09:51:49Z INFO HostContext] Well known directory 'Work': 'C:\Users\krish\Documents\BITS\mlops-project\actions-runner\_work'
[2026-08-30 09:51:59Z INFO HostContext] Well known directory 'Bin': 'C:\Users\krish\Documents\BITS\mlops-project\actions-runner\bin'
[2026-08-30 09:51:59Z INFO HostContext] Well known directory 'Root': 'C:\Users\krish\Documents\BITS\mlops-project\actions-runner'
[2026-08-30 09:51:59Z INFO HostContext] Well known directory 'Work': 'C:\Users\krish\Documents\BITS\mlops-project\actions-runner\_work'
[2026-08-30 09:52:09Z INFO HostContext] Well known directory 'Bin': 'C:\Users\krish\Documents\BITS\mlops-project\actions-runner\bin'
[2026-08-30 09:52:09Z INFO HostContext] Well known directory 'Root': 'C:\Users\krish\Documents\BITS\mlops-project\actions-runner'
[2026-08-30 09:52:09Z INFO HostContext] Well known directory 'Work': 'C:\Users\krish\Documents\BITS\mlops-project\actions-runner\_work'
[2026-08-30 09:52:13Z INFO JobServerQueue] Try to append 1 batches web console lines for record '334aafc9-e18e-4ebf-bd59-774a5ba0f940', success rate: 1/1.
[2026-08-30 09:52:13Z INFO JobServerQueue] Try to append 1 batches web console lines for record '334aafc9-e18e-4ebf-bd59-774a5ba0f940', success rate: 1/1.
[2026-08-30 09:52:14Z INFO JobServerQueue] Try to append 1 batches web console lines for record '334aafc9-e18e-4ebf-bd59-774a5ba0f940', success rate: 1/1.
[2026-08-30 09:52:16Z INFO JobServerQueue] Try to append 1 batches web console lines for record '334aafc9-e18e-4ebf-bd59-774a5ba0f940', success rate: 1/1.
[2026-08-30 09:52:16Z INFO JobServerQueue] Try to append 1 batches web console lines for record '334aafc9-e18e-4ebf-bd59-774a5ba0f940', success rate: 1/1.
[2026-08-30 09:52:18Z INFO JobServerQueue] Try to append 1 batches web console lines for record '334aafc9-e18e-4ebf-bd59-774a5ba0f940', success rate: 1/1.
[2026-08-30 09:52:19Z INFO JobServerQueue] Try to append 1 batches web console lines for record '334aafc9-e18e-4ebf-bd59-774a5ba0f940', success rate: 1/1.
[2026-08-30 09:52:19Z INFO HostContext] Well known directory 'Bin': 'C:\Users\krish\Documents\BITS\mlops-project\actions-runner\bin'
[2026-08-30 09:52:19Z INFO HostContext] Well known directory 'Root': 'C:\Users\krish\Documents\BITS\mlops-project\actions-runner'
[2026-08-30 09:52:19Z INFO HostContext] Well known directory 'Work': 'C:\Users\krish\Documents\BITS\mlops-project\actions-runner\_work'
[2026-08-30 09:52:29Z INFO HostContext] Well known directory 'Bin': 'C:\Users\krish\Documents\BITS\mlops-project\actions-runner\bin'
[2026-08-30 09:52:29Z INFO HostContext] Well known directory 'Root': 'C:\Users\krish\Documents\BITS\mlops-project\actions-runner'
[2026-08-30 09:52:29Z INFO HostContext] Well known directory 'Work': 'C:\Users\krish\Documents\BITS\mlops-project\actions-runner\_work'
[2026-08-30 09:52:39Z INFO HostContext] Well known directory 'Bin': 'C:\Users\krish\Documents\BITS\mlops-project\actions-runner\bin'
[2026-08-30 09:52:39Z INFO HostContext] Well known directory 'Root': 'C:\Users\krish\Documents\BITS\mlops-project\actions-runner'
[2026-08-30 09:52:39Z INFO HostContext] Well known directory 'Work': 'C:\Users\krish\Documents\BITS\mlops-project\actions-runner\_work'
[2026-08-30 09:52:49Z INFO HostContext] Well known directory 'Bin': 'C:\Users\krish\Documents\BITS\mlops-project\actions-runner\bin'
[2026-08-30 09:52:49Z INFO HostContext] Well known directory 'Root': 'C:\Users\krish\Documents\BITS\mlops-project\actions-runner'
[2026-08-30 09:52:49Z INFO HostContext] Well known directory 'Work': 'C:\Users\krish\Documents\BITS\mlops-project\actions-runner\_work'
[2026-08-30 09:52:59Z INFO HostContext] Well known directory 'Bin': 'C:\Users\krish\Documents\BITS\mlops-project\actions-runner\bin'
[2026-08-30 09:52:59Z INFO HostContext] Well known directory 'Root': 'C:\Users\krish\Documents\BITS\mlops-project\actions-runner'
[2026-08-30 09:52:59Z INFO HostContext] Well known directory 'Work': 'C:\Users\krish\Documents\BITS\mlops-project\actions-runner\_work'
[2026-08-30 09:53:06Z INFO JobServerQueue] Try to append 1 batches web console lines for record '334aafc9-e18e-4ebf-bd59-774a5ba0f940', success rate: 1/1.
[2026-08-30 09:53:08Z INFO JobServerQueue] Try to append 1 batches web console lines for record '334aafc9-e18e-4ebf-bd59-774a5ba0f940', success rate: 1/1.
[2026-08-30 09:53:09Z INFO HostContext] Well known directory 'Bin': 'C:\Users\krish\Documents\BITS\mlops-project\actions-runner\bin'
[2026-08-30 09:53:09Z INFO HostContext] Well known directory 'Root': 'C:\Users\krish\Documents\BITS\mlops-project\actions-runner'
[2026-08-30 09:53:09Z INFO HostContext] Well known directory 'Work': 'C:\Users\krish\Documents\BITS\mlops-project\actions-runner\_work'
[2026-08-30 09:53:19Z INFO HostContext] Well known directory 'Bin': 'C:\Users\krish\Documents\BITS\mlops-project\actions-runner\bin'
[2026-08-30 09:53:19Z INFO HostContext] Well known directory 'Root': 'C:\Users\krish\Documents\BITS\mlops-project\actions-runner'
[2026-08-30 09:53:19Z INFO HostContext] Well known directory 'Work': 'C:\Users\krish\Documents\BITS\mlops-project\actions-runner\_work'
[2026-08-30 09:53:29Z INFO HostContext] Well known directory 'Bin': 'C:\Users\krish\Documents\BITS\mlops-project\actions-runner\bin'
[2026-08-30 09:53:29Z INFO HostContext] Well known directory 'Root': 'C:\Users\krish\Documents\BITS\mlops-project\actions-runner'
[2026-08-30 09:53:29Z INFO HostContext] Well known directory 'Work': 'C:\Users\krish\Documents\BITS\mlops-project\actions-runner\_work'
[2026-08-30 09:53:39Z INFO HostContext] Well known directory 'Bin': 'C:\Users\krish\Documents\BITS\mlops-project\actions-runner\bin'
[2026-08-30 09:53:39Z INFO HostContext] Well known directory 'Root': 'C:\Users\krish\Documents\BITS\mlops-project\actions-runner'
[2026-08-30 09:53:39Z INFO HostContext] Well known directory 'Work': 'C:\Users\krish\Documents\BITS\mlops-project\actions-runner\_work'
[2026-08-30 09:53:49Z INFO HostContext] Well known directory 'Bin': 'C:\Users\krish\Documents\BITS\mlops-project\actions-runner\bin'
[2026-08-30 09:53:49Z INFO HostContext] Well known directory 'Root': 'C:\Users\krish\Documents\BITS\mlops-project\actions-runner'
[2026-08-30 09:53:49Z INFO HostContext] Well known directory 'Work': 'C:\Users\krish\Documents\BITS\mlops-project\actions-runner\_work'
[2026-08-30 09:53:58Z INFO JobServerQueue] Try to append 1 batches web console lines for record '334aafc9-e18e-4ebf-bd59-774a5ba0f940', success rate: 1/1.
[2026-08-30 09:54:00Z INFO HostContext] Well known directory 'Bin': 'C:\Users\krish\Documents\BITS\mlops-project\actions-runner\bin'
[2026-08-30 09:54:00Z INFO HostContext] Well known directory 'Root': 'C:\Users\krish\Documents\BITS\mlops-project\actions-runner'
[2026-08-30 09:54:00Z INFO HostContext] Well known directory 'Work': 'C:\Users\krish\Documents\BITS\mlops-project\actions-runner\_work'
[2026-08-30 09:54:00Z INFO JobServerQueue] Try to append 1 batches web console lines for record '334aafc9-e18e-4ebf-bd59-774a5ba0f940', success rate: 1/1.
[2026-08-30 09:54:10Z INFO HostContext] Well known directory 'Bin': 'C:\Users\krish\Documents\BITS\mlops-project\actions-runner\bin'
[2026-08-30 09:54:10Z INFO HostContext] Well known directory 'Root': 'C:\Users\krish\Documents\BITS\mlops-project\actions-runner'
[2026-08-30 09:54:10Z INFO HostContext] Well known directory 'Work': 'C:\Users\krish\Documents\BITS\mlops-project\actions-runner\_work'
[2026-08-30 09:54:20Z INFO HostContext] Well known directory 'Bin': 'C:\Users\krish\Documents\BITS\mlops-project\actions-runner\bin'
[2026-08-30 09:54:20Z INFO HostContext] Well known directory 'Root': 'C:\Users\krish\Documents\BITS\mlops-project\actions-runner'
[2026-08-30 09:54:20Z INFO HostContext] Well known directory 'Work': 'C:\Users\krish\Documents\BITS\mlops-project\actions-runner\_work'
[2026-08-30 09:54:30Z INFO HostContext] Well known directory 'Bin': 'C:\Users\krish\Documents\BITS\mlops-project\actions-runner\bin'
[2026-08-30 09:54:30Z INFO HostContext] Well known directory 'Root': 'C:\Users\krish\Documents\BITS\mlops-project\actions-runner'
[2026-08-30 09:54:30Z INFO HostContext] Well known directory 'Work': 'C:\Users\krish\Documents\BITS\mlops-project\actions-runner\_work'
[2026-08-30 09:54:40Z INFO HostContext] Well known directory 'Bin': 'C:\Users\krish\Documents\BITS\mlops-project\actions-runner\bin'
[2026-08-30 09:54:40Z INFO HostContext] Well known directory 'Root': 'C:\Users\krish\Documents\BITS\mlops-project\actions-runner'
[2026-08-30 09:54:40Z INFO HostContext] Well known directory 'Work': 'C:\Users\krish\Documents\BITS\mlops-project\actions-runner\_work'
[2026-08-30 09:54:43Z INFO JobServerQueue] Try to append 1 batches web console lines for record '334aafc9-e18e-4ebf-bd59-774a5ba0f940', success rate: 1/1.
[2026-08-30 09:54:45Z INFO JobServerQueue] Try to append 1 batches web console lines for record '334aafc9-e18e-4ebf-bd59-774a5ba0f940', success rate: 1/1.
[2026-08-30 09:54:50Z INFO HostContext] Well known directory 'Bin': 'C:\Users\krish\Documents\BITS\mlops-project\actions-runner\bin'
[2026-08-30 09:54:50Z INFO HostContext] Well known directory 'Root': 'C:\Users\krish\Documents\BITS\mlops-project\actions-runner'
[2026-08-30 09:54:50Z INFO HostContext] Well known directory 'Work': 'C:\Users\krish\Documents\BITS\mlops-project\actions-runner\_work'
[2026-08-30 09:54:51Z INFO JobServerQueue] Try to append 1 batches web console lines for record '334aafc9-e18e-4ebf-bd59-774a5ba0f940', success rate: 1/1.
[2026-08-30 09:54:53Z INFO JobServerQueue] Try to append 1 batches web console lines for record '334aafc9-e18e-4ebf-bd59-774a5ba0f940', success rate: 1/1.
[2026-08-30 09:54:53Z INFO JobServerQueue] Try to append 1 batches web console lines for record '334aafc9-e18e-4ebf-bd59-774a5ba0f940', success rate: 1/1.
[2026-08-30 09:54:55Z INFO JobServerQueue] Try to append 1 batches web console lines for record '334aafc9-e18e-4ebf-bd59-774a5ba0f940', success rate: 1/1.
[2026-08-30 09:54:55Z INFO JobServerQueue] Try to append 1 batches web console lines for record '334aafc9-e18e-4ebf-bd59-774a5ba0f940', success rate: 1/1.
[2026-08-30 09:54:57Z INFO JobServerQueue] Try to append 1 batches web console lines for record '334aafc9-e18e-4ebf-bd59-774a5ba0f940', success rate: 1/1.
[2026-08-30 09:54:58Z INFO JobServerQueue] Try to append 1 batches web console lines for record '334aafc9-e18e-4ebf-bd59-774a5ba0f940', success rate: 1/1.
[2026-08-30 09:54:59Z INFO JobServerQueue] Try to append 1 batches web console lines for record '334aafc9-e18e-4ebf-bd59-774a5ba0f940', success rate: 1/1.
[2026-08-30 09:55:00Z INFO HostContext] Well known directory 'Bin': 'C:\Users\krish\Documents\BITS\mlops-project\actions-runner\bin'
[2026-08-30 09:55:00Z INFO HostContext] Well known directory 'Root': 'C:\Users\krish\Documents\BITS\mlops-project\actions-runner'
[2026-08-30 09:55:00Z INFO HostContext] Well known directory 'Work': 'C:\Users\krish\Documents\BITS\mlops-project\actions-runner\_work'
[2026-08-30 09:55:01Z INFO ProcessInvokerWrapper] STDOUT/STDERR stream read finished.
[2026-08-30 09:55:01Z INFO ProcessInvokerWrapper] STDOUT/STDERR stream read finished.
[2026-08-30 09:55:01Z INFO ProcessInvokerWrapper] Finished process 21392 with exit code 0, and elapsed time 00:04:17.3004864.
[2026-08-30 09:55:01Z INFO CreateStepSummaryCommand] Step Summary file (C:\Users\krish\Documents\BITS\mlops-project\actions-runner\_work\_temp\_runner_file_commands\step_summary_bd9724d0-a7a3-48f8-a835-e3dd76d6a966) is empty; skipping attachment upload
[2026-08-30 09:55:01Z INFO StepsRunner] Step result: 
[2026-08-30 09:55:01Z INFO ExecutionContext] Publish step telemetry for current step {
  "action": "actions/checkout",
  "ref": "v4",
  "type": "node24",
  "stage": "Main",
  "stepId": "334aafc9-e18e-4ebf-bd59-774a5ba0f940",
  "stepContextName": "__actions_checkout",
  "hasPreStep": false,
  "hasPostStep": true,
  "result": "succeeded",
  "errorMessages": [],
  "executionTimeInSeconds": 262,
  "startTime": "2026-08-30T09:50:39.6243822Z",
  "finishTime": "2026-08-30T09:55:01.2676304Z"
}.
[2026-08-30 09:55:01Z INFO StepsRunner] No need for updating job result with current step result 'Succeeded'.
[2026-08-30 09:55:01Z INFO StepsRunner] Current state: job state = ''
[2026-08-30 09:55:01Z INFO StepsRunner] Processing step: DisplayName='Pull latest Docker image'
[2026-08-30 09:55:01Z INFO StepsRunner] Evaluating: success()
[2026-08-30 09:55:01Z INFO StepsRunner] Result: true
[2026-08-30 09:55:01Z INFO StepsRunner] Starting the step.
[2026-08-30 09:55:01Z INFO HostContext] Well known directory 'Bin': 'C:\Users\krish\Documents\BITS\mlops-project\actions-runner\bin'
[2026-08-30 09:55:01Z INFO HostContext] Well known directory 'Root': 'C:\Users\krish\Documents\BITS\mlops-project\actions-runner'
[2026-08-30 09:55:01Z INFO HostContext] Well known directory 'Work': 'C:\Users\krish\Documents\BITS\mlops-project\actions-runner\_work'
[2026-08-30 09:55:01Z INFO StepsRunner] Which2: 'chcp'
[2026-08-30 09:55:01Z INFO StepsRunner] Location: 'C:\WINDOWS\system32\chcp.COM'
[2026-08-30 09:55:01Z INFO ProcessInvokerWrapper] Starting process:
[2026-08-30 09:55:01Z INFO ProcessInvokerWrapper]   File name: 'C:\WINDOWS\system32\chcp.COM'
[2026-08-30 09:55:01Z INFO ProcessInvokerWrapper]   Arguments: '65001'
[2026-08-30 09:55:01Z INFO ProcessInvokerWrapper]   Working directory: 'C:\Users\krish\Documents\BITS\mlops-project\actions-runner\_work'
[2026-08-30 09:55:01Z INFO ProcessInvokerWrapper]   Require exit code zero: 'False'
[2026-08-30 09:55:01Z INFO ProcessInvokerWrapper]   Encoding web name:  ; code page: ''
[2026-08-30 09:55:01Z INFO ProcessInvokerWrapper]   Force kill process on cancellation: 'False'
[2026-08-30 09:55:01Z INFO ProcessInvokerWrapper]   Redirected STDIN: 'False'
[2026-08-30 09:55:01Z INFO ProcessInvokerWrapper]   Persist current code page: 'True'
[2026-08-30 09:55:01Z INFO ProcessInvokerWrapper]   Keep redirected STDIN open: 'False'
[2026-08-30 09:55:01Z INFO ProcessInvokerWrapper]   High priority process: 'False'
[2026-08-30 09:55:01Z INFO ProcessInvokerWrapper] Process started with process id 22564, waiting for process exit.
[2026-08-30 09:55:01Z INFO JobServerQueue] Got a step log file to send to results service.
[2026-08-30 09:55:01Z INFO JobServerQueue] Starting upload of step log file to results service ResultsLog, C:\Users\krish\Documents\BITS\mlops-project\actions-runner\_diag\blocks\3934f28b-e857-4e02-92c2-014b7327ae39_334aafc9-e18e-4ebf-bd59-774a5ba0f940.1
[2026-08-30 09:55:01Z INFO ProcessInvokerWrapper] STDOUT/STDERR stream read finished.
[2026-08-30 09:55:01Z INFO ProcessInvokerWrapper] STDOUT/STDERR stream read finished.
[2026-08-30 09:55:01Z INFO ProcessInvokerWrapper] Finished process 22564 with exit code 0, and elapsed time 00:00:00.5084983.
[2026-08-30 09:55:01Z INFO StepsRunner] Successfully returned to code page 65001 (UTF8)
[2026-08-30 09:55:01Z INFO HostContext] Well known directory 'Bin': 'C:\Users\krish\Documents\BITS\mlops-project\actions-runner\bin'
[2026-08-30 09:55:01Z INFO HostContext] Well known directory 'Root': 'C:\Users\krish\Documents\BITS\mlops-project\actions-runner'
[2026-08-30 09:55:01Z INFO HostContext] Well known directory 'Work': 'C:\Users\krish\Documents\BITS\mlops-project\actions-runner\_work'
[2026-08-30 09:55:01Z INFO HostContext] Well known directory 'Temp': 'C:\Users\krish\Documents\BITS\mlops-project\actions-runner\_work\_temp'
[2026-08-30 09:55:01Z INFO ExecutionContext] Write event payload to C:\Users\krish\Documents\BITS\mlops-project\actions-runner\_work\_temp\_github_workflow\event.json
[2026-08-30 09:55:01Z INFO HostContext] Well known directory 'Bin': 'C:\Users\krish\Documents\BITS\mlops-project\actions-runner\bin'
[2026-08-30 09:55:01Z INFO HostContext] Well known directory 'Root': 'C:\Users\krish\Documents\BITS\mlops-project\actions-runner'
[2026-08-30 09:55:01Z INFO HostContext] Well known directory 'Work': 'C:\Users\krish\Documents\BITS\mlops-project\actions-runner\_work'
[2026-08-30 09:55:01Z INFO HostContext] Well known directory 'Temp': 'C:\Users\krish\Documents\BITS\mlops-project\actions-runner\_work\_temp'
[2026-08-30 09:55:01Z INFO ExtensionManager] Getting extensions for interface: 'GitHub.Runner.Worker.IFileCommandExtension'
[2026-08-30 09:55:02Z INFO JobServerQueue] Try to upload 1 log files or attachments, success rate: 1/1.
[2026-08-30 09:55:02Z INFO ExtensionManager] Getting extensions for interface: 'GitHub.Runner.Worker.IActionCommandExtension'
[2026-08-30 09:55:02Z INFO ActionCommandManager] Register action command extension for command internal-set-repo-path
[2026-08-30 09:55:02Z INFO ActionCommandManager] Register action command extension for command set-env
[2026-08-30 09:55:02Z INFO ActionCommandManager] Register action command extension for command set-output
[2026-08-30 09:55:02Z INFO ActionCommandManager] Register action command extension for command save-state
[2026-08-30 09:55:02Z INFO ActionCommandManager] Register action command extension for command add-path
[2026-08-30 09:55:02Z INFO ActionCommandManager] Register action command extension for command add-mask
[2026-08-30 09:55:02Z INFO ActionCommandManager] Register action command extension for command add-matcher
[2026-08-30 09:55:02Z INFO ActionCommandManager] Register action command extension for command remove-matcher
[2026-08-30 09:55:02Z INFO ActionCommandManager] Register action command extension for command warning
[2026-08-30 09:55:02Z INFO ActionCommandManager] Register action command extension for command error
[2026-08-30 09:55:02Z INFO ActionCommandManager] Register action command extension for command notice
[2026-08-30 09:55:02Z INFO ActionCommandManager] Register action command extension for command debug
[2026-08-30 09:55:02Z INFO ActionCommandManager] Register action command extension for command group
[2026-08-30 09:55:02Z INFO ActionCommandManager] Register action command extension for command endgroup
[2026-08-30 09:55:02Z INFO ActionCommandManager] Register action command extension for command echo
[2026-08-30 09:55:02Z INFO ScriptHandler] Which2: 'cmd'
[2026-08-30 09:55:02Z INFO ScriptHandler] Location: 'C:\WINDOWS\system32\cmd.EXE'
[2026-08-30 09:55:02Z INFO HostContext] Well known directory 'Bin': 'C:\Users\krish\Documents\BITS\mlops-project\actions-runner\bin'
[2026-08-30 09:55:02Z INFO HostContext] Well known directory 'Root': 'C:\Users\krish\Documents\BITS\mlops-project\actions-runner'
[2026-08-30 09:55:02Z INFO HostContext] Well known directory 'Work': 'C:\Users\krish\Documents\BITS\mlops-project\actions-runner\_work'
[2026-08-30 09:55:02Z INFO HostContext] Well known directory 'Temp': 'C:\Users\krish\Documents\BITS\mlops-project\actions-runner\_work\_temp'
[2026-08-30 09:55:02Z INFO ScriptHandler] Which2: 'cmd'
[2026-08-30 09:55:02Z INFO ScriptHandler] Location: 'C:\WINDOWS\system32\cmd.EXE'
[2026-08-30 09:55:02Z INFO ProcessInvokerWrapper] Starting process:
[2026-08-30 09:55:02Z INFO ProcessInvokerWrapper]   File name: 'C:\WINDOWS\system32\cmd.EXE'
[2026-08-30 09:55:02Z INFO ProcessInvokerWrapper]   Arguments: '/D /E:ON /V:OFF /S /C "CALL "C:\Users\krish\Documents\BITS\mlops-project\actions-runner\_work\_temp\70dccf8a-a7cd-4533-9ca1-3b98707cb80b.cmd""'
[2026-08-30 09:55:02Z INFO ProcessInvokerWrapper]   Working directory: 'C:\Users\krish\Documents\BITS\mlops-project\actions-runner\_work\assignment2\assignment2'
[2026-08-30 09:55:02Z INFO ProcessInvokerWrapper]   Require exit code zero: 'False'
[2026-08-30 09:55:02Z INFO ProcessInvokerWrapper]   Encoding web name:  ; code page: ''
[2026-08-30 09:55:02Z INFO ProcessInvokerWrapper]   Force kill process on cancellation: 'False'
[2026-08-30 09:55:02Z INFO ProcessInvokerWrapper]   Redirected STDIN: 'False'
[2026-08-30 09:55:02Z INFO ProcessInvokerWrapper]   Persist current code page: 'True'
[2026-08-30 09:55:02Z INFO ProcessInvokerWrapper]   Keep redirected STDIN open: 'False'
[2026-08-30 09:55:02Z INFO ProcessInvokerWrapper]   High priority process: 'False'
[2026-08-30 09:55:02Z INFO ProcessInvokerWrapper] Process started with process id 19884, waiting for process exit.
[2026-08-30 09:55:02Z INFO JobServerQueue] Try to append 1 batches web console lines for record '2ac0e1d6-d8b1-4bb2-8176-f620714e455e', success rate: 1/1.
[2026-08-30 09:55:07Z INFO JobServerQueue] Tried to upload 1 file(s) to results, success rate: 1/1.
[2026-08-30 09:55:10Z INFO HostContext] Well known directory 'Bin': 'C:\Users\krish\Documents\BITS\mlops-project\actions-runner\bin'
[2026-08-30 09:55:10Z INFO HostContext] Well known directory 'Root': 'C:\Users\krish\Documents\BITS\mlops-project\actions-runner'
[2026-08-30 09:55:10Z INFO HostContext] Well known directory 'Work': 'C:\Users\krish\Documents\BITS\mlops-project\actions-runner\_work'
[2026-08-30 09:55:20Z INFO HostContext] Well known directory 'Bin': 'C:\Users\krish\Documents\BITS\mlops-project\actions-runner\bin'
[2026-08-30 09:55:20Z INFO HostContext] Well known directory 'Root': 'C:\Users\krish\Documents\BITS\mlops-project\actions-runner'
[2026-08-30 09:55:20Z INFO HostContext] Well known directory 'Work': 'C:\Users\krish\Documents\BITS\mlops-project\actions-runner\_work'
[2026-08-30 09:55:30Z INFO HostContext] Well known directory 'Bin': 'C:\Users\krish\Documents\BITS\mlops-project\actions-runner\bin'
[2026-08-30 09:55:30Z INFO HostContext] Well known directory 'Root': 'C:\Users\krish\Documents\BITS\mlops-project\actions-runner'
[2026-08-30 09:55:30Z INFO HostContext] Well known directory 'Work': 'C:\Users\krish\Documents\BITS\mlops-project\actions-runner\_work'
[2026-08-30 09:55:40Z INFO HostContext] Well known directory 'Bin': 'C:\Users\krish\Documents\BITS\mlops-project\actions-runner\bin'
[2026-08-30 09:55:40Z INFO HostContext] Well known directory 'Root': 'C:\Users\krish\Documents\BITS\mlops-project\actions-runner'
[2026-08-30 09:55:40Z INFO HostContext] Well known directory 'Work': 'C:\Users\krish\Documents\BITS\mlops-project\actions-runner\_work'
[2026-08-30 09:55:50Z INFO HostContext] Well known directory 'Bin': 'C:\Users\krish\Documents\BITS\mlops-project\actions-runner\bin'
[2026-08-30 09:55:50Z INFO HostContext] Well known directory 'Root': 'C:\Users\krish\Documents\BITS\mlops-project\actions-runner'
[2026-08-30 09:55:50Z INFO HostContext] Well known directory 'Work': 'C:\Users\krish\Documents\BITS\mlops-project\actions-runner\_work'
[2026-08-30 09:55:51Z INFO JobServerQueue] Try to append 1 batches web console lines for record '2ac0e1d6-d8b1-4bb2-8176-f620714e455e', success rate: 1/1.
[2026-08-30 09:56:00Z INFO HostContext] Well known directory 'Bin': 'C:\Users\krish\Documents\BITS\mlops-project\actions-runner\bin'
[2026-08-30 09:56:00Z INFO HostContext] Well known directory 'Root': 'C:\Users\krish\Documents\BITS\mlops-project\actions-runner'
[2026-08-30 09:56:00Z INFO HostContext] Well known directory 'Work': 'C:\Users\krish\Documents\BITS\mlops-project\actions-runner\_work'
[2026-08-30 09:56:11Z INFO HostContext] Well known directory 'Bin': 'C:\Users\krish\Documents\BITS\mlops-project\actions-runner\bin'
[2026-08-30 09:56:11Z INFO HostContext] Well known directory 'Root': 'C:\Users\krish\Documents\BITS\mlops-project\actions-runner'
[2026-08-30 09:56:11Z INFO HostContext] Well known directory 'Work': 'C:\Users\krish\Documents\BITS\mlops-project\actions-runner\_work'
[2026-08-30 09:56:21Z INFO HostContext] Well known directory 'Bin': 'C:\Users\krish\Documents\BITS\mlops-project\actions-runner\bin'
[2026-08-30 09:56:21Z INFO HostContext] Well known directory 'Root': 'C:\Users\krish\Documents\BITS\mlops-project\actions-runner'
[2026-08-30 09:56:21Z INFO HostContext] Well known directory 'Work': 'C:\Users\krish\Documents\BITS\mlops-project\actions-runner\_work'
[2026-08-30 09:56:31Z INFO HostContext] Well known directory 'Bin': 'C:\Users\krish\Documents\BITS\mlops-project\actions-runner\bin'
[2026-08-30 09:56:31Z INFO HostContext] Well known directory 'Root': 'C:\Users\krish\Documents\BITS\mlops-project\actions-runner'
[2026-08-30 09:56:31Z INFO HostContext] Well known directory 'Work': 'C:\Users\krish\Documents\BITS\mlops-project\actions-runner\_work'
[2026-08-30 09:56:41Z INFO HostContext] Well known directory 'Bin': 'C:\Users\krish\Documents\BITS\mlops-project\actions-runner\bin'
[2026-08-30 09:56:41Z INFO HostContext] Well known directory 'Root': 'C:\Users\krish\Documents\BITS\mlops-project\actions-runner'
[2026-08-30 09:56:41Z INFO HostContext] Well known directory 'Work': 'C:\Users\krish\Documents\BITS\mlops-project\actions-runner\_work'
[2026-08-30 09:56:50Z INFO JobServerQueue] Try to append 1 batches web console lines for record '2ac0e1d6-d8b1-4bb2-8176-f620714e455e', success rate: 1/1.
[2026-08-30 09:56:51Z INFO HostContext] Well known directory 'Bin': 'C:\Users\krish\Documents\BITS\mlops-project\actions-runner\bin'
[2026-08-30 09:56:51Z INFO HostContext] Well known directory 'Root': 'C:\Users\krish\Documents\BITS\mlops-project\actions-runner'
[2026-08-30 09:56:51Z INFO HostContext] Well known directory 'Work': 'C:\Users\krish\Documents\BITS\mlops-project\actions-runner\_work'
[2026-08-30 09:56:51Z INFO JobServerQueue] Try to append 1 batches web console lines for record '2ac0e1d6-d8b1-4bb2-8176-f620714e455e', success rate: 1/1.
[2026-08-30 09:57:01Z INFO HostContext] Well known directory 'Bin': 'C:\Users\krish\Documents\BITS\mlops-project\actions-runner\bin'
[2026-08-30 09:57:01Z INFO HostContext] Well known directory 'Root': 'C:\Users\krish\Documents\BITS\mlops-project\actions-runner'
[2026-08-30 09:57:01Z INFO HostContext] Well known directory 'Work': 'C:\Users\krish\Documents\BITS\mlops-project\actions-runner\_work'
[2026-08-30 09:57:03Z INFO JobServerQueue] Try to append 1 batches web console lines for record '2ac0e1d6-d8b1-4bb2-8176-f620714e455e', success rate: 1/1.
[2026-08-30 09:57:03Z INFO JobServerQueue] Try to append 1 batches web console lines for record '2ac0e1d6-d8b1-4bb2-8176-f620714e455e', success rate: 1/1.
[2026-08-30 09:57:04Z INFO JobServerQueue] Try to append 1 batches web console lines for record '2ac0e1d6-d8b1-4bb2-8176-f620714e455e', success rate: 1/1.
[2026-08-30 09:57:05Z INFO JobServerQueue] Try to append 1 batches web console lines for record '2ac0e1d6-d8b1-4bb2-8176-f620714e455e', success rate: 1/1.
[2026-08-30 09:57:06Z INFO JobServerQueue] Try to append 1 batches web console lines for record '2ac0e1d6-d8b1-4bb2-8176-f620714e455e', success rate: 1/1.
[2026-08-30 09:57:06Z INFO JobServerQueue] Try to append 1 batches web console lines for record '2ac0e1d6-d8b1-4bb2-8176-f620714e455e', success rate: 1/1.
[2026-08-30 09:57:07Z INFO JobServerQueue] Try to append 1 batches web console lines for record '2ac0e1d6-d8b1-4bb2-8176-f620714e455e', success rate: 1/1.
[2026-08-30 09:57:10Z INFO JobServerQueue] Try to append 1 batches web console lines for record '2ac0e1d6-d8b1-4bb2-8176-f620714e455e', success rate: 1/1.
[2026-08-30 09:57:11Z INFO HostContext] Well known directory 'Bin': 'C:\Users\krish\Documents\BITS\mlops-project\actions-runner\bin'
[2026-08-30 09:57:11Z INFO HostContext] Well known directory 'Root': 'C:\Users\krish\Documents\BITS\mlops-project\actions-runner'
[2026-08-30 09:57:11Z INFO HostContext] Well known directory 'Work': 'C:\Users\krish\Documents\BITS\mlops-project\actions-runner\_work'
[2026-08-30 09:57:11Z INFO JobServerQueue] Try to append 1 batches web console lines for record '2ac0e1d6-d8b1-4bb2-8176-f620714e455e', success rate: 1/1.
[2026-08-30 09:57:11Z INFO JobServerQueue] Try to append 1 batches web console lines for record '2ac0e1d6-d8b1-4bb2-8176-f620714e455e', success rate: 1/1.
[2026-08-30 09:57:13Z INFO JobServerQueue] Try to append 1 batches web console lines for record '2ac0e1d6-d8b1-4bb2-8176-f620714e455e', success rate: 1/1.
[2026-08-30 09:57:14Z INFO JobServerQueue] Try to append 1 batches web console lines for record '2ac0e1d6-d8b1-4bb2-8176-f620714e455e', success rate: 1/1.
[2026-08-30 09:57:14Z INFO JobServerQueue] Try to append 1 batches web console lines for record '2ac0e1d6-d8b1-4bb2-8176-f620714e455e', success rate: 1/1.
[2026-08-30 09:57:16Z INFO JobServerQueue] Try to append 1 batches web console lines for record '2ac0e1d6-d8b1-4bb2-8176-f620714e455e', success rate: 1/1.
[2026-08-30 09:57:16Z INFO JobServerQueue] Try to append 1 batches web console lines for record '2ac0e1d6-d8b1-4bb2-8176-f620714e455e', success rate: 1/1.
[2026-08-30 09:57:17Z INFO JobServerQueue] Try to append 1 batches web console lines for record '2ac0e1d6-d8b1-4bb2-8176-f620714e455e', success rate: 1/1.
[2026-08-30 09:57:17Z INFO JobServerQueue] Try to append 1 batches web console lines for record '2ac0e1d6-d8b1-4bb2-8176-f620714e455e', success rate: 1/1.
[2026-08-30 09:57:18Z INFO JobServerQueue] Try to append 1 batches web console lines for record '2ac0e1d6-d8b1-4bb2-8176-f620714e455e', success rate: 1/1.
[2026-08-30 09:57:18Z INFO JobServerQueue] Try to append 1 batches web console lines for record '2ac0e1d6-d8b1-4bb2-8176-f620714e455e', success rate: 1/1.
[2026-08-30 09:57:19Z INFO JobServerQueue] Try to append 1 batches web console lines for record '2ac0e1d6-d8b1-4bb2-8176-f620714e455e', success rate: 1/1.
[2026-08-30 09:57:20Z INFO JobServerQueue] Try to append 1 batches web console lines for record '2ac0e1d6-d8b1-4bb2-8176-f620714e455e', success rate: 1/1.
[2026-08-30 09:57:20Z INFO JobServerQueue] Try to append 1 batches web console lines for record '2ac0e1d6-d8b1-4bb2-8176-f620714e455e', success rate: 1/1.
[2026-08-30 09:57:21Z INFO HostContext] Well known directory 'Bin': 'C:\Users\krish\Documents\BITS\mlops-project\actions-runner\bin'
[2026-08-30 09:57:21Z INFO HostContext] Well known directory 'Root': 'C:\Users\krish\Documents\BITS\mlops-project\actions-runner'
[2026-08-30 09:57:21Z INFO HostContext] Well known directory 'Work': 'C:\Users\krish\Documents\BITS\mlops-project\actions-runner\_work'
[2026-08-30 09:57:21Z INFO JobServerQueue] Try to append 1 batches web console lines for record '2ac0e1d6-d8b1-4bb2-8176-f620714e455e', success rate: 1/1.
[2026-08-30 09:57:22Z INFO JobServerQueue] Try to append 1 batches web console lines for record '2ac0e1d6-d8b1-4bb2-8176-f620714e455e', success rate: 1/1.
[2026-08-30 09:57:23Z INFO JobServerQueue] Try to append 1 batches web console lines for record '2ac0e1d6-d8b1-4bb2-8176-f620714e455e', success rate: 1/1.
[2026-08-30 09:57:23Z INFO JobServerQueue] Try to append 1 batches web console lines for record '2ac0e1d6-d8b1-4bb2-8176-f620714e455e', success rate: 1/1.
[2026-08-30 09:57:25Z INFO JobServerQueue] Try to append 1 batches web console lines for record '2ac0e1d6-d8b1-4bb2-8176-f620714e455e', success rate: 1/1.
[2026-08-30 09:57:26Z INFO JobServerQueue] Try to append 1 batches web console lines for record '2ac0e1d6-d8b1-4bb2-8176-f620714e455e', success rate: 1/1.
[2026-08-30 09:57:27Z INFO JobServerQueue] Try to append 1 batches web console lines for record '2ac0e1d6-d8b1-4bb2-8176-f620714e455e', success rate: 1/1.
[2026-08-30 09:57:27Z INFO JobServerQueue] Try to append 1 batches web console lines for record '2ac0e1d6-d8b1-4bb2-8176-f620714e455e', success rate: 1/1.
[2026-08-30 09:57:28Z INFO JobServerQueue] Try to append 1 batches web console lines for record '2ac0e1d6-d8b1-4bb2-8176-f620714e455e', success rate: 1/1.
[2026-08-30 09:57:29Z INFO JobServerQueue] Try to append 1 batches web console lines for record '2ac0e1d6-d8b1-4bb2-8176-f620714e455e', success rate: 1/1.
[2026-08-30 09:57:30Z INFO JobServerQueue] Try to append 1 batches web console lines for record '2ac0e1d6-d8b1-4bb2-8176-f620714e455e', success rate: 1/1.
[2026-08-30 09:57:31Z INFO JobServerQueue] Try to append 1 batches web console lines for record '2ac0e1d6-d8b1-4bb2-8176-f620714e455e', success rate: 1/1.
[2026-08-30 09:57:31Z INFO HostContext] Well known directory 'Bin': 'C:\Users\krish\Documents\BITS\mlops-project\actions-runner\bin'
[2026-08-30 09:57:31Z INFO HostContext] Well known directory 'Root': 'C:\Users\krish\Documents\BITS\mlops-project\actions-runner'
[2026-08-30 09:57:31Z INFO HostContext] Well known directory 'Work': 'C:\Users\krish\Documents\BITS\mlops-project\actions-runner\_work'
[2026-08-30 09:57:32Z INFO JobServerQueue] Try to append 1 batches web console lines for record '2ac0e1d6-d8b1-4bb2-8176-f620714e455e', success rate: 1/1.
[2026-08-30 09:57:32Z INFO JobServerQueue] Try to append 1 batches web console lines for record '2ac0e1d6-d8b1-4bb2-8176-f620714e455e', success rate: 1/1.
[2026-08-30 09:57:33Z INFO JobServerQueue] Try to append 1 batches web console lines for record '2ac0e1d6-d8b1-4bb2-8176-f620714e455e', success rate: 1/1.
[2026-08-30 09:57:34Z INFO JobServerQueue] Try to append 1 batches web console lines for record '2ac0e1d6-d8b1-4bb2-8176-f620714e455e', success rate: 1/1.
[2026-08-30 09:57:34Z INFO JobServerQueue] Try to append 1 batches web console lines for record '2ac0e1d6-d8b1-4bb2-8176-f620714e455e', success rate: 1/1.
[2026-08-30 09:57:35Z INFO JobServerQueue] Try to append 1 batches web console lines for record '2ac0e1d6-d8b1-4bb2-8176-f620714e455e', success rate: 1/1.
[2026-08-30 09:57:35Z INFO JobServerQueue] Try to append 1 batches web console lines for record '2ac0e1d6-d8b1-4bb2-8176-f620714e455e', success rate: 1/1.
[2026-08-30 09:57:36Z INFO JobServerQueue] Try to append 1 batches web console lines for record '2ac0e1d6-d8b1-4bb2-8176-f620714e455e', success rate: 1/1.
[2026-08-30 09:57:36Z INFO JobServerQueue] Try to append 1 batches web console lines for record '2ac0e1d6-d8b1-4bb2-8176-f620714e455e', success rate: 1/1.
[2026-08-30 09:57:37Z INFO JobServerQueue] Try to append 1 batches web console lines for record '2ac0e1d6-d8b1-4bb2-8176-f620714e455e', success rate: 1/1.
[2026-08-30 09:57:38Z INFO JobServerQueue] Try to append 1 batches web console lines for record '2ac0e1d6-d8b1-4bb2-8176-f620714e455e', success rate: 1/1.
[2026-08-30 09:57:38Z INFO JobServerQueue] Try to append 1 batches web console lines for record '2ac0e1d6-d8b1-4bb2-8176-f620714e455e', success rate: 1/1.
[2026-08-30 09:57:39Z INFO JobServerQueue] Try to append 1 batches web console lines for record '2ac0e1d6-d8b1-4bb2-8176-f620714e455e', success rate: 1/1.
[2026-08-30 09:57:39Z INFO JobServerQueue] Try to append 1 batches web console lines for record '2ac0e1d6-d8b1-4bb2-8176-f620714e455e', success rate: 1/1.
[2026-08-30 09:57:40Z INFO JobServerQueue] Try to append 1 batches web console lines for record '2ac0e1d6-d8b1-4bb2-8176-f620714e455e', success rate: 1/1.
[2026-08-30 09:57:40Z INFO JobServerQueue] Try to append 1 batches web console lines for record '2ac0e1d6-d8b1-4bb2-8176-f620714e455e', success rate: 1/1.
[2026-08-30 09:57:41Z INFO JobServerQueue] Try to append 1 batches web console lines for record '2ac0e1d6-d8b1-4bb2-8176-f620714e455e', success rate: 1/1.
[2026-08-30 09:57:41Z INFO HostContext] Well known directory 'Bin': 'C:\Users\krish\Documents\BITS\mlops-project\actions-runner\bin'
[2026-08-30 09:57:41Z INFO HostContext] Well known directory 'Root': 'C:\Users\krish\Documents\BITS\mlops-project\actions-runner'
[2026-08-30 09:57:41Z INFO HostContext] Well known directory 'Work': 'C:\Users\krish\Documents\BITS\mlops-project\actions-runner\_work'
[2026-08-30 09:57:42Z INFO JobServerQueue] Try to append 1 batches web console lines for record '2ac0e1d6-d8b1-4bb2-8176-f620714e455e', success rate: 1/1.
[2026-08-30 09:57:42Z INFO JobServerQueue] Try to append 1 batches web console lines for record '2ac0e1d6-d8b1-4bb2-8176-f620714e455e', success rate: 1/1.
[2026-08-30 09:57:43Z INFO JobServerQueue] Try to append 1 batches web console lines for record '2ac0e1d6-d8b1-4bb2-8176-f620714e455e', success rate: 1/1.
[2026-08-30 09:57:43Z INFO JobServerQueue] Try to append 1 batches web console lines for record '2ac0e1d6-d8b1-4bb2-8176-f620714e455e', success rate: 1/1.
[2026-08-30 09:57:44Z INFO JobServerQueue] Try to append 1 batches web console lines for record '2ac0e1d6-d8b1-4bb2-8176-f620714e455e', success rate: 1/1.
[2026-08-30 09:57:45Z INFO JobServerQueue] Try to append 1 batches web console lines for record '2ac0e1d6-d8b1-4bb2-8176-f620714e455e', success rate: 1/1.
[2026-08-30 09:57:45Z INFO JobServerQueue] Try to append 1 batches web console lines for record '2ac0e1d6-d8b1-4bb2-8176-f620714e455e', success rate: 1/1.
[2026-08-30 09:57:46Z INFO JobServerQueue] Try to append 1 batches web console lines for record '2ac0e1d6-d8b1-4bb2-8176-f620714e455e', success rate: 1/1.
[2026-08-30 09:57:46Z INFO JobServerQueue] Try to append 1 batches web console lines for record '2ac0e1d6-d8b1-4bb2-8176-f620714e455e', success rate: 1/1.
[2026-08-30 09:57:47Z INFO JobServerQueue] Try to append 1 batches web console lines for record '2ac0e1d6-d8b1-4bb2-8176-f620714e455e', success rate: 1/1.
[2026-08-30 09:57:47Z INFO JobServerQueue] Try to append 1 batches web console lines for record '2ac0e1d6-d8b1-4bb2-8176-f620714e455e', success rate: 1/1.
[2026-08-30 09:57:51Z INFO HostContext] Well known directory 'Bin': 'C:\Users\krish\Documents\BITS\mlops-project\actions-runner\bin'
[2026-08-30 09:57:51Z INFO HostContext] Well known directory 'Root': 'C:\Users\krish\Documents\BITS\mlops-project\actions-runner'
[2026-08-30 09:57:51Z INFO HostContext] Well known directory 'Work': 'C:\Users\krish\Documents\BITS\mlops-project\actions-runner\_work'
[2026-08-30 09:57:51Z INFO JobServerQueue] Try to append 1 batches web console lines for record '2ac0e1d6-d8b1-4bb2-8176-f620714e455e', success rate: 1/1.
[2026-08-30 09:57:52Z INFO JobServerQueue] Try to append 1 batches web console lines for record '2ac0e1d6-d8b1-4bb2-8176-f620714e455e', success rate: 1/1.
[2026-08-30 09:57:53Z INFO JobServerQueue] Try to append 1 batches web console lines for record '2ac0e1d6-d8b1-4bb2-8176-f620714e455e', success rate: 1/1.
[2026-08-30 09:57:54Z INFO JobServerQueue] Try to append 1 batches web console lines for record '2ac0e1d6-d8b1-4bb2-8176-f620714e455e', success rate: 1/1.
[2026-08-30 09:57:54Z INFO JobServerQueue] Try to append 1 batches web console lines for record '2ac0e1d6-d8b1-4bb2-8176-f620714e455e', success rate: 1/1.
[2026-08-30 09:57:55Z INFO JobServerQueue] Try to append 1 batches web console lines for record '2ac0e1d6-d8b1-4bb2-8176-f620714e455e', success rate: 1/1.
[2026-08-30 09:57:55Z INFO JobServerQueue] Try to append 1 batches web console lines for record '2ac0e1d6-d8b1-4bb2-8176-f620714e455e', success rate: 1/1.
[2026-08-30 09:57:56Z INFO JobServerQueue] Try to append 1 batches web console lines for record '2ac0e1d6-d8b1-4bb2-8176-f620714e455e', success rate: 1/1.
[2026-08-30 09:57:57Z INFO JobServerQueue] Try to append 1 batches web console lines for record '2ac0e1d6-d8b1-4bb2-8176-f620714e455e', success rate: 1/1.
[2026-08-30 09:57:57Z INFO JobServerQueue] Try to append 1 batches web console lines for record '2ac0e1d6-d8b1-4bb2-8176-f620714e455e', success rate: 1/1.
[2026-08-30 09:58:01Z INFO HostContext] Well known directory 'Bin': 'C:\Users\krish\Documents\BITS\mlops-project\actions-runner\bin'
[2026-08-30 09:58:01Z INFO HostContext] Well known directory 'Root': 'C:\Users\krish\Documents\BITS\mlops-project\actions-runner'
[2026-08-30 09:58:01Z INFO HostContext] Well known directory 'Work': 'C:\Users\krish\Documents\BITS\mlops-project\actions-runner\_work'
[2026-08-30 09:58:11Z INFO JobServerQueue] Try to append 1 batches web console lines for record '2ac0e1d6-d8b1-4bb2-8176-f620714e455e', success rate: 1/1.
[2026-08-30 09:58:11Z INFO HostContext] Well known directory 'Bin': 'C:\Users\krish\Documents\BITS\mlops-project\actions-runner\bin'
[2026-08-30 09:58:11Z INFO HostContext] Well known directory 'Root': 'C:\Users\krish\Documents\BITS\mlops-project\actions-runner'
[2026-08-30 09:58:11Z INFO HostContext] Well known directory 'Work': 'C:\Users\krish\Documents\BITS\mlops-project\actions-runner\_work'
[2026-08-30 09:58:11Z INFO JobServerQueue] Try to append 1 batches web console lines for record '2ac0e1d6-d8b1-4bb2-8176-f620714e455e', success rate: 1/1.
[2026-08-30 09:58:12Z INFO JobServerQueue] Try to append 1 batches web console lines for record '2ac0e1d6-d8b1-4bb2-8176-f620714e455e', success rate: 1/1.
[2026-08-30 09:58:13Z INFO JobServerQueue] Try to append 1 batches web console lines for record '2ac0e1d6-d8b1-4bb2-8176-f620714e455e', success rate: 1/1.
[2026-08-30 09:58:13Z INFO JobServerQueue] Try to append 1 batches web console lines for record '2ac0e1d6-d8b1-4bb2-8176-f620714e455e', success rate: 1/1.
[2026-08-30 09:58:14Z INFO JobServerQueue] Try to append 1 batches web console lines for record '2ac0e1d6-d8b1-4bb2-8176-f620714e455e', success rate: 1/1.
[2026-08-30 09:58:14Z INFO JobServerQueue] Try to append 1 batches web console lines for record '2ac0e1d6-d8b1-4bb2-8176-f620714e455e', success rate: 1/1.
[2026-08-30 09:58:15Z INFO JobServerQueue] Try to append 1 batches web console lines for record '2ac0e1d6-d8b1-4bb2-8176-f620714e455e', success rate: 1/1.
[2026-08-30 09:58:15Z INFO JobServerQueue] Try to append 1 batches web console lines for record '2ac0e1d6-d8b1-4bb2-8176-f620714e455e', success rate: 1/1.
[2026-08-30 09:58:16Z INFO JobServerQueue] Try to append 1 batches web console lines for record '2ac0e1d6-d8b1-4bb2-8176-f620714e455e', success rate: 1/1.
[2026-08-30 09:58:17Z INFO JobServerQueue] Try to append 1 batches web console lines for record '2ac0e1d6-d8b1-4bb2-8176-f620714e455e', success rate: 1/1.
[2026-08-30 09:58:17Z INFO JobServerQueue] Try to append 1 batches web console lines for record '2ac0e1d6-d8b1-4bb2-8176-f620714e455e', success rate: 1/1.
[2026-08-30 09:58:18Z INFO JobServerQueue] Try to append 1 batches web console lines for record '2ac0e1d6-d8b1-4bb2-8176-f620714e455e', success rate: 1/1.
[2026-08-30 09:58:18Z INFO JobServerQueue] Try to append 1 batches web console lines for record '2ac0e1d6-d8b1-4bb2-8176-f620714e455e', success rate: 1/1.
[2026-08-30 09:58:19Z INFO JobServerQueue] Try to append 1 batches web console lines for record '2ac0e1d6-d8b1-4bb2-8176-f620714e455e', success rate: 1/1.
[2026-08-30 09:58:19Z INFO JobServerQueue] Try to append 1 batches web console lines for record '2ac0e1d6-d8b1-4bb2-8176-f620714e455e', success rate: 1/1.
[2026-08-30 09:58:20Z INFO JobServerQueue] Try to append 1 batches web console lines for record '2ac0e1d6-d8b1-4bb2-8176-f620714e455e', success rate: 1/1.
[2026-08-30 09:58:20Z INFO JobServerQueue] Try to append 1 batches web console lines for record '2ac0e1d6-d8b1-4bb2-8176-f620714e455e', success rate: 1/1.
[2026-08-30 09:58:21Z INFO JobServerQueue] Try to append 1 batches web console lines for record '2ac0e1d6-d8b1-4bb2-8176-f620714e455e', success rate: 1/1.
[2026-08-30 09:58:21Z INFO HostContext] Well known directory 'Bin': 'C:\Users\krish\Documents\BITS\mlops-project\actions-runner\bin'
[2026-08-30 09:58:21Z INFO HostContext] Well known directory 'Root': 'C:\Users\krish\Documents\BITS\mlops-project\actions-runner'
[2026-08-30 09:58:21Z INFO HostContext] Well known directory 'Work': 'C:\Users\krish\Documents\BITS\mlops-project\actions-runner\_work'
[2026-08-30 09:58:21Z INFO JobServerQueue] Try to append 1 batches web console lines for record '2ac0e1d6-d8b1-4bb2-8176-f620714e455e', success rate: 1/1.
[2026-08-30 09:58:22Z INFO JobServerQueue] Try to append 1 batches web console lines for record '2ac0e1d6-d8b1-4bb2-8176-f620714e455e', success rate: 1/1.
[2026-08-30 09:58:23Z INFO JobServerQueue] Try to append 1 batches web console lines for record '2ac0e1d6-d8b1-4bb2-8176-f620714e455e', success rate: 1/1.
[2026-08-30 09:58:23Z INFO JobServerQueue] Try to append 1 batches web console lines for record '2ac0e1d6-d8b1-4bb2-8176-f620714e455e', success rate: 1/1.
[2026-08-30 09:58:24Z INFO JobServerQueue] Try to append 1 batches web console lines for record '2ac0e1d6-d8b1-4bb2-8176-f620714e455e', success rate: 1/1.
[2026-08-30 09:58:24Z INFO JobServerQueue] Try to append 1 batches web console lines for record '2ac0e1d6-d8b1-4bb2-8176-f620714e455e', success rate: 1/1.
[2026-08-30 09:58:25Z INFO JobServerQueue] Try to append 1 batches web console lines for record '2ac0e1d6-d8b1-4bb2-8176-f620714e455e', success rate: 1/1.
[2026-08-30 09:58:25Z INFO JobServerQueue] Try to append 1 batches web console lines for record '2ac0e1d6-d8b1-4bb2-8176-f620714e455e', success rate: 1/1.
[2026-08-30 09:58:26Z INFO JobServerQueue] Try to append 1 batches web console lines for record '2ac0e1d6-d8b1-4bb2-8176-f620714e455e', success rate: 1/1.
[2026-08-30 09:58:27Z INFO JobServerQueue] Try to append 1 batches web console lines for record '2ac0e1d6-d8b1-4bb2-8176-f620714e455e', success rate: 1/1.
[2026-08-30 09:58:27Z INFO JobServerQueue] Try to append 1 batches web console lines for record '2ac0e1d6-d8b1-4bb2-8176-f620714e455e', success rate: 1/1.
[2026-08-30 09:58:28Z INFO JobServerQueue] Try to append 1 batches web console lines for record '2ac0e1d6-d8b1-4bb2-8176-f620714e455e', success rate: 1/1.
[2026-08-30 09:58:28Z INFO JobServerQueue] Try to append 1 batches web console lines for record '2ac0e1d6-d8b1-4bb2-8176-f620714e455e', success rate: 1/1.
[2026-08-30 09:58:29Z INFO JobServerQueue] Try to append 1 batches web console lines for record '2ac0e1d6-d8b1-4bb2-8176-f620714e455e', success rate: 1/1.
[2026-08-30 09:58:30Z INFO JobServerQueue] Try to append 1 batches web console lines for record '2ac0e1d6-d8b1-4bb2-8176-f620714e455e', success rate: 1/1.
[2026-08-30 09:58:30Z INFO JobServerQueue] Try to append 1 batches web console lines for record '2ac0e1d6-d8b1-4bb2-8176-f620714e455e', success rate: 1/1.
[2026-08-30 09:58:31Z INFO JobServerQueue] Try to append 1 batches web console lines for record '2ac0e1d6-d8b1-4bb2-8176-f620714e455e', success rate: 1/1.
[2026-08-30 09:58:32Z INFO HostContext] Well known directory 'Bin': 'C:\Users\krish\Documents\BITS\mlops-project\actions-runner\bin'
[2026-08-30 09:58:32Z INFO JobServerQueue] Try to append 1 batches web console lines for record '2ac0e1d6-d8b1-4bb2-8176-f620714e455e', success rate: 1/1.
[2026-08-30 09:58:32Z INFO HostContext] Well known directory 'Root': 'C:\Users\krish\Documents\BITS\mlops-project\actions-runner'
[2026-08-30 09:58:32Z INFO HostContext] Well known directory 'Work': 'C:\Users\krish\Documents\BITS\mlops-project\actions-runner\_work'
[2026-08-30 09:58:32Z INFO JobServerQueue] Try to append 1 batches web console lines for record '2ac0e1d6-d8b1-4bb2-8176-f620714e455e', success rate: 1/1.
[2026-08-30 09:58:33Z INFO JobServerQueue] Try to append 1 batches web console lines for record '2ac0e1d6-d8b1-4bb2-8176-f620714e455e', success rate: 1/1.
[2026-08-30 09:58:33Z INFO JobServerQueue] Try to append 1 batches web console lines for record '2ac0e1d6-d8b1-4bb2-8176-f620714e455e', success rate: 1/1.
[2026-08-30 09:58:34Z INFO JobServerQueue] Try to append 1 batches web console lines for record '2ac0e1d6-d8b1-4bb2-8176-f620714e455e', success rate: 1/1.
[2026-08-30 09:58:34Z INFO JobServerQueue] Try to append 1 batches web console lines for record '2ac0e1d6-d8b1-4bb2-8176-f620714e455e', success rate: 1/1.
[2026-08-30 09:58:35Z INFO JobServerQueue] Try to append 1 batches web console lines for record '2ac0e1d6-d8b1-4bb2-8176-f620714e455e', success rate: 1/1.
[2026-08-30 09:58:35Z INFO JobServerQueue] Try to append 1 batches web console lines for record '2ac0e1d6-d8b1-4bb2-8176-f620714e455e', success rate: 1/1.
[2026-08-30 09:58:36Z INFO JobServerQueue] Try to append 1 batches web console lines for record '2ac0e1d6-d8b1-4bb2-8176-f620714e455e', success rate: 1/1.
[2026-08-30 09:58:37Z INFO JobServerQueue] Try to append 1 batches web console lines for record '2ac0e1d6-d8b1-4bb2-8176-f620714e455e', success rate: 1/1.
[2026-08-30 09:58:37Z INFO JobServerQueue] Try to append 1 batches web console lines for record '2ac0e1d6-d8b1-4bb2-8176-f620714e455e', success rate: 1/1.
[2026-08-30 09:58:38Z INFO JobServerQueue] Try to append 1 batches web console lines for record '2ac0e1d6-d8b1-4bb2-8176-f620714e455e', success rate: 1/1.
[2026-08-30 09:58:39Z INFO JobServerQueue] Try to append 1 batches web console lines for record '2ac0e1d6-d8b1-4bb2-8176-f620714e455e', success rate: 1/1.
[2026-08-30 09:58:40Z INFO JobServerQueue] Try to append 1 batches web console lines for record '2ac0e1d6-d8b1-4bb2-8176-f620714e455e', success rate: 1/1.
[2026-08-30 09:58:40Z INFO JobServerQueue] Try to append 1 batches web console lines for record '2ac0e1d6-d8b1-4bb2-8176-f620714e455e', success rate: 1/1.
[2026-08-30 09:58:41Z INFO JobServerQueue] Try to append 1 batches web console lines for record '2ac0e1d6-d8b1-4bb2-8176-f620714e455e', success rate: 1/1.
[2026-08-30 09:58:42Z INFO JobServerQueue] Try to append 1 batches web console lines for record '2ac0e1d6-d8b1-4bb2-8176-f620714e455e', success rate: 1/1.
[2026-08-30 09:58:42Z INFO HostContext] Well known directory 'Bin': 'C:\Users\krish\Documents\BITS\mlops-project\actions-runner\bin'
[2026-08-30 09:58:42Z INFO HostContext] Well known directory 'Root': 'C:\Users\krish\Documents\BITS\mlops-project\actions-runner'
[2026-08-30 09:58:42Z INFO HostContext] Well known directory 'Work': 'C:\Users\krish\Documents\BITS\mlops-project\actions-runner\_work'
[2026-08-30 09:58:43Z INFO JobServerQueue] Try to append 1 batches web console lines for record '2ac0e1d6-d8b1-4bb2-8176-f620714e455e', success rate: 1/1.
[2026-08-30 09:58:43Z INFO JobServerQueue] Try to append 1 batches web console lines for record '2ac0e1d6-d8b1-4bb2-8176-f620714e455e', success rate: 1/1.
[2026-08-30 09:58:44Z INFO JobServerQueue] Try to append 1 batches web console lines for record '2ac0e1d6-d8b1-4bb2-8176-f620714e455e', success rate: 1/1.
[2026-08-30 09:58:45Z INFO JobServerQueue] Try to append 1 batches web console lines for record '2ac0e1d6-d8b1-4bb2-8176-f620714e455e', success rate: 1/1.
[2026-08-30 09:58:45Z INFO JobServerQueue] Try to append 1 batches web console lines for record '2ac0e1d6-d8b1-4bb2-8176-f620714e455e', success rate: 1/1.
[2026-08-30 09:58:46Z INFO JobServerQueue] Try to append 1 batches web console lines for record '2ac0e1d6-d8b1-4bb2-8176-f620714e455e', success rate: 1/1.
[2026-08-30 09:58:47Z INFO JobServerQueue] Try to append 1 batches web console lines for record '2ac0e1d6-d8b1-4bb2-8176-f620714e455e', success rate: 1/1.
[2026-08-30 09:58:47Z INFO JobServerQueue] Try to append 1 batches web console lines for record '2ac0e1d6-d8b1-4bb2-8176-f620714e455e', success rate: 1/1.
[2026-08-30 09:58:48Z INFO JobServerQueue] Try to append 1 batches web console lines for record '2ac0e1d6-d8b1-4bb2-8176-f620714e455e', success rate: 1/1.
[2026-08-30 09:58:49Z INFO JobServerQueue] Try to append 1 batches web console lines for record '2ac0e1d6-d8b1-4bb2-8176-f620714e455e', success rate: 1/1.
[2026-08-30 09:58:49Z INFO JobServerQueue] Try to append 1 batches web console lines for record '2ac0e1d6-d8b1-4bb2-8176-f620714e455e', success rate: 1/1.
[2026-08-30 09:58:50Z INFO JobServerQueue] Try to append 1 batches web console lines for record '2ac0e1d6-d8b1-4bb2-8176-f620714e455e', success rate: 1/1.
[2026-08-30 09:58:50Z INFO JobServerQueue] Try to append 1 batches web console lines for record '2ac0e1d6-d8b1-4bb2-8176-f620714e455e', success rate: 1/1.
[2026-08-30 09:58:51Z INFO JobServerQueue] Try to append 1 batches web console lines for record '2ac0e1d6-d8b1-4bb2-8176-f620714e455e', success rate: 1/1.
[2026-08-30 09:58:51Z INFO JobServerQueue] Try to append 1 batches web console lines for record '2ac0e1d6-d8b1-4bb2-8176-f620714e455e', success rate: 1/1.
[2026-08-30 09:58:52Z INFO HostContext] Well known directory 'Bin': 'C:\Users\krish\Documents\BITS\mlops-project\actions-runner\bin'
[2026-08-30 09:58:52Z INFO HostContext] Well known directory 'Root': 'C:\Users\krish\Documents\BITS\mlops-project\actions-runner'
[2026-08-30 09:58:52Z INFO HostContext] Well known directory 'Work': 'C:\Users\krish\Documents\BITS\mlops-project\actions-runner\_work'
[2026-08-30 09:58:53Z INFO JobServerQueue] Try to append 1 batches web console lines for record '2ac0e1d6-d8b1-4bb2-8176-f620714e455e', success rate: 1/1.
[2026-08-30 09:58:53Z INFO JobServerQueue] Try to append 1 batches web console lines for record '2ac0e1d6-d8b1-4bb2-8176-f620714e455e', success rate: 1/1.
[2026-08-30 09:58:54Z INFO JobServerQueue] Try to append 1 batches web console lines for record '2ac0e1d6-d8b1-4bb2-8176-f620714e455e', success rate: 1/1.
[2026-08-30 09:58:55Z INFO JobServerQueue] Try to append 1 batches web console lines for record '2ac0e1d6-d8b1-4bb2-8176-f620714e455e', success rate: 1/1.
[2026-08-30 09:58:55Z INFO JobServerQueue] Try to append 1 batches web console lines for record '2ac0e1d6-d8b1-4bb2-8176-f620714e455e', success rate: 1/1.
[2026-08-30 09:58:56Z INFO JobServerQueue] Try to append 1 batches web console lines for record '2ac0e1d6-d8b1-4bb2-8176-f620714e455e', success rate: 1/1.
[2026-08-30 09:58:57Z INFO JobServerQueue] Try to append 1 batches web console lines for record '2ac0e1d6-d8b1-4bb2-8176-f620714e455e', success rate: 1/1.
[2026-08-30 09:58:57Z INFO JobServerQueue] Try to append 1 batches web console lines for record '2ac0e1d6-d8b1-4bb2-8176-f620714e455e', success rate: 1/1.
[2026-08-30 09:58:58Z INFO JobServerQueue] Try to append 1 batches web console lines for record '2ac0e1d6-d8b1-4bb2-8176-f620714e455e', success rate: 1/1.
[2026-08-30 09:58:58Z INFO JobServerQueue] Try to append 1 batches web console lines for record '2ac0e1d6-d8b1-4bb2-8176-f620714e455e', success rate: 1/1.
[2026-08-30 09:58:59Z INFO JobServerQueue] Try to append 1 batches web console lines for record '2ac0e1d6-d8b1-4bb2-8176-f620714e455e', success rate: 1/1.
[2026-08-30 09:59:00Z INFO JobServerQueue] Try to append 1 batches web console lines for record '2ac0e1d6-d8b1-4bb2-8176-f620714e455e', success rate: 1/1.
[2026-08-30 09:59:01Z INFO JobServerQueue] Try to append 1 batches web console lines for record '2ac0e1d6-d8b1-4bb2-8176-f620714e455e', success rate: 1/1.
[2026-08-30 09:59:01Z INFO JobServerQueue] Try to append 1 batches web console lines for record '2ac0e1d6-d8b1-4bb2-8176-f620714e455e', success rate: 1/1.
[2026-08-30 09:59:02Z INFO JobServerQueue] Try to append 1 batches web console lines for record '2ac0e1d6-d8b1-4bb2-8176-f620714e455e', success rate: 1/1.
[2026-08-30 09:59:02Z INFO HostContext] Well known directory 'Bin': 'C:\Users\krish\Documents\BITS\mlops-project\actions-runner\bin'
[2026-08-30 09:59:02Z INFO HostContext] Well known directory 'Root': 'C:\Users\krish\Documents\BITS\mlops-project\actions-runner'
[2026-08-30 09:59:02Z INFO HostContext] Well known directory 'Work': 'C:\Users\krish\Documents\BITS\mlops-project\actions-runner\_work'
[2026-08-30 09:59:02Z INFO JobServerQueue] Try to append 1 batches web console lines for record '2ac0e1d6-d8b1-4bb2-8176-f620714e455e', success rate: 1/1.
[2026-08-30 09:59:03Z INFO JobServerQueue] Try to append 1 batches web console lines for record '2ac0e1d6-d8b1-4bb2-8176-f620714e455e', success rate: 1/1.
[2026-08-30 09:59:04Z INFO JobServerQueue] Try to append 1 batches web console lines for record '2ac0e1d6-d8b1-4bb2-8176-f620714e455e', success rate: 1/1.
[2026-08-30 09:59:04Z INFO JobServerQueue] Try to append 1 batches web console lines for record '2ac0e1d6-d8b1-4bb2-8176-f620714e455e', success rate: 1/1.
[2026-08-30 09:59:06Z INFO JobServerQueue] Try to append 1 batches web console lines for record '2ac0e1d6-d8b1-4bb2-8176-f620714e455e', success rate: 1/1.
[2026-08-30 09:59:06Z INFO JobServerQueue] Try to append 1 batches web console lines for record '2ac0e1d6-d8b1-4bb2-8176-f620714e455e', success rate: 1/1.
[2026-08-30 09:59:07Z INFO JobServerQueue] Try to append 1 batches web console lines for record '2ac0e1d6-d8b1-4bb2-8176-f620714e455e', success rate: 1/1.
[2026-08-30 09:59:08Z INFO JobServerQueue] Try to append 1 batches web console lines for record '2ac0e1d6-d8b1-4bb2-8176-f620714e455e', success rate: 1/1.
[2026-08-30 09:59:08Z INFO JobServerQueue] Try to append 1 batches web console lines for record '2ac0e1d6-d8b1-4bb2-8176-f620714e455e', success rate: 1/1.
[2026-08-30 09:59:10Z INFO JobServerQueue] Try to append 1 batches web console lines for record '2ac0e1d6-d8b1-4bb2-8176-f620714e455e', success rate: 1/1.
[2026-08-30 09:59:12Z INFO HostContext] Well known directory 'Bin': 'C:\Users\krish\Documents\BITS\mlops-project\actions-runner\bin'
[2026-08-30 09:59:12Z INFO HostContext] Well known directory 'Root': 'C:\Users\krish\Documents\BITS\mlops-project\actions-runner'
[2026-08-30 09:59:12Z INFO HostContext] Well known directory 'Work': 'C:\Users\krish\Documents\BITS\mlops-project\actions-runner\_work'
[2026-08-30 09:59:16Z INFO JobServerQueue] Try to append 1 batches web console lines for record '2ac0e1d6-d8b1-4bb2-8176-f620714e455e', success rate: 1/1.
[2026-08-30 09:59:22Z INFO JobServerQueue] Try to append 1 batches web console lines for record '2ac0e1d6-d8b1-4bb2-8176-f620714e455e', success rate: 1/1.
[2026-08-30 09:59:22Z INFO HostContext] Well known directory 'Bin': 'C:\Users\krish\Documents\BITS\mlops-project\actions-runner\bin'
[2026-08-30 09:59:22Z INFO HostContext] Well known directory 'Root': 'C:\Users\krish\Documents\BITS\mlops-project\actions-runner'
[2026-08-30 09:59:22Z INFO HostContext] Well known directory 'Work': 'C:\Users\krish\Documents\BITS\mlops-project\actions-runner\_work'
[2026-08-30 09:59:24Z INFO JobServerQueue] Try to append 1 batches web console lines for record '2ac0e1d6-d8b1-4bb2-8176-f620714e455e', success rate: 1/1.
[2026-08-30 09:59:24Z INFO JobServerQueue] Try to append 1 batches web console lines for record '2ac0e1d6-d8b1-4bb2-8176-f620714e455e', success rate: 1/1.
[2026-08-30 09:59:25Z INFO JobServerQueue] Try to append 1 batches web console lines for record '2ac0e1d6-d8b1-4bb2-8176-f620714e455e', success rate: 1/1.
[2026-08-30 09:59:25Z INFO JobServerQueue] Try to append 1 batches web console lines for record '2ac0e1d6-d8b1-4bb2-8176-f620714e455e', success rate: 1/1.
[2026-08-30 09:59:26Z INFO JobServerQueue] Try to append 1 batches web console lines for record '2ac0e1d6-d8b1-4bb2-8176-f620714e455e', success rate: 1/1.
[2026-08-30 09:59:27Z INFO JobServerQueue] Try to append 1 batches web console lines for record '2ac0e1d6-d8b1-4bb2-8176-f620714e455e', success rate: 1/1.
[2026-08-30 09:59:27Z INFO JobServerQueue] Try to append 1 batches web console lines for record '2ac0e1d6-d8b1-4bb2-8176-f620714e455e', success rate: 1/1.
[2026-08-30 09:59:28Z INFO JobServerQueue] Try to append 1 batches web console lines for record '2ac0e1d6-d8b1-4bb2-8176-f620714e455e', success rate: 1/1.
[2026-08-30 09:59:28Z INFO JobServerQueue] Try to append 1 batches web console lines for record '2ac0e1d6-d8b1-4bb2-8176-f620714e455e', success rate: 1/1.
[2026-08-30 09:59:29Z INFO JobServerQueue] Try to append 1 batches web console lines for record '2ac0e1d6-d8b1-4bb2-8176-f620714e455e', success rate: 1/1.
[2026-08-30 09:59:29Z INFO JobServerQueue] Try to append 1 batches web console lines for record '2ac0e1d6-d8b1-4bb2-8176-f620714e455e', success rate: 1/1.
[2026-08-30 09:59:30Z INFO JobServerQueue] Try to append 1 batches web console lines for record '2ac0e1d6-d8b1-4bb2-8176-f620714e455e', success rate: 1/1.
[2026-08-30 09:59:30Z INFO JobServerQueue] Try to append 1 batches web console lines for record '2ac0e1d6-d8b1-4bb2-8176-f620714e455e', success rate: 1/1.
[2026-08-30 09:59:31Z INFO JobServerQueue] Try to append 1 batches web console lines for record '2ac0e1d6-d8b1-4bb2-8176-f620714e455e', success rate: 1/1.
[2026-08-30 09:59:32Z INFO JobServerQueue] Try to append 1 batches web console lines for record '2ac0e1d6-d8b1-4bb2-8176-f620714e455e', success rate: 1/1.
[2026-08-30 09:59:32Z INFO JobServerQueue] Try to append 1 batches web console lines for record '2ac0e1d6-d8b1-4bb2-8176-f620714e455e', success rate: 1/1.
[2026-08-30 09:59:32Z INFO HostContext] Well known directory 'Bin': 'C:\Users\krish\Documents\BITS\mlops-project\actions-runner\bin'
[2026-08-30 09:59:32Z INFO HostContext] Well known directory 'Root': 'C:\Users\krish\Documents\BITS\mlops-project\actions-runner'
[2026-08-30 09:59:32Z INFO HostContext] Well known directory 'Work': 'C:\Users\krish\Documents\BITS\mlops-project\actions-runner\_work'
[2026-08-30 09:59:33Z INFO JobServerQueue] Try to append 1 batches web console lines for record '2ac0e1d6-d8b1-4bb2-8176-f620714e455e', success rate: 1/1.
[2026-08-30 09:59:35Z INFO JobServerQueue] Try to append 1 batches web console lines for record '2ac0e1d6-d8b1-4bb2-8176-f620714e455e', success rate: 1/1.
[2026-08-30 09:59:37Z INFO JobServerQueue] Try to append 1 batches web console lines for record '2ac0e1d6-d8b1-4bb2-8176-f620714e455e', success rate: 1/1.
[2026-08-30 09:59:38Z INFO JobServerQueue] Try to append 1 batches web console lines for record '2ac0e1d6-d8b1-4bb2-8176-f620714e455e', success rate: 1/1.
[2026-08-30 09:59:38Z INFO JobServerQueue] Try to append 1 batches web console lines for record '2ac0e1d6-d8b1-4bb2-8176-f620714e455e', success rate: 1/1.
[2026-08-30 09:59:39Z INFO JobServerQueue] Try to append 1 batches web console lines for record '2ac0e1d6-d8b1-4bb2-8176-f620714e455e', success rate: 1/1.
[2026-08-30 09:59:41Z INFO JobServerQueue] Try to append 1 batches web console lines for record '2ac0e1d6-d8b1-4bb2-8176-f620714e455e', success rate: 1/1.
[2026-08-30 09:59:42Z INFO JobServerQueue] Try to append 1 batches web console lines for record '2ac0e1d6-d8b1-4bb2-8176-f620714e455e', success rate: 1/1.
[2026-08-30 09:59:42Z INFO HostContext] Well known directory 'Bin': 'C:\Users\krish\Documents\BITS\mlops-project\actions-runner\bin'
[2026-08-30 09:59:42Z INFO HostContext] Well known directory 'Root': 'C:\Users\krish\Documents\BITS\mlops-project\actions-runner'
[2026-08-30 09:59:42Z INFO HostContext] Well known directory 'Work': 'C:\Users\krish\Documents\BITS\mlops-project\actions-runner\_work'
[2026-08-30 09:59:43Z INFO JobServerQueue] Try to append 1 batches web console lines for record '2ac0e1d6-d8b1-4bb2-8176-f620714e455e', success rate: 1/1.
[2026-08-30 09:59:44Z INFO JobServerQueue] Try to append 1 batches web console lines for record '2ac0e1d6-d8b1-4bb2-8176-f620714e455e', success rate: 1/1.
[2026-08-30 09:59:44Z INFO JobServerQueue] Try to append 1 batches web console lines for record '2ac0e1d6-d8b1-4bb2-8176-f620714e455e', success rate: 1/1.
[2026-08-30 09:59:45Z INFO JobServerQueue] Try to append 1 batches web console lines for record '2ac0e1d6-d8b1-4bb2-8176-f620714e455e', success rate: 1/1.
[2026-08-30 09:59:46Z INFO JobServerQueue] Try to append 1 batches web console lines for record '2ac0e1d6-d8b1-4bb2-8176-f620714e455e', success rate: 1/1.
[2026-08-30 09:59:46Z INFO JobServerQueue] Try to append 1 batches web console lines for record '2ac0e1d6-d8b1-4bb2-8176-f620714e455e', success rate: 1/1.
[2026-08-30 09:59:47Z INFO JobServerQueue] Try to append 1 batches web console lines for record '2ac0e1d6-d8b1-4bb2-8176-f620714e455e', success rate: 1/1.
[2026-08-30 09:59:47Z INFO JobServerQueue] Try to append 1 batches web console lines for record '2ac0e1d6-d8b1-4bb2-8176-f620714e455e', success rate: 1/1.
[2026-08-30 09:59:48Z INFO JobServerQueue] Try to append 1 batches web console lines for record '2ac0e1d6-d8b1-4bb2-8176-f620714e455e', success rate: 1/1.
[2026-08-30 09:59:53Z INFO HostContext] Well known directory 'Bin': 'C:\Users\krish\Documents\BITS\mlops-project\actions-runner\bin'
[2026-08-30 09:59:53Z INFO HostContext] Well known directory 'Root': 'C:\Users\krish\Documents\BITS\mlops-project\actions-runner'
[2026-08-30 09:59:53Z INFO HostContext] Well known directory 'Work': 'C:\Users\krish\Documents\BITS\mlops-project\actions-runner\_work'
[2026-08-30 09:59:55Z INFO JobServerQueue] Try to append 1 batches web console lines for record '2ac0e1d6-d8b1-4bb2-8176-f620714e455e', success rate: 1/1.
[2026-08-30 09:59:57Z INFO JobServerQueue] Try to append 1 batches web console lines for record '2ac0e1d6-d8b1-4bb2-8176-f620714e455e', success rate: 1/1.
[2026-08-30 09:59:57Z INFO JobServerQueue] Try to append 1 batches web console lines for record '2ac0e1d6-d8b1-4bb2-8176-f620714e455e', success rate: 1/1.
[2026-08-30 09:59:58Z INFO JobServerQueue] Try to append 1 batches web console lines for record '2ac0e1d6-d8b1-4bb2-8176-f620714e455e', success rate: 1/1.
[2026-08-30 09:59:58Z INFO JobServerQueue] Try to append 1 batches web console lines for record '2ac0e1d6-d8b1-4bb2-8176-f620714e455e', success rate: 1/1.
[2026-08-30 09:59:59Z INFO JobServerQueue] Try to append 1 batches web console lines for record '2ac0e1d6-d8b1-4bb2-8176-f620714e455e', success rate: 1/1.
[2026-08-30 10:00:00Z INFO JobServerQueue] Try to append 1 batches web console lines for record '2ac0e1d6-d8b1-4bb2-8176-f620714e455e', success rate: 1/1.
[2026-08-30 10:00:00Z INFO JobServerQueue] Try to append 1 batches web console lines for record '2ac0e1d6-d8b1-4bb2-8176-f620714e455e', success rate: 1/1.
[2026-08-30 10:00:01Z INFO JobServerQueue] Try to append 1 batches web console lines for record '2ac0e1d6-d8b1-4bb2-8176-f620714e455e', success rate: 1/1.
[2026-08-30 10:00:01Z INFO JobServerQueue] Try to append 1 batches web console lines for record '2ac0e1d6-d8b1-4bb2-8176-f620714e455e', success rate: 1/1.
[2026-08-30 10:00:02Z INFO JobServerQueue] Try to append 1 batches web console lines for record '2ac0e1d6-d8b1-4bb2-8176-f620714e455e', success rate: 1/1.
[2026-08-30 10:00:02Z INFO JobServerQueue] Try to append 1 batches web console lines for record '2ac0e1d6-d8b1-4bb2-8176-f620714e455e', success rate: 1/1.
[2026-08-30 10:00:03Z INFO HostContext] Well known directory 'Bin': 'C:\Users\krish\Documents\BITS\mlops-project\actions-runner\bin'
[2026-08-30 10:00:03Z INFO HostContext] Well known directory 'Root': 'C:\Users\krish\Documents\BITS\mlops-project\actions-runner'
[2026-08-30 10:00:03Z INFO HostContext] Well known directory 'Work': 'C:\Users\krish\Documents\BITS\mlops-project\actions-runner\_work'
[2026-08-30 10:00:03Z INFO JobServerQueue] Try to append 1 batches web console lines for record '2ac0e1d6-d8b1-4bb2-8176-f620714e455e', success rate: 1/1.
[2026-08-30 10:00:05Z INFO JobServerQueue] Try to append 1 batches web console lines for record '2ac0e1d6-d8b1-4bb2-8176-f620714e455e', success rate: 1/1.
[2026-08-30 10:00:06Z INFO JobServerQueue] Try to append 1 batches web console lines for record '2ac0e1d6-d8b1-4bb2-8176-f620714e455e', success rate: 1/1.
[2026-08-30 10:00:06Z INFO JobServerQueue] Try to append 1 batches web console lines for record '2ac0e1d6-d8b1-4bb2-8176-f620714e455e', success rate: 1/1.
[2026-08-30 10:00:07Z INFO JobServerQueue] Try to append 1 batches web console lines for record '2ac0e1d6-d8b1-4bb2-8176-f620714e455e', success rate: 1/1.
[2026-08-30 10:00:07Z INFO JobServerQueue] Try to append 1 batches web console lines for record '2ac0e1d6-d8b1-4bb2-8176-f620714e455e', success rate: 1/1.
[2026-08-30 10:00:08Z INFO JobServerQueue] Try to append 1 batches web console lines for record '2ac0e1d6-d8b1-4bb2-8176-f620714e455e', success rate: 1/1.
[2026-08-30 10:00:08Z INFO JobServerQueue] Try to append 1 batches web console lines for record '2ac0e1d6-d8b1-4bb2-8176-f620714e455e', success rate: 1/1.
[2026-08-30 10:00:09Z INFO JobServerQueue] Try to append 1 batches web console lines for record '2ac0e1d6-d8b1-4bb2-8176-f620714e455e', success rate: 1/1.
[2026-08-30 10:00:10Z INFO JobServerQueue] Try to append 1 batches web console lines for record '2ac0e1d6-d8b1-4bb2-8176-f620714e455e', success rate: 1/1.
[2026-08-30 10:00:10Z INFO JobServerQueue] Try to append 1 batches web console lines for record '2ac0e1d6-d8b1-4bb2-8176-f620714e455e', success rate: 1/1.
[2026-08-30 10:00:11Z INFO JobServerQueue] Try to append 1 batches web console lines for record '2ac0e1d6-d8b1-4bb2-8176-f620714e455e', success rate: 1/1.
[2026-08-30 10:00:11Z INFO JobServerQueue] Try to append 1 batches web console lines for record '2ac0e1d6-d8b1-4bb2-8176-f620714e455e', success rate: 1/1.
[2026-08-30 10:00:12Z INFO JobServerQueue] Try to append 1 batches web console lines for record '2ac0e1d6-d8b1-4bb2-8176-f620714e455e', success rate: 1/1.
[2026-08-30 10:00:13Z INFO HostContext] Well known directory 'Bin': 'C:\Users\krish\Documents\BITS\mlops-project\actions-runner\bin'
[2026-08-30 10:00:13Z INFO HostContext] Well known directory 'Root': 'C:\Users\krish\Documents\BITS\mlops-project\actions-runner'
[2026-08-30 10:00:13Z INFO HostContext] Well known directory 'Work': 'C:\Users\krish\Documents\BITS\mlops-project\actions-runner\_work'
[2026-08-30 10:00:13Z INFO JobServerQueue] Try to append 1 batches web console lines for record '2ac0e1d6-d8b1-4bb2-8176-f620714e455e', success rate: 1/1.
[2026-08-30 10:00:14Z INFO JobServerQueue] Try to append 1 batches web console lines for record '2ac0e1d6-d8b1-4bb2-8176-f620714e455e', success rate: 1/1.
[2026-08-30 10:00:15Z INFO JobServerQueue] Try to append 1 batches web console lines for record '2ac0e1d6-d8b1-4bb2-8176-f620714e455e', success rate: 1/1.
[2026-08-30 10:00:16Z INFO JobServerQueue] Try to append 1 batches web console lines for record '2ac0e1d6-d8b1-4bb2-8176-f620714e455e', success rate: 1/1.
[2026-08-30 10:00:16Z INFO JobServerQueue] Try to append 1 batches web console lines for record '2ac0e1d6-d8b1-4bb2-8176-f620714e455e', success rate: 1/1.
[2026-08-30 10:00:17Z INFO JobServerQueue] Try to append 1 batches web console lines for record '2ac0e1d6-d8b1-4bb2-8176-f620714e455e', success rate: 1/1.
[2026-08-30 10:00:18Z INFO JobServerQueue] Try to append 1 batches web console lines for record '2ac0e1d6-d8b1-4bb2-8176-f620714e455e', success rate: 1/1.
[2026-08-30 10:00:20Z INFO JobServerQueue] Try to append 1 batches web console lines for record '2ac0e1d6-d8b1-4bb2-8176-f620714e455e', success rate: 1/1.
[2026-08-30 10:00:21Z INFO JobServerQueue] Try to append 1 batches web console lines for record '2ac0e1d6-d8b1-4bb2-8176-f620714e455e', success rate: 1/1.
[2026-08-30 10:00:21Z INFO JobServerQueue] Try to append 1 batches web console lines for record '2ac0e1d6-d8b1-4bb2-8176-f620714e455e', success rate: 1/1.
[2026-08-30 10:00:23Z INFO HostContext] Well known directory 'Bin': 'C:\Users\krish\Documents\BITS\mlops-project\actions-runner\bin'
[2026-08-30 10:00:23Z INFO HostContext] Well known directory 'Root': 'C:\Users\krish\Documents\BITS\mlops-project\actions-runner'
[2026-08-30 10:00:23Z INFO HostContext] Well known directory 'Work': 'C:\Users\krish\Documents\BITS\mlops-project\actions-runner\_work'
[2026-08-30 10:00:24Z INFO JobServerQueue] Try to append 1 batches web console lines for record '2ac0e1d6-d8b1-4bb2-8176-f620714e455e', success rate: 1/1.
[2026-08-30 10:00:25Z INFO JobServerQueue] Try to append 1 batches web console lines for record '2ac0e1d6-d8b1-4bb2-8176-f620714e455e', success rate: 1/1.
[2026-08-30 10:00:25Z INFO JobServerQueue] Try to append 1 batches web console lines for record '2ac0e1d6-d8b1-4bb2-8176-f620714e455e', success rate: 1/1.
[2026-08-30 10:00:26Z INFO JobServerQueue] Try to append 1 batches web console lines for record '2ac0e1d6-d8b1-4bb2-8176-f620714e455e', success rate: 1/1.
[2026-08-30 10:00:26Z INFO JobServerQueue] Try to append 1 batches web console lines for record '2ac0e1d6-d8b1-4bb2-8176-f620714e455e', success rate: 1/1.
[2026-08-30 10:00:28Z INFO JobServerQueue] Try to append 1 batches web console lines for record '2ac0e1d6-d8b1-4bb2-8176-f620714e455e', success rate: 1/1.
[2026-08-30 10:00:29Z INFO JobServerQueue] Try to append 1 batches web console lines for record '2ac0e1d6-d8b1-4bb2-8176-f620714e455e', success rate: 1/1.
[2026-08-30 10:00:29Z INFO JobServerQueue] Try to append 1 batches web console lines for record '2ac0e1d6-d8b1-4bb2-8176-f620714e455e', success rate: 1/1.
[2026-08-30 10:00:30Z INFO JobServerQueue] Try to append 1 batches web console lines for record '2ac0e1d6-d8b1-4bb2-8176-f620714e455e', success rate: 1/1.
[2026-08-30 10:00:32Z INFO JobServerQueue] Try to append 1 batches web console lines for record '2ac0e1d6-d8b1-4bb2-8176-f620714e455e', success rate: 1/1.
[2026-08-30 10:00:33Z INFO JobServerQueue] Try to append 1 batches web console lines for record '2ac0e1d6-d8b1-4bb2-8176-f620714e455e', success rate: 1/1.
[2026-08-30 10:00:33Z INFO HostContext] Well known directory 'Bin': 'C:\Users\krish\Documents\BITS\mlops-project\actions-runner\bin'
[2026-08-30 10:00:33Z INFO HostContext] Well known directory 'Root': 'C:\Users\krish\Documents\BITS\mlops-project\actions-runner'
[2026-08-30 10:00:33Z INFO HostContext] Well known directory 'Work': 'C:\Users\krish\Documents\BITS\mlops-project\actions-runner\_work'
[2026-08-30 10:00:33Z INFO JobServerQueue] Try to append 1 batches web console lines for record '2ac0e1d6-d8b1-4bb2-8176-f620714e455e', success rate: 1/1.
[2026-08-30 10:00:34Z INFO JobServerQueue] Try to append 1 batches web console lines for record '2ac0e1d6-d8b1-4bb2-8176-f620714e455e', success rate: 1/1.
[2026-08-30 10:00:34Z INFO JobServerQueue] Try to append 1 batches web console lines for record '2ac0e1d6-d8b1-4bb2-8176-f620714e455e', success rate: 1/1.
[2026-08-30 10:00:35Z INFO JobServerQueue] Try to append 1 batches web console lines for record '2ac0e1d6-d8b1-4bb2-8176-f620714e455e', success rate: 1/1.
[2026-08-30 10:00:35Z INFO JobServerQueue] Try to append 1 batches web console lines for record '2ac0e1d6-d8b1-4bb2-8176-f620714e455e', success rate: 1/1.
[2026-08-30 10:00:36Z INFO JobServerQueue] Try to append 1 batches web console lines for record '2ac0e1d6-d8b1-4bb2-8176-f620714e455e', success rate: 1/1.
[2026-08-30 10:00:37Z INFO JobServerQueue] Try to append 1 batches web console lines for record '2ac0e1d6-d8b1-4bb2-8176-f620714e455e', success rate: 1/1.
[2026-08-30 10:00:37Z INFO JobServerQueue] Try to append 1 batches web console lines for record '2ac0e1d6-d8b1-4bb2-8176-f620714e455e', success rate: 1/1.
[2026-08-30 10:00:38Z INFO JobServerQueue] Try to append 1 batches web console lines for record '2ac0e1d6-d8b1-4bb2-8176-f620714e455e', success rate: 1/1.
[2026-08-30 10:00:38Z INFO JobServerQueue] Try to append 1 batches web console lines for record '2ac0e1d6-d8b1-4bb2-8176-f620714e455e', success rate: 1/1.
[2026-08-30 10:00:39Z INFO JobServerQueue] Try to append 1 batches web console lines for record '2ac0e1d6-d8b1-4bb2-8176-f620714e455e', success rate: 1/1.
[2026-08-30 10:00:39Z INFO JobServerQueue] Try to append 1 batches web console lines for record '2ac0e1d6-d8b1-4bb2-8176-f620714e455e', success rate: 1/1.
[2026-08-30 10:00:40Z INFO JobServerQueue] Try to append 1 batches web console lines for record '2ac0e1d6-d8b1-4bb2-8176-f620714e455e', success rate: 1/1.
[2026-08-30 10:00:41Z INFO JobServerQueue] Try to append 1 batches web console lines for record '2ac0e1d6-d8b1-4bb2-8176-f620714e455e', success rate: 1/1.
[2026-08-30 10:00:42Z INFO JobServerQueue] Try to append 1 batches web console lines for record '2ac0e1d6-d8b1-4bb2-8176-f620714e455e', success rate: 1/1.
[2026-08-30 10:00:42Z INFO JobServerQueue] Try to append 1 batches web console lines for record '2ac0e1d6-d8b1-4bb2-8176-f620714e455e', success rate: 1/1.
[2026-08-30 10:00:43Z INFO JobServerQueue] Try to append 1 batches web console lines for record '2ac0e1d6-d8b1-4bb2-8176-f620714e455e', success rate: 1/1.
[2026-08-30 10:00:43Z INFO HostContext] Well known directory 'Bin': 'C:\Users\krish\Documents\BITS\mlops-project\actions-runner\bin'
[2026-08-30 10:00:43Z INFO HostContext] Well known directory 'Root': 'C:\Users\krish\Documents\BITS\mlops-project\actions-runner'
[2026-08-30 10:00:43Z INFO HostContext] Well known directory 'Work': 'C:\Users\krish\Documents\BITS\mlops-project\actions-runner\_work'
[2026-08-30 10:00:43Z INFO JobServerQueue] Try to append 1 batches web console lines for record '2ac0e1d6-d8b1-4bb2-8176-f620714e455e', success rate: 1/1.
[2026-08-30 10:00:46Z INFO JobServerQueue] Try to append 1 batches web console lines for record '2ac0e1d6-d8b1-4bb2-8176-f620714e455e', success rate: 1/1.
[2026-08-30 10:00:46Z INFO JobServerQueue] Try to append 1 batches web console lines for record '2ac0e1d6-d8b1-4bb2-8176-f620714e455e', success rate: 1/1.
[2026-08-30 10:00:47Z INFO JobServerQueue] Try to append 1 batches web console lines for record '2ac0e1d6-d8b1-4bb2-8176-f620714e455e', success rate: 1/1.
[2026-08-30 10:00:47Z INFO JobServerQueue] Try to append 1 batches web console lines for record '2ac0e1d6-d8b1-4bb2-8176-f620714e455e', success rate: 1/1.
[2026-08-30 10:00:48Z INFO JobServerQueue] Try to append 1 batches web console lines for record '2ac0e1d6-d8b1-4bb2-8176-f620714e455e', success rate: 1/1.
[2026-08-30 10:00:48Z INFO JobServerQueue] Try to append 1 batches web console lines for record '2ac0e1d6-d8b1-4bb2-8176-f620714e455e', success rate: 1/1.
[2026-08-30 10:00:49Z INFO JobServerQueue] Try to append 1 batches web console lines for record '2ac0e1d6-d8b1-4bb2-8176-f620714e455e', success rate: 1/1.
[2026-08-30 10:00:50Z INFO JobServerQueue] Try to append 1 batches web console lines for record '2ac0e1d6-d8b1-4bb2-8176-f620714e455e', success rate: 1/1.
[2026-08-30 10:00:50Z INFO JobServerQueue] Try to append 1 batches web console lines for record '2ac0e1d6-d8b1-4bb2-8176-f620714e455e', success rate: 1/1.
[2026-08-30 10:00:51Z INFO JobServerQueue] Try to append 1 batches web console lines for record '2ac0e1d6-d8b1-4bb2-8176-f620714e455e', success rate: 1/1.
[2026-08-30 10:00:51Z INFO JobServerQueue] Try to append 1 batches web console lines for record '2ac0e1d6-d8b1-4bb2-8176-f620714e455e', success rate: 1/1.
[2026-08-30 10:00:52Z INFO JobServerQueue] Try to append 1 batches web console lines for record '2ac0e1d6-d8b1-4bb2-8176-f620714e455e', success rate: 1/1.
[2026-08-30 10:00:52Z INFO JobServerQueue] Try to append 1 batches web console lines for record '2ac0e1d6-d8b1-4bb2-8176-f620714e455e', success rate: 1/1.
[2026-08-30 10:00:53Z INFO JobServerQueue] Try to append 1 batches web console lines for record '2ac0e1d6-d8b1-4bb2-8176-f620714e455e', success rate: 1/1.
[2026-08-30 10:00:53Z INFO HostContext] Well known directory 'Bin': 'C:\Users\krish\Documents\BITS\mlops-project\actions-runner\bin'
[2026-08-30 10:00:53Z INFO HostContext] Well known directory 'Root': 'C:\Users\krish\Documents\BITS\mlops-project\actions-runner'
[2026-08-30 10:00:53Z INFO HostContext] Well known directory 'Work': 'C:\Users\krish\Documents\BITS\mlops-project\actions-runner\_work'
[2026-08-30 10:00:53Z INFO JobServerQueue] Try to append 1 batches web console lines for record '2ac0e1d6-d8b1-4bb2-8176-f620714e455e', success rate: 1/1.
[2026-08-30 10:00:55Z INFO JobServerQueue] Try to append 1 batches web console lines for record '2ac0e1d6-d8b1-4bb2-8176-f620714e455e', success rate: 1/1.
[2026-08-30 10:00:56Z INFO JobServerQueue] Try to append 1 batches web console lines for record '2ac0e1d6-d8b1-4bb2-8176-f620714e455e', success rate: 1/1.
[2026-08-30 10:00:56Z INFO JobServerQueue] Try to append 1 batches web console lines for record '2ac0e1d6-d8b1-4bb2-8176-f620714e455e', success rate: 1/1.
[2026-08-30 10:00:57Z INFO JobServerQueue] Try to append 1 batches web console lines for record '2ac0e1d6-d8b1-4bb2-8176-f620714e455e', success rate: 1/1.
[2026-08-30 10:00:57Z INFO JobServerQueue] Try to append 1 batches web console lines for record '2ac0e1d6-d8b1-4bb2-8176-f620714e455e', success rate: 1/1.
[2026-08-30 10:00:58Z INFO JobServerQueue] Try to append 1 batches web console lines for record '2ac0e1d6-d8b1-4bb2-8176-f620714e455e', success rate: 1/1.
[2026-08-30 10:00:59Z INFO JobServerQueue] Try to append 1 batches web console lines for record '2ac0e1d6-d8b1-4bb2-8176-f620714e455e', success rate: 1/1.
[2026-08-30 10:01:01Z INFO JobServerQueue] Try to append 1 batches web console lines for record '2ac0e1d6-d8b1-4bb2-8176-f620714e455e', success rate: 1/1.
[2026-08-30 10:01:02Z INFO JobServerQueue] Try to append 1 batches web console lines for record '2ac0e1d6-d8b1-4bb2-8176-f620714e455e', success rate: 1/1.
[2026-08-30 10:01:02Z INFO JobServerQueue] Try to append 1 batches web console lines for record '2ac0e1d6-d8b1-4bb2-8176-f620714e455e', success rate: 1/1.
[2026-08-30 10:01:03Z INFO HostContext] Well known directory 'Bin': 'C:\Users\krish\Documents\BITS\mlops-project\actions-runner\bin'
[2026-08-30 10:01:03Z INFO HostContext] Well known directory 'Root': 'C:\Users\krish\Documents\BITS\mlops-project\actions-runner'
[2026-08-30 10:01:03Z INFO HostContext] Well known directory 'Work': 'C:\Users\krish\Documents\BITS\mlops-project\actions-runner\_work'
[2026-08-30 10:01:03Z INFO JobServerQueue] Try to append 1 batches web console lines for record '2ac0e1d6-d8b1-4bb2-8176-f620714e455e', success rate: 1/1.
[2026-08-30 10:01:03Z INFO JobServerQueue] Try to append 1 batches web console lines for record '2ac0e1d6-d8b1-4bb2-8176-f620714e455e', success rate: 1/1.
[2026-08-30 10:01:04Z INFO JobServerQueue] Try to append 1 batches web console lines for record '2ac0e1d6-d8b1-4bb2-8176-f620714e455e', success rate: 1/1.
[2026-08-30 10:01:05Z INFO JobServerQueue] Try to append 1 batches web console lines for record '2ac0e1d6-d8b1-4bb2-8176-f620714e455e', success rate: 1/1.
[2026-08-30 10:01:05Z INFO JobServerQueue] Try to append 1 batches web console lines for record '2ac0e1d6-d8b1-4bb2-8176-f620714e455e', success rate: 1/1.
[2026-08-30 10:01:06Z INFO JobServerQueue] Try to append 1 batches web console lines for record '2ac0e1d6-d8b1-4bb2-8176-f620714e455e', success rate: 1/1.
[2026-08-30 10:01:06Z INFO JobServerQueue] Try to append 1 batches web console lines for record '2ac0e1d6-d8b1-4bb2-8176-f620714e455e', success rate: 1/1.
[2026-08-30 10:01:07Z INFO JobServerQueue] Try to append 1 batches web console lines for record '2ac0e1d6-d8b1-4bb2-8176-f620714e455e', success rate: 1/1.
[2026-08-30 10:01:09Z INFO JobServerQueue] Try to append 1 batches web console lines for record '2ac0e1d6-d8b1-4bb2-8176-f620714e455e', success rate: 1/1.
[2026-08-30 10:01:09Z INFO JobServerQueue] Try to append 1 batches web console lines for record '2ac0e1d6-d8b1-4bb2-8176-f620714e455e', success rate: 1/1.
[2026-08-30 10:01:10Z INFO JobServerQueue] Try to append 1 batches web console lines for record '2ac0e1d6-d8b1-4bb2-8176-f620714e455e', success rate: 1/1.
[2026-08-30 10:01:10Z INFO JobServerQueue] Try to append 1 batches web console lines for record '2ac0e1d6-d8b1-4bb2-8176-f620714e455e', success rate: 1/1.
[2026-08-30 10:01:11Z INFO JobServerQueue] Try to append 1 batches web console lines for record '2ac0e1d6-d8b1-4bb2-8176-f620714e455e', success rate: 1/1.
[2026-08-30 10:01:12Z INFO JobServerQueue] Try to append 1 batches web console lines for record '2ac0e1d6-d8b1-4bb2-8176-f620714e455e', success rate: 1/1.
[2026-08-30 10:01:13Z INFO JobServerQueue] Try to append 1 batches web console lines for record '2ac0e1d6-d8b1-4bb2-8176-f620714e455e', success rate: 1/1.
[2026-08-30 10:01:13Z INFO HostContext] Well known directory 'Bin': 'C:\Users\krish\Documents\BITS\mlops-project\actions-runner\bin'
[2026-08-30 10:01:13Z INFO HostContext] Well known directory 'Root': 'C:\Users\krish\Documents\BITS\mlops-project\actions-runner'
[2026-08-30 10:01:13Z INFO HostContext] Well known directory 'Work': 'C:\Users\krish\Documents\BITS\mlops-project\actions-runner\_work'
[2026-08-30 10:01:13Z INFO JobServerQueue] Try to append 1 batches web console lines for record '2ac0e1d6-d8b1-4bb2-8176-f620714e455e', success rate: 1/1.
[2026-08-30 10:01:14Z INFO JobServerQueue] Try to append 1 batches web console lines for record '2ac0e1d6-d8b1-4bb2-8176-f620714e455e', success rate: 1/1.
[2026-08-30 10:01:14Z INFO JobServerQueue] Try to append 1 batches web console lines for record '2ac0e1d6-d8b1-4bb2-8176-f620714e455e', success rate: 1/1.
[2026-08-30 10:01:15Z INFO JobServerQueue] Try to append 1 batches web console lines for record '2ac0e1d6-d8b1-4bb2-8176-f620714e455e', success rate: 1/1.
[2026-08-30 10:01:15Z INFO JobServerQueue] Try to append 1 batches web console lines for record '2ac0e1d6-d8b1-4bb2-8176-f620714e455e', success rate: 1/1.
[2026-08-30 10:01:20Z INFO JobServerQueue] Try to append 1 batches web console lines for record '2ac0e1d6-d8b1-4bb2-8176-f620714e455e', success rate: 1/1.
[2026-08-30 10:01:21Z INFO JobServerQueue] Try to append 1 batches web console lines for record '2ac0e1d6-d8b1-4bb2-8176-f620714e455e', success rate: 1/1.
[2026-08-30 10:01:22Z INFO JobServerQueue] Try to append 1 batches web console lines for record '2ac0e1d6-d8b1-4bb2-8176-f620714e455e', success rate: 1/1.
[2026-08-30 10:01:23Z INFO JobServerQueue] Try to append 1 batches web console lines for record '2ac0e1d6-d8b1-4bb2-8176-f620714e455e', success rate: 1/1.
[2026-08-30 10:01:23Z INFO HostContext] Well known directory 'Bin': 'C:\Users\krish\Documents\BITS\mlops-project\actions-runner\bin'
[2026-08-30 10:01:23Z INFO HostContext] Well known directory 'Root': 'C:\Users\krish\Documents\BITS\mlops-project\actions-runner'
[2026-08-30 10:01:23Z INFO HostContext] Well known directory 'Work': 'C:\Users\krish\Documents\BITS\mlops-project\actions-runner\_work'
[2026-08-30 10:01:24Z INFO JobServerQueue] Try to append 1 batches web console lines for record '2ac0e1d6-d8b1-4bb2-8176-f620714e455e', success rate: 1/1.
[2026-08-30 10:01:25Z INFO JobServerQueue] Try to append 1 batches web console lines for record '2ac0e1d6-d8b1-4bb2-8176-f620714e455e', success rate: 1/1.
[2026-08-30 10:01:25Z INFO JobServerQueue] Try to append 1 batches web console lines for record '2ac0e1d6-d8b1-4bb2-8176-f620714e455e', success rate: 1/1.
[2026-08-30 10:01:26Z INFO JobServerQueue] Try to append 1 batches web console lines for record '2ac0e1d6-d8b1-4bb2-8176-f620714e455e', success rate: 1/1.
[2026-08-30 10:01:27Z INFO JobServerQueue] Try to append 1 batches web console lines for record '2ac0e1d6-d8b1-4bb2-8176-f620714e455e', success rate: 1/1.
[2026-08-30 10:01:27Z INFO JobServerQueue] Try to append 1 batches web console lines for record '2ac0e1d6-d8b1-4bb2-8176-f620714e455e', success rate: 1/1.
[2026-08-30 10:01:28Z INFO JobServerQueue] Try to append 1 batches web console lines for record '2ac0e1d6-d8b1-4bb2-8176-f620714e455e', success rate: 1/1.
[2026-08-30 10:01:29Z INFO JobServerQueue] Try to append 1 batches web console lines for record '2ac0e1d6-d8b1-4bb2-8176-f620714e455e', success rate: 1/1.
[2026-08-30 10:01:29Z INFO JobServerQueue] Try to append 1 batches web console lines for record '2ac0e1d6-d8b1-4bb2-8176-f620714e455e', success rate: 1/1.
[2026-08-30 10:01:30Z INFO JobServerQueue] Try to append 1 batches web console lines for record '2ac0e1d6-d8b1-4bb2-8176-f620714e455e', success rate: 1/1.
[2026-08-30 10:01:30Z INFO JobServerQueue] Try to append 1 batches web console lines for record '2ac0e1d6-d8b1-4bb2-8176-f620714e455e', success rate: 1/1.
[2026-08-30 10:01:31Z INFO JobServerQueue] Try to append 1 batches web console lines for record '2ac0e1d6-d8b1-4bb2-8176-f620714e455e', success rate: 1/1.
[2026-08-30 10:01:31Z INFO JobServerQueue] Try to append 1 batches web console lines for record '2ac0e1d6-d8b1-4bb2-8176-f620714e455e', success rate: 1/1.
[2026-08-30 10:01:33Z INFO HostContext] Well known directory 'Bin': 'C:\Users\krish\Documents\BITS\mlops-project\actions-runner\bin'
[2026-08-30 10:01:33Z INFO HostContext] Well known directory 'Root': 'C:\Users\krish\Documents\BITS\mlops-project\actions-runner'
[2026-08-30 10:01:33Z INFO HostContext] Well known directory 'Work': 'C:\Users\krish\Documents\BITS\mlops-project\actions-runner\_work'
[2026-08-30 10:01:34Z INFO JobServerQueue] Try to append 1 batches web console lines for record '2ac0e1d6-d8b1-4bb2-8176-f620714e455e', success rate: 1/1.
[2026-08-30 10:01:35Z INFO JobServerQueue] Try to append 1 batches web console lines for record '2ac0e1d6-d8b1-4bb2-8176-f620714e455e', success rate: 1/1.
[2026-08-30 10:01:36Z INFO JobServerQueue] Try to append 1 batches web console lines for record '2ac0e1d6-d8b1-4bb2-8176-f620714e455e', success rate: 1/1.
[2026-08-30 10:01:37Z INFO JobServerQueue] Try to append 1 batches web console lines for record '2ac0e1d6-d8b1-4bb2-8176-f620714e455e', success rate: 1/1.
[2026-08-30 10:01:37Z INFO JobServerQueue] Try to append 1 batches web console lines for record '2ac0e1d6-d8b1-4bb2-8176-f620714e455e', success rate: 1/1.
[2026-08-30 10:01:38Z INFO JobServerQueue] Try to append 1 batches web console lines for record '2ac0e1d6-d8b1-4bb2-8176-f620714e455e', success rate: 1/1.
[2026-08-30 10:01:38Z INFO JobServerQueue] Try to append 1 batches web console lines for record '2ac0e1d6-d8b1-4bb2-8176-f620714e455e', success rate: 1/1.
[2026-08-30 10:01:39Z INFO JobServerQueue] Try to append 1 batches web console lines for record '2ac0e1d6-d8b1-4bb2-8176-f620714e455e', success rate: 1/1.
[2026-08-30 10:01:40Z INFO JobServerQueue] Try to append 1 batches web console lines for record '2ac0e1d6-d8b1-4bb2-8176-f620714e455e', success rate: 1/1.
[2026-08-30 10:01:40Z INFO JobServerQueue] Try to append 1 batches web console lines for record '2ac0e1d6-d8b1-4bb2-8176-f620714e455e', success rate: 1/1.
[2026-08-30 10:01:41Z INFO JobServerQueue] Try to append 1 batches web console lines for record '2ac0e1d6-d8b1-4bb2-8176-f620714e455e', success rate: 1/1.
[2026-08-30 10:01:43Z INFO JobServerQueue] Try to append 1 batches web console lines for record '2ac0e1d6-d8b1-4bb2-8176-f620714e455e', success rate: 1/1.
[2026-08-30 10:01:43Z INFO JobServerQueue] Try to append 1 batches web console lines for record '2ac0e1d6-d8b1-4bb2-8176-f620714e455e', success rate: 1/1.
[2026-08-30 10:01:43Z INFO HostContext] Well known directory 'Bin': 'C:\Users\krish\Documents\BITS\mlops-project\actions-runner\bin'
[2026-08-30 10:01:43Z INFO HostContext] Well known directory 'Root': 'C:\Users\krish\Documents\BITS\mlops-project\actions-runner'
[2026-08-30 10:01:43Z INFO HostContext] Well known directory 'Work': 'C:\Users\krish\Documents\BITS\mlops-project\actions-runner\_work'
[2026-08-30 10:01:44Z INFO JobServerQueue] Try to append 1 batches web console lines for record '2ac0e1d6-d8b1-4bb2-8176-f620714e455e', success rate: 1/1.
[2026-08-30 10:01:44Z INFO JobServerQueue] Try to append 1 batches web console lines for record '2ac0e1d6-d8b1-4bb2-8176-f620714e455e', success rate: 1/1.
[2026-08-30 10:01:45Z INFO JobServerQueue] Try to append 1 batches web console lines for record '2ac0e1d6-d8b1-4bb2-8176-f620714e455e', success rate: 1/1.
[2026-08-30 10:01:45Z INFO JobServerQueue] Try to append 1 batches web console lines for record '2ac0e1d6-d8b1-4bb2-8176-f620714e455e', success rate: 1/1.
[2026-08-30 10:01:46Z INFO JobServerQueue] Try to append 1 batches web console lines for record '2ac0e1d6-d8b1-4bb2-8176-f620714e455e', success rate: 1/1.
[2026-08-30 10:01:46Z INFO JobServerQueue] Try to append 1 batches web console lines for record '2ac0e1d6-d8b1-4bb2-8176-f620714e455e', success rate: 1/1.
[2026-08-30 10:01:47Z INFO JobServerQueue] Try to append 1 batches web console lines for record '2ac0e1d6-d8b1-4bb2-8176-f620714e455e', success rate: 1/1.
[2026-08-30 10:01:48Z INFO JobServerQueue] Try to append 1 batches web console lines for record '2ac0e1d6-d8b1-4bb2-8176-f620714e455e', success rate: 1/1.
[2026-08-30 10:01:48Z INFO JobServerQueue] Try to append 1 batches web console lines for record '2ac0e1d6-d8b1-4bb2-8176-f620714e455e', success rate: 1/1.
[2026-08-30 10:01:49Z INFO JobServerQueue] Try to append 1 batches web console lines for record '2ac0e1d6-d8b1-4bb2-8176-f620714e455e', success rate: 1/1.
[2026-08-30 10:01:49Z INFO JobServerQueue] Try to append 1 batches web console lines for record '2ac0e1d6-d8b1-4bb2-8176-f620714e455e', success rate: 1/1.
[2026-08-30 10:01:50Z INFO JobServerQueue] Try to append 1 batches web console lines for record '2ac0e1d6-d8b1-4bb2-8176-f620714e455e', success rate: 1/1.
[2026-08-30 10:01:51Z INFO JobServerQueue] Try to append 1 batches web console lines for record '2ac0e1d6-d8b1-4bb2-8176-f620714e455e', success rate: 1/1.
[2026-08-30 10:01:52Z INFO JobServerQueue] Try to append 1 batches web console lines for record '2ac0e1d6-d8b1-4bb2-8176-f620714e455e', success rate: 1/1.
[2026-08-30 10:01:52Z INFO JobServerQueue] Try to append 1 batches web console lines for record '2ac0e1d6-d8b1-4bb2-8176-f620714e455e', success rate: 1/1.
[2026-08-30 10:01:53Z INFO JobServerQueue] Try to append 1 batches web console lines for record '2ac0e1d6-d8b1-4bb2-8176-f620714e455e', success rate: 1/1.
[2026-08-30 10:01:53Z INFO HostContext] Well known directory 'Bin': 'C:\Users\krish\Documents\BITS\mlops-project\actions-runner\bin'
[2026-08-30 10:01:53Z INFO HostContext] Well known directory 'Root': 'C:\Users\krish\Documents\BITS\mlops-project\actions-runner'
[2026-08-30 10:01:53Z INFO HostContext] Well known directory 'Work': 'C:\Users\krish\Documents\BITS\mlops-project\actions-runner\_work'
[2026-08-30 10:01:53Z INFO JobServerQueue] Try to append 1 batches web console lines for record '2ac0e1d6-d8b1-4bb2-8176-f620714e455e', success rate: 1/1.
[2026-08-30 10:01:55Z INFO JobServerQueue] Try to append 1 batches web console lines for record '2ac0e1d6-d8b1-4bb2-8176-f620714e455e', success rate: 1/1.
[2026-08-30 10:01:55Z INFO JobServerQueue] Try to append 1 batches web console lines for record '2ac0e1d6-d8b1-4bb2-8176-f620714e455e', success rate: 1/1.
[2026-08-30 10:01:56Z INFO JobServerQueue] Try to append 1 batches web console lines for record '2ac0e1d6-d8b1-4bb2-8176-f620714e455e', success rate: 1/1.
[2026-08-30 10:01:56Z INFO JobServerQueue] Try to append 1 batches web console lines for record '2ac0e1d6-d8b1-4bb2-8176-f620714e455e', success rate: 1/1.
[2026-08-30 10:01:57Z INFO JobServerQueue] Try to append 1 batches web console lines for record '2ac0e1d6-d8b1-4bb2-8176-f620714e455e', success rate: 1/1.
[2026-08-30 10:01:57Z INFO JobServerQueue] Try to append 1 batches web console lines for record '2ac0e1d6-d8b1-4bb2-8176-f620714e455e', success rate: 1/1.
[2026-08-30 10:01:59Z INFO JobServerQueue] Try to append 1 batches web console lines for record '2ac0e1d6-d8b1-4bb2-8176-f620714e455e', success rate: 1/1.
[2026-08-30 10:01:59Z INFO JobServerQueue] Try to append 1 batches web console lines for record '2ac0e1d6-d8b1-4bb2-8176-f620714e455e', success rate: 1/1.
[2026-08-30 10:02:00Z INFO JobServerQueue] Try to append 1 batches web console lines for record '2ac0e1d6-d8b1-4bb2-8176-f620714e455e', success rate: 1/1.
[2026-08-30 10:02:01Z INFO JobServerQueue] Try to append 1 batches web console lines for record '2ac0e1d6-d8b1-4bb2-8176-f620714e455e', success rate: 1/1.
[2026-08-30 10:02:02Z INFO JobServerQueue] Try to append 1 batches web console lines for record '2ac0e1d6-d8b1-4bb2-8176-f620714e455e', success rate: 1/1.
[2026-08-30 10:02:02Z INFO JobServerQueue] Try to append 1 batches web console lines for record '2ac0e1d6-d8b1-4bb2-8176-f620714e455e', success rate: 1/1.
[2026-08-30 10:02:03Z INFO HostContext] Well known directory 'Bin': 'C:\Users\krish\Documents\BITS\mlops-project\actions-runner\bin'
[2026-08-30 10:02:03Z INFO HostContext] Well known directory 'Root': 'C:\Users\krish\Documents\BITS\mlops-project\actions-runner'
[2026-08-30 10:02:03Z INFO HostContext] Well known directory 'Work': 'C:\Users\krish\Documents\BITS\mlops-project\actions-runner\_work'
[2026-08-30 10:02:06Z INFO JobServerQueue] Try to append 1 batches web console lines for record '2ac0e1d6-d8b1-4bb2-8176-f620714e455e', success rate: 1/1.
[2026-08-30 10:02:07Z INFO JobServerQueue] Try to append 1 batches web console lines for record '2ac0e1d6-d8b1-4bb2-8176-f620714e455e', success rate: 1/1.
[2026-08-30 10:02:07Z INFO JobServerQueue] Try to append 1 batches web console lines for record '2ac0e1d6-d8b1-4bb2-8176-f620714e455e', success rate: 1/1.
[2026-08-30 10:02:08Z INFO JobServerQueue] Try to append 1 batches web console lines for record '2ac0e1d6-d8b1-4bb2-8176-f620714e455e', success rate: 1/1.
[2026-08-30 10:02:08Z INFO JobServerQueue] Try to append 1 batches web console lines for record '2ac0e1d6-d8b1-4bb2-8176-f620714e455e', success rate: 1/1.
[2026-08-30 10:02:09Z INFO JobServerQueue] Try to append 1 batches web console lines for record '2ac0e1d6-d8b1-4bb2-8176-f620714e455e', success rate: 1/1.
[2026-08-30 10:02:09Z INFO JobServerQueue] Try to append 1 batches web console lines for record '2ac0e1d6-d8b1-4bb2-8176-f620714e455e', success rate: 1/1.
[2026-08-30 10:02:10Z INFO JobServerQueue] Try to append 1 batches web console lines for record '2ac0e1d6-d8b1-4bb2-8176-f620714e455e', success rate: 1/1.
[2026-08-30 10:02:10Z INFO JobServerQueue] Try to append 1 batches web console lines for record '2ac0e1d6-d8b1-4bb2-8176-f620714e455e', success rate: 1/1.
[2026-08-30 10:02:11Z INFO JobServerQueue] Try to append 1 batches web console lines for record '2ac0e1d6-d8b1-4bb2-8176-f620714e455e', success rate: 1/1.
[2026-08-30 10:02:12Z INFO JobServerQueue] Try to append 1 batches web console lines for record '2ac0e1d6-d8b1-4bb2-8176-f620714e455e', success rate: 1/1.
[2026-08-30 10:02:12Z INFO JobServerQueue] Try to append 1 batches web console lines for record '2ac0e1d6-d8b1-4bb2-8176-f620714e455e', success rate: 1/1.
[2026-08-30 10:02:13Z INFO JobServerQueue] Try to append 1 batches web console lines for record '2ac0e1d6-d8b1-4bb2-8176-f620714e455e', success rate: 1/1.
[2026-08-30 10:02:13Z INFO HostContext] Well known directory 'Bin': 'C:\Users\krish\Documents\BITS\mlops-project\actions-runner\bin'
[2026-08-30 10:02:13Z INFO HostContext] Well known directory 'Root': 'C:\Users\krish\Documents\BITS\mlops-project\actions-runner'
[2026-08-30 10:02:13Z INFO HostContext] Well known directory 'Work': 'C:\Users\krish\Documents\BITS\mlops-project\actions-runner\_work'
[2026-08-30 10:02:14Z INFO JobServerQueue] Try to append 1 batches web console lines for record '2ac0e1d6-d8b1-4bb2-8176-f620714e455e', success rate: 1/1.
[2026-08-30 10:02:15Z INFO JobServerQueue] Try to append 1 batches web console lines for record '2ac0e1d6-d8b1-4bb2-8176-f620714e455e', success rate: 1/1.
[2026-08-30 10:02:16Z INFO JobServerQueue] Try to append 1 batches web console lines for record '2ac0e1d6-d8b1-4bb2-8176-f620714e455e', success rate: 1/1.
[2026-08-30 10:02:16Z INFO JobServerQueue] Try to append 1 batches web console lines for record '2ac0e1d6-d8b1-4bb2-8176-f620714e455e', success rate: 1/1.
[2026-08-30 10:02:17Z INFO JobServerQueue] Try to append 1 batches web console lines for record '2ac0e1d6-d8b1-4bb2-8176-f620714e455e', success rate: 1/1.
[2026-08-30 10:02:17Z INFO JobServerQueue] Try to append 1 batches web console lines for record '2ac0e1d6-d8b1-4bb2-8176-f620714e455e', success rate: 1/1.
[2026-08-30 10:02:18Z INFO JobServerQueue] Try to append 1 batches web console lines for record '2ac0e1d6-d8b1-4bb2-8176-f620714e455e', success rate: 1/1.
[2026-08-30 10:02:18Z INFO JobServerQueue] Try to append 1 batches web console lines for record '2ac0e1d6-d8b1-4bb2-8176-f620714e455e', success rate: 1/1.
[2026-08-30 10:02:20Z INFO JobServerQueue] Try to append 1 batches web console lines for record '2ac0e1d6-d8b1-4bb2-8176-f620714e455e', success rate: 1/1.
[2026-08-30 10:02:21Z INFO JobServerQueue] Try to append 1 batches web console lines for record '2ac0e1d6-d8b1-4bb2-8176-f620714e455e', success rate: 1/1.
[2026-08-30 10:02:21Z INFO JobServerQueue] Try to append 1 batches web console lines for record '2ac0e1d6-d8b1-4bb2-8176-f620714e455e', success rate: 1/1.
[2026-08-30 10:02:23Z INFO JobServerQueue] Try to append 1 batches web console lines for record '2ac0e1d6-d8b1-4bb2-8176-f620714e455e', success rate: 1/1.
[2026-08-30 10:02:23Z INFO HostContext] Well known directory 'Bin': 'C:\Users\krish\Documents\BITS\mlops-project\actions-runner\bin'
[2026-08-30 10:02:23Z INFO HostContext] Well known directory 'Root': 'C:\Users\krish\Documents\BITS\mlops-project\actions-runner'
[2026-08-30 10:02:23Z INFO HostContext] Well known directory 'Work': 'C:\Users\krish\Documents\BITS\mlops-project\actions-runner\_work'
[2026-08-30 10:02:24Z INFO JobServerQueue] Try to append 1 batches web console lines for record '2ac0e1d6-d8b1-4bb2-8176-f620714e455e', success rate: 1/1.
[2026-08-30 10:02:27Z INFO JobServerQueue] Try to append 1 batches web console lines for record '2ac0e1d6-d8b1-4bb2-8176-f620714e455e', success rate: 1/1.
[2026-08-30 10:02:28Z INFO JobServerQueue] Try to append 1 batches web console lines for record '2ac0e1d6-d8b1-4bb2-8176-f620714e455e', success rate: 1/1.
[2026-08-30 10:02:29Z INFO JobServerQueue] Try to append 1 batches web console lines for record '2ac0e1d6-d8b1-4bb2-8176-f620714e455e', success rate: 1/1.
[2026-08-30 10:02:29Z INFO JobServerQueue] Try to append 1 batches web console lines for record '2ac0e1d6-d8b1-4bb2-8176-f620714e455e', success rate: 1/1.
[2026-08-30 10:02:30Z INFO JobServerQueue] Try to append 1 batches web console lines for record '2ac0e1d6-d8b1-4bb2-8176-f620714e455e', success rate: 1/1.
[2026-08-30 10:02:30Z INFO JobServerQueue] Try to append 1 batches web console lines for record '2ac0e1d6-d8b1-4bb2-8176-f620714e455e', success rate: 1/1.
[2026-08-30 10:02:32Z INFO JobServerQueue] Try to append 1 batches web console lines for record '2ac0e1d6-d8b1-4bb2-8176-f620714e455e', success rate: 1/1.
[2026-08-30 10:02:32Z INFO JobServerQueue] Try to append 1 batches web console lines for record '2ac0e1d6-d8b1-4bb2-8176-f620714e455e', success rate: 1/1.
[2026-08-30 10:02:33Z INFO JobServerQueue] Try to append 1 batches web console lines for record '2ac0e1d6-d8b1-4bb2-8176-f620714e455e', success rate: 1/1.
[2026-08-30 10:02:33Z INFO HostContext] Well known directory 'Bin': 'C:\Users\krish\Documents\BITS\mlops-project\actions-runner\bin'
[2026-08-30 10:02:33Z INFO HostContext] Well known directory 'Root': 'C:\Users\krish\Documents\BITS\mlops-project\actions-runner'
[2026-08-30 10:02:33Z INFO HostContext] Well known directory 'Work': 'C:\Users\krish\Documents\BITS\mlops-project\actions-runner\_work'
[2026-08-30 10:02:34Z INFO JobServerQueue] Try to append 1 batches web console lines for record '2ac0e1d6-d8b1-4bb2-8176-f620714e455e', success rate: 1/1.
[2026-08-30 10:02:34Z INFO JobServerQueue] Try to append 1 batches web console lines for record '2ac0e1d6-d8b1-4bb2-8176-f620714e455e', success rate: 1/1.
[2026-08-30 10:02:35Z INFO JobServerQueue] Try to append 1 batches web console lines for record '2ac0e1d6-d8b1-4bb2-8176-f620714e455e', success rate: 1/1.
[2026-08-30 10:02:35Z INFO JobServerQueue] Try to append 1 batches web console lines for record '2ac0e1d6-d8b1-4bb2-8176-f620714e455e', success rate: 1/1.
[2026-08-30 10:02:36Z INFO JobServerQueue] Try to append 1 batches web console lines for record '2ac0e1d6-d8b1-4bb2-8176-f620714e455e', success rate: 1/1.
[2026-08-30 10:02:36Z INFO JobServerQueue] Try to append 1 batches web console lines for record '2ac0e1d6-d8b1-4bb2-8176-f620714e455e', success rate: 1/1.
[2026-08-30 10:02:37Z INFO JobServerQueue] Try to append 1 batches web console lines for record '2ac0e1d6-d8b1-4bb2-8176-f620714e455e', success rate: 1/1.
[2026-08-30 10:02:38Z INFO JobServerQueue] Try to append 1 batches web console lines for record '2ac0e1d6-d8b1-4bb2-8176-f620714e455e', success rate: 1/1.
[2026-08-30 10:02:39Z INFO JobServerQueue] Try to append 1 batches web console lines for record '2ac0e1d6-d8b1-4bb2-8176-f620714e455e', success rate: 1/1.
[2026-08-30 10:02:39Z INFO JobServerQueue] Try to append 1 batches web console lines for record '2ac0e1d6-d8b1-4bb2-8176-f620714e455e', success rate: 1/1.
[2026-08-30 10:02:40Z INFO JobServerQueue] Try to append 1 batches web console lines for record '2ac0e1d6-d8b1-4bb2-8176-f620714e455e', success rate: 1/1.
[2026-08-30 10:02:41Z INFO JobServerQueue] Try to append 1 batches web console lines for record '2ac0e1d6-d8b1-4bb2-8176-f620714e455e', success rate: 1/1.
[2026-08-30 10:02:42Z INFO JobServerQueue] Try to append 1 batches web console lines for record '2ac0e1d6-d8b1-4bb2-8176-f620714e455e', success rate: 1/1.
[2026-08-30 10:02:42Z INFO JobServerQueue] Try to append 1 batches web console lines for record '2ac0e1d6-d8b1-4bb2-8176-f620714e455e', success rate: 1/1.
[2026-08-30 10:02:43Z INFO JobServerQueue] Try to append 1 batches web console lines for record '2ac0e1d6-d8b1-4bb2-8176-f620714e455e', success rate: 1/1.
[2026-08-30 10:02:43Z INFO JobServerQueue] Try to append 1 batches web console lines for record '2ac0e1d6-d8b1-4bb2-8176-f620714e455e', success rate: 1/1.
[2026-08-30 10:02:43Z INFO HostContext] Well known directory 'Bin': 'C:\Users\krish\Documents\BITS\mlops-project\actions-runner\bin'
[2026-08-30 10:02:43Z INFO HostContext] Well known directory 'Root': 'C:\Users\krish\Documents\BITS\mlops-project\actions-runner'
[2026-08-30 10:02:43Z INFO HostContext] Well known directory 'Work': 'C:\Users\krish\Documents\BITS\mlops-project\actions-runner\_work'
[2026-08-30 10:02:44Z INFO JobServerQueue] Try to append 1 batches web console lines for record '2ac0e1d6-d8b1-4bb2-8176-f620714e455e', success rate: 1/1.
[2026-08-30 10:02:44Z INFO JobServerQueue] Try to append 1 batches web console lines for record '2ac0e1d6-d8b1-4bb2-8176-f620714e455e', success rate: 1/1.
[2026-08-30 10:02:45Z INFO JobServerQueue] Try to append 1 batches web console lines for record '2ac0e1d6-d8b1-4bb2-8176-f620714e455e', success rate: 1/1.
[2026-08-30 10:02:46Z INFO JobServerQueue] Try to append 1 batches web console lines for record '2ac0e1d6-d8b1-4bb2-8176-f620714e455e', success rate: 1/1.
[2026-08-30 10:02:47Z INFO JobServerQueue] Try to append 1 batches web console lines for record '2ac0e1d6-d8b1-4bb2-8176-f620714e455e', success rate: 1/1.
[2026-08-30 10:02:47Z INFO JobServerQueue] Try to append 1 batches web console lines for record '2ac0e1d6-d8b1-4bb2-8176-f620714e455e', success rate: 1/1.
[2026-08-30 10:02:48Z INFO JobServerQueue] Try to append 1 batches web console lines for record '2ac0e1d6-d8b1-4bb2-8176-f620714e455e', success rate: 1/1.
[2026-08-30 10:02:48Z INFO JobServerQueue] Try to append 1 batches web console lines for record '2ac0e1d6-d8b1-4bb2-8176-f620714e455e', success rate: 1/1.
[2026-08-30 10:02:49Z INFO JobServerQueue] Try to append 1 batches web console lines for record '2ac0e1d6-d8b1-4bb2-8176-f620714e455e', success rate: 1/1.
[2026-08-30 10:02:49Z INFO JobServerQueue] Try to append 1 batches web console lines for record '2ac0e1d6-d8b1-4bb2-8176-f620714e455e', success rate: 1/1.
[2026-08-30 10:02:50Z INFO JobServerQueue] Try to append 1 batches web console lines for record '2ac0e1d6-d8b1-4bb2-8176-f620714e455e', success rate: 1/1.
[2026-08-30 10:02:50Z INFO JobServerQueue] Try to append 1 batches web console lines for record '2ac0e1d6-d8b1-4bb2-8176-f620714e455e', success rate: 1/1.
[2026-08-30 10:02:51Z INFO JobServerQueue] Try to append 1 batches web console lines for record '2ac0e1d6-d8b1-4bb2-8176-f620714e455e', success rate: 1/1.
[2026-08-30 10:02:52Z INFO JobServerQueue] Try to append 1 batches web console lines for record '2ac0e1d6-d8b1-4bb2-8176-f620714e455e', success rate: 1/1.
[2026-08-30 10:02:52Z INFO JobServerQueue] Try to append 1 batches web console lines for record '2ac0e1d6-d8b1-4bb2-8176-f620714e455e', success rate: 1/1.
[2026-08-30 10:02:53Z INFO JobServerQueue] Try to append 1 batches web console lines for record '2ac0e1d6-d8b1-4bb2-8176-f620714e455e', success rate: 1/1.
[2026-08-30 10:02:53Z INFO JobServerQueue] Try to append 1 batches web console lines for record '2ac0e1d6-d8b1-4bb2-8176-f620714e455e', success rate: 1/1.
[2026-08-30 10:02:54Z INFO HostContext] Well known directory 'Bin': 'C:\Users\krish\Documents\BITS\mlops-project\actions-runner\bin'
[2026-08-30 10:02:54Z INFO HostContext] Well known directory 'Root': 'C:\Users\krish\Documents\BITS\mlops-project\actions-runner'
[2026-08-30 10:02:54Z INFO HostContext] Well known directory 'Work': 'C:\Users\krish\Documents\BITS\mlops-project\actions-runner\_work'
[2026-08-30 10:02:54Z INFO JobServerQueue] Try to append 1 batches web console lines for record '2ac0e1d6-d8b1-4bb2-8176-f620714e455e', success rate: 1/1.
[2026-08-30 10:02:54Z INFO JobServerQueue] Try to append 1 batches web console lines for record '2ac0e1d6-d8b1-4bb2-8176-f620714e455e', success rate: 1/1.
[2026-08-30 10:02:55Z INFO JobServerQueue] Try to append 1 batches web console lines for record '2ac0e1d6-d8b1-4bb2-8176-f620714e455e', success rate: 1/1.
[2026-08-30 10:02:55Z INFO JobServerQueue] Try to append 1 batches web console lines for record '2ac0e1d6-d8b1-4bb2-8176-f620714e455e', success rate: 1/1.
[2026-08-30 10:02:56Z INFO JobServerQueue] Try to append 1 batches web console lines for record '2ac0e1d6-d8b1-4bb2-8176-f620714e455e', success rate: 1/1.
[2026-08-30 10:02:57Z INFO JobServerQueue] Try to append 1 batches web console lines for record '2ac0e1d6-d8b1-4bb2-8176-f620714e455e', success rate: 1/1.
[2026-08-30 10:02:57Z INFO JobServerQueue] Try to append 1 batches web console lines for record '2ac0e1d6-d8b1-4bb2-8176-f620714e455e', success rate: 1/1.
[2026-08-30 10:02:58Z INFO JobServerQueue] Try to append 1 batches web console lines for record '2ac0e1d6-d8b1-4bb2-8176-f620714e455e', success rate: 1/1.
[2026-08-30 10:02:58Z INFO JobServerQueue] Try to append 1 batches web console lines for record '2ac0e1d6-d8b1-4bb2-8176-f620714e455e', success rate: 1/1.
[2026-08-30 10:02:59Z INFO JobServerQueue] Try to append 1 batches web console lines for record '2ac0e1d6-d8b1-4bb2-8176-f620714e455e', success rate: 1/1.
[2026-08-30 10:03:00Z INFO JobServerQueue] Try to append 1 batches web console lines for record '2ac0e1d6-d8b1-4bb2-8176-f620714e455e', success rate: 1/1.
[2026-08-30 10:03:02Z INFO JobServerQueue] Try to append 1 batches web console lines for record '2ac0e1d6-d8b1-4bb2-8176-f620714e455e', success rate: 1/1.
[2026-08-30 10:03:03Z INFO JobServerQueue] Try to append 1 batches web console lines for record '2ac0e1d6-d8b1-4bb2-8176-f620714e455e', success rate: 1/1.
[2026-08-30 10:03:04Z INFO HostContext] Well known directory 'Bin': 'C:\Users\krish\Documents\BITS\mlops-project\actions-runner\bin'
[2026-08-30 10:03:04Z INFO HostContext] Well known directory 'Root': 'C:\Users\krish\Documents\BITS\mlops-project\actions-runner'
[2026-08-30 10:03:04Z INFO HostContext] Well known directory 'Work': 'C:\Users\krish\Documents\BITS\mlops-project\actions-runner\_work'
[2026-08-30 10:03:04Z INFO JobServerQueue] Try to append 1 batches web console lines for record '2ac0e1d6-d8b1-4bb2-8176-f620714e455e', success rate: 1/1.
[2026-08-30 10:03:04Z INFO JobServerQueue] Try to append 1 batches web console lines for record '2ac0e1d6-d8b1-4bb2-8176-f620714e455e', success rate: 1/1.
[2026-08-30 10:03:05Z INFO JobServerQueue] Try to append 1 batches web console lines for record '2ac0e1d6-d8b1-4bb2-8176-f620714e455e', success rate: 1/1.
[2026-08-30 10:03:06Z INFO JobServerQueue] Try to append 1 batches web console lines for record '2ac0e1d6-d8b1-4bb2-8176-f620714e455e', success rate: 1/1.
[2026-08-30 10:03:06Z INFO JobServerQueue] Try to append 1 batches web console lines for record '2ac0e1d6-d8b1-4bb2-8176-f620714e455e', success rate: 1/1.
[2026-08-30 10:03:07Z INFO JobServerQueue] Try to append 1 batches web console lines for record '2ac0e1d6-d8b1-4bb2-8176-f620714e455e', success rate: 1/1.
[2026-08-30 10:03:07Z INFO JobServerQueue] Try to append 1 batches web console lines for record '2ac0e1d6-d8b1-4bb2-8176-f620714e455e', success rate: 1/1.
[2026-08-30 10:03:08Z INFO JobServerQueue] Try to append 1 batches web console lines for record '2ac0e1d6-d8b1-4bb2-8176-f620714e455e', success rate: 1/1.
[2026-08-30 10:03:08Z INFO JobServerQueue] Try to append 1 batches web console lines for record '2ac0e1d6-d8b1-4bb2-8176-f620714e455e', success rate: 1/1.
[2026-08-30 10:03:09Z INFO JobServerQueue] Try to append 1 batches web console lines for record '2ac0e1d6-d8b1-4bb2-8176-f620714e455e', success rate: 1/1.
[2026-08-30 10:03:09Z INFO JobServerQueue] Try to append 1 batches web console lines for record '2ac0e1d6-d8b1-4bb2-8176-f620714e455e', success rate: 1/1.
[2026-08-30 10:03:10Z INFO JobServerQueue] Try to append 1 batches web console lines for record '2ac0e1d6-d8b1-4bb2-8176-f620714e455e', success rate: 1/1.
[2026-08-30 10:03:10Z INFO JobServerQueue] Try to append 1 batches web console lines for record '2ac0e1d6-d8b1-4bb2-8176-f620714e455e', success rate: 1/1.
[2026-08-30 10:03:11Z INFO JobServerQueue] Try to append 1 batches web console lines for record '2ac0e1d6-d8b1-4bb2-8176-f620714e455e', success rate: 1/1.
[2026-08-30 10:03:11Z INFO JobServerQueue] Try to append 1 batches web console lines for record '2ac0e1d6-d8b1-4bb2-8176-f620714e455e', success rate: 1/1.
[2026-08-30 10:03:12Z INFO JobServerQueue] Try to append 1 batches web console lines for record '2ac0e1d6-d8b1-4bb2-8176-f620714e455e', success rate: 1/1.
[2026-08-30 10:03:13Z INFO JobServerQueue] Try to append 1 batches web console lines for record '2ac0e1d6-d8b1-4bb2-8176-f620714e455e', success rate: 1/1.
[2026-08-30 10:03:13Z INFO JobServerQueue] Try to append 1 batches web console lines for record '2ac0e1d6-d8b1-4bb2-8176-f620714e455e', success rate: 1/1.
[2026-08-30 10:03:14Z INFO HostContext] Well known directory 'Bin': 'C:\Users\krish\Documents\BITS\mlops-project\actions-runner\bin'
[2026-08-30 10:03:14Z INFO HostContext] Well known directory 'Root': 'C:\Users\krish\Documents\BITS\mlops-project\actions-runner'
[2026-08-30 10:03:14Z INFO HostContext] Well known directory 'Work': 'C:\Users\krish\Documents\BITS\mlops-project\actions-runner\_work'
[2026-08-30 10:03:14Z INFO JobServerQueue] Try to append 1 batches web console lines for record '2ac0e1d6-d8b1-4bb2-8176-f620714e455e', success rate: 1/1.
[2026-08-30 10:03:15Z INFO JobServerQueue] Try to append 1 batches web console lines for record '2ac0e1d6-d8b1-4bb2-8176-f620714e455e', success rate: 1/1.
[2026-08-30 10:03:16Z INFO JobServerQueue] Try to append 1 batches web console lines for record '2ac0e1d6-d8b1-4bb2-8176-f620714e455e', success rate: 1/1.
[2026-08-30 10:03:16Z INFO JobServerQueue] Try to append 1 batches web console lines for record '2ac0e1d6-d8b1-4bb2-8176-f620714e455e', success rate: 1/1.
[2026-08-30 10:03:18Z INFO JobServerQueue] Try to append 1 batches web console lines for record '2ac0e1d6-d8b1-4bb2-8176-f620714e455e', success rate: 1/1.
[2026-08-30 10:03:19Z INFO JobServerQueue] Try to append 1 batches web console lines for record '2ac0e1d6-d8b1-4bb2-8176-f620714e455e', success rate: 1/1.
[2026-08-30 10:03:19Z INFO JobServerQueue] Try to append 1 batches web console lines for record '2ac0e1d6-d8b1-4bb2-8176-f620714e455e', success rate: 1/1.
[2026-08-30 10:03:20Z INFO JobServerQueue] Try to append 1 batches web console lines for record '2ac0e1d6-d8b1-4bb2-8176-f620714e455e', success rate: 1/1.
[2026-08-30 10:03:22Z INFO JobServerQueue] Try to append 1 batches web console lines for record '2ac0e1d6-d8b1-4bb2-8176-f620714e455e', success rate: 1/1.
[2026-08-30 10:03:22Z INFO JobServerQueue] Try to append 1 batches web console lines for record '2ac0e1d6-d8b1-4bb2-8176-f620714e455e', success rate: 1/1.
[2026-08-30 10:03:23Z INFO JobServerQueue] Try to append 1 batches web console lines for record '2ac0e1d6-d8b1-4bb2-8176-f620714e455e', success rate: 1/1.
[2026-08-30 10:03:24Z INFO HostContext] Well known directory 'Bin': 'C:\Users\krish\Documents\BITS\mlops-project\actions-runner\bin'
[2026-08-30 10:03:24Z INFO HostContext] Well known directory 'Root': 'C:\Users\krish\Documents\BITS\mlops-project\actions-runner'
[2026-08-30 10:03:24Z INFO HostContext] Well known directory 'Work': 'C:\Users\krish\Documents\BITS\mlops-project\actions-runner\_work'
[2026-08-30 10:03:24Z INFO JobServerQueue] Try to append 1 batches web console lines for record '2ac0e1d6-d8b1-4bb2-8176-f620714e455e', success rate: 1/1.
[2026-08-30 10:03:25Z INFO JobServerQueue] Try to append 1 batches web console lines for record '2ac0e1d6-d8b1-4bb2-8176-f620714e455e', success rate: 1/1.
[2026-08-30 10:03:26Z INFO JobServerQueue] Try to append 1 batches web console lines for record '2ac0e1d6-d8b1-4bb2-8176-f620714e455e', success rate: 1/1.
[2026-08-30 10:03:28Z INFO JobServerQueue] Try to append 1 batches web console lines for record '2ac0e1d6-d8b1-4bb2-8176-f620714e455e', success rate: 1/1.
[2026-08-30 10:03:28Z INFO JobServerQueue] Try to append 1 batches web console lines for record '2ac0e1d6-d8b1-4bb2-8176-f620714e455e', success rate: 1/1.
[2026-08-30 10:03:29Z INFO JobServerQueue] Try to append 1 batches web console lines for record '2ac0e1d6-d8b1-4bb2-8176-f620714e455e', success rate: 1/1.
[2026-08-30 10:03:29Z INFO JobServerQueue] Try to append 1 batches web console lines for record '2ac0e1d6-d8b1-4bb2-8176-f620714e455e', success rate: 1/1.
[2026-08-30 10:03:30Z INFO JobServerQueue] Try to append 1 batches web console lines for record '2ac0e1d6-d8b1-4bb2-8176-f620714e455e', success rate: 1/1.
[2026-08-30 10:03:30Z INFO JobServerQueue] Try to append 1 batches web console lines for record '2ac0e1d6-d8b1-4bb2-8176-f620714e455e', success rate: 1/1.
[2026-08-30 10:03:31Z INFO JobServerQueue] Try to append 1 batches web console lines for record '2ac0e1d6-d8b1-4bb2-8176-f620714e455e', success rate: 1/1.
[2026-08-30 10:03:32Z INFO JobServerQueue] Try to append 1 batches web console lines for record '2ac0e1d6-d8b1-4bb2-8176-f620714e455e', success rate: 1/1.
[2026-08-30 10:03:32Z INFO JobServerQueue] Try to append 1 batches web console lines for record '2ac0e1d6-d8b1-4bb2-8176-f620714e455e', success rate: 1/1.
[2026-08-30 10:03:33Z INFO JobServerQueue] Try to append 1 batches web console lines for record '2ac0e1d6-d8b1-4bb2-8176-f620714e455e', success rate: 1/1.
[2026-08-30 10:03:33Z INFO JobServerQueue] Try to append 1 batches web console lines for record '2ac0e1d6-d8b1-4bb2-8176-f620714e455e', success rate: 1/1.
[2026-08-30 10:03:34Z INFO HostContext] Well known directory 'Bin': 'C:\Users\krish\Documents\BITS\mlops-project\actions-runner\bin'
[2026-08-30 10:03:34Z INFO HostContext] Well known directory 'Root': 'C:\Users\krish\Documents\BITS\mlops-project\actions-runner'
[2026-08-30 10:03:34Z INFO HostContext] Well known directory 'Work': 'C:\Users\krish\Documents\BITS\mlops-project\actions-runner\_work'
[2026-08-30 10:03:34Z INFO JobServerQueue] Try to append 1 batches web console lines for record '2ac0e1d6-d8b1-4bb2-8176-f620714e455e', success rate: 1/1.
[2026-08-30 10:03:34Z INFO JobServerQueue] Try to append 1 batches web console lines for record '2ac0e1d6-d8b1-4bb2-8176-f620714e455e', success rate: 1/1.
[2026-08-30 10:03:35Z INFO JobServerQueue] Try to append 1 batches web console lines for record '2ac0e1d6-d8b1-4bb2-8176-f620714e455e', success rate: 1/1.
[2026-08-30 10:03:35Z INFO JobServerQueue] Try to append 1 batches web console lines for record '2ac0e1d6-d8b1-4bb2-8176-f620714e455e', success rate: 1/1.
[2026-08-30 10:03:36Z INFO JobServerQueue] Try to append 1 batches web console lines for record '2ac0e1d6-d8b1-4bb2-8176-f620714e455e', success rate: 1/1.
[2026-08-30 10:03:37Z INFO JobServerQueue] Try to append 1 batches web console lines for record '2ac0e1d6-d8b1-4bb2-8176-f620714e455e', success rate: 1/1.
[2026-08-30 10:03:37Z INFO JobServerQueue] Try to append 1 batches web console lines for record '2ac0e1d6-d8b1-4bb2-8176-f620714e455e', success rate: 1/1.
[2026-08-30 10:03:38Z INFO JobServerQueue] Try to append 1 batches web console lines for record '2ac0e1d6-d8b1-4bb2-8176-f620714e455e', success rate: 1/1.
[2026-08-30 10:03:38Z INFO JobServerQueue] Try to append 1 batches web console lines for record '2ac0e1d6-d8b1-4bb2-8176-f620714e455e', success rate: 1/1.
[2026-08-30 10:03:39Z INFO JobServerQueue] Try to append 1 batches web console lines for record '2ac0e1d6-d8b1-4bb2-8176-f620714e455e', success rate: 1/1.
[2026-08-30 10:03:39Z INFO JobServerQueue] Try to append 1 batches web console lines for record '2ac0e1d6-d8b1-4bb2-8176-f620714e455e', success rate: 1/1.
[2026-08-30 10:03:40Z INFO JobServerQueue] Try to append 1 batches web console lines for record '2ac0e1d6-d8b1-4bb2-8176-f620714e455e', success rate: 1/1.
[2026-08-30 10:03:41Z INFO JobServerQueue] Try to append 1 batches web console lines for record '2ac0e1d6-d8b1-4bb2-8176-f620714e455e', success rate: 1/1.
[2026-08-30 10:03:41Z INFO JobServerQueue] Try to append 1 batches web console lines for record '2ac0e1d6-d8b1-4bb2-8176-f620714e455e', success rate: 1/1.
[2026-08-30 10:03:42Z INFO JobServerQueue] Try to append 1 batches web console lines for record '2ac0e1d6-d8b1-4bb2-8176-f620714e455e', success rate: 1/1.
[2026-08-30 10:03:42Z INFO JobServerQueue] Try to append 1 batches web console lines for record '2ac0e1d6-d8b1-4bb2-8176-f620714e455e', success rate: 1/1.
[2026-08-30 10:03:43Z INFO JobServerQueue] Try to append 1 batches web console lines for record '2ac0e1d6-d8b1-4bb2-8176-f620714e455e', success rate: 1/1.
[2026-08-30 10:03:43Z INFO JobServerQueue] Try to append 1 batches web console lines for record '2ac0e1d6-d8b1-4bb2-8176-f620714e455e', success rate: 1/1.
[2026-08-30 10:03:44Z INFO HostContext] Well known directory 'Bin': 'C:\Users\krish\Documents\BITS\mlops-project\actions-runner\bin'
[2026-08-30 10:03:44Z INFO HostContext] Well known directory 'Root': 'C:\Users\krish\Documents\BITS\mlops-project\actions-runner'
[2026-08-30 10:03:44Z INFO HostContext] Well known directory 'Work': 'C:\Users\krish\Documents\BITS\mlops-project\actions-runner\_work'
[2026-08-30 10:03:44Z INFO JobServerQueue] Try to append 1 batches web console lines for record '2ac0e1d6-d8b1-4bb2-8176-f620714e455e', success rate: 1/1.
[2026-08-30 10:03:44Z INFO JobServerQueue] Try to append 1 batches web console lines for record '2ac0e1d6-d8b1-4bb2-8176-f620714e455e', success rate: 1/1.
[2026-08-30 10:03:45Z INFO JobServerQueue] Try to append 1 batches web console lines for record '2ac0e1d6-d8b1-4bb2-8176-f620714e455e', success rate: 1/1.
[2026-08-30 10:03:46Z INFO JobServerQueue] Try to append 1 batches web console lines for record '2ac0e1d6-d8b1-4bb2-8176-f620714e455e', success rate: 1/1.
[2026-08-30 10:03:46Z INFO JobServerQueue] Try to append 1 batches web console lines for record '2ac0e1d6-d8b1-4bb2-8176-f620714e455e', success rate: 1/1.
[2026-08-30 10:03:47Z INFO JobServerQueue] Try to append 1 batches web console lines for record '2ac0e1d6-d8b1-4bb2-8176-f620714e455e', success rate: 1/1.
[2026-08-30 10:03:48Z INFO JobServerQueue] Try to append 1 batches web console lines for record '2ac0e1d6-d8b1-4bb2-8176-f620714e455e', success rate: 1/1.
[2026-08-30 10:03:48Z INFO JobServerQueue] Try to append 1 batches web console lines for record '2ac0e1d6-d8b1-4bb2-8176-f620714e455e', success rate: 1/1.
[2026-08-30 10:03:49Z INFO JobServerQueue] Try to append 1 batches web console lines for record '2ac0e1d6-d8b1-4bb2-8176-f620714e455e', success rate: 1/1.
[2026-08-30 10:03:50Z INFO JobServerQueue] Try to append 1 batches web console lines for record '2ac0e1d6-d8b1-4bb2-8176-f620714e455e', success rate: 1/1.
[2026-08-30 10:03:50Z INFO JobServerQueue] Try to append 1 batches web console lines for record '2ac0e1d6-d8b1-4bb2-8176-f620714e455e', success rate: 1/1.
[2026-08-30 10:03:51Z INFO JobServerQueue] Try to append 1 batches web console lines for record '2ac0e1d6-d8b1-4bb2-8176-f620714e455e', success rate: 1/1.
[2026-08-30 10:03:51Z INFO JobServerQueue] Try to append 1 batches web console lines for record '2ac0e1d6-d8b1-4bb2-8176-f620714e455e', success rate: 1/1.
[2026-08-30 10:03:52Z INFO JobServerQueue] Try to append 1 batches web console lines for record '2ac0e1d6-d8b1-4bb2-8176-f620714e455e', success rate: 1/1.
[2026-08-30 10:03:52Z INFO JobServerQueue] Try to append 1 batches web console lines for record '2ac0e1d6-d8b1-4bb2-8176-f620714e455e', success rate: 1/1.
[2026-08-30 10:03:53Z INFO JobServerQueue] Try to append 1 batches web console lines for record '2ac0e1d6-d8b1-4bb2-8176-f620714e455e', success rate: 1/1.
[2026-08-30 10:03:53Z INFO JobServerQueue] Try to append 1 batches web console lines for record '2ac0e1d6-d8b1-4bb2-8176-f620714e455e', success rate: 1/1.
[2026-08-30 10:03:54Z INFO HostContext] Well known directory 'Bin': 'C:\Users\krish\Documents\BITS\mlops-project\actions-runner\bin'
[2026-08-30 10:03:54Z INFO HostContext] Well known directory 'Root': 'C:\Users\krish\Documents\BITS\mlops-project\actions-runner'
[2026-08-30 10:03:54Z INFO HostContext] Well known directory 'Work': 'C:\Users\krish\Documents\BITS\mlops-project\actions-runner\_work'
[2026-08-30 10:03:54Z INFO JobServerQueue] Try to append 1 batches web console lines for record '2ac0e1d6-d8b1-4bb2-8176-f620714e455e', success rate: 1/1.
[2026-08-30 10:03:54Z INFO JobServerQueue] Try to append 1 batches web console lines for record '2ac0e1d6-d8b1-4bb2-8176-f620714e455e', success rate: 1/1.
[2026-08-30 10:03:55Z INFO JobServerQueue] Try to append 1 batches web console lines for record '2ac0e1d6-d8b1-4bb2-8176-f620714e455e', success rate: 1/1.
[2026-08-30 10:03:55Z INFO JobServerQueue] Try to append 1 batches web console lines for record '2ac0e1d6-d8b1-4bb2-8176-f620714e455e', success rate: 1/1.
[2026-08-30 10:03:56Z INFO JobServerQueue] Try to append 1 batches web console lines for record '2ac0e1d6-d8b1-4bb2-8176-f620714e455e', success rate: 1/1.
[2026-08-30 10:03:57Z INFO JobServerQueue] Try to append 1 batches web console lines for record '2ac0e1d6-d8b1-4bb2-8176-f620714e455e', success rate: 1/1.
[2026-08-30 10:03:57Z INFO JobServerQueue] Try to append 1 batches web console lines for record '2ac0e1d6-d8b1-4bb2-8176-f620714e455e', success rate: 1/1.
[2026-08-30 10:03:58Z INFO JobServerQueue] Try to append 1 batches web console lines for record '2ac0e1d6-d8b1-4bb2-8176-f620714e455e', success rate: 1/1.
[2026-08-30 10:03:58Z INFO JobServerQueue] Try to append 1 batches web console lines for record '2ac0e1d6-d8b1-4bb2-8176-f620714e455e', success rate: 1/1.
[2026-08-30 10:03:59Z INFO JobServerQueue] Try to append 1 batches web console lines for record '2ac0e1d6-d8b1-4bb2-8176-f620714e455e', success rate: 1/1.
[2026-08-30 10:04:00Z INFO JobServerQueue] Try to append 1 batches web console lines for record '2ac0e1d6-d8b1-4bb2-8176-f620714e455e', success rate: 1/1.
[2026-08-30 10:04:00Z INFO JobServerQueue] Try to append 1 batches web console lines for record '2ac0e1d6-d8b1-4bb2-8176-f620714e455e', success rate: 1/1.
[2026-08-30 10:04:01Z INFO JobServerQueue] Try to append 1 batches web console lines for record '2ac0e1d6-d8b1-4bb2-8176-f620714e455e', success rate: 1/1.
[2026-08-30 10:04:01Z INFO JobServerQueue] Try to append 1 batches web console lines for record '2ac0e1d6-d8b1-4bb2-8176-f620714e455e', success rate: 1/1.
[2026-08-30 10:04:02Z INFO JobServerQueue] Try to append 1 batches web console lines for record '2ac0e1d6-d8b1-4bb2-8176-f620714e455e', success rate: 1/1.
[2026-08-30 10:04:03Z INFO JobServerQueue] Try to append 1 batches web console lines for record '2ac0e1d6-d8b1-4bb2-8176-f620714e455e', success rate: 1/1.
[2026-08-30 10:04:03Z INFO JobServerQueue] Try to append 1 batches web console lines for record '2ac0e1d6-d8b1-4bb2-8176-f620714e455e', success rate: 1/1.
[2026-08-30 10:04:04Z INFO HostContext] Well known directory 'Bin': 'C:\Users\krish\Documents\BITS\mlops-project\actions-runner\bin'
[2026-08-30 10:04:04Z INFO HostContext] Well known directory 'Root': 'C:\Users\krish\Documents\BITS\mlops-project\actions-runner'
[2026-08-30 10:04:04Z INFO HostContext] Well known directory 'Work': 'C:\Users\krish\Documents\BITS\mlops-project\actions-runner\_work'
[2026-08-30 10:04:04Z INFO JobServerQueue] Try to append 1 batches web console lines for record '2ac0e1d6-d8b1-4bb2-8176-f620714e455e', success rate: 1/1.
[2026-08-30 10:04:04Z INFO JobServerQueue] Try to append 1 batches web console lines for record '2ac0e1d6-d8b1-4bb2-8176-f620714e455e', success rate: 1/1.
[2026-08-30 10:04:05Z INFO JobServerQueue] Try to append 1 batches web console lines for record '2ac0e1d6-d8b1-4bb2-8176-f620714e455e', success rate: 1/1.
[2026-08-30 10:04:06Z INFO JobServerQueue] Try to append 1 batches web console lines for record '2ac0e1d6-d8b1-4bb2-8176-f620714e455e', success rate: 1/1.
[2026-08-30 10:04:06Z INFO JobServerQueue] Try to append 1 batches web console lines for record '2ac0e1d6-d8b1-4bb2-8176-f620714e455e', success rate: 1/1.
[2026-08-30 10:04:07Z INFO JobServerQueue] Try to append 1 batches web console lines for record '2ac0e1d6-d8b1-4bb2-8176-f620714e455e', success rate: 1/1.
[2026-08-30 10:04:08Z INFO JobServerQueue] Try to append 1 batches web console lines for record '2ac0e1d6-d8b1-4bb2-8176-f620714e455e', success rate: 1/1.
[2026-08-30 10:04:09Z INFO JobServerQueue] Try to append 1 batches web console lines for record '2ac0e1d6-d8b1-4bb2-8176-f620714e455e', success rate: 1/1.
[2026-08-30 10:04:09Z INFO JobServerQueue] Try to append 1 batches web console lines for record '2ac0e1d6-d8b1-4bb2-8176-f620714e455e', success rate: 1/1.
[2026-08-30 10:04:10Z INFO JobServerQueue] Try to append 1 batches web console lines for record '2ac0e1d6-d8b1-4bb2-8176-f620714e455e', success rate: 1/1.
[2026-08-30 10:04:10Z INFO JobServerQueue] Try to append 1 batches web console lines for record '2ac0e1d6-d8b1-4bb2-8176-f620714e455e', success rate: 1/1.
[2026-08-30 10:04:11Z INFO JobServerQueue] Try to append 1 batches web console lines for record '2ac0e1d6-d8b1-4bb2-8176-f620714e455e', success rate: 1/1.
[2026-08-30 10:04:12Z INFO JobServerQueue] Try to append 1 batches web console lines for record '2ac0e1d6-d8b1-4bb2-8176-f620714e455e', success rate: 1/1.
[2026-08-30 10:04:12Z INFO JobServerQueue] Try to append 1 batches web console lines for record '2ac0e1d6-d8b1-4bb2-8176-f620714e455e', success rate: 1/1.
[2026-08-30 10:04:13Z INFO JobServerQueue] Try to append 1 batches web console lines for record '2ac0e1d6-d8b1-4bb2-8176-f620714e455e', success rate: 1/1.
[2026-08-30 10:04:13Z INFO JobServerQueue] Try to append 1 batches web console lines for record '2ac0e1d6-d8b1-4bb2-8176-f620714e455e', success rate: 1/1.
[2026-08-30 10:04:14Z INFO HostContext] Well known directory 'Bin': 'C:\Users\krish\Documents\BITS\mlops-project\actions-runner\bin'
[2026-08-30 10:04:14Z INFO HostContext] Well known directory 'Root': 'C:\Users\krish\Documents\BITS\mlops-project\actions-runner'
[2026-08-30 10:04:14Z INFO HostContext] Well known directory 'Work': 'C:\Users\krish\Documents\BITS\mlops-project\actions-runner\_work'
[2026-08-30 10:04:14Z INFO JobServerQueue] Try to append 1 batches web console lines for record '2ac0e1d6-d8b1-4bb2-8176-f620714e455e', success rate: 1/1.
[2026-08-30 10:04:15Z INFO JobServerQueue] Try to append 1 batches web console lines for record '2ac0e1d6-d8b1-4bb2-8176-f620714e455e', success rate: 1/1.
[2026-08-30 10:04:16Z INFO JobServerQueue] Try to append 1 batches web console lines for record '2ac0e1d6-d8b1-4bb2-8176-f620714e455e', success rate: 1/1.
[2026-08-30 10:04:17Z INFO JobServerQueue] Try to append 1 batches web console lines for record '2ac0e1d6-d8b1-4bb2-8176-f620714e455e', success rate: 1/1.
[2026-08-30 10:04:17Z INFO JobServerQueue] Try to append 1 batches web console lines for record '2ac0e1d6-d8b1-4bb2-8176-f620714e455e', success rate: 1/1.
[2026-08-30 10:04:18Z INFO JobServerQueue] Try to append 1 batches web console lines for record '2ac0e1d6-d8b1-4bb2-8176-f620714e455e', success rate: 1/1.
[2026-08-30 10:04:19Z INFO JobServerQueue] Try to append 1 batches web console lines for record '2ac0e1d6-d8b1-4bb2-8176-f620714e455e', success rate: 1/1.
[2026-08-30 10:04:19Z INFO JobServerQueue] Try to append 1 batches web console lines for record '2ac0e1d6-d8b1-4bb2-8176-f620714e455e', success rate: 1/1.
[2026-08-30 10:04:20Z INFO JobServerQueue] Try to append 1 batches web console lines for record '2ac0e1d6-d8b1-4bb2-8176-f620714e455e', success rate: 1/1.
[2026-08-30 10:04:21Z INFO JobServerQueue] Try to append 1 batches web console lines for record '2ac0e1d6-d8b1-4bb2-8176-f620714e455e', success rate: 1/1.
[2026-08-30 10:04:21Z INFO JobServerQueue] Try to append 1 batches web console lines for record '2ac0e1d6-d8b1-4bb2-8176-f620714e455e', success rate: 1/1.
[2026-08-30 10:04:22Z INFO JobServerQueue] Try to append 1 batches web console lines for record '2ac0e1d6-d8b1-4bb2-8176-f620714e455e', success rate: 1/1.
[2026-08-30 10:04:23Z INFO JobServerQueue] Try to append 1 batches web console lines for record '2ac0e1d6-d8b1-4bb2-8176-f620714e455e', success rate: 1/1.
[2026-08-30 10:04:23Z INFO JobServerQueue] Try to append 1 batches web console lines for record '2ac0e1d6-d8b1-4bb2-8176-f620714e455e', success rate: 1/1.
[2026-08-30 10:04:24Z INFO JobServerQueue] Try to append 1 batches web console lines for record '2ac0e1d6-d8b1-4bb2-8176-f620714e455e', success rate: 1/1.
[2026-08-30 10:04:24Z INFO HostContext] Well known directory 'Bin': 'C:\Users\krish\Documents\BITS\mlops-project\actions-runner\bin'
[2026-08-30 10:04:24Z INFO HostContext] Well known directory 'Root': 'C:\Users\krish\Documents\BITS\mlops-project\actions-runner'
[2026-08-30 10:04:24Z INFO HostContext] Well known directory 'Work': 'C:\Users\krish\Documents\BITS\mlops-project\actions-runner\_work'
[2026-08-30 10:04:26Z INFO JobServerQueue] Try to append 1 batches web console lines for record '2ac0e1d6-d8b1-4bb2-8176-f620714e455e', success rate: 1/1.
[2026-08-30 10:04:26Z INFO JobServerQueue] Try to append 1 batches web console lines for record '2ac0e1d6-d8b1-4bb2-8176-f620714e455e', success rate: 1/1.
[2026-08-30 10:04:27Z INFO JobServerQueue] Try to append 1 batches web console lines for record '2ac0e1d6-d8b1-4bb2-8176-f620714e455e', success rate: 1/1.
[2026-08-30 10:04:27Z INFO JobServerQueue] Try to append 1 batches web console lines for record '2ac0e1d6-d8b1-4bb2-8176-f620714e455e', success rate: 1/1.
[2026-08-30 10:04:28Z INFO JobServerQueue] Try to append 1 batches web console lines for record '2ac0e1d6-d8b1-4bb2-8176-f620714e455e', success rate: 1/1.
[2026-08-30 10:04:29Z INFO JobServerQueue] Try to append 1 batches web console lines for record '2ac0e1d6-d8b1-4bb2-8176-f620714e455e', success rate: 1/1.
[2026-08-30 10:04:29Z INFO JobServerQueue] Try to append 1 batches web console lines for record '2ac0e1d6-d8b1-4bb2-8176-f620714e455e', success rate: 1/1.
[2026-08-30 10:04:30Z INFO JobServerQueue] Try to append 1 batches web console lines for record '2ac0e1d6-d8b1-4bb2-8176-f620714e455e', success rate: 1/1.
[2026-08-30 10:04:30Z INFO JobServerQueue] Try to append 1 batches web console lines for record '2ac0e1d6-d8b1-4bb2-8176-f620714e455e', success rate: 1/1.
[2026-08-30 10:04:31Z INFO JobServerQueue] Try to append 1 batches web console lines for record '2ac0e1d6-d8b1-4bb2-8176-f620714e455e', success rate: 1/1.
[2026-08-30 10:04:33Z INFO JobServerQueue] Try to append 1 batches web console lines for record '2ac0e1d6-d8b1-4bb2-8176-f620714e455e', success rate: 1/1.
[2026-08-30 10:04:34Z INFO JobServerQueue] Try to append 1 batches web console lines for record '2ac0e1d6-d8b1-4bb2-8176-f620714e455e', success rate: 1/1.
[2026-08-30 10:04:34Z INFO HostContext] Well known directory 'Bin': 'C:\Users\krish\Documents\BITS\mlops-project\actions-runner\bin'
[2026-08-30 10:04:34Z INFO HostContext] Well known directory 'Root': 'C:\Users\krish\Documents\BITS\mlops-project\actions-runner'
[2026-08-30 10:04:34Z INFO HostContext] Well known directory 'Work': 'C:\Users\krish\Documents\BITS\mlops-project\actions-runner\_work'
[2026-08-30 10:04:35Z INFO JobServerQueue] Try to append 1 batches web console lines for record '2ac0e1d6-d8b1-4bb2-8176-f620714e455e', success rate: 1/1.
[2026-08-30 10:04:35Z INFO JobServerQueue] Try to append 1 batches web console lines for record '2ac0e1d6-d8b1-4bb2-8176-f620714e455e', success rate: 1/1.
[2026-08-30 10:04:37Z INFO JobServerQueue] Try to append 1 batches web console lines for record '2ac0e1d6-d8b1-4bb2-8176-f620714e455e', success rate: 1/1.
[2026-08-30 10:04:39Z INFO JobServerQueue] Try to append 1 batches web console lines for record '2ac0e1d6-d8b1-4bb2-8176-f620714e455e', success rate: 1/1.
[2026-08-30 10:04:40Z INFO JobServerQueue] Try to append 1 batches web console lines for record '2ac0e1d6-d8b1-4bb2-8176-f620714e455e', success rate: 1/1.
[2026-08-30 10:04:40Z INFO JobServerQueue] Try to append 1 batches web console lines for record '2ac0e1d6-d8b1-4bb2-8176-f620714e455e', success rate: 1/1.
[2026-08-30 10:04:41Z INFO JobServerQueue] Try to append 1 batches web console lines for record '2ac0e1d6-d8b1-4bb2-8176-f620714e455e', success rate: 1/1.
[2026-08-30 10:04:42Z INFO JobServerQueue] Try to append 1 batches web console lines for record '2ac0e1d6-d8b1-4bb2-8176-f620714e455e', success rate: 1/1.
[2026-08-30 10:04:42Z INFO JobServerQueue] Try to append 1 batches web console lines for record '2ac0e1d6-d8b1-4bb2-8176-f620714e455e', success rate: 1/1.
[2026-08-30 10:04:43Z INFO JobServerQueue] Try to append 1 batches web console lines for record '2ac0e1d6-d8b1-4bb2-8176-f620714e455e', success rate: 1/1.
[2026-08-30 10:04:43Z INFO JobServerQueue] Try to append 1 batches web console lines for record '2ac0e1d6-d8b1-4bb2-8176-f620714e455e', success rate: 1/1.
[2026-08-30 10:04:44Z INFO JobServerQueue] Try to append 1 batches web console lines for record '2ac0e1d6-d8b1-4bb2-8176-f620714e455e', success rate: 1/1.
[2026-08-30 10:04:44Z INFO HostContext] Well known directory 'Bin': 'C:\Users\krish\Documents\BITS\mlops-project\actions-runner\bin'
[2026-08-30 10:04:44Z INFO HostContext] Well known directory 'Root': 'C:\Users\krish\Documents\BITS\mlops-project\actions-runner'
[2026-08-30 10:04:44Z INFO HostContext] Well known directory 'Work': 'C:\Users\krish\Documents\BITS\mlops-project\actions-runner\_work'
[2026-08-30 10:04:44Z INFO JobServerQueue] Try to append 1 batches web console lines for record '2ac0e1d6-d8b1-4bb2-8176-f620714e455e', success rate: 1/1.
[2026-08-30 10:04:45Z INFO JobServerQueue] Try to append 1 batches web console lines for record '2ac0e1d6-d8b1-4bb2-8176-f620714e455e', success rate: 1/1.
[2026-08-30 10:04:45Z INFO JobServerQueue] Try to append 1 batches web console lines for record '2ac0e1d6-d8b1-4bb2-8176-f620714e455e', success rate: 1/1.
[2026-08-30 10:04:46Z INFO JobServerQueue] Try to append 1 batches web console lines for record '2ac0e1d6-d8b1-4bb2-8176-f620714e455e', success rate: 1/1.
[2026-08-30 10:04:47Z INFO JobServerQueue] Try to append 1 batches web console lines for record '2ac0e1d6-d8b1-4bb2-8176-f620714e455e', success rate: 1/1.
[2026-08-30 10:04:47Z INFO JobServerQueue] Try to append 1 batches web console lines for record '2ac0e1d6-d8b1-4bb2-8176-f620714e455e', success rate: 1/1.
[2026-08-30 10:04:48Z INFO JobServerQueue] Try to append 1 batches web console lines for record '2ac0e1d6-d8b1-4bb2-8176-f620714e455e', success rate: 1/1.
[2026-08-30 10:04:48Z INFO JobServerQueue] Try to append 1 batches web console lines for record '2ac0e1d6-d8b1-4bb2-8176-f620714e455e', success rate: 1/1.
[2026-08-30 10:04:49Z INFO JobServerQueue] Try to append 1 batches web console lines for record '2ac0e1d6-d8b1-4bb2-8176-f620714e455e', success rate: 1/1.
[2026-08-30 10:04:49Z INFO JobServerQueue] Try to append 1 batches web console lines for record '2ac0e1d6-d8b1-4bb2-8176-f620714e455e', success rate: 1/1.
[2026-08-30 10:04:50Z INFO JobServerQueue] Try to append 1 batches web console lines for record '2ac0e1d6-d8b1-4bb2-8176-f620714e455e', success rate: 1/1.
[2026-08-30 10:04:51Z INFO JobServerQueue] Try to append 1 batches web console lines for record '2ac0e1d6-d8b1-4bb2-8176-f620714e455e', success rate: 1/1.
[2026-08-30 10:04:51Z INFO JobServerQueue] Try to append 1 batches web console lines for record '2ac0e1d6-d8b1-4bb2-8176-f620714e455e', success rate: 1/1.
[2026-08-30 10:04:52Z INFO JobServerQueue] Try to append 1 batches web console lines for record '2ac0e1d6-d8b1-4bb2-8176-f620714e455e', success rate: 1/1.
[2026-08-30 10:04:52Z INFO JobServerQueue] Try to append 1 batches web console lines for record '2ac0e1d6-d8b1-4bb2-8176-f620714e455e', success rate: 1/1.
[2026-08-30 10:04:53Z INFO JobServerQueue] Try to append 1 batches web console lines for record '2ac0e1d6-d8b1-4bb2-8176-f620714e455e', success rate: 1/1.
[2026-08-30 10:04:53Z INFO JobServerQueue] Try to append 1 batches web console lines for record '2ac0e1d6-d8b1-4bb2-8176-f620714e455e', success rate: 1/1.
[2026-08-30 10:04:54Z INFO JobServerQueue] Try to append 1 batches web console lines for record '2ac0e1d6-d8b1-4bb2-8176-f620714e455e', success rate: 1/1.
[2026-08-30 10:04:54Z INFO HostContext] Well known directory 'Bin': 'C:\Users\krish\Documents\BITS\mlops-project\actions-runner\bin'
[2026-08-30 10:04:54Z INFO HostContext] Well known directory 'Root': 'C:\Users\krish\Documents\BITS\mlops-project\actions-runner'
[2026-08-30 10:04:54Z INFO HostContext] Well known directory 'Work': 'C:\Users\krish\Documents\BITS\mlops-project\actions-runner\_work'
[2026-08-30 10:04:55Z INFO JobServerQueue] Try to append 1 batches web console lines for record '2ac0e1d6-d8b1-4bb2-8176-f620714e455e', success rate: 1/1.
[2026-08-30 10:04:55Z INFO JobServerQueue] Try to append 1 batches web console lines for record '2ac0e1d6-d8b1-4bb2-8176-f620714e455e', success rate: 1/1.
[2026-08-30 10:04:56Z INFO JobServerQueue] Try to append 1 batches web console lines for record '2ac0e1d6-d8b1-4bb2-8176-f620714e455e', success rate: 1/1.
[2026-08-30 10:04:56Z INFO JobServerQueue] Try to append 1 batches web console lines for record '2ac0e1d6-d8b1-4bb2-8176-f620714e455e', success rate: 1/1.
[2026-08-30 10:04:57Z INFO JobServerQueue] Try to append 1 batches web console lines for record '2ac0e1d6-d8b1-4bb2-8176-f620714e455e', success rate: 1/1.
[2026-08-30 10:04:57Z INFO JobServerQueue] Try to append 1 batches web console lines for record '2ac0e1d6-d8b1-4bb2-8176-f620714e455e', success rate: 1/1.
[2026-08-30 10:04:58Z INFO JobServerQueue] Try to append 1 batches web console lines for record '2ac0e1d6-d8b1-4bb2-8176-f620714e455e', success rate: 1/1.
[2026-08-30 10:04:59Z INFO JobServerQueue] Try to append 1 batches web console lines for record '2ac0e1d6-d8b1-4bb2-8176-f620714e455e', success rate: 1/1.
[2026-08-30 10:04:59Z INFO JobServerQueue] Try to append 1 batches web console lines for record '2ac0e1d6-d8b1-4bb2-8176-f620714e455e', success rate: 1/1.
[2026-08-30 10:05:00Z INFO JobServerQueue] Try to append 1 batches web console lines for record '2ac0e1d6-d8b1-4bb2-8176-f620714e455e', success rate: 1/1.
[2026-08-30 10:05:00Z INFO JobServerQueue] Try to append 1 batches web console lines for record '2ac0e1d6-d8b1-4bb2-8176-f620714e455e', success rate: 1/1.
[2026-08-30 10:05:01Z INFO JobServerQueue] Try to append 1 batches web console lines for record '2ac0e1d6-d8b1-4bb2-8176-f620714e455e', success rate: 1/1.
[2026-08-30 10:05:02Z INFO JobServerQueue] Try to append 1 batches web console lines for record '2ac0e1d6-d8b1-4bb2-8176-f620714e455e', success rate: 1/1.
[2026-08-30 10:05:02Z INFO JobServerQueue] Try to append 1 batches web console lines for record '2ac0e1d6-d8b1-4bb2-8176-f620714e455e', success rate: 1/1.
[2026-08-30 10:05:03Z INFO JobServerQueue] Try to append 1 batches web console lines for record '2ac0e1d6-d8b1-4bb2-8176-f620714e455e', success rate: 1/1.
[2026-08-30 10:05:03Z INFO JobServerQueue] Try to append 1 batches web console lines for record '2ac0e1d6-d8b1-4bb2-8176-f620714e455e', success rate: 1/1.
[2026-08-30 10:05:04Z INFO JobServerQueue] Try to append 1 batches web console lines for record '2ac0e1d6-d8b1-4bb2-8176-f620714e455e', success rate: 1/1.
[2026-08-30 10:05:04Z INFO HostContext] Well known directory 'Bin': 'C:\Users\krish\Documents\BITS\mlops-project\actions-runner\bin'
[2026-08-30 10:05:04Z INFO HostContext] Well known directory 'Root': 'C:\Users\krish\Documents\BITS\mlops-project\actions-runner'
[2026-08-30 10:05:04Z INFO HostContext] Well known directory 'Work': 'C:\Users\krish\Documents\BITS\mlops-project\actions-runner\_work'
[2026-08-30 10:05:05Z INFO JobServerQueue] Try to append 1 batches web console lines for record '2ac0e1d6-d8b1-4bb2-8176-f620714e455e', success rate: 1/1.
[2026-08-30 10:05:05Z INFO JobServerQueue] Try to append 1 batches web console lines for record '2ac0e1d6-d8b1-4bb2-8176-f620714e455e', success rate: 1/1.
[2026-08-30 10:05:06Z INFO JobServerQueue] Try to append 1 batches web console lines for record '2ac0e1d6-d8b1-4bb2-8176-f620714e455e', success rate: 1/1.
[2026-08-30 10:05:06Z INFO JobServerQueue] Try to append 1 batches web console lines for record '2ac0e1d6-d8b1-4bb2-8176-f620714e455e', success rate: 1/1.
[2026-08-30 10:05:07Z INFO JobServerQueue] Try to append 1 batches web console lines for record '2ac0e1d6-d8b1-4bb2-8176-f620714e455e', success rate: 1/1.
[2026-08-30 10:05:08Z INFO JobServerQueue] Try to append 1 batches web console lines for record '2ac0e1d6-d8b1-4bb2-8176-f620714e455e', success rate: 1/1.
[2026-08-30 10:05:09Z INFO JobServerQueue] Try to append 1 batches web console lines for record '2ac0e1d6-d8b1-4bb2-8176-f620714e455e', success rate: 1/1.
[2026-08-30 10:05:11Z INFO JobServerQueue] Try to append 1 batches web console lines for record '2ac0e1d6-d8b1-4bb2-8176-f620714e455e', success rate: 1/1.
[2026-08-30 10:05:14Z INFO JobServerQueue] Try to append 1 batches web console lines for record '2ac0e1d6-d8b1-4bb2-8176-f620714e455e', success rate: 1/1.
[2026-08-30 10:05:14Z INFO HostContext] Well known directory 'Bin': 'C:\Users\krish\Documents\BITS\mlops-project\actions-runner\bin'
[2026-08-30 10:05:14Z INFO HostContext] Well known directory 'Root': 'C:\Users\krish\Documents\BITS\mlops-project\actions-runner'
[2026-08-30 10:05:14Z INFO HostContext] Well known directory 'Work': 'C:\Users\krish\Documents\BITS\mlops-project\actions-runner\_work'
[2026-08-30 10:05:14Z INFO JobServerQueue] Try to append 1 batches web console lines for record '2ac0e1d6-d8b1-4bb2-8176-f620714e455e', success rate: 1/1.
[2026-08-30 10:05:17Z INFO JobServerQueue] Try to append 1 batches web console lines for record '2ac0e1d6-d8b1-4bb2-8176-f620714e455e', success rate: 1/1.
[2026-08-30 10:05:18Z INFO JobServerQueue] Try to append 1 batches web console lines for record '2ac0e1d6-d8b1-4bb2-8176-f620714e455e', success rate: 1/1.
[2026-08-30 10:05:18Z INFO JobServerQueue] Try to append 1 batches web console lines for record '2ac0e1d6-d8b1-4bb2-8176-f620714e455e', success rate: 1/1.
[2026-08-30 10:05:19Z INFO JobServerQueue] Try to append 1 batches web console lines for record '2ac0e1d6-d8b1-4bb2-8176-f620714e455e', success rate: 1/1.
[2026-08-30 10:05:20Z INFO JobServerQueue] Try to append 1 batches web console lines for record '2ac0e1d6-d8b1-4bb2-8176-f620714e455e', success rate: 1/1.
[2026-08-30 10:05:20Z INFO JobServerQueue] Try to append 1 batches web console lines for record '2ac0e1d6-d8b1-4bb2-8176-f620714e455e', success rate: 1/1.
[2026-08-30 10:05:21Z INFO JobServerQueue] Try to append 1 batches web console lines for record '2ac0e1d6-d8b1-4bb2-8176-f620714e455e', success rate: 1/1.
[2026-08-30 10:05:21Z INFO JobServerQueue] Try to append 1 batches web console lines for record '2ac0e1d6-d8b1-4bb2-8176-f620714e455e', success rate: 1/1.
[2026-08-30 10:05:22Z INFO JobServerQueue] Try to append 1 batches web console lines for record '2ac0e1d6-d8b1-4bb2-8176-f620714e455e', success rate: 1/1.
[2026-08-30 10:05:23Z INFO JobServerQueue] Try to append 1 batches web console lines for record '2ac0e1d6-d8b1-4bb2-8176-f620714e455e', success rate: 1/1.
[2026-08-30 10:05:23Z INFO JobServerQueue] Try to append 1 batches web console lines for record '2ac0e1d6-d8b1-4bb2-8176-f620714e455e', success rate: 1/1.
[2026-08-30 10:05:24Z INFO JobServerQueue] Try to append 1 batches web console lines for record '2ac0e1d6-d8b1-4bb2-8176-f620714e455e', success rate: 1/1.
[2026-08-30 10:05:24Z INFO HostContext] Well known directory 'Bin': 'C:\Users\krish\Documents\BITS\mlops-project\actions-runner\bin'
[2026-08-30 10:05:24Z INFO HostContext] Well known directory 'Root': 'C:\Users\krish\Documents\BITS\mlops-project\actions-runner'
[2026-08-30 10:05:24Z INFO HostContext] Well known directory 'Work': 'C:\Users\krish\Documents\BITS\mlops-project\actions-runner\_work'
[2026-08-30 10:05:25Z INFO JobServerQueue] Try to append 1 batches web console lines for record '2ac0e1d6-d8b1-4bb2-8176-f620714e455e', success rate: 1/1.
[2026-08-30 10:05:25Z INFO JobServerQueue] Try to append 1 batches web console lines for record '2ac0e1d6-d8b1-4bb2-8176-f620714e455e', success rate: 1/1.
[2026-08-30 10:05:26Z INFO JobServerQueue] Try to append 1 batches web console lines for record '2ac0e1d6-d8b1-4bb2-8176-f620714e455e', success rate: 1/1.
[2026-08-30 10:05:26Z INFO JobServerQueue] Try to append 1 batches web console lines for record '2ac0e1d6-d8b1-4bb2-8176-f620714e455e', success rate: 1/1.
[2026-08-30 10:05:27Z INFO JobServerQueue] Try to append 1 batches web console lines for record '2ac0e1d6-d8b1-4bb2-8176-f620714e455e', success rate: 1/1.
[2026-08-30 10:05:28Z INFO JobServerQueue] Try to append 1 batches web console lines for record '2ac0e1d6-d8b1-4bb2-8176-f620714e455e', success rate: 1/1.
[2026-08-30 10:05:28Z INFO JobServerQueue] Try to append 1 batches web console lines for record '2ac0e1d6-d8b1-4bb2-8176-f620714e455e', success rate: 1/1.
[2026-08-30 10:05:29Z INFO JobServerQueue] Try to append 1 batches web console lines for record '2ac0e1d6-d8b1-4bb2-8176-f620714e455e', success rate: 1/1.
[2026-08-30 10:05:29Z INFO JobServerQueue] Try to append 1 batches web console lines for record '2ac0e1d6-d8b1-4bb2-8176-f620714e455e', success rate: 1/1.
[2026-08-30 10:05:30Z INFO JobServerQueue] Try to append 1 batches web console lines for record '2ac0e1d6-d8b1-4bb2-8176-f620714e455e', success rate: 1/1.
[2026-08-30 10:05:30Z INFO JobServerQueue] Try to append 1 batches web console lines for record '2ac0e1d6-d8b1-4bb2-8176-f620714e455e', success rate: 1/1.
[2026-08-30 10:05:31Z INFO JobServerQueue] Try to append 1 batches web console lines for record '2ac0e1d6-d8b1-4bb2-8176-f620714e455e', success rate: 1/1.
[2026-08-30 10:05:31Z INFO JobServerQueue] Try to append 1 batches web console lines for record '2ac0e1d6-d8b1-4bb2-8176-f620714e455e', success rate: 1/1.
[2026-08-30 10:05:32Z INFO JobServerQueue] Try to append 1 batches web console lines for record '2ac0e1d6-d8b1-4bb2-8176-f620714e455e', success rate: 1/1.
[2026-08-30 10:05:33Z INFO JobServerQueue] Try to append 1 batches web console lines for record '2ac0e1d6-d8b1-4bb2-8176-f620714e455e', success rate: 1/1.
[2026-08-30 10:05:33Z INFO JobServerQueue] Try to append 1 batches web console lines for record '2ac0e1d6-d8b1-4bb2-8176-f620714e455e', success rate: 1/1.
[2026-08-30 10:05:34Z INFO JobServerQueue] Try to append 1 batches web console lines for record '2ac0e1d6-d8b1-4bb2-8176-f620714e455e', success rate: 1/1.
[2026-08-30 10:05:34Z INFO HostContext] Well known directory 'Bin': 'C:\Users\krish\Documents\BITS\mlops-project\actions-runner\bin'
[2026-08-30 10:05:34Z INFO HostContext] Well known directory 'Root': 'C:\Users\krish\Documents\BITS\mlops-project\actions-runner'
[2026-08-30 10:05:34Z INFO HostContext] Well known directory 'Work': 'C:\Users\krish\Documents\BITS\mlops-project\actions-runner\_work'
[2026-08-30 10:05:37Z INFO JobServerQueue] Try to append 1 batches web console lines for record '2ac0e1d6-d8b1-4bb2-8176-f620714e455e', success rate: 1/1.
[2026-08-30 10:05:37Z INFO JobServerQueue] Try to append 1 batches web console lines for record '2ac0e1d6-d8b1-4bb2-8176-f620714e455e', success rate: 1/1.
[2026-08-30 10:05:38Z INFO JobServerQueue] Try to append 1 batches web console lines for record '2ac0e1d6-d8b1-4bb2-8176-f620714e455e', success rate: 1/1.
[2026-08-30 10:05:38Z INFO JobServerQueue] Try to append 1 batches web console lines for record '2ac0e1d6-d8b1-4bb2-8176-f620714e455e', success rate: 1/1.
[2026-08-30 10:05:39Z INFO JobServerQueue] Try to append 1 batches web console lines for record '2ac0e1d6-d8b1-4bb2-8176-f620714e455e', success rate: 1/1.
[2026-08-30 10:05:40Z INFO JobServerQueue] Try to append 1 batches web console lines for record '2ac0e1d6-d8b1-4bb2-8176-f620714e455e', success rate: 1/1.
[2026-08-30 10:05:40Z INFO JobServerQueue] Try to append 1 batches web console lines for record '2ac0e1d6-d8b1-4bb2-8176-f620714e455e', success rate: 1/1.
[2026-08-30 10:05:41Z INFO JobServerQueue] Try to append 1 batches web console lines for record '2ac0e1d6-d8b1-4bb2-8176-f620714e455e', success rate: 1/1.
[2026-08-30 10:05:41Z INFO JobServerQueue] Try to append 1 batches web console lines for record '2ac0e1d6-d8b1-4bb2-8176-f620714e455e', success rate: 1/1.
[2026-08-30 10:05:42Z INFO JobServerQueue] Try to append 1 batches web console lines for record '2ac0e1d6-d8b1-4bb2-8176-f620714e455e', success rate: 1/1.
[2026-08-30 10:05:43Z INFO JobServerQueue] Try to append 1 batches web console lines for record '2ac0e1d6-d8b1-4bb2-8176-f620714e455e', success rate: 1/1.
[2026-08-30 10:05:43Z INFO JobServerQueue] Try to append 1 batches web console lines for record '2ac0e1d6-d8b1-4bb2-8176-f620714e455e', success rate: 1/1.
[2026-08-30 10:05:44Z INFO JobServerQueue] Try to append 1 batches web console lines for record '2ac0e1d6-d8b1-4bb2-8176-f620714e455e', success rate: 1/1.
[2026-08-30 10:05:44Z INFO JobServerQueue] Try to append 1 batches web console lines for record '2ac0e1d6-d8b1-4bb2-8176-f620714e455e', success rate: 1/1.
[2026-08-30 10:05:44Z INFO HostContext] Well known directory 'Bin': 'C:\Users\krish\Documents\BITS\mlops-project\actions-runner\bin'
[2026-08-30 10:05:44Z INFO HostContext] Well known directory 'Root': 'C:\Users\krish\Documents\BITS\mlops-project\actions-runner'
[2026-08-30 10:05:44Z INFO HostContext] Well known directory 'Work': 'C:\Users\krish\Documents\BITS\mlops-project\actions-runner\_work'
[2026-08-30 10:05:45Z INFO JobServerQueue] Try to append 1 batches web console lines for record '2ac0e1d6-d8b1-4bb2-8176-f620714e455e', success rate: 1/1.
[2026-08-30 10:05:45Z INFO JobServerQueue] Try to append 1 batches web console lines for record '2ac0e1d6-d8b1-4bb2-8176-f620714e455e', success rate: 1/1.
[2026-08-30 10:05:46Z INFO JobServerQueue] Try to append 1 batches web console lines for record '2ac0e1d6-d8b1-4bb2-8176-f620714e455e', success rate: 1/1.
[2026-08-30 10:05:47Z INFO JobServerQueue] Try to append 1 batches web console lines for record '2ac0e1d6-d8b1-4bb2-8176-f620714e455e', success rate: 1/1.
[2026-08-30 10:05:47Z INFO JobServerQueue] Try to append 1 batches web console lines for record '2ac0e1d6-d8b1-4bb2-8176-f620714e455e', success rate: 1/1.
[2026-08-30 10:05:48Z INFO JobServerQueue] Try to append 1 batches web console lines for record '2ac0e1d6-d8b1-4bb2-8176-f620714e455e', success rate: 1/1.
[2026-08-30 10:05:48Z INFO JobServerQueue] Try to append 1 batches web console lines for record '2ac0e1d6-d8b1-4bb2-8176-f620714e455e', success rate: 1/1.
[2026-08-30 10:05:49Z INFO JobServerQueue] Try to append 1 batches web console lines for record '2ac0e1d6-d8b1-4bb2-8176-f620714e455e', success rate: 1/1.
[2026-08-30 10:05:50Z INFO JobServerQueue] Try to append 1 batches web console lines for record '2ac0e1d6-d8b1-4bb2-8176-f620714e455e', success rate: 1/1.
[2026-08-30 10:05:50Z INFO JobServerQueue] Try to append 1 batches web console lines for record '2ac0e1d6-d8b1-4bb2-8176-f620714e455e', success rate: 1/1.
[2026-08-30 10:05:51Z INFO JobServerQueue] Try to append 1 batches web console lines for record '2ac0e1d6-d8b1-4bb2-8176-f620714e455e', success rate: 1/1.
[2026-08-30 10:05:51Z INFO JobServerQueue] Try to append 1 batches web console lines for record '2ac0e1d6-d8b1-4bb2-8176-f620714e455e', success rate: 1/1.
[2026-08-30 10:05:52Z INFO JobServerQueue] Try to append 1 batches web console lines for record '2ac0e1d6-d8b1-4bb2-8176-f620714e455e', success rate: 1/1.
[2026-08-30 10:05:53Z INFO JobServerQueue] Try to append 1 batches web console lines for record '2ac0e1d6-d8b1-4bb2-8176-f620714e455e', success rate: 1/1.
[2026-08-30 10:05:53Z INFO JobServerQueue] Try to append 1 batches web console lines for record '2ac0e1d6-d8b1-4bb2-8176-f620714e455e', success rate: 1/1.
[2026-08-30 10:05:54Z INFO JobServerQueue] Try to append 1 batches web console lines for record '2ac0e1d6-d8b1-4bb2-8176-f620714e455e', success rate: 1/1.
[2026-08-30 10:05:54Z INFO HostContext] Well known directory 'Bin': 'C:\Users\krish\Documents\BITS\mlops-project\actions-runner\bin'
[2026-08-30 10:05:54Z INFO HostContext] Well known directory 'Root': 'C:\Users\krish\Documents\BITS\mlops-project\actions-runner'
[2026-08-30 10:05:54Z INFO HostContext] Well known directory 'Work': 'C:\Users\krish\Documents\BITS\mlops-project\actions-runner\_work'
[2026-08-30 10:05:55Z INFO JobServerQueue] Try to append 1 batches web console lines for record '2ac0e1d6-d8b1-4bb2-8176-f620714e455e', success rate: 1/1.
[2026-08-30 10:05:55Z INFO JobServerQueue] Try to append 1 batches web console lines for record '2ac0e1d6-d8b1-4bb2-8176-f620714e455e', success rate: 1/1.
[2026-08-30 10:05:56Z INFO JobServerQueue] Try to append 1 batches web console lines for record '2ac0e1d6-d8b1-4bb2-8176-f620714e455e', success rate: 1/1.
[2026-08-30 10:05:57Z INFO JobServerQueue] Try to append 1 batches web console lines for record '2ac0e1d6-d8b1-4bb2-8176-f620714e455e', success rate: 1/1.
[2026-08-30 10:05:57Z INFO JobServerQueue] Try to append 1 batches web console lines for record '2ac0e1d6-d8b1-4bb2-8176-f620714e455e', success rate: 1/1.
[2026-08-30 10:05:58Z INFO JobServerQueue] Try to append 1 batches web console lines for record '2ac0e1d6-d8b1-4bb2-8176-f620714e455e', success rate: 1/1.
[2026-08-30 10:05:58Z INFO JobServerQueue] Try to append 1 batches web console lines for record '2ac0e1d6-d8b1-4bb2-8176-f620714e455e', success rate: 1/1.
[2026-08-30 10:06:00Z INFO JobServerQueue] Try to append 1 batches web console lines for record '2ac0e1d6-d8b1-4bb2-8176-f620714e455e', success rate: 1/1.
[2026-08-30 10:06:00Z INFO JobServerQueue] Try to append 1 batches web console lines for record '2ac0e1d6-d8b1-4bb2-8176-f620714e455e', success rate: 1/1.
[2026-08-30 10:06:02Z INFO JobServerQueue] Try to append 1 batches web console lines for record '2ac0e1d6-d8b1-4bb2-8176-f620714e455e', success rate: 1/1.
[2026-08-30 10:06:03Z INFO JobServerQueue] Try to append 1 batches web console lines for record '2ac0e1d6-d8b1-4bb2-8176-f620714e455e', success rate: 1/1.
[2026-08-30 10:06:04Z INFO JobServerQueue] Try to append 1 batches web console lines for record '2ac0e1d6-d8b1-4bb2-8176-f620714e455e', success rate: 1/1.
[2026-08-30 10:06:04Z INFO JobServerQueue] Try to append 1 batches web console lines for record '2ac0e1d6-d8b1-4bb2-8176-f620714e455e', success rate: 1/1.
[2026-08-30 10:06:05Z INFO HostContext] Well known directory 'Bin': 'C:\Users\krish\Documents\BITS\mlops-project\actions-runner\bin'
[2026-08-30 10:06:05Z INFO HostContext] Well known directory 'Root': 'C:\Users\krish\Documents\BITS\mlops-project\actions-runner'
[2026-08-30 10:06:05Z INFO HostContext] Well known directory 'Work': 'C:\Users\krish\Documents\BITS\mlops-project\actions-runner\_work'
[2026-08-30 10:06:05Z INFO JobServerQueue] Try to append 1 batches web console lines for record '2ac0e1d6-d8b1-4bb2-8176-f620714e455e', success rate: 1/1.
[2026-08-30 10:06:05Z INFO JobServerQueue] Try to append 1 batches web console lines for record '2ac0e1d6-d8b1-4bb2-8176-f620714e455e', success rate: 1/1.
[2026-08-30 10:06:06Z INFO JobServerQueue] Try to append 1 batches web console lines for record '2ac0e1d6-d8b1-4bb2-8176-f620714e455e', success rate: 1/1.
[2026-08-30 10:06:07Z INFO JobServerQueue] Try to append 1 batches web console lines for record '2ac0e1d6-d8b1-4bb2-8176-f620714e455e', success rate: 1/1.
[2026-08-30 10:06:07Z INFO JobServerQueue] Try to append 1 batches web console lines for record '2ac0e1d6-d8b1-4bb2-8176-f620714e455e', success rate: 1/1.
[2026-08-30 10:06:08Z INFO JobServerQueue] Try to append 1 batches web console lines for record '2ac0e1d6-d8b1-4bb2-8176-f620714e455e', success rate: 1/1.
[2026-08-30 10:06:09Z INFO JobServerQueue] Try to append 1 batches web console lines for record '2ac0e1d6-d8b1-4bb2-8176-f620714e455e', success rate: 1/1.
[2026-08-30 10:06:09Z INFO JobServerQueue] Try to append 1 batches web console lines for record '2ac0e1d6-d8b1-4bb2-8176-f620714e455e', success rate: 1/1.
[2026-08-30 10:06:10Z INFO JobServerQueue] Try to append 1 batches web console lines for record '2ac0e1d6-d8b1-4bb2-8176-f620714e455e', success rate: 1/1.
[2026-08-30 10:06:11Z INFO JobServerQueue] Try to append 1 batches web console lines for record '2ac0e1d6-d8b1-4bb2-8176-f620714e455e', success rate: 1/1.
[2026-08-30 10:06:12Z INFO JobServerQueue] Try to append 1 batches web console lines for record '2ac0e1d6-d8b1-4bb2-8176-f620714e455e', success rate: 1/1.
[2026-08-30 10:06:12Z INFO JobServerQueue] Try to append 1 batches web console lines for record '2ac0e1d6-d8b1-4bb2-8176-f620714e455e', success rate: 1/1.
[2026-08-30 10:06:13Z INFO JobServerQueue] Try to append 1 batches web console lines for record '2ac0e1d6-d8b1-4bb2-8176-f620714e455e', success rate: 1/1.
[2026-08-30 10:06:14Z INFO JobServerQueue] Try to append 1 batches web console lines for record '2ac0e1d6-d8b1-4bb2-8176-f620714e455e', success rate: 1/1.
[2026-08-30 10:06:14Z INFO JobServerQueue] Try to append 1 batches web console lines for record '2ac0e1d6-d8b1-4bb2-8176-f620714e455e', success rate: 1/1.
[2026-08-30 10:06:15Z INFO HostContext] Well known directory 'Bin': 'C:\Users\krish\Documents\BITS\mlops-project\actions-runner\bin'
[2026-08-30 10:06:15Z INFO HostContext] Well known directory 'Root': 'C:\Users\krish\Documents\BITS\mlops-project\actions-runner'
[2026-08-30 10:06:15Z INFO HostContext] Well known directory 'Work': 'C:\Users\krish\Documents\BITS\mlops-project\actions-runner\_work'
[2026-08-30 10:06:15Z INFO JobServerQueue] Try to append 1 batches web console lines for record '2ac0e1d6-d8b1-4bb2-8176-f620714e455e', success rate: 1/1.
[2026-08-30 10:06:15Z INFO JobServerQueue] Try to append 1 batches web console lines for record '2ac0e1d6-d8b1-4bb2-8176-f620714e455e', success rate: 1/1.
[2026-08-30 10:06:16Z INFO JobServerQueue] Try to append 1 batches web console lines for record '2ac0e1d6-d8b1-4bb2-8176-f620714e455e', success rate: 1/1.
[2026-08-30 10:06:17Z INFO JobServerQueue] Try to append 1 batches web console lines for record '2ac0e1d6-d8b1-4bb2-8176-f620714e455e', success rate: 1/1.
[2026-08-30 10:06:18Z INFO JobServerQueue] Try to append 1 batches web console lines for record '2ac0e1d6-d8b1-4bb2-8176-f620714e455e', success rate: 1/1.
[2026-08-30 10:06:18Z INFO JobServerQueue] Try to append 1 batches web console lines for record '2ac0e1d6-d8b1-4bb2-8176-f620714e455e', success rate: 1/1.
[2026-08-30 10:06:19Z INFO JobServerQueue] Try to append 1 batches web console lines for record '2ac0e1d6-d8b1-4bb2-8176-f620714e455e', success rate: 1/1.
[2026-08-30 10:06:20Z INFO JobServerQueue] Try to append 1 batches web console lines for record '2ac0e1d6-d8b1-4bb2-8176-f620714e455e', success rate: 1/1.
[2026-08-30 10:06:20Z INFO JobServerQueue] Try to append 1 batches web console lines for record '2ac0e1d6-d8b1-4bb2-8176-f620714e455e', success rate: 1/1.
[2026-08-30 10:06:21Z INFO JobServerQueue] Try to append 1 batches web console lines for record '2ac0e1d6-d8b1-4bb2-8176-f620714e455e', success rate: 1/1.
[2026-08-30 10:06:22Z INFO JobServerQueue] Try to append 1 batches web console lines for record '2ac0e1d6-d8b1-4bb2-8176-f620714e455e', success rate: 1/1.
[2026-08-30 10:06:22Z INFO JobServerQueue] Try to append 1 batches web console lines for record '2ac0e1d6-d8b1-4bb2-8176-f620714e455e', success rate: 1/1.
[2026-08-30 10:06:23Z INFO JobServerQueue] Try to append 1 batches web console lines for record '2ac0e1d6-d8b1-4bb2-8176-f620714e455e', success rate: 1/1.
[2026-08-30 10:06:23Z INFO JobServerQueue] Try to append 1 batches web console lines for record '2ac0e1d6-d8b1-4bb2-8176-f620714e455e', success rate: 1/1.
[2026-08-30 10:06:24Z INFO JobServerQueue] Try to append 1 batches web console lines for record '2ac0e1d6-d8b1-4bb2-8176-f620714e455e', success rate: 1/1.
[2026-08-30 10:06:25Z INFO JobServerQueue] Try to append 1 batches web console lines for record '2ac0e1d6-d8b1-4bb2-8176-f620714e455e', success rate: 1/1.
[2026-08-30 10:06:25Z INFO HostContext] Well known directory 'Bin': 'C:\Users\krish\Documents\BITS\mlops-project\actions-runner\bin'
[2026-08-30 10:06:25Z INFO HostContext] Well known directory 'Root': 'C:\Users\krish\Documents\BITS\mlops-project\actions-runner'
[2026-08-30 10:06:25Z INFO HostContext] Well known directory 'Work': 'C:\Users\krish\Documents\BITS\mlops-project\actions-runner\_work'
[2026-08-30 10:06:25Z INFO JobServerQueue] Try to append 1 batches web console lines for record '2ac0e1d6-d8b1-4bb2-8176-f620714e455e', success rate: 1/1.
[2026-08-30 10:06:26Z INFO JobServerQueue] Try to append 1 batches web console lines for record '2ac0e1d6-d8b1-4bb2-8176-f620714e455e', success rate: 1/1.
[2026-08-30 10:06:26Z INFO JobServerQueue] Try to append 1 batches web console lines for record '2ac0e1d6-d8b1-4bb2-8176-f620714e455e', success rate: 1/1.
[2026-08-30 10:06:27Z INFO JobServerQueue] Try to append 1 batches web console lines for record '2ac0e1d6-d8b1-4bb2-8176-f620714e455e', success rate: 1/1.
[2026-08-30 10:06:27Z INFO JobServerQueue] Try to append 1 batches web console lines for record '2ac0e1d6-d8b1-4bb2-8176-f620714e455e', success rate: 1/1.
[2026-08-30 10:06:28Z INFO JobServerQueue] Try to append 1 batches web console lines for record '2ac0e1d6-d8b1-4bb2-8176-f620714e455e', success rate: 1/1.
[2026-08-30 10:06:29Z INFO JobServerQueue] Try to append 1 batches web console lines for record '2ac0e1d6-d8b1-4bb2-8176-f620714e455e', success rate: 1/1.
[2026-08-30 10:06:29Z INFO JobServerQueue] Try to append 1 batches web console lines for record '2ac0e1d6-d8b1-4bb2-8176-f620714e455e', success rate: 1/1.
[2026-08-30 10:06:31Z INFO JobServerQueue] Try to append 1 batches web console lines for record '2ac0e1d6-d8b1-4bb2-8176-f620714e455e', success rate: 1/1.
[2026-08-30 10:06:32Z INFO JobServerQueue] Try to append 1 batches web console lines for record '2ac0e1d6-d8b1-4bb2-8176-f620714e455e', success rate: 1/1.
[2026-08-30 10:06:32Z INFO JobServerQueue] Try to append 1 batches web console lines for record '2ac0e1d6-d8b1-4bb2-8176-f620714e455e', success rate: 1/1.
[2026-08-30 10:06:33Z INFO JobServerQueue] Try to append 1 batches web console lines for record '2ac0e1d6-d8b1-4bb2-8176-f620714e455e', success rate: 1/1.
[2026-08-30 10:06:34Z INFO JobServerQueue] Try to append 1 batches web console lines for record '2ac0e1d6-d8b1-4bb2-8176-f620714e455e', success rate: 1/1.
[2026-08-30 10:06:34Z INFO JobServerQueue] Try to append 1 batches web console lines for record '2ac0e1d6-d8b1-4bb2-8176-f620714e455e', success rate: 1/1.
[2026-08-30 10:06:35Z INFO HostContext] Well known directory 'Bin': 'C:\Users\krish\Documents\BITS\mlops-project\actions-runner\bin'
[2026-08-30 10:06:35Z INFO HostContext] Well known directory 'Root': 'C:\Users\krish\Documents\BITS\mlops-project\actions-runner'
[2026-08-30 10:06:35Z INFO HostContext] Well known directory 'Work': 'C:\Users\krish\Documents\BITS\mlops-project\actions-runner\_work'
[2026-08-30 10:06:35Z INFO JobServerQueue] Try to append 1 batches web console lines for record '2ac0e1d6-d8b1-4bb2-8176-f620714e455e', success rate: 1/1.
[2026-08-30 10:06:36Z INFO JobServerQueue] Try to append 1 batches web console lines for record '2ac0e1d6-d8b1-4bb2-8176-f620714e455e', success rate: 1/1.
[2026-08-30 10:06:36Z INFO JobServerQueue] Try to append 1 batches web console lines for record '2ac0e1d6-d8b1-4bb2-8176-f620714e455e', success rate: 1/1.
[2026-08-30 10:06:37Z INFO JobServerQueue] Try to append 1 batches web console lines for record '2ac0e1d6-d8b1-4bb2-8176-f620714e455e', success rate: 1/1.
[2026-08-30 10:06:37Z INFO JobServerQueue] Try to append 1 batches web console lines for record '2ac0e1d6-d8b1-4bb2-8176-f620714e455e', success rate: 1/1.
[2026-08-30 10:06:38Z INFO JobServerQueue] Try to append 1 batches web console lines for record '2ac0e1d6-d8b1-4bb2-8176-f620714e455e', success rate: 1/1.
[2026-08-30 10:06:39Z INFO JobServerQueue] Try to append 1 batches web console lines for record '2ac0e1d6-d8b1-4bb2-8176-f620714e455e', success rate: 1/1.
[2026-08-30 10:06:39Z INFO JobServerQueue] Try to append 1 batches web console lines for record '2ac0e1d6-d8b1-4bb2-8176-f620714e455e', success rate: 1/1.
[2026-08-30 10:06:40Z INFO JobServerQueue] Try to append 1 batches web console lines for record '2ac0e1d6-d8b1-4bb2-8176-f620714e455e', success rate: 1/1.
[2026-08-30 10:06:40Z INFO JobServerQueue] Try to append 1 batches web console lines for record '2ac0e1d6-d8b1-4bb2-8176-f620714e455e', success rate: 1/1.
[2026-08-30 10:06:41Z INFO JobServerQueue] Try to append 1 batches web console lines for record '2ac0e1d6-d8b1-4bb2-8176-f620714e455e', success rate: 1/1.
[2026-08-30 10:06:41Z INFO JobServerQueue] Try to append 1 batches web console lines for record '2ac0e1d6-d8b1-4bb2-8176-f620714e455e', success rate: 1/1.
[2026-08-30 10:06:42Z INFO JobServerQueue] Try to append 1 batches web console lines for record '2ac0e1d6-d8b1-4bb2-8176-f620714e455e', success rate: 1/1.
[2026-08-30 10:06:42Z INFO JobServerQueue] Try to append 1 batches web console lines for record '2ac0e1d6-d8b1-4bb2-8176-f620714e455e', success rate: 1/1.
[2026-08-30 10:06:43Z INFO JobServerQueue] Try to append 1 batches web console lines for record '2ac0e1d6-d8b1-4bb2-8176-f620714e455e', success rate: 1/1.
[2026-08-30 10:06:44Z INFO JobServerQueue] Try to append 1 batches web console lines for record '2ac0e1d6-d8b1-4bb2-8176-f620714e455e', success rate: 1/1.
[2026-08-30 10:06:44Z INFO JobServerQueue] Try to append 1 batches web console lines for record '2ac0e1d6-d8b1-4bb2-8176-f620714e455e', success rate: 1/1.
[2026-08-30 10:06:45Z INFO JobServerQueue] Try to append 1 batches web console lines for record '2ac0e1d6-d8b1-4bb2-8176-f620714e455e', success rate: 1/1.
[2026-08-30 10:06:45Z INFO HostContext] Well known directory 'Bin': 'C:\Users\krish\Documents\BITS\mlops-project\actions-runner\bin'
[2026-08-30 10:06:45Z INFO HostContext] Well known directory 'Root': 'C:\Users\krish\Documents\BITS\mlops-project\actions-runner'
[2026-08-30 10:06:45Z INFO HostContext] Well known directory 'Work': 'C:\Users\krish\Documents\BITS\mlops-project\actions-runner\_work'
[2026-08-30 10:06:45Z INFO JobServerQueue] Try to append 1 batches web console lines for record '2ac0e1d6-d8b1-4bb2-8176-f620714e455e', success rate: 1/1.
[2026-08-30 10:06:46Z INFO JobServerQueue] Try to append 1 batches web console lines for record '2ac0e1d6-d8b1-4bb2-8176-f620714e455e', success rate: 1/1.
[2026-08-30 10:06:47Z INFO JobServerQueue] Try to append 1 batches web console lines for record '2ac0e1d6-d8b1-4bb2-8176-f620714e455e', success rate: 1/1.
[2026-08-30 10:06:47Z INFO JobServerQueue] Try to append 1 batches web console lines for record '2ac0e1d6-d8b1-4bb2-8176-f620714e455e', success rate: 1/1.
[2026-08-30 10:06:48Z INFO JobServerQueue] Try to append 1 batches web console lines for record '2ac0e1d6-d8b1-4bb2-8176-f620714e455e', success rate: 1/1.
[2026-08-30 10:06:48Z INFO JobServerQueue] Try to append 1 batches web console lines for record '2ac0e1d6-d8b1-4bb2-8176-f620714e455e', success rate: 1/1.
[2026-08-30 10:06:49Z INFO JobServerQueue] Try to append 1 batches web console lines for record '2ac0e1d6-d8b1-4bb2-8176-f620714e455e', success rate: 1/1.
[2026-08-30 10:06:49Z INFO JobServerQueue] Try to append 1 batches web console lines for record '2ac0e1d6-d8b1-4bb2-8176-f620714e455e', success rate: 1/1.
[2026-08-30 10:06:50Z INFO JobServerQueue] Try to append 1 batches web console lines for record '2ac0e1d6-d8b1-4bb2-8176-f620714e455e', success rate: 1/1.
[2026-08-30 10:06:50Z INFO JobServerQueue] Try to append 1 batches web console lines for record '2ac0e1d6-d8b1-4bb2-8176-f620714e455e', success rate: 1/1.
[2026-08-30 10:06:51Z INFO JobServerQueue] Try to append 1 batches web console lines for record '2ac0e1d6-d8b1-4bb2-8176-f620714e455e', success rate: 1/1.
[2026-08-30 10:06:52Z INFO JobServerQueue] Try to append 1 batches web console lines for record '2ac0e1d6-d8b1-4bb2-8176-f620714e455e', success rate: 1/1.
[2026-08-30 10:06:52Z INFO JobServerQueue] Try to append 1 batches web console lines for record '2ac0e1d6-d8b1-4bb2-8176-f620714e455e', success rate: 1/1.
[2026-08-30 10:06:53Z INFO JobServerQueue] Try to append 1 batches web console lines for record '2ac0e1d6-d8b1-4bb2-8176-f620714e455e', success rate: 1/1.
[2026-08-30 10:06:53Z INFO JobServerQueue] Try to append 1 batches web console lines for record '2ac0e1d6-d8b1-4bb2-8176-f620714e455e', success rate: 1/1.
[2026-08-30 10:06:54Z INFO JobServerQueue] Try to append 1 batches web console lines for record '2ac0e1d6-d8b1-4bb2-8176-f620714e455e', success rate: 1/1.
[2026-08-30 10:06:54Z INFO JobServerQueue] Try to append 1 batches web console lines for record '2ac0e1d6-d8b1-4bb2-8176-f620714e455e', success rate: 1/1.
[2026-08-30 10:06:55Z INFO HostContext] Well known directory 'Bin': 'C:\Users\krish\Documents\BITS\mlops-project\actions-runner\bin'
[2026-08-30 10:06:55Z INFO HostContext] Well known directory 'Root': 'C:\Users\krish\Documents\BITS\mlops-project\actions-runner'
[2026-08-30 10:06:55Z INFO HostContext] Well known directory 'Work': 'C:\Users\krish\Documents\BITS\mlops-project\actions-runner\_work'
[2026-08-30 10:06:56Z INFO JobServerQueue] Try to append 1 batches web console lines for record '2ac0e1d6-d8b1-4bb2-8176-f620714e455e', success rate: 1/1.
[2026-08-30 10:06:57Z INFO JobServerQueue] Try to append 1 batches web console lines for record '2ac0e1d6-d8b1-4bb2-8176-f620714e455e', success rate: 1/1.
[2026-08-30 10:06:57Z INFO JobServerQueue] Try to append 1 batches web console lines for record '2ac0e1d6-d8b1-4bb2-8176-f620714e455e', success rate: 1/1.
[2026-08-30 10:06:58Z INFO JobServerQueue] Try to append 1 batches web console lines for record '2ac0e1d6-d8b1-4bb2-8176-f620714e455e', success rate: 1/1.
[2026-08-30 10:06:58Z INFO JobServerQueue] Try to append 1 batches web console lines for record '2ac0e1d6-d8b1-4bb2-8176-f620714e455e', success rate: 1/1.
[2026-08-30 10:06:59Z INFO JobServerQueue] Try to append 1 batches web console lines for record '2ac0e1d6-d8b1-4bb2-8176-f620714e455e', success rate: 1/1.
[2026-08-30 10:07:00Z INFO JobServerQueue] Try to append 1 batches web console lines for record '2ac0e1d6-d8b1-4bb2-8176-f620714e455e', success rate: 1/1.
[2026-08-30 10:07:00Z INFO JobServerQueue] Try to append 1 batches web console lines for record '2ac0e1d6-d8b1-4bb2-8176-f620714e455e', success rate: 1/1.
[2026-08-30 10:07:01Z INFO JobServerQueue] Try to append 1 batches web console lines for record '2ac0e1d6-d8b1-4bb2-8176-f620714e455e', success rate: 1/1.
[2026-08-30 10:07:01Z INFO JobServerQueue] Try to append 1 batches web console lines for record '2ac0e1d6-d8b1-4bb2-8176-f620714e455e', success rate: 1/1.
[2026-08-30 10:07:03Z INFO JobServerQueue] Try to append 1 batches web console lines for record '2ac0e1d6-d8b1-4bb2-8176-f620714e455e', success rate: 1/1.
[2026-08-30 10:07:04Z INFO JobServerQueue] Try to append 1 batches web console lines for record '2ac0e1d6-d8b1-4bb2-8176-f620714e455e', success rate: 1/1.
[2026-08-30 10:07:04Z INFO JobServerQueue] Try to append 1 batches web console lines for record '2ac0e1d6-d8b1-4bb2-8176-f620714e455e', success rate: 1/1.
[2026-08-30 10:07:05Z INFO JobServerQueue] Try to append 1 batches web console lines for record '2ac0e1d6-d8b1-4bb2-8176-f620714e455e', success rate: 1/1.
[2026-08-30 10:07:05Z INFO HostContext] Well known directory 'Bin': 'C:\Users\krish\Documents\BITS\mlops-project\actions-runner\bin'
[2026-08-30 10:07:05Z INFO HostContext] Well known directory 'Root': 'C:\Users\krish\Documents\BITS\mlops-project\actions-runner'
[2026-08-30 10:07:05Z INFO HostContext] Well known directory 'Work': 'C:\Users\krish\Documents\BITS\mlops-project\actions-runner\_work'
[2026-08-30 10:07:05Z INFO JobServerQueue] Try to append 1 batches web console lines for record '2ac0e1d6-d8b1-4bb2-8176-f620714e455e', success rate: 1/1.
[2026-08-30 10:07:07Z INFO JobServerQueue] Try to append 1 batches web console lines for record '2ac0e1d6-d8b1-4bb2-8176-f620714e455e', success rate: 1/1.
[2026-08-30 10:07:07Z INFO JobServerQueue] Try to append 1 batches web console lines for record '2ac0e1d6-d8b1-4bb2-8176-f620714e455e', success rate: 1/1.
[2026-08-30 10:07:08Z INFO JobServerQueue] Try to append 1 batches web console lines for record '2ac0e1d6-d8b1-4bb2-8176-f620714e455e', success rate: 1/1.
[2026-08-30 10:07:08Z INFO JobServerQueue] Try to append 1 batches web console lines for record '2ac0e1d6-d8b1-4bb2-8176-f620714e455e', success rate: 1/1.
[2026-08-30 10:07:09Z INFO JobServerQueue] Try to append 1 batches web console lines for record '2ac0e1d6-d8b1-4bb2-8176-f620714e455e', success rate: 1/1.
[2026-08-30 10:07:09Z INFO JobServerQueue] Try to append 1 batches web console lines for record '2ac0e1d6-d8b1-4bb2-8176-f620714e455e', success rate: 1/1.
[2026-08-30 10:07:10Z INFO JobServerQueue] Try to append 1 batches web console lines for record '2ac0e1d6-d8b1-4bb2-8176-f620714e455e', success rate: 1/1.
[2026-08-30 10:07:10Z INFO JobServerQueue] Try to append 1 batches web console lines for record '2ac0e1d6-d8b1-4bb2-8176-f620714e455e', success rate: 1/1.
[2026-08-30 10:07:11Z INFO JobServerQueue] Try to append 1 batches web console lines for record '2ac0e1d6-d8b1-4bb2-8176-f620714e455e', success rate: 1/1.
[2026-08-30 10:07:12Z INFO JobServerQueue] Try to append 1 batches web console lines for record '2ac0e1d6-d8b1-4bb2-8176-f620714e455e', success rate: 1/1.
[2026-08-30 10:07:12Z INFO JobServerQueue] Try to append 1 batches web console lines for record '2ac0e1d6-d8b1-4bb2-8176-f620714e455e', success rate: 1/1.
[2026-08-30 10:07:13Z INFO JobServerQueue] Try to append 1 batches web console lines for record '2ac0e1d6-d8b1-4bb2-8176-f620714e455e', success rate: 1/1.
[2026-08-30 10:07:13Z INFO JobServerQueue] Try to append 1 batches web console lines for record '2ac0e1d6-d8b1-4bb2-8176-f620714e455e', success rate: 1/1.
[2026-08-30 10:07:14Z INFO JobServerQueue] Try to append 1 batches web console lines for record '2ac0e1d6-d8b1-4bb2-8176-f620714e455e', success rate: 1/1.
[2026-08-30 10:07:15Z INFO JobServerQueue] Try to append 1 batches web console lines for record '2ac0e1d6-d8b1-4bb2-8176-f620714e455e', success rate: 1/1.
[2026-08-30 10:07:15Z INFO HostContext] Well known directory 'Bin': 'C:\Users\krish\Documents\BITS\mlops-project\actions-runner\bin'
[2026-08-30 10:07:15Z INFO HostContext] Well known directory 'Root': 'C:\Users\krish\Documents\BITS\mlops-project\actions-runner'
[2026-08-30 10:07:15Z INFO HostContext] Well known directory 'Work': 'C:\Users\krish\Documents\BITS\mlops-project\actions-runner\_work'
[2026-08-30 10:07:18Z INFO JobServerQueue] Try to append 1 batches web console lines for record '2ac0e1d6-d8b1-4bb2-8176-f620714e455e', success rate: 1/1.
[2026-08-30 10:07:18Z INFO JobServerQueue] Try to append 1 batches web console lines for record '2ac0e1d6-d8b1-4bb2-8176-f620714e455e', success rate: 1/1.
[2026-08-30 10:07:19Z INFO JobServerQueue] Try to append 1 batches web console lines for record '2ac0e1d6-d8b1-4bb2-8176-f620714e455e', success rate: 1/1.
[2026-08-30 10:07:20Z INFO JobServerQueue] Try to append 1 batches web console lines for record '2ac0e1d6-d8b1-4bb2-8176-f620714e455e', success rate: 1/1.
[2026-08-30 10:07:20Z INFO JobServerQueue] Try to append 1 batches web console lines for record '2ac0e1d6-d8b1-4bb2-8176-f620714e455e', success rate: 1/1.
[2026-08-30 10:07:21Z INFO JobServerQueue] Try to append 1 batches web console lines for record '2ac0e1d6-d8b1-4bb2-8176-f620714e455e', success rate: 1/1.
[2026-08-30 10:07:21Z INFO JobServerQueue] Try to append 1 batches web console lines for record '2ac0e1d6-d8b1-4bb2-8176-f620714e455e', success rate: 1/1.
[2026-08-30 10:07:22Z INFO JobServerQueue] Try to append 1 batches web console lines for record '2ac0e1d6-d8b1-4bb2-8176-f620714e455e', success rate: 1/1.
[2026-08-30 10:07:23Z INFO JobServerQueue] Try to append 1 batches web console lines for record '2ac0e1d6-d8b1-4bb2-8176-f620714e455e', success rate: 1/1.
[2026-08-30 10:07:24Z INFO JobServerQueue] Try to append 1 batches web console lines for record '2ac0e1d6-d8b1-4bb2-8176-f620714e455e', success rate: 1/1.
[2026-08-30 10:07:24Z INFO JobServerQueue] Try to append 1 batches web console lines for record '2ac0e1d6-d8b1-4bb2-8176-f620714e455e', success rate: 1/1.
[2026-08-30 10:07:25Z INFO JobServerQueue] Try to append 1 batches web console lines for record '2ac0e1d6-d8b1-4bb2-8176-f620714e455e', success rate: 1/1.
[2026-08-30 10:07:25Z INFO HostContext] Well known directory 'Bin': 'C:\Users\krish\Documents\BITS\mlops-project\actions-runner\bin'
[2026-08-30 10:07:25Z INFO HostContext] Well known directory 'Root': 'C:\Users\krish\Documents\BITS\mlops-project\actions-runner'
[2026-08-30 10:07:25Z INFO HostContext] Well known directory 'Work': 'C:\Users\krish\Documents\BITS\mlops-project\actions-runner\_work'
[2026-08-30 10:07:25Z INFO JobServerQueue] Try to append 1 batches web console lines for record '2ac0e1d6-d8b1-4bb2-8176-f620714e455e', success rate: 1/1.
[2026-08-30 10:07:26Z INFO JobServerQueue] Try to append 1 batches web console lines for record '2ac0e1d6-d8b1-4bb2-8176-f620714e455e', success rate: 1/1.
[2026-08-30 10:07:27Z INFO JobServerQueue] Try to append 1 batches web console lines for record '2ac0e1d6-d8b1-4bb2-8176-f620714e455e', success rate: 1/1.
[2026-08-30 10:07:27Z INFO JobServerQueue] Try to append 1 batches web console lines for record '2ac0e1d6-d8b1-4bb2-8176-f620714e455e', success rate: 1/1.
[2026-08-30 10:07:28Z INFO JobServerQueue] Try to append 1 batches web console lines for record '2ac0e1d6-d8b1-4bb2-8176-f620714e455e', success rate: 1/1.
[2026-08-30 10:07:28Z INFO JobServerQueue] Try to append 1 batches web console lines for record '2ac0e1d6-d8b1-4bb2-8176-f620714e455e', success rate: 1/1.
[2026-08-30 10:07:29Z INFO JobServerQueue] Try to append 1 batches web console lines for record '2ac0e1d6-d8b1-4bb2-8176-f620714e455e', success rate: 1/1.
[2026-08-30 10:07:29Z INFO JobServerQueue] Try to append 1 batches web console lines for record '2ac0e1d6-d8b1-4bb2-8176-f620714e455e', success rate: 1/1.
[2026-08-30 10:07:30Z INFO JobServerQueue] Try to append 1 batches web console lines for record '2ac0e1d6-d8b1-4bb2-8176-f620714e455e', success rate: 1/1.
[2026-08-30 10:07:30Z INFO JobServerQueue] Try to append 1 batches web console lines for record '2ac0e1d6-d8b1-4bb2-8176-f620714e455e', success rate: 1/1.
[2026-08-30 10:07:31Z INFO JobServerQueue] Try to append 1 batches web console lines for record '2ac0e1d6-d8b1-4bb2-8176-f620714e455e', success rate: 1/1.
[2026-08-30 10:07:32Z INFO JobServerQueue] Try to append 1 batches web console lines for record '2ac0e1d6-d8b1-4bb2-8176-f620714e455e', success rate: 1/1.
[2026-08-30 10:07:33Z INFO JobServerQueue] Try to append 1 batches web console lines for record '2ac0e1d6-d8b1-4bb2-8176-f620714e455e', success rate: 1/1.
[2026-08-30 10:07:33Z INFO JobServerQueue] Try to append 1 batches web console lines for record '2ac0e1d6-d8b1-4bb2-8176-f620714e455e', success rate: 1/1.
[2026-08-30 10:07:34Z INFO JobServerQueue] Try to append 1 batches web console lines for record '2ac0e1d6-d8b1-4bb2-8176-f620714e455e', success rate: 1/1.
[2026-08-30 10:07:34Z INFO JobServerQueue] Try to append 1 batches web console lines for record '2ac0e1d6-d8b1-4bb2-8176-f620714e455e', success rate: 1/1.
[2026-08-30 10:07:35Z INFO JobServerQueue] Try to append 1 batches web console lines for record '2ac0e1d6-d8b1-4bb2-8176-f620714e455e', success rate: 1/1.
[2026-08-30 10:07:35Z INFO HostContext] Well known directory 'Bin': 'C:\Users\krish\Documents\BITS\mlops-project\actions-runner\bin'
[2026-08-30 10:07:35Z INFO HostContext] Well known directory 'Root': 'C:\Users\krish\Documents\BITS\mlops-project\actions-runner'
[2026-08-30 10:07:35Z INFO HostContext] Well known directory 'Work': 'C:\Users\krish\Documents\BITS\mlops-project\actions-runner\_work'
[2026-08-30 10:07:35Z INFO JobServerQueue] Try to append 1 batches web console lines for record '2ac0e1d6-d8b1-4bb2-8176-f620714e455e', success rate: 1/1.
[2026-08-30 10:07:36Z INFO JobServerQueue] Try to append 1 batches web console lines for record '2ac0e1d6-d8b1-4bb2-8176-f620714e455e', success rate: 1/1.
[2026-08-30 10:07:37Z INFO JobServerQueue] Try to append 1 batches web console lines for record '2ac0e1d6-d8b1-4bb2-8176-f620714e455e', success rate: 1/1.
[2026-08-30 10:07:37Z INFO JobServerQueue] Try to append 1 batches web console lines for record '2ac0e1d6-d8b1-4bb2-8176-f620714e455e', success rate: 1/1.
[2026-08-30 10:07:38Z INFO JobServerQueue] Try to append 1 batches web console lines for record '2ac0e1d6-d8b1-4bb2-8176-f620714e455e', success rate: 1/1.
[2026-08-30 10:07:38Z INFO JobServerQueue] Try to append 1 batches web console lines for record '2ac0e1d6-d8b1-4bb2-8176-f620714e455e', success rate: 1/1.
[2026-08-30 10:07:39Z INFO JobServerQueue] Try to append 1 batches web console lines for record '2ac0e1d6-d8b1-4bb2-8176-f620714e455e', success rate: 1/1.
[2026-08-30 10:07:39Z INFO JobServerQueue] Try to append 1 batches web console lines for record '2ac0e1d6-d8b1-4bb2-8176-f620714e455e', success rate: 1/1.
[2026-08-30 10:07:40Z INFO JobServerQueue] Try to append 1 batches web console lines for record '2ac0e1d6-d8b1-4bb2-8176-f620714e455e', success rate: 1/1.
[2026-08-30 10:07:41Z INFO JobServerQueue] Try to append 1 batches web console lines for record '2ac0e1d6-d8b1-4bb2-8176-f620714e455e', success rate: 1/1.
[2026-08-30 10:07:41Z INFO JobServerQueue] Try to append 1 batches web console lines for record '2ac0e1d6-d8b1-4bb2-8176-f620714e455e', success rate: 1/1.
[2026-08-30 10:07:42Z INFO JobServerQueue] Try to append 1 batches web console lines for record '2ac0e1d6-d8b1-4bb2-8176-f620714e455e', success rate: 1/1.
[2026-08-30 10:07:42Z INFO JobServerQueue] Try to append 1 batches web console lines for record '2ac0e1d6-d8b1-4bb2-8176-f620714e455e', success rate: 1/1.
[2026-08-30 10:07:43Z INFO JobServerQueue] Try to append 1 batches web console lines for record '2ac0e1d6-d8b1-4bb2-8176-f620714e455e', success rate: 1/1.
[2026-08-30 10:07:43Z INFO JobServerQueue] Try to append 1 batches web console lines for record '2ac0e1d6-d8b1-4bb2-8176-f620714e455e', success rate: 1/1.
[2026-08-30 10:07:44Z INFO JobServerQueue] Try to append 1 batches web console lines for record '2ac0e1d6-d8b1-4bb2-8176-f620714e455e', success rate: 1/1.
[2026-08-30 10:07:44Z INFO JobServerQueue] Try to append 1 batches web console lines for record '2ac0e1d6-d8b1-4bb2-8176-f620714e455e', success rate: 1/1.
[2026-08-30 10:07:45Z INFO JobServerQueue] Try to append 1 batches web console lines for record '2ac0e1d6-d8b1-4bb2-8176-f620714e455e', success rate: 1/1.
[2026-08-30 10:07:45Z INFO HostContext] Well known directory 'Bin': 'C:\Users\krish\Documents\BITS\mlops-project\actions-runner\bin'
[2026-08-30 10:07:45Z INFO HostContext] Well known directory 'Root': 'C:\Users\krish\Documents\BITS\mlops-project\actions-runner'
[2026-08-30 10:07:45Z INFO HostContext] Well known directory 'Work': 'C:\Users\krish\Documents\BITS\mlops-project\actions-runner\_work'
[2026-08-30 10:07:45Z INFO JobServerQueue] Try to append 1 batches web console lines for record '2ac0e1d6-d8b1-4bb2-8176-f620714e455e', success rate: 1/1.
[2026-08-30 10:07:46Z INFO JobServerQueue] Try to append 1 batches web console lines for record '2ac0e1d6-d8b1-4bb2-8176-f620714e455e', success rate: 1/1.
[2026-08-30 10:07:47Z INFO JobServerQueue] Try to append 1 batches web console lines for record '2ac0e1d6-d8b1-4bb2-8176-f620714e455e', success rate: 1/1.
[2026-08-30 10:07:48Z INFO JobServerQueue] Try to append 1 batches web console lines for record '2ac0e1d6-d8b1-4bb2-8176-f620714e455e', success rate: 1/1.
[2026-08-30 10:07:49Z INFO JobServerQueue] Try to append 1 batches web console lines for record '2ac0e1d6-d8b1-4bb2-8176-f620714e455e', success rate: 1/1.
[2026-08-30 10:07:49Z INFO JobServerQueue] Try to append 1 batches web console lines for record '2ac0e1d6-d8b1-4bb2-8176-f620714e455e', success rate: 1/1.
[2026-08-30 10:07:50Z INFO JobServerQueue] Try to append 1 batches web console lines for record '2ac0e1d6-d8b1-4bb2-8176-f620714e455e', success rate: 1/1.
[2026-08-30 10:07:50Z INFO JobServerQueue] Try to append 1 batches web console lines for record '2ac0e1d6-d8b1-4bb2-8176-f620714e455e', success rate: 1/1.
[2026-08-30 10:07:51Z INFO JobServerQueue] Try to append 1 batches web console lines for record '2ac0e1d6-d8b1-4bb2-8176-f620714e455e', success rate: 1/1.
[2026-08-30 10:07:52Z INFO JobServerQueue] Try to append 1 batches web console lines for record '2ac0e1d6-d8b1-4bb2-8176-f620714e455e', success rate: 1/1.
[2026-08-30 10:07:52Z INFO JobServerQueue] Try to append 1 batches web console lines for record '2ac0e1d6-d8b1-4bb2-8176-f620714e455e', success rate: 1/1.
[2026-08-30 10:07:54Z INFO JobServerQueue] Try to append 1 batches web console lines for record '2ac0e1d6-d8b1-4bb2-8176-f620714e455e', success rate: 1/1.
[2026-08-30 10:07:55Z INFO JobServerQueue] Try to append 1 batches web console lines for record '2ac0e1d6-d8b1-4bb2-8176-f620714e455e', success rate: 1/1.
[2026-08-30 10:07:55Z INFO JobServerQueue] Try to append 1 batches web console lines for record '2ac0e1d6-d8b1-4bb2-8176-f620714e455e', success rate: 1/1.
[2026-08-30 10:07:55Z INFO HostContext] Well known directory 'Bin': 'C:\Users\krish\Documents\BITS\mlops-project\actions-runner\bin'
[2026-08-30 10:07:55Z INFO HostContext] Well known directory 'Root': 'C:\Users\krish\Documents\BITS\mlops-project\actions-runner'
[2026-08-30 10:07:55Z INFO HostContext] Well known directory 'Work': 'C:\Users\krish\Documents\BITS\mlops-project\actions-runner\_work'
[2026-08-30 10:07:56Z INFO JobServerQueue] Try to append 1 batches web console lines for record '2ac0e1d6-d8b1-4bb2-8176-f620714e455e', success rate: 1/1.
[2026-08-30 10:07:56Z INFO JobServerQueue] Try to append 1 batches web console lines for record '2ac0e1d6-d8b1-4bb2-8176-f620714e455e', success rate: 1/1.
[2026-08-30 10:07:57Z INFO JobServerQueue] Try to append 1 batches web console lines for record '2ac0e1d6-d8b1-4bb2-8176-f620714e455e', success rate: 1/1.
[2026-08-30 10:07:58Z INFO JobServerQueue] Try to append 1 batches web console lines for record '2ac0e1d6-d8b1-4bb2-8176-f620714e455e', success rate: 1/1.
[2026-08-30 10:07:58Z INFO JobServerQueue] Try to append 1 batches web console lines for record '2ac0e1d6-d8b1-4bb2-8176-f620714e455e', success rate: 1/1.
[2026-08-30 10:07:59Z INFO JobServerQueue] Try to append 1 batches web console lines for record '2ac0e1d6-d8b1-4bb2-8176-f620714e455e', success rate: 1/1.
[2026-08-30 10:08:00Z INFO JobServerQueue] Try to append 1 batches web console lines for record '2ac0e1d6-d8b1-4bb2-8176-f620714e455e', success rate: 1/1.
[2026-08-30 10:08:00Z INFO JobServerQueue] Try to append 1 batches web console lines for record '2ac0e1d6-d8b1-4bb2-8176-f620714e455e', success rate: 1/1.
[2026-08-30 10:08:01Z INFO JobServerQueue] Try to append 1 batches web console lines for record '2ac0e1d6-d8b1-4bb2-8176-f620714e455e', success rate: 1/1.
[2026-08-30 10:08:01Z INFO JobServerQueue] Try to append 1 batches web console lines for record '2ac0e1d6-d8b1-4bb2-8176-f620714e455e', success rate: 1/1.
[2026-08-30 10:08:02Z INFO JobServerQueue] Try to append 1 batches web console lines for record '2ac0e1d6-d8b1-4bb2-8176-f620714e455e', success rate: 1/1.
[2026-08-30 10:08:03Z INFO JobServerQueue] Try to append 1 batches web console lines for record '2ac0e1d6-d8b1-4bb2-8176-f620714e455e', success rate: 1/1.
[2026-08-30 10:08:03Z INFO JobServerQueue] Try to append 1 batches web console lines for record '2ac0e1d6-d8b1-4bb2-8176-f620714e455e', success rate: 1/1.
[2026-08-30 10:08:04Z INFO JobServerQueue] Try to append 1 batches web console lines for record '2ac0e1d6-d8b1-4bb2-8176-f620714e455e', success rate: 1/1.
[2026-08-30 10:08:04Z INFO JobServerQueue] Try to append 1 batches web console lines for record '2ac0e1d6-d8b1-4bb2-8176-f620714e455e', success rate: 1/1.
[2026-08-30 10:08:05Z INFO JobServerQueue] Try to append 1 batches web console lines for record '2ac0e1d6-d8b1-4bb2-8176-f620714e455e', success rate: 1/1.
[2026-08-30 10:08:05Z INFO HostContext] Well known directory 'Bin': 'C:\Users\krish\Documents\BITS\mlops-project\actions-runner\bin'
[2026-08-30 10:08:05Z INFO HostContext] Well known directory 'Root': 'C:\Users\krish\Documents\BITS\mlops-project\actions-runner'
[2026-08-30 10:08:05Z INFO HostContext] Well known directory 'Work': 'C:\Users\krish\Documents\BITS\mlops-project\actions-runner\_work'
[2026-08-30 10:08:06Z INFO JobServerQueue] Try to append 1 batches web console lines for record '2ac0e1d6-d8b1-4bb2-8176-f620714e455e', success rate: 1/1.
[2026-08-30 10:08:06Z INFO JobServerQueue] Try to append 1 batches web console lines for record '2ac0e1d6-d8b1-4bb2-8176-f620714e455e', success rate: 1/1.
[2026-08-30 10:08:07Z INFO JobServerQueue] Try to append 1 batches web console lines for record '2ac0e1d6-d8b1-4bb2-8176-f620714e455e', success rate: 1/1.
[2026-08-30 10:08:08Z INFO JobServerQueue] Try to append 1 batches web console lines for record '2ac0e1d6-d8b1-4bb2-8176-f620714e455e', success rate: 1/1.
[2026-08-30 10:08:09Z INFO JobServerQueue] Try to append 1 batches web console lines for record '2ac0e1d6-d8b1-4bb2-8176-f620714e455e', success rate: 1/1.
[2026-08-30 10:08:09Z INFO JobServerQueue] Try to append 1 batches web console lines for record '2ac0e1d6-d8b1-4bb2-8176-f620714e455e', success rate: 1/1.
[2026-08-30 10:08:10Z INFO JobServerQueue] Try to append 1 batches web console lines for record '2ac0e1d6-d8b1-4bb2-8176-f620714e455e', success rate: 1/1.
[2026-08-30 10:08:11Z INFO JobServerQueue] Try to append 1 batches web console lines for record '2ac0e1d6-d8b1-4bb2-8176-f620714e455e', success rate: 1/1.
[2026-08-30 10:08:12Z INFO JobServerQueue] Try to append 1 batches web console lines for record '2ac0e1d6-d8b1-4bb2-8176-f620714e455e', success rate: 1/1.
[2026-08-30 10:08:13Z INFO JobServerQueue] Try to append 1 batches web console lines for record '2ac0e1d6-d8b1-4bb2-8176-f620714e455e', success rate: 1/1.
[2026-08-30 10:08:13Z INFO JobServerQueue] Try to append 1 batches web console lines for record '2ac0e1d6-d8b1-4bb2-8176-f620714e455e', success rate: 1/1.
[2026-08-30 10:08:14Z INFO JobServerQueue] Try to append 1 batches web console lines for record '2ac0e1d6-d8b1-4bb2-8176-f620714e455e', success rate: 1/1.
[2026-08-30 10:08:15Z INFO HostContext] Well known directory 'Bin': 'C:\Users\krish\Documents\BITS\mlops-project\actions-runner\bin'
[2026-08-30 10:08:15Z INFO HostContext] Well known directory 'Root': 'C:\Users\krish\Documents\BITS\mlops-project\actions-runner'
[2026-08-30 10:08:15Z INFO HostContext] Well known directory 'Work': 'C:\Users\krish\Documents\BITS\mlops-project\actions-runner\_work'
[2026-08-30 10:08:16Z INFO JobServerQueue] Try to append 1 batches web console lines for record '2ac0e1d6-d8b1-4bb2-8176-f620714e455e', success rate: 1/1.
[2026-08-30 10:08:16Z INFO JobServerQueue] Try to append 1 batches web console lines for record '2ac0e1d6-d8b1-4bb2-8176-f620714e455e', success rate: 1/1.
[2026-08-30 10:08:17Z INFO JobServerQueue] Try to append 1 batches web console lines for record '2ac0e1d6-d8b1-4bb2-8176-f620714e455e', success rate: 1/1.
[2026-08-30 10:08:18Z INFO JobServerQueue] Try to append 1 batches web console lines for record '2ac0e1d6-d8b1-4bb2-8176-f620714e455e', success rate: 1/1.
[2026-08-30 10:08:18Z INFO JobServerQueue] Try to append 1 batches web console lines for record '2ac0e1d6-d8b1-4bb2-8176-f620714e455e', success rate: 1/1.
[2026-08-30 10:08:19Z INFO JobServerQueue] Try to append 1 batches web console lines for record '2ac0e1d6-d8b1-4bb2-8176-f620714e455e', success rate: 1/1.
[2026-08-30 10:08:19Z INFO JobServerQueue] Try to append 1 batches web console lines for record '2ac0e1d6-d8b1-4bb2-8176-f620714e455e', success rate: 1/1.
[2026-08-30 10:08:20Z INFO JobServerQueue] Try to append 1 batches web console lines for record '2ac0e1d6-d8b1-4bb2-8176-f620714e455e', success rate: 1/1.
[2026-08-30 10:08:21Z INFO JobServerQueue] Try to append 1 batches web console lines for record '2ac0e1d6-d8b1-4bb2-8176-f620714e455e', success rate: 1/1.
[2026-08-30 10:08:21Z INFO JobServerQueue] Try to append 1 batches web console lines for record '2ac0e1d6-d8b1-4bb2-8176-f620714e455e', success rate: 1/1.
[2026-08-30 10:08:22Z INFO JobServerQueue] Try to append 1 batches web console lines for record '2ac0e1d6-d8b1-4bb2-8176-f620714e455e', success rate: 1/1.
[2026-08-30 10:08:22Z INFO JobServerQueue] Try to append 1 batches web console lines for record '2ac0e1d6-d8b1-4bb2-8176-f620714e455e', success rate: 1/1.
[2026-08-30 10:08:23Z INFO JobServerQueue] Try to append 1 batches web console lines for record '2ac0e1d6-d8b1-4bb2-8176-f620714e455e', success rate: 1/1.
[2026-08-30 10:08:23Z INFO JobServerQueue] Try to append 1 batches web console lines for record '2ac0e1d6-d8b1-4bb2-8176-f620714e455e', success rate: 1/1.
[2026-08-30 10:08:24Z INFO JobServerQueue] Try to append 1 batches web console lines for record '2ac0e1d6-d8b1-4bb2-8176-f620714e455e', success rate: 1/1.
[2026-08-30 10:08:25Z INFO JobServerQueue] Try to append 1 batches web console lines for record '2ac0e1d6-d8b1-4bb2-8176-f620714e455e', success rate: 1/1.
[2026-08-30 10:08:25Z INFO HostContext] Well known directory 'Bin': 'C:\Users\krish\Documents\BITS\mlops-project\actions-runner\bin'
[2026-08-30 10:08:25Z INFO HostContext] Well known directory 'Root': 'C:\Users\krish\Documents\BITS\mlops-project\actions-runner'
[2026-08-30 10:08:25Z INFO HostContext] Well known directory 'Work': 'C:\Users\krish\Documents\BITS\mlops-project\actions-runner\_work'
[2026-08-30 10:08:25Z INFO JobServerQueue] Try to append 1 batches web console lines for record '2ac0e1d6-d8b1-4bb2-8176-f620714e455e', success rate: 1/1.
[2026-08-30 10:08:26Z INFO JobServerQueue] Try to append 1 batches web console lines for record '2ac0e1d6-d8b1-4bb2-8176-f620714e455e', success rate: 1/1.
[2026-08-30 10:08:26Z INFO JobServerQueue] Try to append 1 batches web console lines for record '2ac0e1d6-d8b1-4bb2-8176-f620714e455e', success rate: 1/1.
[2026-08-30 10:08:27Z INFO JobServerQueue] Try to append 1 batches web console lines for record '2ac0e1d6-d8b1-4bb2-8176-f620714e455e', success rate: 1/1.
[2026-08-30 10:08:28Z INFO JobServerQueue] Try to append 1 batches web console lines for record '2ac0e1d6-d8b1-4bb2-8176-f620714e455e', success rate: 1/1.
[2026-08-30 10:08:28Z INFO JobServerQueue] Try to append 1 batches web console lines for record '2ac0e1d6-d8b1-4bb2-8176-f620714e455e', success rate: 1/1.
[2026-08-30 10:08:29Z INFO JobServerQueue] Try to append 1 batches web console lines for record '2ac0e1d6-d8b1-4bb2-8176-f620714e455e', success rate: 1/1.
[2026-08-30 10:08:30Z INFO JobServerQueue] Try to append 1 batches web console lines for record '2ac0e1d6-d8b1-4bb2-8176-f620714e455e', success rate: 1/1.
[2026-08-30 10:08:30Z INFO JobServerQueue] Try to append 1 batches web console lines for record '2ac0e1d6-d8b1-4bb2-8176-f620714e455e', success rate: 1/1.
[2026-08-30 10:08:31Z INFO JobServerQueue] Try to append 1 batches web console lines for record '2ac0e1d6-d8b1-4bb2-8176-f620714e455e', success rate: 1/1.
[2026-08-30 10:08:31Z INFO JobServerQueue] Try to append 1 batches web console lines for record '2ac0e1d6-d8b1-4bb2-8176-f620714e455e', success rate: 1/1.
[2026-08-30 10:08:32Z INFO JobServerQueue] Try to append 1 batches web console lines for record '2ac0e1d6-d8b1-4bb2-8176-f620714e455e', success rate: 1/1.
[2026-08-30 10:08:32Z INFO JobServerQueue] Try to append 1 batches web console lines for record '2ac0e1d6-d8b1-4bb2-8176-f620714e455e', success rate: 1/1.
[2026-08-30 10:08:33Z INFO JobServerQueue] Try to append 1 batches web console lines for record '2ac0e1d6-d8b1-4bb2-8176-f620714e455e', success rate: 1/1.
[2026-08-30 10:08:33Z INFO JobServerQueue] Try to append 1 batches web console lines for record '2ac0e1d6-d8b1-4bb2-8176-f620714e455e', success rate: 1/1.
[2026-08-30 10:08:34Z INFO JobServerQueue] Try to append 1 batches web console lines for record '2ac0e1d6-d8b1-4bb2-8176-f620714e455e', success rate: 1/1.
[2026-08-30 10:08:35Z INFO JobServerQueue] Try to append 1 batches web console lines for record '2ac0e1d6-d8b1-4bb2-8176-f620714e455e', success rate: 1/1.
[2026-08-30 10:08:35Z INFO HostContext] Well known directory 'Bin': 'C:\Users\krish\Documents\BITS\mlops-project\actions-runner\bin'
[2026-08-30 10:08:35Z INFO HostContext] Well known directory 'Root': 'C:\Users\krish\Documents\BITS\mlops-project\actions-runner'
[2026-08-30 10:08:35Z INFO HostContext] Well known directory 'Work': 'C:\Users\krish\Documents\BITS\mlops-project\actions-runner\_work'
[2026-08-30 10:08:37Z INFO JobServerQueue] Try to append 1 batches web console lines for record '2ac0e1d6-d8b1-4bb2-8176-f620714e455e', success rate: 1/1.
[2026-08-30 10:08:38Z INFO JobServerQueue] Try to append 1 batches web console lines for record '2ac0e1d6-d8b1-4bb2-8176-f620714e455e', success rate: 1/1.
[2026-08-30 10:08:38Z INFO JobServerQueue] Try to append 1 batches web console lines for record '2ac0e1d6-d8b1-4bb2-8176-f620714e455e', success rate: 1/1.
[2026-08-30 10:08:39Z INFO JobServerQueue] Try to append 1 batches web console lines for record '2ac0e1d6-d8b1-4bb2-8176-f620714e455e', success rate: 1/1.
[2026-08-30 10:08:39Z INFO JobServerQueue] Try to append 1 batches web console lines for record '2ac0e1d6-d8b1-4bb2-8176-f620714e455e', success rate: 1/1.
[2026-08-30 10:08:41Z INFO JobServerQueue] Try to append 1 batches web console lines for record '2ac0e1d6-d8b1-4bb2-8176-f620714e455e', success rate: 1/1.
[2026-08-30 10:08:42Z INFO JobServerQueue] Try to append 1 batches web console lines for record '2ac0e1d6-d8b1-4bb2-8176-f620714e455e', success rate: 1/1.
[2026-08-30 10:08:43Z INFO JobServerQueue] Try to append 1 batches web console lines for record '2ac0e1d6-d8b1-4bb2-8176-f620714e455e', success rate: 1/1.
[2026-08-30 10:08:44Z INFO JobServerQueue] Try to append 1 batches web console lines for record '2ac0e1d6-d8b1-4bb2-8176-f620714e455e', success rate: 1/1.
[2026-08-30 10:08:45Z INFO HostContext] Well known directory 'Bin': 'C:\Users\krish\Documents\BITS\mlops-project\actions-runner\bin'
[2026-08-30 10:08:45Z INFO HostContext] Well known directory 'Root': 'C:\Users\krish\Documents\BITS\mlops-project\actions-runner'
[2026-08-30 10:08:45Z INFO HostContext] Well known directory 'Work': 'C:\Users\krish\Documents\BITS\mlops-project\actions-runner\_work'
[2026-08-30 10:08:46Z INFO JobServerQueue] Try to append 1 batches web console lines for record '2ac0e1d6-d8b1-4bb2-8176-f620714e455e', success rate: 1/1.
[2026-08-30 10:08:46Z INFO JobServerQueue] Try to append 1 batches web console lines for record '2ac0e1d6-d8b1-4bb2-8176-f620714e455e', success rate: 1/1.
[2026-08-30 10:08:47Z INFO JobServerQueue] Try to append 1 batches web console lines for record '2ac0e1d6-d8b1-4bb2-8176-f620714e455e', success rate: 1/1.
[2026-08-30 10:08:47Z INFO JobServerQueue] Try to append 1 batches web console lines for record '2ac0e1d6-d8b1-4bb2-8176-f620714e455e', success rate: 1/1.
[2026-08-30 10:08:48Z INFO JobServerQueue] Try to append 1 batches web console lines for record '2ac0e1d6-d8b1-4bb2-8176-f620714e455e', success rate: 1/1.
[2026-08-30 10:08:48Z INFO JobServerQueue] Try to append 1 batches web console lines for record '2ac0e1d6-d8b1-4bb2-8176-f620714e455e', success rate: 1/1.
[2026-08-30 10:08:49Z INFO JobServerQueue] Try to append 1 batches web console lines for record '2ac0e1d6-d8b1-4bb2-8176-f620714e455e', success rate: 1/1.
[2026-08-30 10:08:50Z INFO JobServerQueue] Try to append 1 batches web console lines for record '2ac0e1d6-d8b1-4bb2-8176-f620714e455e', success rate: 1/1.
[2026-08-30 10:08:50Z INFO JobServerQueue] Try to append 1 batches web console lines for record '2ac0e1d6-d8b1-4bb2-8176-f620714e455e', success rate: 1/1.
[2026-08-30 10:08:51Z INFO JobServerQueue] Try to append 1 batches web console lines for record '2ac0e1d6-d8b1-4bb2-8176-f620714e455e', success rate: 1/1.
[2026-08-30 10:08:52Z INFO JobServerQueue] Try to append 1 batches web console lines for record '2ac0e1d6-d8b1-4bb2-8176-f620714e455e', success rate: 1/1.
[2026-08-30 10:08:52Z INFO JobServerQueue] Try to append 1 batches web console lines for record '2ac0e1d6-d8b1-4bb2-8176-f620714e455e', success rate: 1/1.
[2026-08-30 10:08:53Z INFO JobServerQueue] Try to append 1 batches web console lines for record '2ac0e1d6-d8b1-4bb2-8176-f620714e455e', success rate: 1/1.
[2026-08-30 10:08:53Z INFO JobServerQueue] Try to append 1 batches web console lines for record '2ac0e1d6-d8b1-4bb2-8176-f620714e455e', success rate: 1/1.
[2026-08-30 10:08:54Z INFO JobServerQueue] Try to append 1 batches web console lines for record '2ac0e1d6-d8b1-4bb2-8176-f620714e455e', success rate: 1/1.
[2026-08-30 10:08:55Z INFO JobServerQueue] Try to append 1 batches web console lines for record '2ac0e1d6-d8b1-4bb2-8176-f620714e455e', success rate: 1/1.
[2026-08-30 10:08:55Z INFO JobServerQueue] Try to append 1 batches web console lines for record '2ac0e1d6-d8b1-4bb2-8176-f620714e455e', success rate: 1/1.
[2026-08-30 10:08:55Z INFO HostContext] Well known directory 'Bin': 'C:\Users\krish\Documents\BITS\mlops-project\actions-runner\bin'
[2026-08-30 10:08:55Z INFO HostContext] Well known directory 'Root': 'C:\Users\krish\Documents\BITS\mlops-project\actions-runner'
[2026-08-30 10:08:55Z INFO HostContext] Well known directory 'Work': 'C:\Users\krish\Documents\BITS\mlops-project\actions-runner\_work'
[2026-08-30 10:08:56Z INFO JobServerQueue] Try to append 1 batches web console lines for record '2ac0e1d6-d8b1-4bb2-8176-f620714e455e', success rate: 1/1.
[2026-08-30 10:08:56Z INFO JobServerQueue] Try to append 1 batches web console lines for record '2ac0e1d6-d8b1-4bb2-8176-f620714e455e', success rate: 1/1.
[2026-08-30 10:08:57Z INFO JobServerQueue] Try to append 1 batches web console lines for record '2ac0e1d6-d8b1-4bb2-8176-f620714e455e', success rate: 1/1.
[2026-08-30 10:08:57Z INFO JobServerQueue] Try to append 1 batches web console lines for record '2ac0e1d6-d8b1-4bb2-8176-f620714e455e', success rate: 1/1.
[2026-08-30 10:08:58Z INFO JobServerQueue] Try to append 1 batches web console lines for record '2ac0e1d6-d8b1-4bb2-8176-f620714e455e', success rate: 1/1.
[2026-08-30 10:08:59Z INFO JobServerQueue] Try to append 1 batches web console lines for record '2ac0e1d6-d8b1-4bb2-8176-f620714e455e', success rate: 1/1.
[2026-08-30 10:09:00Z INFO JobServerQueue] Try to append 1 batches web console lines for record '2ac0e1d6-d8b1-4bb2-8176-f620714e455e', success rate: 1/1.
[2026-08-30 10:09:00Z INFO JobServerQueue] Try to append 1 batches web console lines for record '2ac0e1d6-d8b1-4bb2-8176-f620714e455e', success rate: 1/1.
[2026-08-30 10:09:01Z INFO JobServerQueue] Try to append 1 batches web console lines for record '2ac0e1d6-d8b1-4bb2-8176-f620714e455e', success rate: 1/1.
[2026-08-30 10:09:01Z INFO JobServerQueue] Try to append 1 batches web console lines for record '2ac0e1d6-d8b1-4bb2-8176-f620714e455e', success rate: 1/1.
[2026-08-30 10:09:02Z INFO JobServerQueue] Try to append 1 batches web console lines for record '2ac0e1d6-d8b1-4bb2-8176-f620714e455e', success rate: 1/1.
[2026-08-30 10:09:03Z INFO JobServerQueue] Try to append 1 batches web console lines for record '2ac0e1d6-d8b1-4bb2-8176-f620714e455e', success rate: 1/1.
[2026-08-30 10:09:04Z INFO JobServerQueue] Try to append 1 batches web console lines for record '2ac0e1d6-d8b1-4bb2-8176-f620714e455e', success rate: 1/1.
[2026-08-30 10:09:04Z INFO JobServerQueue] Try to append 1 batches web console lines for record '2ac0e1d6-d8b1-4bb2-8176-f620714e455e', success rate: 1/1.
[2026-08-30 10:09:05Z INFO JobServerQueue] Try to append 1 batches web console lines for record '2ac0e1d6-d8b1-4bb2-8176-f620714e455e', success rate: 1/1.
[2026-08-30 10:09:05Z INFO JobServerQueue] Try to append 1 batches web console lines for record '2ac0e1d6-d8b1-4bb2-8176-f620714e455e', success rate: 1/1.
[2026-08-30 10:09:05Z INFO HostContext] Well known directory 'Bin': 'C:\Users\krish\Documents\BITS\mlops-project\actions-runner\bin'
[2026-08-30 10:09:05Z INFO HostContext] Well known directory 'Root': 'C:\Users\krish\Documents\BITS\mlops-project\actions-runner'
[2026-08-30 10:09:05Z INFO HostContext] Well known directory 'Work': 'C:\Users\krish\Documents\BITS\mlops-project\actions-runner\_work'
[2026-08-30 10:09:06Z INFO JobServerQueue] Try to append 1 batches web console lines for record '2ac0e1d6-d8b1-4bb2-8176-f620714e455e', success rate: 1/1.
[2026-08-30 10:09:06Z INFO JobServerQueue] Try to append 1 batches web console lines for record '2ac0e1d6-d8b1-4bb2-8176-f620714e455e', success rate: 1/1.
[2026-08-30 10:09:07Z INFO JobServerQueue] Try to append 1 batches web console lines for record '2ac0e1d6-d8b1-4bb2-8176-f620714e455e', success rate: 1/1.
[2026-08-30 10:09:08Z INFO JobServerQueue] Try to append 1 batches web console lines for record '2ac0e1d6-d8b1-4bb2-8176-f620714e455e', success rate: 1/1.
[2026-08-30 10:09:08Z INFO JobServerQueue] Try to append 1 batches web console lines for record '2ac0e1d6-d8b1-4bb2-8176-f620714e455e', success rate: 1/1.
[2026-08-30 10:09:10Z INFO JobServerQueue] Try to append 1 batches web console lines for record '2ac0e1d6-d8b1-4bb2-8176-f620714e455e', success rate: 1/1.
[2026-08-30 10:09:10Z INFO JobServerQueue] Try to append 1 batches web console lines for record '2ac0e1d6-d8b1-4bb2-8176-f620714e455e', success rate: 1/1.
[2026-08-30 10:09:12Z INFO JobServerQueue] Try to append 1 batches web console lines for record '2ac0e1d6-d8b1-4bb2-8176-f620714e455e', success rate: 1/1.
[2026-08-30 10:09:13Z INFO JobServerQueue] Try to append 1 batches web console lines for record '2ac0e1d6-d8b1-4bb2-8176-f620714e455e', success rate: 1/1.
[2026-08-30 10:09:14Z INFO JobServerQueue] Try to append 1 batches web console lines for record '2ac0e1d6-d8b1-4bb2-8176-f620714e455e', success rate: 1/1.
[2026-08-30 10:09:14Z INFO JobServerQueue] Try to append 1 batches web console lines for record '2ac0e1d6-d8b1-4bb2-8176-f620714e455e', success rate: 1/1.
[2026-08-30 10:09:15Z INFO JobServerQueue] Try to append 1 batches web console lines for record '2ac0e1d6-d8b1-4bb2-8176-f620714e455e', success rate: 1/1.
[2026-08-30 10:09:15Z INFO JobServerQueue] Try to append 1 batches web console lines for record '2ac0e1d6-d8b1-4bb2-8176-f620714e455e', success rate: 1/1.
[2026-08-30 10:09:15Z INFO HostContext] Well known directory 'Bin': 'C:\Users\krish\Documents\BITS\mlops-project\actions-runner\bin'
[2026-08-30 10:09:15Z INFO HostContext] Well known directory 'Root': 'C:\Users\krish\Documents\BITS\mlops-project\actions-runner'
[2026-08-30 10:09:15Z INFO HostContext] Well known directory 'Work': 'C:\Users\krish\Documents\BITS\mlops-project\actions-runner\_work'
[2026-08-30 10:09:16Z INFO JobServerQueue] Try to append 1 batches web console lines for record '2ac0e1d6-d8b1-4bb2-8176-f620714e455e', success rate: 1/1.
[2026-08-30 10:09:17Z INFO JobServerQueue] Try to append 1 batches web console lines for record '2ac0e1d6-d8b1-4bb2-8176-f620714e455e', success rate: 1/1.
[2026-08-30 10:09:17Z INFO JobServerQueue] Try to append 1 batches web console lines for record '2ac0e1d6-d8b1-4bb2-8176-f620714e455e', success rate: 1/1.
[2026-08-30 10:09:18Z INFO JobServerQueue] Try to append 1 batches web console lines for record '2ac0e1d6-d8b1-4bb2-8176-f620714e455e', success rate: 1/1.
[2026-08-30 10:09:19Z INFO JobServerQueue] Try to append 1 batches web console lines for record '2ac0e1d6-d8b1-4bb2-8176-f620714e455e', success rate: 1/1.
[2026-08-30 10:09:19Z INFO JobServerQueue] Try to append 1 batches web console lines for record '2ac0e1d6-d8b1-4bb2-8176-f620714e455e', success rate: 1/1.
[2026-08-30 10:09:20Z INFO JobServerQueue] Try to append 1 batches web console lines for record '2ac0e1d6-d8b1-4bb2-8176-f620714e455e', success rate: 1/1.
[2026-08-30 10:09:21Z INFO JobServerQueue] Try to append 1 batches web console lines for record '2ac0e1d6-d8b1-4bb2-8176-f620714e455e', success rate: 1/1.
[2026-08-30 10:09:21Z INFO JobServerQueue] Try to append 1 batches web console lines for record '2ac0e1d6-d8b1-4bb2-8176-f620714e455e', success rate: 1/1.
[2026-08-30 10:09:22Z INFO JobServerQueue] Try to append 1 batches web console lines for record '2ac0e1d6-d8b1-4bb2-8176-f620714e455e', success rate: 1/1.
[2026-08-30 10:09:22Z INFO JobServerQueue] Try to append 1 batches web console lines for record '2ac0e1d6-d8b1-4bb2-8176-f620714e455e', success rate: 1/1.
[2026-08-30 10:09:23Z INFO JobServerQueue] Try to append 1 batches web console lines for record '2ac0e1d6-d8b1-4bb2-8176-f620714e455e', success rate: 1/1.
[2026-08-30 10:09:23Z INFO JobServerQueue] Try to append 1 batches web console lines for record '2ac0e1d6-d8b1-4bb2-8176-f620714e455e', success rate: 1/1.
[2026-08-30 10:09:24Z INFO JobServerQueue] Try to append 1 batches web console lines for record '2ac0e1d6-d8b1-4bb2-8176-f620714e455e', success rate: 1/1.
[2026-08-30 10:09:25Z INFO JobServerQueue] Try to append 1 batches web console lines for record '2ac0e1d6-d8b1-4bb2-8176-f620714e455e', success rate: 1/1.
[2026-08-30 10:09:25Z INFO JobServerQueue] Try to append 1 batches web console lines for record '2ac0e1d6-d8b1-4bb2-8176-f620714e455e', success rate: 1/1.
[2026-08-30 10:09:26Z INFO HostContext] Well known directory 'Bin': 'C:\Users\krish\Documents\BITS\mlops-project\actions-runner\bin'
[2026-08-30 10:09:26Z INFO HostContext] Well known directory 'Root': 'C:\Users\krish\Documents\BITS\mlops-project\actions-runner'
[2026-08-30 10:09:26Z INFO HostContext] Well known directory 'Work': 'C:\Users\krish\Documents\BITS\mlops-project\actions-runner\_work'
[2026-08-30 10:09:26Z INFO JobServerQueue] Try to append 1 batches web console lines for record '2ac0e1d6-d8b1-4bb2-8176-f620714e455e', success rate: 1/1.
[2026-08-30 10:09:26Z INFO JobServerQueue] Try to append 1 batches web console lines for record '2ac0e1d6-d8b1-4bb2-8176-f620714e455e', success rate: 1/1.
[2026-08-30 10:09:27Z INFO JobServerQueue] Try to append 1 batches web console lines for record '2ac0e1d6-d8b1-4bb2-8176-f620714e455e', success rate: 1/1.
[2026-08-30 10:09:27Z INFO JobServerQueue] Try to append 1 batches web console lines for record '2ac0e1d6-d8b1-4bb2-8176-f620714e455e', success rate: 1/1.
[2026-08-30 10:09:28Z INFO JobServerQueue] Try to append 1 batches web console lines for record '2ac0e1d6-d8b1-4bb2-8176-f620714e455e', success rate: 1/1.
[2026-08-30 10:09:28Z INFO JobServerQueue] Try to append 1 batches web console lines for record '2ac0e1d6-d8b1-4bb2-8176-f620714e455e', success rate: 1/1.
[2026-08-30 10:09:29Z INFO JobServerQueue] Try to append 1 batches web console lines for record '2ac0e1d6-d8b1-4bb2-8176-f620714e455e', success rate: 1/1.
[2026-08-30 10:09:29Z INFO JobServerQueue] Try to append 1 batches web console lines for record '2ac0e1d6-d8b1-4bb2-8176-f620714e455e', success rate: 1/1.
[2026-08-30 10:09:30Z INFO JobServerQueue] Try to append 1 batches web console lines for record '2ac0e1d6-d8b1-4bb2-8176-f620714e455e', success rate: 1/1.
[2026-08-30 10:09:31Z INFO JobServerQueue] Try to append 1 batches web console lines for record '2ac0e1d6-d8b1-4bb2-8176-f620714e455e', success rate: 1/1.
[2026-08-30 10:09:31Z INFO JobServerQueue] Try to append 1 batches web console lines for record '2ac0e1d6-d8b1-4bb2-8176-f620714e455e', success rate: 1/1.
[2026-08-30 10:09:32Z INFO JobServerQueue] Try to append 1 batches web console lines for record '2ac0e1d6-d8b1-4bb2-8176-f620714e455e', success rate: 1/1.
[2026-08-30 10:09:32Z INFO JobServerQueue] Try to append 1 batches web console lines for record '2ac0e1d6-d8b1-4bb2-8176-f620714e455e', success rate: 1/1.
[2026-08-30 10:09:33Z INFO JobServerQueue] Try to append 1 batches web console lines for record '2ac0e1d6-d8b1-4bb2-8176-f620714e455e', success rate: 1/1.
[2026-08-30 10:09:34Z INFO JobServerQueue] Try to append 1 batches web console lines for record '2ac0e1d6-d8b1-4bb2-8176-f620714e455e', success rate: 1/1.
[2026-08-30 10:09:34Z INFO JobServerQueue] Try to append 1 batches web console lines for record '2ac0e1d6-d8b1-4bb2-8176-f620714e455e', success rate: 1/1.
[2026-08-30 10:09:35Z INFO JobServerQueue] Try to append 1 batches web console lines for record '2ac0e1d6-d8b1-4bb2-8176-f620714e455e', success rate: 1/1.
[2026-08-30 10:09:36Z INFO JobServerQueue] Try to append 1 batches web console lines for record '2ac0e1d6-d8b1-4bb2-8176-f620714e455e', success rate: 1/1.
[2026-08-30 10:09:36Z INFO HostContext] Well known directory 'Bin': 'C:\Users\krish\Documents\BITS\mlops-project\actions-runner\bin'
[2026-08-30 10:09:36Z INFO HostContext] Well known directory 'Root': 'C:\Users\krish\Documents\BITS\mlops-project\actions-runner'
[2026-08-30 10:09:36Z INFO HostContext] Well known directory 'Work': 'C:\Users\krish\Documents\BITS\mlops-project\actions-runner\_work'
[2026-08-30 10:09:37Z INFO JobServerQueue] Try to append 1 batches web console lines for record '2ac0e1d6-d8b1-4bb2-8176-f620714e455e', success rate: 1/1.
[2026-08-30 10:09:37Z INFO JobServerQueue] Try to append 1 batches web console lines for record '2ac0e1d6-d8b1-4bb2-8176-f620714e455e', success rate: 1/1.
[2026-08-30 10:09:38Z INFO JobServerQueue] Try to append 1 batches web console lines for record '2ac0e1d6-d8b1-4bb2-8176-f620714e455e', success rate: 1/1.
[2026-08-30 10:09:38Z INFO JobServerQueue] Try to append 1 batches web console lines for record '2ac0e1d6-d8b1-4bb2-8176-f620714e455e', success rate: 1/1.
[2026-08-30 10:09:40Z INFO JobServerQueue] Try to append 1 batches web console lines for record '2ac0e1d6-d8b1-4bb2-8176-f620714e455e', success rate: 1/1.
[2026-08-30 10:09:42Z INFO JobServerQueue] Try to append 1 batches web console lines for record '2ac0e1d6-d8b1-4bb2-8176-f620714e455e', success rate: 1/1.
[2026-08-30 10:09:43Z INFO JobServerQueue] Try to append 1 batches web console lines for record '2ac0e1d6-d8b1-4bb2-8176-f620714e455e', success rate: 1/1.
[2026-08-30 10:09:45Z INFO JobServerQueue] Try to append 1 batches web console lines for record '2ac0e1d6-d8b1-4bb2-8176-f620714e455e', success rate: 1/1.
[2026-08-30 10:09:46Z INFO HostContext] Well known directory 'Bin': 'C:\Users\krish\Documents\BITS\mlops-project\actions-runner\bin'
[2026-08-30 10:09:46Z INFO HostContext] Well known directory 'Root': 'C:\Users\krish\Documents\BITS\mlops-project\actions-runner'
[2026-08-30 10:09:46Z INFO HostContext] Well known directory 'Work': 'C:\Users\krish\Documents\BITS\mlops-project\actions-runner\_work'
[2026-08-30 10:09:48Z INFO JobServerQueue] Try to append 1 batches web console lines for record '2ac0e1d6-d8b1-4bb2-8176-f620714e455e', success rate: 1/1.
[2026-08-30 10:09:48Z INFO JobServerQueue] Try to append 1 batches web console lines for record '2ac0e1d6-d8b1-4bb2-8176-f620714e455e', success rate: 1/1.
[2026-08-30 10:09:49Z INFO JobServerQueue] Try to append 1 batches web console lines for record '2ac0e1d6-d8b1-4bb2-8176-f620714e455e', success rate: 1/1.
[2026-08-30 10:09:49Z INFO JobServerQueue] Try to append 1 batches web console lines for record '2ac0e1d6-d8b1-4bb2-8176-f620714e455e', success rate: 1/1.
[2026-08-30 10:09:50Z INFO JobServerQueue] Try to append 1 batches web console lines for record '2ac0e1d6-d8b1-4bb2-8176-f620714e455e', success rate: 1/1.
[2026-08-30 10:09:50Z INFO JobServerQueue] Try to append 1 batches web console lines for record '2ac0e1d6-d8b1-4bb2-8176-f620714e455e', success rate: 1/1.
[2026-08-30 10:09:51Z INFO JobServerQueue] Try to append 1 batches web console lines for record '2ac0e1d6-d8b1-4bb2-8176-f620714e455e', success rate: 1/1.
[2026-08-30 10:09:51Z INFO JobServerQueue] Try to append 1 batches web console lines for record '2ac0e1d6-d8b1-4bb2-8176-f620714e455e', success rate: 1/1.
[2026-08-30 10:09:52Z INFO JobServerQueue] Try to append 1 batches web console lines for record '2ac0e1d6-d8b1-4bb2-8176-f620714e455e', success rate: 1/1.
[2026-08-30 10:09:53Z INFO JobServerQueue] Try to append 1 batches web console lines for record '2ac0e1d6-d8b1-4bb2-8176-f620714e455e', success rate: 1/1.
[2026-08-30 10:09:53Z INFO JobServerQueue] Try to append 1 batches web console lines for record '2ac0e1d6-d8b1-4bb2-8176-f620714e455e', success rate: 1/1.
[2026-08-30 10:09:55Z INFO JobServerQueue] Try to append 1 batches web console lines for record '2ac0e1d6-d8b1-4bb2-8176-f620714e455e', success rate: 1/1.
[2026-08-30 10:09:56Z INFO HostContext] Well known directory 'Bin': 'C:\Users\krish\Documents\BITS\mlops-project\actions-runner\bin'
[2026-08-30 10:09:56Z INFO HostContext] Well known directory 'Root': 'C:\Users\krish\Documents\BITS\mlops-project\actions-runner'
[2026-08-30 10:09:56Z INFO HostContext] Well known directory 'Work': 'C:\Users\krish\Documents\BITS\mlops-project\actions-runner\_work'
[2026-08-30 10:09:56Z INFO JobServerQueue] Try to append 1 batches web console lines for record '2ac0e1d6-d8b1-4bb2-8176-f620714e455e', success rate: 1/1.
[2026-08-30 10:09:57Z INFO JobServerQueue] Try to append 1 batches web console lines for record '2ac0e1d6-d8b1-4bb2-8176-f620714e455e', success rate: 1/1.
[2026-08-30 10:09:58Z INFO JobServerQueue] Try to append 1 batches web console lines for record '2ac0e1d6-d8b1-4bb2-8176-f620714e455e', success rate: 1/1.
[2026-08-30 10:09:58Z INFO JobServerQueue] Try to append 1 batches web console lines for record '2ac0e1d6-d8b1-4bb2-8176-f620714e455e', success rate: 1/1.
[2026-08-30 10:09:59Z INFO JobServerQueue] Try to append 1 batches web console lines for record '2ac0e1d6-d8b1-4bb2-8176-f620714e455e', success rate: 1/1.
[2026-08-30 10:10:00Z INFO JobServerQueue] Try to append 1 batches web console lines for record '2ac0e1d6-d8b1-4bb2-8176-f620714e455e', success rate: 1/1.
[2026-08-30 10:10:00Z INFO JobServerQueue] Try to append 1 batches web console lines for record '2ac0e1d6-d8b1-4bb2-8176-f620714e455e', success rate: 1/1.
[2026-08-30 10:10:01Z INFO JobServerQueue] Try to append 1 batches web console lines for record '2ac0e1d6-d8b1-4bb2-8176-f620714e455e', success rate: 1/1.
[2026-08-30 10:10:01Z INFO JobServerQueue] Try to append 1 batches web console lines for record '2ac0e1d6-d8b1-4bb2-8176-f620714e455e', success rate: 1/1.
[2026-08-30 10:10:02Z INFO JobServerQueue] Try to append 1 batches web console lines for record '2ac0e1d6-d8b1-4bb2-8176-f620714e455e', success rate: 1/1.
[2026-08-30 10:10:03Z INFO JobServerQueue] Try to append 1 batches web console lines for record '2ac0e1d6-d8b1-4bb2-8176-f620714e455e', success rate: 1/1.
[2026-08-30 10:10:03Z INFO JobServerQueue] Try to append 1 batches web console lines for record '2ac0e1d6-d8b1-4bb2-8176-f620714e455e', success rate: 1/1.
[2026-08-30 10:10:04Z INFO JobServerQueue] Try to append 1 batches web console lines for record '2ac0e1d6-d8b1-4bb2-8176-f620714e455e', success rate: 1/1.
[2026-08-30 10:10:04Z INFO JobServerQueue] Try to append 1 batches web console lines for record '2ac0e1d6-d8b1-4bb2-8176-f620714e455e', success rate: 1/1.
[2026-08-30 10:10:05Z INFO JobServerQueue] Try to append 1 batches web console lines for record '2ac0e1d6-d8b1-4bb2-8176-f620714e455e', success rate: 1/1.
[2026-08-30 10:10:06Z INFO JobServerQueue] Try to append 1 batches web console lines for record '2ac0e1d6-d8b1-4bb2-8176-f620714e455e', success rate: 1/1.
[2026-08-30 10:10:06Z INFO HostContext] Well known directory 'Bin': 'C:\Users\krish\Documents\BITS\mlops-project\actions-runner\bin'
[2026-08-30 10:10:06Z INFO HostContext] Well known directory 'Root': 'C:\Users\krish\Documents\BITS\mlops-project\actions-runner'
[2026-08-30 10:10:06Z INFO HostContext] Well known directory 'Work': 'C:\Users\krish\Documents\BITS\mlops-project\actions-runner\_work'
[2026-08-30 10:10:07Z INFO JobServerQueue] Try to append 1 batches web console lines for record '2ac0e1d6-d8b1-4bb2-8176-f620714e455e', success rate: 1/1.
[2026-08-30 10:10:08Z INFO JobServerQueue] Try to append 1 batches web console lines for record '2ac0e1d6-d8b1-4bb2-8176-f620714e455e', success rate: 1/1.
[2026-08-30 10:10:08Z INFO JobServerQueue] Try to append 1 batches web console lines for record '2ac0e1d6-d8b1-4bb2-8176-f620714e455e', success rate: 1/1.
[2026-08-30 10:10:09Z INFO JobServerQueue] Try to append 1 batches web console lines for record '2ac0e1d6-d8b1-4bb2-8176-f620714e455e', success rate: 1/1.
[2026-08-30 10:10:09Z INFO JobServerQueue] Try to append 1 batches web console lines for record '2ac0e1d6-d8b1-4bb2-8176-f620714e455e', success rate: 1/1.
[2026-08-30 10:10:10Z INFO JobServerQueue] Try to append 1 batches web console lines for record '2ac0e1d6-d8b1-4bb2-8176-f620714e455e', success rate: 1/1.
[2026-08-30 10:10:11Z INFO JobServerQueue] Try to append 1 batches web console lines for record '2ac0e1d6-d8b1-4bb2-8176-f620714e455e', success rate: 1/1.
[2026-08-30 10:10:12Z INFO JobServerQueue] Try to append 1 batches web console lines for record '2ac0e1d6-d8b1-4bb2-8176-f620714e455e', success rate: 1/1.
[2026-08-30 10:10:12Z INFO JobServerQueue] Try to append 1 batches web console lines for record '2ac0e1d6-d8b1-4bb2-8176-f620714e455e', success rate: 1/1.
[2026-08-30 10:10:13Z INFO JobServerQueue] Try to append 1 batches web console lines for record '2ac0e1d6-d8b1-4bb2-8176-f620714e455e', success rate: 1/1.
[2026-08-30 10:10:13Z INFO JobServerQueue] Try to append 1 batches web console lines for record '2ac0e1d6-d8b1-4bb2-8176-f620714e455e', success rate: 1/1.
[2026-08-30 10:10:14Z INFO JobServerQueue] Try to append 1 batches web console lines for record '2ac0e1d6-d8b1-4bb2-8176-f620714e455e', success rate: 1/1.
[2026-08-30 10:10:14Z INFO JobServerQueue] Try to append 1 batches web console lines for record '2ac0e1d6-d8b1-4bb2-8176-f620714e455e', success rate: 1/1.
[2026-08-30 10:10:15Z INFO JobServerQueue] Try to append 1 batches web console lines for record '2ac0e1d6-d8b1-4bb2-8176-f620714e455e', success rate: 1/1.
[2026-08-30 10:10:15Z INFO JobServerQueue] Try to append 1 batches web console lines for record '2ac0e1d6-d8b1-4bb2-8176-f620714e455e', success rate: 1/1.
[2026-08-30 10:10:16Z INFO HostContext] Well known directory 'Bin': 'C:\Users\krish\Documents\BITS\mlops-project\actions-runner\bin'
[2026-08-30 10:10:16Z INFO HostContext] Well known directory 'Root': 'C:\Users\krish\Documents\BITS\mlops-project\actions-runner'
[2026-08-30 10:10:16Z INFO HostContext] Well known directory 'Work': 'C:\Users\krish\Documents\BITS\mlops-project\actions-runner\_work'
[2026-08-30 10:10:17Z INFO JobServerQueue] Try to append 1 batches web console lines for record '2ac0e1d6-d8b1-4bb2-8176-f620714e455e', success rate: 1/1.
[2026-08-30 10:10:17Z INFO JobServerQueue] Try to append 1 batches web console lines for record '2ac0e1d6-d8b1-4bb2-8176-f620714e455e', success rate: 1/1.
[2026-08-30 10:10:18Z INFO JobServerQueue] Try to append 1 batches web console lines for record '2ac0e1d6-d8b1-4bb2-8176-f620714e455e', success rate: 1/1.
[2026-08-30 10:10:19Z INFO JobServerQueue] Try to append 1 batches web console lines for record '2ac0e1d6-d8b1-4bb2-8176-f620714e455e', success rate: 1/1.
[2026-08-30 10:10:19Z INFO JobServerQueue] Try to append 1 batches web console lines for record '2ac0e1d6-d8b1-4bb2-8176-f620714e455e', success rate: 1/1.
[2026-08-30 10:10:20Z INFO JobServerQueue] Try to append 1 batches web console lines for record '2ac0e1d6-d8b1-4bb2-8176-f620714e455e', success rate: 1/1.
[2026-08-30 10:10:20Z INFO JobServerQueue] Try to append 1 batches web console lines for record '2ac0e1d6-d8b1-4bb2-8176-f620714e455e', success rate: 1/1.
[2026-08-30 10:10:21Z INFO JobServerQueue] Try to append 1 batches web console lines for record '2ac0e1d6-d8b1-4bb2-8176-f620714e455e', success rate: 1/1.
[2026-08-30 10:10:21Z INFO JobServerQueue] Try to append 1 batches web console lines for record '2ac0e1d6-d8b1-4bb2-8176-f620714e455e', success rate: 1/1.
[2026-08-30 10:10:22Z INFO JobServerQueue] Try to append 1 batches web console lines for record '2ac0e1d6-d8b1-4bb2-8176-f620714e455e', success rate: 1/1.
[2026-08-30 10:10:23Z INFO JobServerQueue] Try to append 1 batches web console lines for record '2ac0e1d6-d8b1-4bb2-8176-f620714e455e', success rate: 1/1.
[2026-08-30 10:10:24Z INFO JobServerQueue] Try to append 1 batches web console lines for record '2ac0e1d6-d8b1-4bb2-8176-f620714e455e', success rate: 1/1.
[2026-08-30 10:10:25Z INFO JobServerQueue] Try to append 1 batches web console lines for record '2ac0e1d6-d8b1-4bb2-8176-f620714e455e', success rate: 1/1.
[2026-08-30 10:10:25Z INFO JobServerQueue] Try to append 1 batches web console lines for record '2ac0e1d6-d8b1-4bb2-8176-f620714e455e', success rate: 1/1.
[2026-08-30 10:10:26Z INFO JobServerQueue] Try to append 1 batches web console lines for record '2ac0e1d6-d8b1-4bb2-8176-f620714e455e', success rate: 1/1.
[2026-08-30 10:10:26Z INFO HostContext] Well known directory 'Bin': 'C:\Users\krish\Documents\BITS\mlops-project\actions-runner\bin'
[2026-08-30 10:10:26Z INFO HostContext] Well known directory 'Root': 'C:\Users\krish\Documents\BITS\mlops-project\actions-runner'
[2026-08-30 10:10:26Z INFO HostContext] Well known directory 'Work': 'C:\Users\krish\Documents\BITS\mlops-project\actions-runner\_work'
[2026-08-30 10:10:26Z INFO JobServerQueue] Try to append 1 batches web console lines for record '2ac0e1d6-d8b1-4bb2-8176-f620714e455e', success rate: 1/1.
[2026-08-30 10:10:27Z INFO JobServerQueue] Try to append 1 batches web console lines for record '2ac0e1d6-d8b1-4bb2-8176-f620714e455e', success rate: 1/1.
[2026-08-30 10:10:27Z INFO JobServerQueue] Try to append 1 batches web console lines for record '2ac0e1d6-d8b1-4bb2-8176-f620714e455e', success rate: 1/1.
[2026-08-30 10:10:28Z INFO JobServerQueue] Try to append 1 batches web console lines for record '2ac0e1d6-d8b1-4bb2-8176-f620714e455e', success rate: 1/1.
[2026-08-30 10:10:29Z INFO JobServerQueue] Try to append 1 batches web console lines for record '2ac0e1d6-d8b1-4bb2-8176-f620714e455e', success rate: 1/1.
[2026-08-30 10:10:29Z INFO JobServerQueue] Try to append 1 batches web console lines for record '2ac0e1d6-d8b1-4bb2-8176-f620714e455e', success rate: 1/1.
[2026-08-30 10:10:30Z INFO JobServerQueue] Try to append 1 batches web console lines for record '2ac0e1d6-d8b1-4bb2-8176-f620714e455e', success rate: 1/1.
[2026-08-30 10:10:30Z INFO JobServerQueue] Try to append 1 batches web console lines for record '2ac0e1d6-d8b1-4bb2-8176-f620714e455e', success rate: 1/1.
[2026-08-30 10:10:31Z INFO JobServerQueue] Try to append 1 batches web console lines for record '2ac0e1d6-d8b1-4bb2-8176-f620714e455e', success rate: 1/1.
[2026-08-30 10:10:32Z INFO JobServerQueue] Try to append 1 batches web console lines for record '2ac0e1d6-d8b1-4bb2-8176-f620714e455e', success rate: 1/1.
[2026-08-30 10:10:33Z INFO JobServerQueue] Try to append 1 batches web console lines for record '2ac0e1d6-d8b1-4bb2-8176-f620714e455e', success rate: 1/1.
[2026-08-30 10:10:33Z INFO JobServerQueue] Try to append 1 batches web console lines for record '2ac0e1d6-d8b1-4bb2-8176-f620714e455e', success rate: 1/1.
[2026-08-30 10:10:34Z INFO JobServerQueue] Try to append 1 batches web console lines for record '2ac0e1d6-d8b1-4bb2-8176-f620714e455e', success rate: 1/1.
[2026-08-30 10:10:34Z INFO JobServerQueue] Try to append 1 batches web console lines for record '2ac0e1d6-d8b1-4bb2-8176-f620714e455e', success rate: 1/1.
[2026-08-30 10:10:35Z INFO JobServerQueue] Try to append 1 batches web console lines for record '2ac0e1d6-d8b1-4bb2-8176-f620714e455e', success rate: 1/1.
[2026-08-30 10:10:36Z INFO JobServerQueue] Try to append 1 batches web console lines for record '2ac0e1d6-d8b1-4bb2-8176-f620714e455e', success rate: 1/1.
[2026-08-30 10:10:36Z INFO HostContext] Well known directory 'Bin': 'C:\Users\krish\Documents\BITS\mlops-project\actions-runner\bin'
[2026-08-30 10:10:36Z INFO HostContext] Well known directory 'Root': 'C:\Users\krish\Documents\BITS\mlops-project\actions-runner'
[2026-08-30 10:10:36Z INFO HostContext] Well known directory 'Work': 'C:\Users\krish\Documents\BITS\mlops-project\actions-runner\_work'
[2026-08-30 10:10:36Z INFO JobServerQueue] Try to append 1 batches web console lines for record '2ac0e1d6-d8b1-4bb2-8176-f620714e455e', success rate: 1/1.
[2026-08-30 10:10:37Z INFO JobServerQueue] Try to append 1 batches web console lines for record '2ac0e1d6-d8b1-4bb2-8176-f620714e455e', success rate: 1/1.
[2026-08-30 10:10:37Z INFO JobServerQueue] Try to append 1 batches web console lines for record '2ac0e1d6-d8b1-4bb2-8176-f620714e455e', success rate: 1/1.
[2026-08-30 10:10:38Z INFO JobServerQueue] Try to append 1 batches web console lines for record '2ac0e1d6-d8b1-4bb2-8176-f620714e455e', success rate: 1/1.
[2026-08-30 10:10:38Z INFO JobServerQueue] Try to append 1 batches web console lines for record '2ac0e1d6-d8b1-4bb2-8176-f620714e455e', success rate: 1/1.
[2026-08-30 10:10:41Z INFO JobServerQueue] Try to append 1 batches web console lines for record '2ac0e1d6-d8b1-4bb2-8176-f620714e455e', success rate: 1/1.
[2026-08-30 10:10:43Z INFO JobServerQueue] Try to append 1 batches web console lines for record '2ac0e1d6-d8b1-4bb2-8176-f620714e455e', success rate: 1/1.
[2026-08-30 10:10:44Z INFO JobServerQueue] Try to append 1 batches web console lines for record '2ac0e1d6-d8b1-4bb2-8176-f620714e455e', success rate: 1/1.
[2026-08-30 10:10:45Z INFO JobServerQueue] Try to append 1 batches web console lines for record '2ac0e1d6-d8b1-4bb2-8176-f620714e455e', success rate: 1/1.
[2026-08-30 10:10:45Z INFO JobServerQueue] Try to append 1 batches web console lines for record '2ac0e1d6-d8b1-4bb2-8176-f620714e455e', success rate: 1/1.
[2026-08-30 10:10:46Z INFO JobServerQueue] Try to append 1 batches web console lines for record '2ac0e1d6-d8b1-4bb2-8176-f620714e455e', success rate: 1/1.
[2026-08-30 10:10:46Z INFO JobServerQueue] Try to append 1 batches web console lines for record '2ac0e1d6-d8b1-4bb2-8176-f620714e455e', success rate: 1/1.
[2026-08-30 10:10:46Z INFO HostContext] Well known directory 'Bin': 'C:\Users\krish\Documents\BITS\mlops-project\actions-runner\bin'
[2026-08-30 10:10:46Z INFO HostContext] Well known directory 'Root': 'C:\Users\krish\Documents\BITS\mlops-project\actions-runner'
[2026-08-30 10:10:46Z INFO HostContext] Well known directory 'Work': 'C:\Users\krish\Documents\BITS\mlops-project\actions-runner\_work'
[2026-08-30 10:10:47Z INFO JobServerQueue] Try to append 1 batches web console lines for record '2ac0e1d6-d8b1-4bb2-8176-f620714e455e', success rate: 1/1.
[2026-08-30 10:10:47Z INFO JobServerQueue] Try to append 1 batches web console lines for record '2ac0e1d6-d8b1-4bb2-8176-f620714e455e', success rate: 1/1.
[2026-08-30 10:10:49Z INFO JobServerQueue] Try to append 1 batches web console lines for record '2ac0e1d6-d8b1-4bb2-8176-f620714e455e', success rate: 1/1.
[2026-08-30 10:10:49Z INFO JobServerQueue] Try to append 1 batches web console lines for record '2ac0e1d6-d8b1-4bb2-8176-f620714e455e', success rate: 1/1.
[2026-08-30 10:10:50Z INFO JobServerQueue] Try to append 1 batches web console lines for record '2ac0e1d6-d8b1-4bb2-8176-f620714e455e', success rate: 1/1.
[2026-08-30 10:10:51Z INFO JobServerQueue] Try to append 1 batches web console lines for record '2ac0e1d6-d8b1-4bb2-8176-f620714e455e', success rate: 1/1.
[2026-08-30 10:10:51Z INFO JobServerQueue] Try to append 1 batches web console lines for record '2ac0e1d6-d8b1-4bb2-8176-f620714e455e', success rate: 1/1.
[2026-08-30 10:10:53Z INFO JobServerQueue] Try to append 1 batches web console lines for record '2ac0e1d6-d8b1-4bb2-8176-f620714e455e', success rate: 1/1.
[2026-08-30 10:10:54Z INFO JobServerQueue] Try to append 1 batches web console lines for record '2ac0e1d6-d8b1-4bb2-8176-f620714e455e', success rate: 1/1.
[2026-08-30 10:10:54Z INFO JobServerQueue] Try to append 1 batches web console lines for record '2ac0e1d6-d8b1-4bb2-8176-f620714e455e', success rate: 1/1.
[2026-08-30 10:10:55Z INFO JobServerQueue] Try to append 1 batches web console lines for record '2ac0e1d6-d8b1-4bb2-8176-f620714e455e', success rate: 1/1.
[2026-08-30 10:10:55Z INFO JobServerQueue] Try to append 1 batches web console lines for record '2ac0e1d6-d8b1-4bb2-8176-f620714e455e', success rate: 1/1.
[2026-08-30 10:10:56Z INFO JobServerQueue] Try to append 1 batches web console lines for record '2ac0e1d6-d8b1-4bb2-8176-f620714e455e', success rate: 1/1.
[2026-08-30 10:10:56Z INFO JobServerQueue] Try to append 1 batches web console lines for record '2ac0e1d6-d8b1-4bb2-8176-f620714e455e', success rate: 1/1.
[2026-08-30 10:10:56Z INFO HostContext] Well known directory 'Bin': 'C:\Users\krish\Documents\BITS\mlops-project\actions-runner\bin'
[2026-08-30 10:10:56Z INFO HostContext] Well known directory 'Root': 'C:\Users\krish\Documents\BITS\mlops-project\actions-runner'
[2026-08-30 10:10:56Z INFO HostContext] Well known directory 'Work': 'C:\Users\krish\Documents\BITS\mlops-project\actions-runner\_work'
[2026-08-30 10:10:57Z INFO JobServerQueue] Try to append 1 batches web console lines for record '2ac0e1d6-d8b1-4bb2-8176-f620714e455e', success rate: 1/1.
[2026-08-30 10:10:58Z INFO JobServerQueue] Try to append 1 batches web console lines for record '2ac0e1d6-d8b1-4bb2-8176-f620714e455e', success rate: 1/1.
[2026-08-30 10:10:58Z INFO JobServerQueue] Try to append 1 batches web console lines for record '2ac0e1d6-d8b1-4bb2-8176-f620714e455e', success rate: 1/1.
[2026-08-30 10:10:59Z INFO JobServerQueue] Try to append 1 batches web console lines for record '2ac0e1d6-d8b1-4bb2-8176-f620714e455e', success rate: 1/1.
[2026-08-30 10:10:59Z INFO JobServerQueue] Try to append 1 batches web console lines for record '2ac0e1d6-d8b1-4bb2-8176-f620714e455e', success rate: 1/1.
[2026-08-30 10:11:00Z INFO JobServerQueue] Try to append 1 batches web console lines for record '2ac0e1d6-d8b1-4bb2-8176-f620714e455e', success rate: 1/1.
[2026-08-30 10:11:00Z INFO JobServerQueue] Try to append 1 batches web console lines for record '2ac0e1d6-d8b1-4bb2-8176-f620714e455e', success rate: 1/1.
[2026-08-30 10:11:01Z INFO JobServerQueue] Try to append 1 batches web console lines for record '2ac0e1d6-d8b1-4bb2-8176-f620714e455e', success rate: 1/1.
[2026-08-30 10:11:02Z INFO JobServerQueue] Try to append 1 batches web console lines for record '2ac0e1d6-d8b1-4bb2-8176-f620714e455e', success rate: 1/1.
[2026-08-30 10:11:03Z INFO JobServerQueue] Try to append 1 batches web console lines for record '2ac0e1d6-d8b1-4bb2-8176-f620714e455e', success rate: 1/1.
[2026-08-30 10:11:03Z INFO JobServerQueue] Try to append 1 batches web console lines for record '2ac0e1d6-d8b1-4bb2-8176-f620714e455e', success rate: 1/1.
[2026-08-30 10:11:05Z INFO JobServerQueue] Try to append 1 batches web console lines for record '2ac0e1d6-d8b1-4bb2-8176-f620714e455e', success rate: 1/1.
[2026-08-30 10:11:06Z INFO HostContext] Well known directory 'Bin': 'C:\Users\krish\Documents\BITS\mlops-project\actions-runner\bin'
[2026-08-30 10:11:06Z INFO HostContext] Well known directory 'Root': 'C:\Users\krish\Documents\BITS\mlops-project\actions-runner'
[2026-08-30 10:11:06Z INFO HostContext] Well known directory 'Work': 'C:\Users\krish\Documents\BITS\mlops-project\actions-runner\_work'
[2026-08-30 10:11:07Z INFO JobServerQueue] Try to append 1 batches web console lines for record '2ac0e1d6-d8b1-4bb2-8176-f620714e455e', success rate: 1/1.
[2026-08-30 10:11:08Z INFO JobServerQueue] Try to append 1 batches web console lines for record '2ac0e1d6-d8b1-4bb2-8176-f620714e455e', success rate: 1/1.
[2026-08-30 10:11:08Z INFO JobServerQueue] Try to append 1 batches web console lines for record '2ac0e1d6-d8b1-4bb2-8176-f620714e455e', success rate: 1/1.
[2026-08-30 10:11:09Z INFO JobServerQueue] Try to append 1 batches web console lines for record '2ac0e1d6-d8b1-4bb2-8176-f620714e455e', success rate: 1/1.
[2026-08-30 10:11:10Z INFO JobServerQueue] Try to append 1 batches web console lines for record '2ac0e1d6-d8b1-4bb2-8176-f620714e455e', success rate: 1/1.
[2026-08-30 10:11:10Z INFO JobServerQueue] Try to append 1 batches web console lines for record '2ac0e1d6-d8b1-4bb2-8176-f620714e455e', success rate: 1/1.
[2026-08-30 10:11:11Z INFO JobServerQueue] Try to append 1 batches web console lines for record '2ac0e1d6-d8b1-4bb2-8176-f620714e455e', success rate: 1/1.
[2026-08-30 10:11:11Z INFO JobServerQueue] Try to append 1 batches web console lines for record '2ac0e1d6-d8b1-4bb2-8176-f620714e455e', success rate: 1/1.
[2026-08-30 10:11:12Z INFO JobServerQueue] Try to append 1 batches web console lines for record '2ac0e1d6-d8b1-4bb2-8176-f620714e455e', success rate: 1/1.
[2026-08-30 10:11:12Z INFO JobServerQueue] Try to append 1 batches web console lines for record '2ac0e1d6-d8b1-4bb2-8176-f620714e455e', success rate: 1/1.
[2026-08-30 10:11:13Z INFO JobServerQueue] Try to append 1 batches web console lines for record '2ac0e1d6-d8b1-4bb2-8176-f620714e455e', success rate: 1/1.
[2026-08-30 10:11:13Z INFO JobServerQueue] Try to append 1 batches web console lines for record '2ac0e1d6-d8b1-4bb2-8176-f620714e455e', success rate: 1/1.
[2026-08-30 10:11:14Z INFO JobServerQueue] Try to append 1 batches web console lines for record '2ac0e1d6-d8b1-4bb2-8176-f620714e455e', success rate: 1/1.
[2026-08-30 10:11:14Z INFO JobServerQueue] Try to append 1 batches web console lines for record '2ac0e1d6-d8b1-4bb2-8176-f620714e455e', success rate: 1/1.
[2026-08-30 10:11:17Z INFO HostContext] Well known directory 'Bin': 'C:\Users\krish\Documents\BITS\mlops-project\actions-runner\bin'
[2026-08-30 10:11:17Z INFO HostContext] Well known directory 'Root': 'C:\Users\krish\Documents\BITS\mlops-project\actions-runner'
[2026-08-30 10:11:17Z INFO HostContext] Well known directory 'Work': 'C:\Users\krish\Documents\BITS\mlops-project\actions-runner\_work'
[2026-08-30 10:11:20Z INFO JobServerQueue] Try to append 1 batches web console lines for record '2ac0e1d6-d8b1-4bb2-8176-f620714e455e', success rate: 1/1.
[2026-08-30 10:11:21Z INFO JobServerQueue] Try to append 1 batches web console lines for record '2ac0e1d6-d8b1-4bb2-8176-f620714e455e', success rate: 1/1.
[2026-08-30 10:11:21Z INFO JobServerQueue] Try to append 1 batches web console lines for record '2ac0e1d6-d8b1-4bb2-8176-f620714e455e', success rate: 1/1.
[2026-08-30 10:11:22Z INFO JobServerQueue] Try to append 1 batches web console lines for record '2ac0e1d6-d8b1-4bb2-8176-f620714e455e', success rate: 1/1.
[2026-08-30 10:11:23Z INFO JobServerQueue] Try to append 1 batches web console lines for record '2ac0e1d6-d8b1-4bb2-8176-f620714e455e', success rate: 1/1.
[2026-08-30 10:11:23Z INFO JobServerQueue] Try to append 1 batches web console lines for record '2ac0e1d6-d8b1-4bb2-8176-f620714e455e', success rate: 1/1.
[2026-08-30 10:11:24Z INFO JobServerQueue] Try to append 1 batches web console lines for record '2ac0e1d6-d8b1-4bb2-8176-f620714e455e', success rate: 1/1.
[2026-08-30 10:11:24Z INFO JobServerQueue] Try to append 1 batches web console lines for record '2ac0e1d6-d8b1-4bb2-8176-f620714e455e', success rate: 1/1.
[2026-08-30 10:11:25Z INFO JobServerQueue] Try to append 1 batches web console lines for record '2ac0e1d6-d8b1-4bb2-8176-f620714e455e', success rate: 1/1.
[2026-08-30 10:11:25Z INFO JobServerQueue] Try to append 1 batches web console lines for record '2ac0e1d6-d8b1-4bb2-8176-f620714e455e', success rate: 1/1.
[2026-08-30 10:11:27Z INFO HostContext] Well known directory 'Bin': 'C:\Users\krish\Documents\BITS\mlops-project\actions-runner\bin'
[2026-08-30 10:11:27Z INFO HostContext] Well known directory 'Root': 'C:\Users\krish\Documents\BITS\mlops-project\actions-runner'
[2026-08-30 10:11:27Z INFO HostContext] Well known directory 'Work': 'C:\Users\krish\Documents\BITS\mlops-project\actions-runner\_work'
[2026-08-30 10:11:27Z INFO JobServerQueue] Try to append 1 batches web console lines for record '2ac0e1d6-d8b1-4bb2-8176-f620714e455e', success rate: 1/1.
[2026-08-30 10:11:27Z INFO JobServerQueue] Try to append 1 batches web console lines for record '2ac0e1d6-d8b1-4bb2-8176-f620714e455e', success rate: 1/1.
[2026-08-30 10:11:28Z INFO JobServerQueue] Try to append 1 batches web console lines for record '2ac0e1d6-d8b1-4bb2-8176-f620714e455e', success rate: 1/1.
[2026-08-30 10:11:28Z INFO JobServerQueue] Try to append 1 batches web console lines for record '2ac0e1d6-d8b1-4bb2-8176-f620714e455e', success rate: 1/1.
[2026-08-30 10:11:29Z INFO JobServerQueue] Try to append 1 batches web console lines for record '2ac0e1d6-d8b1-4bb2-8176-f620714e455e', success rate: 1/1.
[2026-08-30 10:11:30Z INFO JobServerQueue] Try to append 1 batches web console lines for record '2ac0e1d6-d8b1-4bb2-8176-f620714e455e', success rate: 1/1.
[2026-08-30 10:11:30Z INFO JobServerQueue] Try to append 1 batches web console lines for record '2ac0e1d6-d8b1-4bb2-8176-f620714e455e', success rate: 1/1.
[2026-08-30 10:11:31Z INFO JobServerQueue] Try to append 1 batches web console lines for record '2ac0e1d6-d8b1-4bb2-8176-f620714e455e', success rate: 1/1.
[2026-08-30 10:11:31Z INFO JobServerQueue] Try to append 1 batches web console lines for record '2ac0e1d6-d8b1-4bb2-8176-f620714e455e', success rate: 1/1.
[2026-08-30 10:11:32Z INFO JobServerQueue] Try to append 1 batches web console lines for record '2ac0e1d6-d8b1-4bb2-8176-f620714e455e', success rate: 1/1.
[2026-08-30 10:11:32Z INFO JobServerQueue] Try to append 1 batches web console lines for record '2ac0e1d6-d8b1-4bb2-8176-f620714e455e', success rate: 1/1.
[2026-08-30 10:11:33Z INFO JobServerQueue] Try to append 1 batches web console lines for record '2ac0e1d6-d8b1-4bb2-8176-f620714e455e', success rate: 1/1.
[2026-08-30 10:11:34Z INFO JobServerQueue] Try to append 1 batches web console lines for record '2ac0e1d6-d8b1-4bb2-8176-f620714e455e', success rate: 1/1.
[2026-08-30 10:11:34Z INFO JobServerQueue] Try to append 1 batches web console lines for record '2ac0e1d6-d8b1-4bb2-8176-f620714e455e', success rate: 1/1.
[2026-08-30 10:11:35Z INFO JobServerQueue] Try to append 1 batches web console lines for record '2ac0e1d6-d8b1-4bb2-8176-f620714e455e', success rate: 1/1.
[2026-08-30 10:11:35Z INFO JobServerQueue] Try to append 1 batches web console lines for record '2ac0e1d6-d8b1-4bb2-8176-f620714e455e', success rate: 1/1.
[2026-08-30 10:11:36Z INFO JobServerQueue] Try to append 1 batches web console lines for record '2ac0e1d6-d8b1-4bb2-8176-f620714e455e', success rate: 1/1.
[2026-08-30 10:11:36Z INFO JobServerQueue] Try to append 1 batches web console lines for record '2ac0e1d6-d8b1-4bb2-8176-f620714e455e', success rate: 1/1.
[2026-08-30 10:11:37Z INFO HostContext] Well known directory 'Bin': 'C:\Users\krish\Documents\BITS\mlops-project\actions-runner\bin'
[2026-08-30 10:11:37Z INFO HostContext] Well known directory 'Root': 'C:\Users\krish\Documents\BITS\mlops-project\actions-runner'
[2026-08-30 10:11:37Z INFO HostContext] Well known directory 'Work': 'C:\Users\krish\Documents\BITS\mlops-project\actions-runner\_work'
[2026-08-30 10:11:37Z INFO JobServerQueue] Try to append 1 batches web console lines for record '2ac0e1d6-d8b1-4bb2-8176-f620714e455e', success rate: 1/1.
[2026-08-30 10:11:37Z INFO JobServerQueue] Try to append 1 batches web console lines for record '2ac0e1d6-d8b1-4bb2-8176-f620714e455e', success rate: 1/1.
[2026-08-30 10:11:38Z INFO JobServerQueue] Try to append 1 batches web console lines for record '2ac0e1d6-d8b1-4bb2-8176-f620714e455e', success rate: 1/1.
[2026-08-30 10:11:38Z INFO JobServerQueue] Try to append 1 batches web console lines for record '2ac0e1d6-d8b1-4bb2-8176-f620714e455e', success rate: 1/1.
[2026-08-30 10:11:39Z INFO JobServerQueue] Try to append 1 batches web console lines for record '2ac0e1d6-d8b1-4bb2-8176-f620714e455e', success rate: 1/1.
[2026-08-30 10:11:39Z INFO JobServerQueue] Try to append 1 batches web console lines for record '2ac0e1d6-d8b1-4bb2-8176-f620714e455e', success rate: 1/1.
[2026-08-30 10:11:40Z INFO JobServerQueue] Try to append 1 batches web console lines for record '2ac0e1d6-d8b1-4bb2-8176-f620714e455e', success rate: 1/1.
[2026-08-30 10:11:41Z INFO JobServerQueue] Try to append 1 batches web console lines for record '2ac0e1d6-d8b1-4bb2-8176-f620714e455e', success rate: 1/1.
[2026-08-30 10:11:41Z INFO JobServerQueue] Try to append 1 batches web console lines for record '2ac0e1d6-d8b1-4bb2-8176-f620714e455e', success rate: 1/1.
[2026-08-30 10:11:42Z INFO JobServerQueue] Try to append 1 batches web console lines for record '2ac0e1d6-d8b1-4bb2-8176-f620714e455e', success rate: 1/1.
[2026-08-30 10:11:43Z INFO JobServerQueue] Try to append 1 batches web console lines for record '2ac0e1d6-d8b1-4bb2-8176-f620714e455e', success rate: 1/1.
[2026-08-30 10:11:43Z INFO JobServerQueue] Try to append 1 batches web console lines for record '2ac0e1d6-d8b1-4bb2-8176-f620714e455e', success rate: 1/1.
[2026-08-30 10:11:44Z INFO JobServerQueue] Try to append 1 batches web console lines for record '2ac0e1d6-d8b1-4bb2-8176-f620714e455e', success rate: 1/1.
[2026-08-30 10:11:45Z INFO JobServerQueue] Try to append 1 batches web console lines for record '2ac0e1d6-d8b1-4bb2-8176-f620714e455e', success rate: 1/1.
[2026-08-30 10:11:45Z INFO JobServerQueue] Try to append 1 batches web console lines for record '2ac0e1d6-d8b1-4bb2-8176-f620714e455e', success rate: 1/1.
[2026-08-30 10:11:46Z INFO JobServerQueue] Try to append 1 batches web console lines for record '2ac0e1d6-d8b1-4bb2-8176-f620714e455e', success rate: 1/1.
[2026-08-30 10:11:47Z INFO JobServerQueue] Try to append 1 batches web console lines for record '2ac0e1d6-d8b1-4bb2-8176-f620714e455e', success rate: 1/1.
[2026-08-30 10:11:47Z INFO HostContext] Well known directory 'Bin': 'C:\Users\krish\Documents\BITS\mlops-project\actions-runner\bin'
[2026-08-30 10:11:47Z INFO HostContext] Well known directory 'Root': 'C:\Users\krish\Documents\BITS\mlops-project\actions-runner'
[2026-08-30 10:11:47Z INFO HostContext] Well known directory 'Work': 'C:\Users\krish\Documents\BITS\mlops-project\actions-runner\_work'
[2026-08-30 10:11:47Z INFO JobServerQueue] Try to append 1 batches web console lines for record '2ac0e1d6-d8b1-4bb2-8176-f620714e455e', success rate: 1/1.
[2026-08-30 10:11:48Z INFO JobServerQueue] Try to append 1 batches web console lines for record '2ac0e1d6-d8b1-4bb2-8176-f620714e455e', success rate: 1/1.
[2026-08-30 10:11:49Z INFO JobServerQueue] Try to append 1 batches web console lines for record '2ac0e1d6-d8b1-4bb2-8176-f620714e455e', success rate: 1/1.
[2026-08-30 10:11:49Z INFO JobServerQueue] Try to append 1 batches web console lines for record '2ac0e1d6-d8b1-4bb2-8176-f620714e455e', success rate: 1/1.
[2026-08-30 10:11:50Z INFO JobServerQueue] Try to append 1 batches web console lines for record '2ac0e1d6-d8b1-4bb2-8176-f620714e455e', success rate: 1/1.
[2026-08-30 10:11:51Z INFO JobServerQueue] Try to append 1 batches web console lines for record '2ac0e1d6-d8b1-4bb2-8176-f620714e455e', success rate: 1/1.
[2026-08-30 10:11:52Z INFO JobServerQueue] Try to append 1 batches web console lines for record '2ac0e1d6-d8b1-4bb2-8176-f620714e455e', success rate: 1/1.
[2026-08-30 10:11:52Z INFO JobServerQueue] Try to append 1 batches web console lines for record '2ac0e1d6-d8b1-4bb2-8176-f620714e455e', success rate: 1/1.
[2026-08-30 10:11:53Z INFO JobServerQueue] Try to append 1 batches web console lines for record '2ac0e1d6-d8b1-4bb2-8176-f620714e455e', success rate: 1/1.
[2026-08-30 10:11:54Z INFO JobServerQueue] Try to append 1 batches web console lines for record '2ac0e1d6-d8b1-4bb2-8176-f620714e455e', success rate: 1/1.
[2026-08-30 10:11:55Z INFO JobServerQueue] Try to append 1 batches web console lines for record '2ac0e1d6-d8b1-4bb2-8176-f620714e455e', success rate: 1/1.
[2026-08-30 10:11:56Z INFO JobServerQueue] Try to append 1 batches web console lines for record '2ac0e1d6-d8b1-4bb2-8176-f620714e455e', success rate: 1/1.
[2026-08-30 10:11:56Z INFO JobServerQueue] Try to append 1 batches web console lines for record '2ac0e1d6-d8b1-4bb2-8176-f620714e455e', success rate: 1/1.
[2026-08-30 10:11:57Z INFO JobServerQueue] Try to append 1 batches web console lines for record '2ac0e1d6-d8b1-4bb2-8176-f620714e455e', success rate: 1/1.
[2026-08-30 10:11:57Z INFO HostContext] Well known directory 'Bin': 'C:\Users\krish\Documents\BITS\mlops-project\actions-runner\bin'
[2026-08-30 10:11:57Z INFO HostContext] Well known directory 'Root': 'C:\Users\krish\Documents\BITS\mlops-project\actions-runner'
[2026-08-30 10:11:57Z INFO HostContext] Well known directory 'Work': 'C:\Users\krish\Documents\BITS\mlops-project\actions-runner\_work'
[2026-08-30 10:11:57Z INFO JobServerQueue] Try to append 1 batches web console lines for record '2ac0e1d6-d8b1-4bb2-8176-f620714e455e', success rate: 1/1.
[2026-08-30 10:11:58Z INFO JobServerQueue] Try to append 1 batches web console lines for record '2ac0e1d6-d8b1-4bb2-8176-f620714e455e', success rate: 1/1.
[2026-08-30 10:11:59Z INFO JobServerQueue] Try to append 1 batches web console lines for record '2ac0e1d6-d8b1-4bb2-8176-f620714e455e', success rate: 1/1.
[2026-08-30 10:12:00Z INFO JobServerQueue] Try to append 1 batches web console lines for record '2ac0e1d6-d8b1-4bb2-8176-f620714e455e', success rate: 1/1.
[2026-08-30 10:12:00Z INFO JobServerQueue] Try to append 1 batches web console lines for record '2ac0e1d6-d8b1-4bb2-8176-f620714e455e', success rate: 1/1.
[2026-08-30 10:12:01Z INFO JobServerQueue] Try to append 1 batches web console lines for record '2ac0e1d6-d8b1-4bb2-8176-f620714e455e', success rate: 1/1.
[2026-08-30 10:12:01Z INFO JobServerQueue] Try to append 1 batches web console lines for record '2ac0e1d6-d8b1-4bb2-8176-f620714e455e', success rate: 1/1.
[2026-08-30 10:12:02Z INFO JobServerQueue] Try to append 1 batches web console lines for record '2ac0e1d6-d8b1-4bb2-8176-f620714e455e', success rate: 1/1.
[2026-08-30 10:12:03Z INFO JobServerQueue] Try to append 1 batches web console lines for record '2ac0e1d6-d8b1-4bb2-8176-f620714e455e', success rate: 1/1.
[2026-08-30 10:12:03Z INFO JobServerQueue] Try to append 1 batches web console lines for record '2ac0e1d6-d8b1-4bb2-8176-f620714e455e', success rate: 1/1.
[2026-08-30 10:12:04Z INFO JobServerQueue] Try to append 1 batches web console lines for record '2ac0e1d6-d8b1-4bb2-8176-f620714e455e', success rate: 1/1.
[2026-08-30 10:12:05Z INFO JobServerQueue] Try to append 1 batches web console lines for record '2ac0e1d6-d8b1-4bb2-8176-f620714e455e', success rate: 1/1.
[2026-08-30 10:12:05Z INFO JobServerQueue] Try to append 1 batches web console lines for record '2ac0e1d6-d8b1-4bb2-8176-f620714e455e', success rate: 1/1.
[2026-08-30 10:12:06Z INFO JobServerQueue] Try to append 1 batches web console lines for record '2ac0e1d6-d8b1-4bb2-8176-f620714e455e', success rate: 1/1.
[2026-08-30 10:12:07Z INFO JobServerQueue] Try to append 1 batches web console lines for record '2ac0e1d6-d8b1-4bb2-8176-f620714e455e', success rate: 1/1.
[2026-08-30 10:12:07Z INFO HostContext] Well known directory 'Bin': 'C:\Users\krish\Documents\BITS\mlops-project\actions-runner\bin'
[2026-08-30 10:12:07Z INFO HostContext] Well known directory 'Root': 'C:\Users\krish\Documents\BITS\mlops-project\actions-runner'
[2026-08-30 10:12:07Z INFO HostContext] Well known directory 'Work': 'C:\Users\krish\Documents\BITS\mlops-project\actions-runner\_work'
[2026-08-30 10:12:08Z INFO JobServerQueue] Try to append 1 batches web console lines for record '2ac0e1d6-d8b1-4bb2-8176-f620714e455e', success rate: 1/1.
[2026-08-30 10:12:08Z INFO JobServerQueue] Try to append 1 batches web console lines for record '2ac0e1d6-d8b1-4bb2-8176-f620714e455e', success rate: 1/1.
[2026-08-30 10:12:09Z INFO JobServerQueue] Try to append 1 batches web console lines for record '2ac0e1d6-d8b1-4bb2-8176-f620714e455e', success rate: 1/1.
[2026-08-30 10:12:09Z INFO JobServerQueue] Try to append 1 batches web console lines for record '2ac0e1d6-d8b1-4bb2-8176-f620714e455e', success rate: 1/1.
[2026-08-30 10:12:10Z INFO JobServerQueue] Try to append 1 batches web console lines for record '2ac0e1d6-d8b1-4bb2-8176-f620714e455e', success rate: 1/1.
[2026-08-30 10:12:11Z INFO JobServerQueue] Try to append 1 batches web console lines for record '2ac0e1d6-d8b1-4bb2-8176-f620714e455e', success rate: 1/1.
[2026-08-30 10:12:11Z INFO JobServerQueue] Try to append 1 batches web console lines for record '2ac0e1d6-d8b1-4bb2-8176-f620714e455e', success rate: 1/1.
[2026-08-30 10:12:12Z INFO JobServerQueue] Try to append 1 batches web console lines for record '2ac0e1d6-d8b1-4bb2-8176-f620714e455e', success rate: 1/1.
[2026-08-30 10:12:12Z INFO JobServerQueue] Try to append 1 batches web console lines for record '2ac0e1d6-d8b1-4bb2-8176-f620714e455e', success rate: 1/1.
[2026-08-30 10:12:13Z INFO JobServerQueue] Try to append 1 batches web console lines for record '2ac0e1d6-d8b1-4bb2-8176-f620714e455e', success rate: 1/1.
[2026-08-30 10:12:13Z INFO JobServerQueue] Try to append 1 batches web console lines for record '2ac0e1d6-d8b1-4bb2-8176-f620714e455e', success rate: 1/1.
[2026-08-30 10:12:14Z INFO JobServerQueue] Try to append 1 batches web console lines for record '2ac0e1d6-d8b1-4bb2-8176-f620714e455e', success rate: 1/1.
[2026-08-30 10:12:15Z INFO JobServerQueue] Try to append 1 batches web console lines for record '2ac0e1d6-d8b1-4bb2-8176-f620714e455e', success rate: 1/1.
[2026-08-30 10:12:15Z INFO JobServerQueue] Try to append 1 batches web console lines for record '2ac0e1d6-d8b1-4bb2-8176-f620714e455e', success rate: 1/1.
[2026-08-30 10:12:16Z INFO JobServerQueue] Try to append 1 batches web console lines for record '2ac0e1d6-d8b1-4bb2-8176-f620714e455e', success rate: 1/1.
[2026-08-30 10:12:16Z INFO JobServerQueue] Try to append 1 batches web console lines for record '2ac0e1d6-d8b1-4bb2-8176-f620714e455e', success rate: 1/1.
[2026-08-30 10:12:17Z INFO JobServerQueue] Try to append 1 batches web console lines for record '2ac0e1d6-d8b1-4bb2-8176-f620714e455e', success rate: 1/1.
[2026-08-30 10:12:17Z INFO HostContext] Well known directory 'Bin': 'C:\Users\krish\Documents\BITS\mlops-project\actions-runner\bin'
[2026-08-30 10:12:17Z INFO HostContext] Well known directory 'Root': 'C:\Users\krish\Documents\BITS\mlops-project\actions-runner'
[2026-08-30 10:12:17Z INFO HostContext] Well known directory 'Work': 'C:\Users\krish\Documents\BITS\mlops-project\actions-runner\_work'
[2026-08-30 10:12:18Z INFO JobServerQueue] Try to append 1 batches web console lines for record '2ac0e1d6-d8b1-4bb2-8176-f620714e455e', success rate: 1/1.
[2026-08-30 10:12:18Z INFO JobServerQueue] Try to append 1 batches web console lines for record '2ac0e1d6-d8b1-4bb2-8176-f620714e455e', success rate: 1/1.
[2026-08-30 10:12:19Z INFO JobServerQueue] Try to append 1 batches web console lines for record '2ac0e1d6-d8b1-4bb2-8176-f620714e455e', success rate: 1/1.
[2026-08-30 10:12:20Z INFO JobServerQueue] Try to append 1 batches web console lines for record '2ac0e1d6-d8b1-4bb2-8176-f620714e455e', success rate: 1/1.
[2026-08-30 10:12:21Z INFO JobServerQueue] Try to append 1 batches web console lines for record '2ac0e1d6-d8b1-4bb2-8176-f620714e455e', success rate: 1/1.
[2026-08-30 10:12:22Z INFO JobServerQueue] Try to append 1 batches web console lines for record '2ac0e1d6-d8b1-4bb2-8176-f620714e455e', success rate: 1/1.
[2026-08-30 10:12:22Z INFO JobServerQueue] Try to append 1 batches web console lines for record '2ac0e1d6-d8b1-4bb2-8176-f620714e455e', success rate: 1/1.
[2026-08-30 10:12:23Z INFO JobServerQueue] Try to append 1 batches web console lines for record '2ac0e1d6-d8b1-4bb2-8176-f620714e455e', success rate: 1/1.
[2026-08-30 10:12:23Z INFO JobServerQueue] Try to append 1 batches web console lines for record '2ac0e1d6-d8b1-4bb2-8176-f620714e455e', success rate: 1/1.
[2026-08-30 10:12:24Z INFO JobServerQueue] Try to append 1 batches web console lines for record '2ac0e1d6-d8b1-4bb2-8176-f620714e455e', success rate: 1/1.
[2026-08-30 10:12:26Z INFO JobServerQueue] Try to append 1 batches web console lines for record '2ac0e1d6-d8b1-4bb2-8176-f620714e455e', success rate: 1/1.
[2026-08-30 10:12:27Z INFO JobServerQueue] Try to append 1 batches web console lines for record '2ac0e1d6-d8b1-4bb2-8176-f620714e455e', success rate: 1/1.
[2026-08-30 10:12:27Z INFO HostContext] Well known directory 'Bin': 'C:\Users\krish\Documents\BITS\mlops-project\actions-runner\bin'
[2026-08-30 10:12:27Z INFO HostContext] Well known directory 'Root': 'C:\Users\krish\Documents\BITS\mlops-project\actions-runner'
[2026-08-30 10:12:27Z INFO HostContext] Well known directory 'Work': 'C:\Users\krish\Documents\BITS\mlops-project\actions-runner\_work'
[2026-08-30 10:12:28Z INFO JobServerQueue] Try to append 1 batches web console lines for record '2ac0e1d6-d8b1-4bb2-8176-f620714e455e', success rate: 1/1.
[2026-08-30 10:12:28Z INFO JobServerQueue] Try to append 1 batches web console lines for record '2ac0e1d6-d8b1-4bb2-8176-f620714e455e', success rate: 1/1.
[2026-08-30 10:12:29Z INFO JobServerQueue] Try to append 1 batches web console lines for record '2ac0e1d6-d8b1-4bb2-8176-f620714e455e', success rate: 1/1.
[2026-08-30 10:12:29Z INFO JobServerQueue] Try to append 1 batches web console lines for record '2ac0e1d6-d8b1-4bb2-8176-f620714e455e', success rate: 1/1.
[2026-08-30 10:12:30Z INFO JobServerQueue] Try to append 1 batches web console lines for record '2ac0e1d6-d8b1-4bb2-8176-f620714e455e', success rate: 1/1.
[2026-08-30 10:12:30Z INFO JobServerQueue] Try to append 1 batches web console lines for record '2ac0e1d6-d8b1-4bb2-8176-f620714e455e', success rate: 1/1.
[2026-08-30 10:12:31Z INFO JobServerQueue] Try to append 1 batches web console lines for record '2ac0e1d6-d8b1-4bb2-8176-f620714e455e', success rate: 1/1.
[2026-08-30 10:12:32Z INFO JobServerQueue] Try to append 1 batches web console lines for record '2ac0e1d6-d8b1-4bb2-8176-f620714e455e', success rate: 1/1.
[2026-08-30 10:12:33Z INFO JobServerQueue] Try to append 1 batches web console lines for record '2ac0e1d6-d8b1-4bb2-8176-f620714e455e', success rate: 1/1.
[2026-08-30 10:12:33Z INFO JobServerQueue] Try to append 1 batches web console lines for record '2ac0e1d6-d8b1-4bb2-8176-f620714e455e', success rate: 1/1.
[2026-08-30 10:12:34Z INFO JobServerQueue] Try to append 1 batches web console lines for record '2ac0e1d6-d8b1-4bb2-8176-f620714e455e', success rate: 1/1.
[2026-08-30 10:12:35Z INFO JobServerQueue] Try to append 1 batches web console lines for record '2ac0e1d6-d8b1-4bb2-8176-f620714e455e', success rate: 1/1.
[2026-08-30 10:12:35Z INFO JobServerQueue] Try to append 1 batches web console lines for record '2ac0e1d6-d8b1-4bb2-8176-f620714e455e', success rate: 1/1.
[2026-08-30 10:12:36Z INFO JobServerQueue] Try to append 1 batches web console lines for record '2ac0e1d6-d8b1-4bb2-8176-f620714e455e', success rate: 1/1.
[2026-08-30 10:12:36Z INFO JobServerQueue] Try to append 1 batches web console lines for record '2ac0e1d6-d8b1-4bb2-8176-f620714e455e', success rate: 1/1.
[2026-08-30 10:12:37Z INFO JobServerQueue] Try to append 1 batches web console lines for record '2ac0e1d6-d8b1-4bb2-8176-f620714e455e', success rate: 1/1.
[2026-08-30 10:12:37Z INFO HostContext] Well known directory 'Bin': 'C:\Users\krish\Documents\BITS\mlops-project\actions-runner\bin'
[2026-08-30 10:12:37Z INFO HostContext] Well known directory 'Root': 'C:\Users\krish\Documents\BITS\mlops-project\actions-runner'
[2026-08-30 10:12:37Z INFO HostContext] Well known directory 'Work': 'C:\Users\krish\Documents\BITS\mlops-project\actions-runner\_work'
[2026-08-30 10:12:37Z INFO JobServerQueue] Try to append 1 batches web console lines for record '2ac0e1d6-d8b1-4bb2-8176-f620714e455e', success rate: 1/1.
[2026-08-30 10:12:38Z INFO JobServerQueue] Try to append 1 batches web console lines for record '2ac0e1d6-d8b1-4bb2-8176-f620714e455e', success rate: 1/1.
[2026-08-30 10:12:38Z INFO JobServerQueue] Try to append 1 batches web console lines for record '2ac0e1d6-d8b1-4bb2-8176-f620714e455e', success rate: 1/1.
[2026-08-30 10:12:39Z INFO JobServerQueue] Try to append 1 batches web console lines for record '2ac0e1d6-d8b1-4bb2-8176-f620714e455e', success rate: 1/1.
[2026-08-30 10:12:40Z INFO JobServerQueue] Try to append 1 batches web console lines for record '2ac0e1d6-d8b1-4bb2-8176-f620714e455e', success rate: 1/1.
[2026-08-30 10:12:40Z INFO JobServerQueue] Try to append 1 batches web console lines for record '2ac0e1d6-d8b1-4bb2-8176-f620714e455e', success rate: 1/1.
[2026-08-30 10:12:41Z INFO JobServerQueue] Try to append 1 batches web console lines for record '2ac0e1d6-d8b1-4bb2-8176-f620714e455e', success rate: 1/1.
[2026-08-30 10:12:41Z INFO JobServerQueue] Try to append 1 batches web console lines for record '2ac0e1d6-d8b1-4bb2-8176-f620714e455e', success rate: 1/1.
[2026-08-30 10:12:42Z INFO JobServerQueue] Try to append 1 batches web console lines for record '2ac0e1d6-d8b1-4bb2-8176-f620714e455e', success rate: 1/1.
[2026-08-30 10:12:42Z INFO JobServerQueue] Try to append 1 batches web console lines for record '2ac0e1d6-d8b1-4bb2-8176-f620714e455e', success rate: 1/1.
[2026-08-30 10:12:43Z INFO JobServerQueue] Try to append 1 batches web console lines for record '2ac0e1d6-d8b1-4bb2-8176-f620714e455e', success rate: 1/1.
[2026-08-30 10:12:44Z INFO JobServerQueue] Try to append 1 batches web console lines for record '2ac0e1d6-d8b1-4bb2-8176-f620714e455e', success rate: 1/1.
[2026-08-30 10:12:44Z INFO JobServerQueue] Try to append 1 batches web console lines for record '2ac0e1d6-d8b1-4bb2-8176-f620714e455e', success rate: 1/1.
[2026-08-30 10:12:45Z INFO JobServerQueue] Try to append 1 batches web console lines for record '2ac0e1d6-d8b1-4bb2-8176-f620714e455e', success rate: 1/1.
[2026-08-30 10:12:45Z INFO JobServerQueue] Try to append 1 batches web console lines for record '2ac0e1d6-d8b1-4bb2-8176-f620714e455e', success rate: 1/1.
[2026-08-30 10:12:46Z INFO JobServerQueue] Try to append 1 batches web console lines for record '2ac0e1d6-d8b1-4bb2-8176-f620714e455e', success rate: 1/1.
[2026-08-30 10:12:47Z INFO JobServerQueue] Try to append 1 batches web console lines for record '2ac0e1d6-d8b1-4bb2-8176-f620714e455e', success rate: 1/1.
[2026-08-30 10:12:48Z INFO HostContext] Well known directory 'Bin': 'C:\Users\krish\Documents\BITS\mlops-project\actions-runner\bin'
[2026-08-30 10:12:48Z INFO HostContext] Well known directory 'Root': 'C:\Users\krish\Documents\BITS\mlops-project\actions-runner'
[2026-08-30 10:12:48Z INFO HostContext] Well known directory 'Work': 'C:\Users\krish\Documents\BITS\mlops-project\actions-runner\_work'
[2026-08-30 10:12:48Z INFO JobServerQueue] Try to append 1 batches web console lines for record '2ac0e1d6-d8b1-4bb2-8176-f620714e455e', success rate: 1/1.
[2026-08-30 10:12:48Z INFO JobServerQueue] Try to append 1 batches web console lines for record '2ac0e1d6-d8b1-4bb2-8176-f620714e455e', success rate: 1/1.
[2026-08-30 10:12:50Z INFO JobServerQueue] Try to append 1 batches web console lines for record '2ac0e1d6-d8b1-4bb2-8176-f620714e455e', success rate: 1/1.
[2026-08-30 10:12:50Z INFO JobServerQueue] Try to append 1 batches web console lines for record '2ac0e1d6-d8b1-4bb2-8176-f620714e455e', success rate: 1/1.
[2026-08-30 10:12:51Z INFO JobServerQueue] Try to append 1 batches web console lines for record '2ac0e1d6-d8b1-4bb2-8176-f620714e455e', success rate: 1/1.
[2026-08-30 10:12:52Z INFO JobServerQueue] Try to append 1 batches web console lines for record '2ac0e1d6-d8b1-4bb2-8176-f620714e455e', success rate: 1/1.
[2026-08-30 10:12:52Z INFO JobServerQueue] Try to append 1 batches web console lines for record '2ac0e1d6-d8b1-4bb2-8176-f620714e455e', success rate: 1/1.
[2026-08-30 10:12:53Z INFO JobServerQueue] Try to append 1 batches web console lines for record '2ac0e1d6-d8b1-4bb2-8176-f620714e455e', success rate: 1/1.
[2026-08-30 10:12:53Z INFO JobServerQueue] Try to append 1 batches web console lines for record '2ac0e1d6-d8b1-4bb2-8176-f620714e455e', success rate: 1/1.
[2026-08-30 10:12:54Z INFO JobServerQueue] Try to append 1 batches web console lines for record '2ac0e1d6-d8b1-4bb2-8176-f620714e455e', success rate: 1/1.
[2026-08-30 10:12:54Z INFO JobServerQueue] Try to append 1 batches web console lines for record '2ac0e1d6-d8b1-4bb2-8176-f620714e455e', success rate: 1/1.
[2026-08-30 10:12:55Z INFO JobServerQueue] Try to append 1 batches web console lines for record '2ac0e1d6-d8b1-4bb2-8176-f620714e455e', success rate: 1/1.
[2026-08-30 10:12:56Z INFO JobServerQueue] Try to append 1 batches web console lines for record '2ac0e1d6-d8b1-4bb2-8176-f620714e455e', success rate: 1/1.
[2026-08-30 10:12:56Z INFO JobServerQueue] Try to append 1 batches web console lines for record '2ac0e1d6-d8b1-4bb2-8176-f620714e455e', success rate: 1/1.
[2026-08-30 10:12:57Z INFO JobServerQueue] Try to append 1 batches web console lines for record '2ac0e1d6-d8b1-4bb2-8176-f620714e455e', success rate: 1/1.
[2026-08-30 10:12:57Z INFO JobServerQueue] Try to append 1 batches web console lines for record '2ac0e1d6-d8b1-4bb2-8176-f620714e455e', success rate: 1/1.
[2026-08-30 10:12:58Z INFO HostContext] Well known directory 'Bin': 'C:\Users\krish\Documents\BITS\mlops-project\actions-runner\bin'
[2026-08-30 10:12:58Z INFO HostContext] Well known directory 'Root': 'C:\Users\krish\Documents\BITS\mlops-project\actions-runner'
[2026-08-30 10:12:58Z INFO HostContext] Well known directory 'Work': 'C:\Users\krish\Documents\BITS\mlops-project\actions-runner\_work'
[2026-08-30 10:12:58Z INFO JobServerQueue] Try to append 1 batches web console lines for record '2ac0e1d6-d8b1-4bb2-8176-f620714e455e', success rate: 1/1.
[2026-08-30 10:12:59Z INFO JobServerQueue] Try to append 1 batches web console lines for record '2ac0e1d6-d8b1-4bb2-8176-f620714e455e', success rate: 1/1.
[2026-08-30 10:12:59Z INFO JobServerQueue] Try to append 1 batches web console lines for record '2ac0e1d6-d8b1-4bb2-8176-f620714e455e', success rate: 1/1.
[2026-08-30 10:13:00Z INFO JobServerQueue] Try to append 1 batches web console lines for record '2ac0e1d6-d8b1-4bb2-8176-f620714e455e', success rate: 1/1.
[2026-08-30 10:13:00Z INFO JobServerQueue] Try to append 1 batches web console lines for record '2ac0e1d6-d8b1-4bb2-8176-f620714e455e', success rate: 1/1.
[2026-08-30 10:13:01Z INFO JobServerQueue] Try to append 1 batches web console lines for record '2ac0e1d6-d8b1-4bb2-8176-f620714e455e', success rate: 1/1.
[2026-08-30 10:13:04Z INFO JobServerQueue] Try to append 1 batches web console lines for record '2ac0e1d6-d8b1-4bb2-8176-f620714e455e', success rate: 1/1.
[2026-08-30 10:13:04Z INFO JobServerQueue] Try to append 1 batches web console lines for record '2ac0e1d6-d8b1-4bb2-8176-f620714e455e', success rate: 1/1.
[2026-08-30 10:13:05Z INFO JobServerQueue] Try to append 1 batches web console lines for record '2ac0e1d6-d8b1-4bb2-8176-f620714e455e', success rate: 1/1.
[2026-08-30 10:13:06Z INFO JobServerQueue] Try to append 1 batches web console lines for record '2ac0e1d6-d8b1-4bb2-8176-f620714e455e', success rate: 1/1.
[2026-08-30 10:13:06Z INFO JobServerQueue] Try to append 1 batches web console lines for record '2ac0e1d6-d8b1-4bb2-8176-f620714e455e', success rate: 1/1.
[2026-08-30 10:13:07Z INFO JobServerQueue] Try to append 1 batches web console lines for record '2ac0e1d6-d8b1-4bb2-8176-f620714e455e', success rate: 1/1.
[2026-08-30 10:13:07Z INFO JobServerQueue] Try to append 1 batches web console lines for record '2ac0e1d6-d8b1-4bb2-8176-f620714e455e', success rate: 1/1.
[2026-08-30 10:13:08Z INFO HostContext] Well known directory 'Bin': 'C:\Users\krish\Documents\BITS\mlops-project\actions-runner\bin'
[2026-08-30 10:13:08Z INFO HostContext] Well known directory 'Root': 'C:\Users\krish\Documents\BITS\mlops-project\actions-runner'
[2026-08-30 10:13:08Z INFO HostContext] Well known directory 'Work': 'C:\Users\krish\Documents\BITS\mlops-project\actions-runner\_work'
[2026-08-30 10:13:08Z INFO JobServerQueue] Try to append 1 batches web console lines for record '2ac0e1d6-d8b1-4bb2-8176-f620714e455e', success rate: 1/1.
[2026-08-30 10:13:09Z INFO JobServerQueue] Try to append 1 batches web console lines for record '2ac0e1d6-d8b1-4bb2-8176-f620714e455e', success rate: 1/1.
[2026-08-30 10:13:10Z INFO JobServerQueue] Try to append 1 batches web console lines for record '2ac0e1d6-d8b1-4bb2-8176-f620714e455e', success rate: 1/1.
[2026-08-30 10:13:11Z INFO JobServerQueue] Try to append 1 batches web console lines for record '2ac0e1d6-d8b1-4bb2-8176-f620714e455e', success rate: 1/1.
[2026-08-30 10:13:12Z INFO JobServerQueue] Try to append 1 batches web console lines for record '2ac0e1d6-d8b1-4bb2-8176-f620714e455e', success rate: 1/1.
[2026-08-30 10:13:14Z INFO JobServerQueue] Try to append 1 batches web console lines for record '2ac0e1d6-d8b1-4bb2-8176-f620714e455e', success rate: 1/1.
[2026-08-30 10:13:14Z INFO JobServerQueue] Try to append 1 batches web console lines for record '2ac0e1d6-d8b1-4bb2-8176-f620714e455e', success rate: 1/1.
[2026-08-30 10:13:15Z INFO JobServerQueue] Try to append 1 batches web console lines for record '2ac0e1d6-d8b1-4bb2-8176-f620714e455e', success rate: 1/1.
[2026-08-30 10:13:15Z INFO JobServerQueue] Try to append 1 batches web console lines for record '2ac0e1d6-d8b1-4bb2-8176-f620714e455e', success rate: 1/1.
[2026-08-30 10:13:16Z INFO JobServerQueue] Try to append 1 batches web console lines for record '2ac0e1d6-d8b1-4bb2-8176-f620714e455e', success rate: 1/1.
[2026-08-30 10:13:16Z INFO JobServerQueue] Try to append 1 batches web console lines for record '2ac0e1d6-d8b1-4bb2-8176-f620714e455e', success rate: 1/1.
[2026-08-30 10:13:17Z INFO JobServerQueue] Try to append 1 batches web console lines for record '2ac0e1d6-d8b1-4bb2-8176-f620714e455e', success rate: 1/1.
[2026-08-30 10:13:18Z INFO HostContext] Well known directory 'Bin': 'C:\Users\krish\Documents\BITS\mlops-project\actions-runner\bin'
[2026-08-30 10:13:18Z INFO HostContext] Well known directory 'Root': 'C:\Users\krish\Documents\BITS\mlops-project\actions-runner'
[2026-08-30 10:13:18Z INFO HostContext] Well known directory 'Work': 'C:\Users\krish\Documents\BITS\mlops-project\actions-runner\_work'
[2026-08-30 10:13:18Z INFO JobServerQueue] Try to append 1 batches web console lines for record '2ac0e1d6-d8b1-4bb2-8176-f620714e455e', success rate: 1/1.
[2026-08-30 10:13:18Z INFO JobServerQueue] Try to append 1 batches web console lines for record '2ac0e1d6-d8b1-4bb2-8176-f620714e455e', success rate: 1/1.
[2026-08-30 10:13:19Z INFO JobServerQueue] Try to append 1 batches web console lines for record '2ac0e1d6-d8b1-4bb2-8176-f620714e455e', success rate: 1/1.
[2026-08-30 10:13:19Z INFO JobServerQueue] Try to append 1 batches web console lines for record '2ac0e1d6-d8b1-4bb2-8176-f620714e455e', success rate: 1/1.
[2026-08-30 10:13:20Z INFO JobServerQueue] Try to append 1 batches web console lines for record '2ac0e1d6-d8b1-4bb2-8176-f620714e455e', success rate: 1/1.
[2026-08-30 10:13:21Z INFO JobServerQueue] Try to append 1 batches web console lines for record '2ac0e1d6-d8b1-4bb2-8176-f620714e455e', success rate: 1/1.
[2026-08-30 10:13:21Z INFO JobServerQueue] Try to append 1 batches web console lines for record '2ac0e1d6-d8b1-4bb2-8176-f620714e455e', success rate: 1/1.
[2026-08-30 10:13:22Z INFO JobServerQueue] Try to append 1 batches web console lines for record '2ac0e1d6-d8b1-4bb2-8176-f620714e455e', success rate: 1/1.
[2026-08-30 10:13:22Z INFO JobServerQueue] Try to append 1 batches web console lines for record '2ac0e1d6-d8b1-4bb2-8176-f620714e455e', success rate: 1/1.
[2026-08-30 10:13:27Z INFO JobServerQueue] Try to append 1 batches web console lines for record '2ac0e1d6-d8b1-4bb2-8176-f620714e455e', success rate: 1/1.
[2026-08-30 10:13:28Z INFO HostContext] Well known directory 'Bin': 'C:\Users\krish\Documents\BITS\mlops-project\actions-runner\bin'
[2026-08-30 10:13:28Z INFO HostContext] Well known directory 'Root': 'C:\Users\krish\Documents\BITS\mlops-project\actions-runner'
[2026-08-30 10:13:28Z INFO HostContext] Well known directory 'Work': 'C:\Users\krish\Documents\BITS\mlops-project\actions-runner\_work'
[2026-08-30 10:13:28Z INFO JobServerQueue] Try to append 1 batches web console lines for record '2ac0e1d6-d8b1-4bb2-8176-f620714e455e', success rate: 1/1.
[2026-08-30 10:13:28Z INFO JobServerQueue] Try to append 1 batches web console lines for record '2ac0e1d6-d8b1-4bb2-8176-f620714e455e', success rate: 1/1.
[2026-08-30 10:13:29Z INFO JobServerQueue] Try to append 1 batches web console lines for record '2ac0e1d6-d8b1-4bb2-8176-f620714e455e', success rate: 1/1.
[2026-08-30 10:13:29Z INFO JobServerQueue] Try to append 1 batches web console lines for record '2ac0e1d6-d8b1-4bb2-8176-f620714e455e', success rate: 1/1.
[2026-08-30 10:13:30Z INFO JobServerQueue] Try to append 1 batches web console lines for record '2ac0e1d6-d8b1-4bb2-8176-f620714e455e', success rate: 1/1.
[2026-08-30 10:13:30Z INFO JobServerQueue] Try to append 1 batches web console lines for record '2ac0e1d6-d8b1-4bb2-8176-f620714e455e', success rate: 1/1.
[2026-08-30 10:13:31Z INFO JobServerQueue] Try to append 1 batches web console lines for record '2ac0e1d6-d8b1-4bb2-8176-f620714e455e', success rate: 1/1.
[2026-08-30 10:13:32Z INFO JobServerQueue] Try to append 1 batches web console lines for record '2ac0e1d6-d8b1-4bb2-8176-f620714e455e', success rate: 1/1.
[2026-08-30 10:13:33Z INFO JobServerQueue] Try to append 1 batches web console lines for record '2ac0e1d6-d8b1-4bb2-8176-f620714e455e', success rate: 1/1.
[2026-08-30 10:13:34Z INFO JobServerQueue] Try to append 1 batches web console lines for record '2ac0e1d6-d8b1-4bb2-8176-f620714e455e', success rate: 1/1.
[2026-08-30 10:13:35Z INFO JobServerQueue] Try to append 1 batches web console lines for record '2ac0e1d6-d8b1-4bb2-8176-f620714e455e', success rate: 1/1.
[2026-08-30 10:13:35Z INFO JobServerQueue] Try to append 1 batches web console lines for record '2ac0e1d6-d8b1-4bb2-8176-f620714e455e', success rate: 1/1.
[2026-08-30 10:13:38Z INFO JobServerQueue] Try to append 1 batches web console lines for record '2ac0e1d6-d8b1-4bb2-8176-f620714e455e', success rate: 1/1.
[2026-08-30 10:13:38Z INFO HostContext] Well known directory 'Bin': 'C:\Users\krish\Documents\BITS\mlops-project\actions-runner\bin'
[2026-08-30 10:13:38Z INFO HostContext] Well known directory 'Root': 'C:\Users\krish\Documents\BITS\mlops-project\actions-runner'
[2026-08-30 10:13:38Z INFO HostContext] Well known directory 'Work': 'C:\Users\krish\Documents\BITS\mlops-project\actions-runner\_work'
[2026-08-30 10:13:43Z INFO JobServerQueue] Try to append 1 batches web console lines for record '2ac0e1d6-d8b1-4bb2-8176-f620714e455e', success rate: 1/1.
[2026-08-30 10:13:48Z INFO HostContext] Well known directory 'Bin': 'C:\Users\krish\Documents\BITS\mlops-project\actions-runner\bin'
[2026-08-30 10:13:48Z INFO HostContext] Well known directory 'Root': 'C:\Users\krish\Documents\BITS\mlops-project\actions-runner'
[2026-08-30 10:13:48Z INFO HostContext] Well known directory 'Work': 'C:\Users\krish\Documents\BITS\mlops-project\actions-runner\_work'
[2026-08-30 10:13:48Z INFO JobServerQueue] Try to append 1 batches web console lines for record '2ac0e1d6-d8b1-4bb2-8176-f620714e455e', success rate: 1/1.
[2026-08-30 10:13:49Z INFO JobServerQueue] Try to append 1 batches web console lines for record '2ac0e1d6-d8b1-4bb2-8176-f620714e455e', success rate: 1/1.
[2026-08-30 10:13:50Z INFO JobServerQueue] Try to append 1 batches web console lines for record '2ac0e1d6-d8b1-4bb2-8176-f620714e455e', success rate: 1/1.
[2026-08-30 10:13:51Z INFO JobServerQueue] Try to append 1 batches web console lines for record '2ac0e1d6-d8b1-4bb2-8176-f620714e455e', success rate: 1/1.
[2026-08-30 10:13:52Z INFO JobServerQueue] Try to append 1 batches web console lines for record '2ac0e1d6-d8b1-4bb2-8176-f620714e455e', success rate: 1/1.
[2026-08-30 10:13:52Z INFO JobServerQueue] Try to append 1 batches web console lines for record '2ac0e1d6-d8b1-4bb2-8176-f620714e455e', success rate: 1/1.
[2026-08-30 10:13:53Z INFO JobServerQueue] Try to append 1 batches web console lines for record '2ac0e1d6-d8b1-4bb2-8176-f620714e455e', success rate: 1/1.
[2026-08-30 10:13:54Z INFO JobServerQueue] Try to append 1 batches web console lines for record '2ac0e1d6-d8b1-4bb2-8176-f620714e455e', success rate: 1/1.
[2026-08-30 10:13:54Z INFO JobServerQueue] Try to append 1 batches web console lines for record '2ac0e1d6-d8b1-4bb2-8176-f620714e455e', success rate: 1/1.
[2026-08-30 10:13:56Z INFO JobServerQueue] Try to append 1 batches web console lines for record '2ac0e1d6-d8b1-4bb2-8176-f620714e455e', success rate: 1/1.
[2026-08-30 10:13:57Z INFO JobServerQueue] Try to append 1 batches web console lines for record '2ac0e1d6-d8b1-4bb2-8176-f620714e455e', success rate: 1/1.
[2026-08-30 10:13:58Z INFO HostContext] Well known directory 'Bin': 'C:\Users\krish\Documents\BITS\mlops-project\actions-runner\bin'
[2026-08-30 10:13:58Z INFO HostContext] Well known directory 'Root': 'C:\Users\krish\Documents\BITS\mlops-project\actions-runner'
[2026-08-30 10:13:58Z INFO HostContext] Well known directory 'Work': 'C:\Users\krish\Documents\BITS\mlops-project\actions-runner\_work'
[2026-08-30 10:13:59Z INFO JobServerQueue] Try to append 1 batches web console lines for record '2ac0e1d6-d8b1-4bb2-8176-f620714e455e', success rate: 1/1.
[2026-08-30 10:14:00Z INFO JobServerQueue] Try to append 1 batches web console lines for record '2ac0e1d6-d8b1-4bb2-8176-f620714e455e', success rate: 1/1.
[2026-08-30 10:14:00Z INFO JobServerQueue] Try to append 1 batches web console lines for record '2ac0e1d6-d8b1-4bb2-8176-f620714e455e', success rate: 1/1.
[2026-08-30 10:14:01Z INFO JobServerQueue] Try to append 1 batches web console lines for record '2ac0e1d6-d8b1-4bb2-8176-f620714e455e', success rate: 1/1.
[2026-08-30 10:14:02Z INFO JobServerQueue] Try to append 1 batches web console lines for record '2ac0e1d6-d8b1-4bb2-8176-f620714e455e', success rate: 1/1.
[2026-08-30 10:14:02Z INFO JobServerQueue] Try to append 1 batches web console lines for record '2ac0e1d6-d8b1-4bb2-8176-f620714e455e', success rate: 1/1.
[2026-08-30 10:14:03Z INFO JobServerQueue] Try to append 1 batches web console lines for record '2ac0e1d6-d8b1-4bb2-8176-f620714e455e', success rate: 1/1.
[2026-08-30 10:14:04Z INFO JobServerQueue] Try to append 1 batches web console lines for record '2ac0e1d6-d8b1-4bb2-8176-f620714e455e', success rate: 1/1.
[2026-08-30 10:14:04Z INFO JobServerQueue] Try to append 1 batches web console lines for record '2ac0e1d6-d8b1-4bb2-8176-f620714e455e', success rate: 1/1.
[2026-08-30 10:14:05Z INFO JobServerQueue] Try to append 1 batches web console lines for record '2ac0e1d6-d8b1-4bb2-8176-f620714e455e', success rate: 1/1.
[2026-08-30 10:14:05Z INFO JobServerQueue] Try to append 1 batches web console lines for record '2ac0e1d6-d8b1-4bb2-8176-f620714e455e', success rate: 1/1.
[2026-08-30 10:14:06Z INFO JobServerQueue] Try to append 1 batches web console lines for record '2ac0e1d6-d8b1-4bb2-8176-f620714e455e', success rate: 1/1.
[2026-08-30 10:14:06Z INFO JobServerQueue] Try to append 1 batches web console lines for record '2ac0e1d6-d8b1-4bb2-8176-f620714e455e', success rate: 1/1.
[2026-08-30 10:14:08Z INFO HostContext] Well known directory 'Bin': 'C:\Users\krish\Documents\BITS\mlops-project\actions-runner\bin'
[2026-08-30 10:14:08Z INFO HostContext] Well known directory 'Root': 'C:\Users\krish\Documents\BITS\mlops-project\actions-runner'
[2026-08-30 10:14:08Z INFO HostContext] Well known directory 'Work': 'C:\Users\krish\Documents\BITS\mlops-project\actions-runner\_work'
[2026-08-30 10:14:09Z INFO JobServerQueue] Try to append 1 batches web console lines for record '2ac0e1d6-d8b1-4bb2-8176-f620714e455e', success rate: 1/1.
[2026-08-30 10:14:09Z INFO JobServerQueue] Try to append 1 batches web console lines for record '2ac0e1d6-d8b1-4bb2-8176-f620714e455e', success rate: 1/1.
[2026-08-30 10:14:10Z INFO JobServerQueue] Try to append 1 batches web console lines for record '2ac0e1d6-d8b1-4bb2-8176-f620714e455e', success rate: 1/1.
[2026-08-30 10:14:10Z INFO JobServerQueue] Try to append 1 batches web console lines for record '2ac0e1d6-d8b1-4bb2-8176-f620714e455e', success rate: 1/1.
[2026-08-30 10:14:11Z INFO JobServerQueue] Try to append 1 batches web console lines for record '2ac0e1d6-d8b1-4bb2-8176-f620714e455e', success rate: 1/1.
[2026-08-30 10:14:11Z INFO JobServerQueue] Try to append 1 batches web console lines for record '2ac0e1d6-d8b1-4bb2-8176-f620714e455e', success rate: 1/1.
[2026-08-30 10:14:15Z INFO JobServerQueue] Try to append 1 batches web console lines for record '2ac0e1d6-d8b1-4bb2-8176-f620714e455e', success rate: 1/1.
[2026-08-30 10:14:16Z INFO JobServerQueue] Try to append 1 batches web console lines for record '2ac0e1d6-d8b1-4bb2-8176-f620714e455e', success rate: 1/1.
[2026-08-30 10:14:16Z INFO JobServerQueue] Try to append 1 batches web console lines for record '2ac0e1d6-d8b1-4bb2-8176-f620714e455e', success rate: 1/1.
[2026-08-30 10:14:17Z INFO JobServerQueue] Try to append 1 batches web console lines for record '2ac0e1d6-d8b1-4bb2-8176-f620714e455e', success rate: 1/1.
[2026-08-30 10:14:18Z INFO JobServerQueue] Try to append 1 batches web console lines for record '2ac0e1d6-d8b1-4bb2-8176-f620714e455e', success rate: 1/1.
[2026-08-30 10:14:18Z INFO HostContext] Well known directory 'Bin': 'C:\Users\krish\Documents\BITS\mlops-project\actions-runner\bin'
[2026-08-30 10:14:18Z INFO HostContext] Well known directory 'Root': 'C:\Users\krish\Documents\BITS\mlops-project\actions-runner'
[2026-08-30 10:14:18Z INFO HostContext] Well known directory 'Work': 'C:\Users\krish\Documents\BITS\mlops-project\actions-runner\_work'
[2026-08-30 10:14:18Z INFO JobServerQueue] Try to append 1 batches web console lines for record '2ac0e1d6-d8b1-4bb2-8176-f620714e455e', success rate: 1/1.
[2026-08-30 10:14:20Z INFO JobServerQueue] Try to append 1 batches web console lines for record '2ac0e1d6-d8b1-4bb2-8176-f620714e455e', success rate: 1/1.
[2026-08-30 10:14:20Z INFO JobServerQueue] Try to append 1 batches web console lines for record '2ac0e1d6-d8b1-4bb2-8176-f620714e455e', success rate: 1/1.
[2026-08-30 10:14:21Z INFO JobServerQueue] Try to append 1 batches web console lines for record '2ac0e1d6-d8b1-4bb2-8176-f620714e455e', success rate: 1/1.
[2026-08-30 10:14:21Z INFO JobServerQueue] Try to append 1 batches web console lines for record '2ac0e1d6-d8b1-4bb2-8176-f620714e455e', success rate: 1/1.
[2026-08-30 10:14:22Z INFO JobServerQueue] Try to append 1 batches web console lines for record '2ac0e1d6-d8b1-4bb2-8176-f620714e455e', success rate: 1/1.
[2026-08-30 10:14:22Z INFO JobServerQueue] Try to append 1 batches web console lines for record '2ac0e1d6-d8b1-4bb2-8176-f620714e455e', success rate: 1/1.
[2026-08-30 10:14:28Z INFO JobServerQueue] Try to append 1 batches web console lines for record '2ac0e1d6-d8b1-4bb2-8176-f620714e455e', success rate: 1/1.
[2026-08-30 10:14:28Z INFO HostContext] Well known directory 'Bin': 'C:\Users\krish\Documents\BITS\mlops-project\actions-runner\bin'
[2026-08-30 10:14:28Z INFO HostContext] Well known directory 'Root': 'C:\Users\krish\Documents\BITS\mlops-project\actions-runner'
[2026-08-30 10:14:28Z INFO HostContext] Well known directory 'Work': 'C:\Users\krish\Documents\BITS\mlops-project\actions-runner\_work'
[2026-08-30 10:14:31Z INFO JobServerQueue] Try to append 1 batches web console lines for record '2ac0e1d6-d8b1-4bb2-8176-f620714e455e', success rate: 1/1.
[2026-08-30 10:14:32Z INFO JobServerQueue] Try to append 1 batches web console lines for record '2ac0e1d6-d8b1-4bb2-8176-f620714e455e', success rate: 1/1.
[2026-08-30 10:14:32Z INFO JobServerQueue] Try to append 1 batches web console lines for record '2ac0e1d6-d8b1-4bb2-8176-f620714e455e', success rate: 1/1.
[2026-08-30 10:14:33Z INFO JobServerQueue] Try to append 1 batches web console lines for record '2ac0e1d6-d8b1-4bb2-8176-f620714e455e', success rate: 1/1.
[2026-08-30 10:14:34Z INFO JobServerQueue] Try to append 1 batches web console lines for record '2ac0e1d6-d8b1-4bb2-8176-f620714e455e', success rate: 1/1.
[2026-08-30 10:14:36Z INFO JobServerQueue] Try to append 1 batches web console lines for record '2ac0e1d6-d8b1-4bb2-8176-f620714e455e', success rate: 1/1.
[2026-08-30 10:14:38Z INFO HostContext] Well known directory 'Bin': 'C:\Users\krish\Documents\BITS\mlops-project\actions-runner\bin'
[2026-08-30 10:14:38Z INFO HostContext] Well known directory 'Root': 'C:\Users\krish\Documents\BITS\mlops-project\actions-runner'
[2026-08-30 10:14:38Z INFO HostContext] Well known directory 'Work': 'C:\Users\krish\Documents\BITS\mlops-project\actions-runner\_work'
[2026-08-30 10:14:39Z INFO JobServerQueue] Try to append 1 batches web console lines for record '2ac0e1d6-d8b1-4bb2-8176-f620714e455e', success rate: 1/1.
[2026-08-30 10:14:40Z INFO JobServerQueue] Try to append 1 batches web console lines for record '2ac0e1d6-d8b1-4bb2-8176-f620714e455e', success rate: 1/1.
[2026-08-30 10:14:41Z INFO JobServerQueue] Try to append 1 batches web console lines for record '2ac0e1d6-d8b1-4bb2-8176-f620714e455e', success rate: 1/1.
[2026-08-30 10:14:41Z INFO JobServerQueue] Try to append 1 batches web console lines for record '2ac0e1d6-d8b1-4bb2-8176-f620714e455e', success rate: 1/1.
[2026-08-30 10:14:42Z INFO JobServerQueue] Try to append 1 batches web console lines for record '2ac0e1d6-d8b1-4bb2-8176-f620714e455e', success rate: 1/1.
[2026-08-30 10:14:43Z INFO JobServerQueue] Try to append 1 batches web console lines for record '2ac0e1d6-d8b1-4bb2-8176-f620714e455e', success rate: 1/1.
[2026-08-30 10:14:43Z INFO JobServerQueue] Try to append 1 batches web console lines for record '2ac0e1d6-d8b1-4bb2-8176-f620714e455e', success rate: 1/1.
[2026-08-30 10:14:44Z INFO JobServerQueue] Try to append 1 batches web console lines for record '2ac0e1d6-d8b1-4bb2-8176-f620714e455e', success rate: 1/1.
[2026-08-30 10:14:45Z INFO JobServerQueue] Try to append 1 batches web console lines for record '2ac0e1d6-d8b1-4bb2-8176-f620714e455e', success rate: 1/1.
[2026-08-30 10:14:46Z INFO JobServerQueue] Try to append 1 batches web console lines for record '2ac0e1d6-d8b1-4bb2-8176-f620714e455e', success rate: 1/1.
[2026-08-30 10:14:46Z INFO JobServerQueue] Try to append 1 batches web console lines for record '2ac0e1d6-d8b1-4bb2-8176-f620714e455e', success rate: 1/1.
[2026-08-30 10:14:47Z INFO JobServerQueue] Try to append 1 batches web console lines for record '2ac0e1d6-d8b1-4bb2-8176-f620714e455e', success rate: 1/1.
[2026-08-30 10:14:47Z INFO JobServerQueue] Try to append 1 batches web console lines for record '2ac0e1d6-d8b1-4bb2-8176-f620714e455e', success rate: 1/1.
[2026-08-30 10:14:48Z INFO JobServerQueue] Try to append 1 batches web console lines for record '2ac0e1d6-d8b1-4bb2-8176-f620714e455e', success rate: 1/1.
[2026-08-30 10:14:48Z INFO HostContext] Well known directory 'Bin': 'C:\Users\krish\Documents\BITS\mlops-project\actions-runner\bin'
[2026-08-30 10:14:48Z INFO HostContext] Well known directory 'Root': 'C:\Users\krish\Documents\BITS\mlops-project\actions-runner'
[2026-08-30 10:14:48Z INFO HostContext] Well known directory 'Work': 'C:\Users\krish\Documents\BITS\mlops-project\actions-runner\_work'
[2026-08-30 10:14:49Z INFO JobServerQueue] Try to append 1 batches web console lines for record '2ac0e1d6-d8b1-4bb2-8176-f620714e455e', success rate: 1/1.
[2026-08-30 10:14:49Z INFO JobServerQueue] Try to append 1 batches web console lines for record '2ac0e1d6-d8b1-4bb2-8176-f620714e455e', success rate: 1/1.
[2026-08-30 10:14:50Z INFO JobServerQueue] Try to append 1 batches web console lines for record '2ac0e1d6-d8b1-4bb2-8176-f620714e455e', success rate: 1/1.
[2026-08-30 10:14:50Z INFO JobServerQueue] Try to append 1 batches web console lines for record '2ac0e1d6-d8b1-4bb2-8176-f620714e455e', success rate: 1/1.
[2026-08-30 10:14:51Z INFO JobServerQueue] Try to append 1 batches web console lines for record '2ac0e1d6-d8b1-4bb2-8176-f620714e455e', success rate: 1/1.
[2026-08-30 10:14:51Z INFO JobServerQueue] Try to append 1 batches web console lines for record '2ac0e1d6-d8b1-4bb2-8176-f620714e455e', success rate: 1/1.
[2026-08-30 10:14:52Z INFO JobServerQueue] Try to append 1 batches web console lines for record '2ac0e1d6-d8b1-4bb2-8176-f620714e455e', success rate: 1/1.
[2026-08-30 10:14:53Z INFO JobServerQueue] Try to append 1 batches web console lines for record '2ac0e1d6-d8b1-4bb2-8176-f620714e455e', success rate: 1/1.
[2026-08-30 10:14:53Z INFO JobServerQueue] Try to append 1 batches web console lines for record '2ac0e1d6-d8b1-4bb2-8176-f620714e455e', success rate: 1/1.
[2026-08-30 10:14:54Z INFO JobServerQueue] Try to append 1 batches web console lines for record '2ac0e1d6-d8b1-4bb2-8176-f620714e455e', success rate: 1/1.
[2026-08-30 10:14:54Z INFO JobServerQueue] Try to append 1 batches web console lines for record '2ac0e1d6-d8b1-4bb2-8176-f620714e455e', success rate: 1/1.
[2026-08-30 10:14:55Z INFO JobServerQueue] Try to append 1 batches web console lines for record '2ac0e1d6-d8b1-4bb2-8176-f620714e455e', success rate: 1/1.
[2026-08-30 10:14:56Z INFO JobServerQueue] Try to append 1 batches web console lines for record '2ac0e1d6-d8b1-4bb2-8176-f620714e455e', success rate: 1/1.
[2026-08-30 10:14:56Z INFO JobServerQueue] Try to append 1 batches web console lines for record '2ac0e1d6-d8b1-4bb2-8176-f620714e455e', success rate: 1/1.
[2026-08-30 10:14:57Z INFO JobServerQueue] Try to append 1 batches web console lines for record '2ac0e1d6-d8b1-4bb2-8176-f620714e455e', success rate: 1/1.
[2026-08-30 10:14:57Z INFO JobServerQueue] Try to append 1 batches web console lines for record '2ac0e1d6-d8b1-4bb2-8176-f620714e455e', success rate: 1/1.
[2026-08-30 10:14:58Z INFO JobServerQueue] Try to append 1 batches web console lines for record '2ac0e1d6-d8b1-4bb2-8176-f620714e455e', success rate: 1/1.
[2026-08-30 10:14:58Z INFO HostContext] Well known directory 'Bin': 'C:\Users\krish\Documents\BITS\mlops-project\actions-runner\bin'
[2026-08-30 10:14:58Z INFO HostContext] Well known directory 'Root': 'C:\Users\krish\Documents\BITS\mlops-project\actions-runner'
[2026-08-30 10:14:58Z INFO HostContext] Well known directory 'Work': 'C:\Users\krish\Documents\BITS\mlops-project\actions-runner\_work'
[2026-08-30 10:14:59Z INFO JobServerQueue] Try to append 1 batches web console lines for record '2ac0e1d6-d8b1-4bb2-8176-f620714e455e', success rate: 1/1.
[2026-08-30 10:15:00Z INFO JobServerQueue] Try to append 1 batches web console lines for record '2ac0e1d6-d8b1-4bb2-8176-f620714e455e', success rate: 1/1.
[2026-08-30 10:15:00Z INFO JobServerQueue] Try to append 1 batches web console lines for record '2ac0e1d6-d8b1-4bb2-8176-f620714e455e', success rate: 1/1.
[2026-08-30 10:15:01Z INFO JobServerQueue] Try to append 1 batches web console lines for record '2ac0e1d6-d8b1-4bb2-8176-f620714e455e', success rate: 1/1.
[2026-08-30 10:15:02Z INFO JobServerQueue] Try to append 1 batches web console lines for record '2ac0e1d6-d8b1-4bb2-8176-f620714e455e', success rate: 1/1.
[2026-08-30 10:15:03Z INFO JobServerQueue] Try to append 1 batches web console lines for record '2ac0e1d6-d8b1-4bb2-8176-f620714e455e', success rate: 1/1.
[2026-08-30 10:15:04Z INFO JobServerQueue] Try to append 1 batches web console lines for record '2ac0e1d6-d8b1-4bb2-8176-f620714e455e', success rate: 1/1.
[2026-08-30 10:15:05Z INFO JobServerQueue] Try to append 1 batches web console lines for record '2ac0e1d6-d8b1-4bb2-8176-f620714e455e', success rate: 1/1.
[2026-08-30 10:15:05Z INFO JobServerQueue] Try to append 1 batches web console lines for record '2ac0e1d6-d8b1-4bb2-8176-f620714e455e', success rate: 1/1.
[2026-08-30 10:15:06Z INFO JobServerQueue] Try to append 1 batches web console lines for record '2ac0e1d6-d8b1-4bb2-8176-f620714e455e', success rate: 1/1.
[2026-08-30 10:15:06Z INFO JobServerQueue] Try to append 1 batches web console lines for record '2ac0e1d6-d8b1-4bb2-8176-f620714e455e', success rate: 1/1.
[2026-08-30 10:15:07Z INFO JobServerQueue] Try to append 1 batches web console lines for record '2ac0e1d6-d8b1-4bb2-8176-f620714e455e', success rate: 1/1.
[2026-08-30 10:15:07Z INFO JobServerQueue] Try to append 1 batches web console lines for record '2ac0e1d6-d8b1-4bb2-8176-f620714e455e', success rate: 1/1.
[2026-08-30 10:15:08Z INFO JobServerQueue] Try to append 1 batches web console lines for record '2ac0e1d6-d8b1-4bb2-8176-f620714e455e', success rate: 1/1.
[2026-08-30 10:15:08Z INFO HostContext] Well known directory 'Bin': 'C:\Users\krish\Documents\BITS\mlops-project\actions-runner\bin'
[2026-08-30 10:15:08Z INFO HostContext] Well known directory 'Root': 'C:\Users\krish\Documents\BITS\mlops-project\actions-runner'
[2026-08-30 10:15:08Z INFO HostContext] Well known directory 'Work': 'C:\Users\krish\Documents\BITS\mlops-project\actions-runner\_work'
[2026-08-30 10:15:09Z INFO JobServerQueue] Try to append 1 batches web console lines for record '2ac0e1d6-d8b1-4bb2-8176-f620714e455e', success rate: 1/1.
[2026-08-30 10:15:09Z INFO JobServerQueue] Try to append 1 batches web console lines for record '2ac0e1d6-d8b1-4bb2-8176-f620714e455e', success rate: 1/1.
[2026-08-30 10:15:10Z INFO JobServerQueue] Try to append 1 batches web console lines for record '2ac0e1d6-d8b1-4bb2-8176-f620714e455e', success rate: 1/1.
[2026-08-30 10:15:10Z INFO JobServerQueue] Try to append 1 batches web console lines for record '2ac0e1d6-d8b1-4bb2-8176-f620714e455e', success rate: 1/1.
[2026-08-30 10:15:11Z INFO JobServerQueue] Try to append 1 batches web console lines for record '2ac0e1d6-d8b1-4bb2-8176-f620714e455e', success rate: 1/1.
[2026-08-30 10:15:12Z INFO JobServerQueue] Try to append 1 batches web console lines for record '2ac0e1d6-d8b1-4bb2-8176-f620714e455e', success rate: 1/1.
[2026-08-30 10:15:12Z INFO JobServerQueue] Try to append 1 batches web console lines for record '2ac0e1d6-d8b1-4bb2-8176-f620714e455e', success rate: 1/1.
[2026-08-30 10:15:13Z INFO JobServerQueue] Try to append 1 batches web console lines for record '2ac0e1d6-d8b1-4bb2-8176-f620714e455e', success rate: 1/1.
[2026-08-30 10:15:13Z INFO JobServerQueue] Try to append 1 batches web console lines for record '2ac0e1d6-d8b1-4bb2-8176-f620714e455e', success rate: 1/1.
[2026-08-30 10:15:15Z INFO JobServerQueue] Try to append 1 batches web console lines for record '2ac0e1d6-d8b1-4bb2-8176-f620714e455e', success rate: 1/1.
[2026-08-30 10:15:17Z INFO JobServerQueue] Try to append 1 batches web console lines for record '2ac0e1d6-d8b1-4bb2-8176-f620714e455e', success rate: 1/1.
[2026-08-30 10:15:18Z INFO JobServerQueue] Try to append 1 batches web console lines for record '2ac0e1d6-d8b1-4bb2-8176-f620714e455e', success rate: 1/1.
[2026-08-30 10:15:18Z INFO JobServerQueue] Try to append 1 batches web console lines for record '2ac0e1d6-d8b1-4bb2-8176-f620714e455e', success rate: 1/1.
[2026-08-30 10:15:19Z INFO HostContext] Well known directory 'Bin': 'C:\Users\krish\Documents\BITS\mlops-project\actions-runner\bin'
[2026-08-30 10:15:19Z INFO HostContext] Well known directory 'Root': 'C:\Users\krish\Documents\BITS\mlops-project\actions-runner'
[2026-08-30 10:15:19Z INFO HostContext] Well known directory 'Work': 'C:\Users\krish\Documents\BITS\mlops-project\actions-runner\_work'
[2026-08-30 10:15:19Z INFO JobServerQueue] Try to append 1 batches web console lines for record '2ac0e1d6-d8b1-4bb2-8176-f620714e455e', success rate: 1/1.
[2026-08-30 10:15:20Z INFO JobServerQueue] Try to append 1 batches web console lines for record '2ac0e1d6-d8b1-4bb2-8176-f620714e455e', success rate: 1/1.
[2026-08-30 10:15:20Z INFO JobServerQueue] Try to append 1 batches web console lines for record '2ac0e1d6-d8b1-4bb2-8176-f620714e455e', success rate: 1/1.
[2026-08-30 10:15:21Z INFO JobServerQueue] Try to append 1 batches web console lines for record '2ac0e1d6-d8b1-4bb2-8176-f620714e455e', success rate: 1/1.
[2026-08-30 10:15:21Z INFO JobServerQueue] Try to append 1 batches web console lines for record '2ac0e1d6-d8b1-4bb2-8176-f620714e455e', success rate: 1/1.
[2026-08-30 10:15:22Z INFO JobServerQueue] Try to append 1 batches web console lines for record '2ac0e1d6-d8b1-4bb2-8176-f620714e455e', success rate: 1/1.
[2026-08-30 10:15:22Z INFO JobServerQueue] Try to append 1 batches web console lines for record '2ac0e1d6-d8b1-4bb2-8176-f620714e455e', success rate: 1/1.
[2026-08-30 10:15:23Z INFO JobServerQueue] Try to append 1 batches web console lines for record '2ac0e1d6-d8b1-4bb2-8176-f620714e455e', success rate: 1/1.
[2026-08-30 10:15:23Z INFO JobServerQueue] Try to append 1 batches web console lines for record '2ac0e1d6-d8b1-4bb2-8176-f620714e455e', success rate: 1/1.
[2026-08-30 10:15:24Z INFO JobServerQueue] Try to append 1 batches web console lines for record '2ac0e1d6-d8b1-4bb2-8176-f620714e455e', success rate: 1/1.
[2026-08-30 10:15:25Z INFO JobServerQueue] Try to append 1 batches web console lines for record '2ac0e1d6-d8b1-4bb2-8176-f620714e455e', success rate: 1/1.
[2026-08-30 10:15:25Z INFO JobServerQueue] Try to append 1 batches web console lines for record '2ac0e1d6-d8b1-4bb2-8176-f620714e455e', success rate: 1/1.
[2026-08-30 10:15:26Z INFO JobServerQueue] Try to append 1 batches web console lines for record '2ac0e1d6-d8b1-4bb2-8176-f620714e455e', success rate: 1/1.
[2026-08-30 10:15:26Z INFO JobServerQueue] Try to append 1 batches web console lines for record '2ac0e1d6-d8b1-4bb2-8176-f620714e455e', success rate: 1/1.
[2026-08-30 10:15:27Z INFO JobServerQueue] Try to append 1 batches web console lines for record '2ac0e1d6-d8b1-4bb2-8176-f620714e455e', success rate: 1/1.
[2026-08-30 10:15:27Z INFO JobServerQueue] Try to append 1 batches web console lines for record '2ac0e1d6-d8b1-4bb2-8176-f620714e455e', success rate: 1/1.
[2026-08-30 10:15:28Z INFO JobServerQueue] Try to append 1 batches web console lines for record '2ac0e1d6-d8b1-4bb2-8176-f620714e455e', success rate: 1/1.
[2026-08-30 10:15:28Z INFO JobServerQueue] Try to append 1 batches web console lines for record '2ac0e1d6-d8b1-4bb2-8176-f620714e455e', success rate: 1/1.
[2026-08-30 10:15:29Z INFO HostContext] Well known directory 'Bin': 'C:\Users\krish\Documents\BITS\mlops-project\actions-runner\bin'
[2026-08-30 10:15:29Z INFO HostContext] Well known directory 'Root': 'C:\Users\krish\Documents\BITS\mlops-project\actions-runner'
[2026-08-30 10:15:29Z INFO HostContext] Well known directory 'Work': 'C:\Users\krish\Documents\BITS\mlops-project\actions-runner\_work'
[2026-08-30 10:15:29Z INFO JobServerQueue] Try to append 1 batches web console lines for record '2ac0e1d6-d8b1-4bb2-8176-f620714e455e', success rate: 1/1.
[2026-08-30 10:15:30Z INFO JobServerQueue] Try to append 1 batches web console lines for record '2ac0e1d6-d8b1-4bb2-8176-f620714e455e', success rate: 1/1.
[2026-08-30 10:15:30Z INFO JobServerQueue] Try to append 1 batches web console lines for record '2ac0e1d6-d8b1-4bb2-8176-f620714e455e', success rate: 1/1.
[2026-08-30 10:15:31Z INFO JobServerQueue] Try to append 1 batches web console lines for record '2ac0e1d6-d8b1-4bb2-8176-f620714e455e', success rate: 1/1.
[2026-08-30 10:15:31Z INFO JobServerQueue] Try to append 1 batches web console lines for record '2ac0e1d6-d8b1-4bb2-8176-f620714e455e', success rate: 1/1.
[2026-08-30 10:15:32Z INFO JobServerQueue] Try to append 1 batches web console lines for record '2ac0e1d6-d8b1-4bb2-8176-f620714e455e', success rate: 1/1.
[2026-08-30 10:15:32Z INFO JobServerQueue] Try to append 1 batches web console lines for record '2ac0e1d6-d8b1-4bb2-8176-f620714e455e', success rate: 1/1.
[2026-08-30 10:15:33Z INFO JobServerQueue] Try to append 1 batches web console lines for record '2ac0e1d6-d8b1-4bb2-8176-f620714e455e', success rate: 1/1.
[2026-08-30 10:15:35Z INFO JobServerQueue] Try to append 1 batches web console lines for record '2ac0e1d6-d8b1-4bb2-8176-f620714e455e', success rate: 1/1.
[2026-08-30 10:15:36Z INFO JobServerQueue] Try to append 1 batches web console lines for record '2ac0e1d6-d8b1-4bb2-8176-f620714e455e', success rate: 1/1.
[2026-08-30 10:15:36Z INFO JobServerQueue] Try to append 1 batches web console lines for record '2ac0e1d6-d8b1-4bb2-8176-f620714e455e', success rate: 1/1.
[2026-08-30 10:15:37Z INFO JobServerQueue] Try to append 1 batches web console lines for record '2ac0e1d6-d8b1-4bb2-8176-f620714e455e', success rate: 1/1.
[2026-08-30 10:15:37Z INFO JobServerQueue] Try to append 1 batches web console lines for record '2ac0e1d6-d8b1-4bb2-8176-f620714e455e', success rate: 1/1.
[2026-08-30 10:15:38Z INFO JobServerQueue] Try to append 1 batches web console lines for record '2ac0e1d6-d8b1-4bb2-8176-f620714e455e', success rate: 1/1.
[2026-08-30 10:15:39Z INFO JobServerQueue] Try to append 1 batches web console lines for record '2ac0e1d6-d8b1-4bb2-8176-f620714e455e', success rate: 1/1.
[2026-08-30 10:15:39Z INFO HostContext] Well known directory 'Bin': 'C:\Users\krish\Documents\BITS\mlops-project\actions-runner\bin'
[2026-08-30 10:15:39Z INFO HostContext] Well known directory 'Root': 'C:\Users\krish\Documents\BITS\mlops-project\actions-runner'
[2026-08-30 10:15:39Z INFO HostContext] Well known directory 'Work': 'C:\Users\krish\Documents\BITS\mlops-project\actions-runner\_work'
[2026-08-30 10:15:41Z INFO JobServerQueue] Try to append 1 batches web console lines for record '2ac0e1d6-d8b1-4bb2-8176-f620714e455e', success rate: 1/1.
[2026-08-30 10:15:41Z INFO JobServerQueue] Try to append 1 batches web console lines for record '2ac0e1d6-d8b1-4bb2-8176-f620714e455e', success rate: 1/1.
[2026-08-30 10:15:43Z INFO JobServerQueue] Try to append 1 batches web console lines for record '2ac0e1d6-d8b1-4bb2-8176-f620714e455e', success rate: 1/1.
[2026-08-30 10:15:44Z INFO JobServerQueue] Try to append 1 batches web console lines for record '2ac0e1d6-d8b1-4bb2-8176-f620714e455e', success rate: 1/1.
[2026-08-30 10:15:49Z INFO HostContext] Well known directory 'Bin': 'C:\Users\krish\Documents\BITS\mlops-project\actions-runner\bin'
[2026-08-30 10:15:49Z INFO HostContext] Well known directory 'Root': 'C:\Users\krish\Documents\BITS\mlops-project\actions-runner'
[2026-08-30 10:15:49Z INFO HostContext] Well known directory 'Work': 'C:\Users\krish\Documents\BITS\mlops-project\actions-runner\_work'
[2026-08-30 10:15:52Z INFO JobServerQueue] Try to append 1 batches web console lines for record '2ac0e1d6-d8b1-4bb2-8176-f620714e455e', success rate: 1/1.
[2026-08-30 10:15:53Z INFO JobServerQueue] Try to append 1 batches web console lines for record '2ac0e1d6-d8b1-4bb2-8176-f620714e455e', success rate: 1/1.
[2026-08-30 10:15:53Z INFO JobServerQueue] Try to append 1 batches web console lines for record '2ac0e1d6-d8b1-4bb2-8176-f620714e455e', success rate: 1/1.
[2026-08-30 10:15:55Z INFO JobServerQueue] Try to append 1 batches web console lines for record '2ac0e1d6-d8b1-4bb2-8176-f620714e455e', success rate: 1/1.
[2026-08-30 10:15:56Z INFO JobServerQueue] Try to append 1 batches web console lines for record '2ac0e1d6-d8b1-4bb2-8176-f620714e455e', success rate: 1/1.
[2026-08-30 10:15:58Z INFO JobServerQueue] Try to append 1 batches web console lines for record '2ac0e1d6-d8b1-4bb2-8176-f620714e455e', success rate: 1/1.
[2026-08-30 10:15:59Z INFO JobServerQueue] Try to append 1 batches web console lines for record '2ac0e1d6-d8b1-4bb2-8176-f620714e455e', success rate: 1/1.
[2026-08-30 10:15:59Z INFO HostContext] Well known directory 'Bin': 'C:\Users\krish\Documents\BITS\mlops-project\actions-runner\bin'
[2026-08-30 10:15:59Z INFO HostContext] Well known directory 'Root': 'C:\Users\krish\Documents\BITS\mlops-project\actions-runner'
[2026-08-30 10:15:59Z INFO HostContext] Well known directory 'Work': 'C:\Users\krish\Documents\BITS\mlops-project\actions-runner\_work'
[2026-08-30 10:15:59Z INFO JobServerQueue] Try to append 1 batches web console lines for record '2ac0e1d6-d8b1-4bb2-8176-f620714e455e', success rate: 1/1.
[2026-08-30 10:16:01Z INFO JobServerQueue] Try to append 1 batches web console lines for record '2ac0e1d6-d8b1-4bb2-8176-f620714e455e', success rate: 1/1.
[2026-08-30 10:16:02Z INFO JobServerQueue] Try to append 1 batches web console lines for record '2ac0e1d6-d8b1-4bb2-8176-f620714e455e', success rate: 1/1.
[2026-08-30 10:16:05Z INFO JobServerQueue] Try to append 1 batches web console lines for record '2ac0e1d6-d8b1-4bb2-8176-f620714e455e', success rate: 1/1.
[2026-08-30 10:16:06Z INFO JobServerQueue] Try to append 1 batches web console lines for record '2ac0e1d6-d8b1-4bb2-8176-f620714e455e', success rate: 1/1.
[2026-08-30 10:16:07Z INFO JobServerQueue] Try to append 1 batches web console lines for record '2ac0e1d6-d8b1-4bb2-8176-f620714e455e', success rate: 1/1.
[2026-08-30 10:16:08Z INFO JobServerQueue] Try to append 1 batches web console lines for record '2ac0e1d6-d8b1-4bb2-8176-f620714e455e', success rate: 1/1.
[2026-08-30 10:16:09Z INFO HostContext] Well known directory 'Bin': 'C:\Users\krish\Documents\BITS\mlops-project\actions-runner\bin'
[2026-08-30 10:16:09Z INFO HostContext] Well known directory 'Root': 'C:\Users\krish\Documents\BITS\mlops-project\actions-runner'
[2026-08-30 10:16:09Z INFO HostContext] Well known directory 'Work': 'C:\Users\krish\Documents\BITS\mlops-project\actions-runner\_work'
[2026-08-30 10:16:09Z INFO JobServerQueue] Try to append 1 batches web console lines for record '2ac0e1d6-d8b1-4bb2-8176-f620714e455e', success rate: 1/1.
[2026-08-30 10:16:09Z INFO JobServerQueue] Try to append 1 batches web console lines for record '2ac0e1d6-d8b1-4bb2-8176-f620714e455e', success rate: 1/1.
[2026-08-30 10:16:10Z INFO JobServerQueue] Try to append 1 batches web console lines for record '2ac0e1d6-d8b1-4bb2-8176-f620714e455e', success rate: 1/1.
[2026-08-30 10:16:11Z INFO JobServerQueue] Try to append 1 batches web console lines for record '2ac0e1d6-d8b1-4bb2-8176-f620714e455e', success rate: 1/1.
[2026-08-30 10:16:11Z INFO JobServerQueue] Try to append 1 batches web console lines for record '2ac0e1d6-d8b1-4bb2-8176-f620714e455e', success rate: 1/1.
[2026-08-30 10:16:12Z INFO JobServerQueue] Try to append 1 batches web console lines for record '2ac0e1d6-d8b1-4bb2-8176-f620714e455e', success rate: 1/1.
[2026-08-30 10:16:13Z INFO JobServerQueue] Try to append 1 batches web console lines for record '2ac0e1d6-d8b1-4bb2-8176-f620714e455e', success rate: 1/1.
[2026-08-30 10:16:13Z INFO JobServerQueue] Try to append 1 batches web console lines for record '2ac0e1d6-d8b1-4bb2-8176-f620714e455e', success rate: 1/1.
[2026-08-30 10:16:14Z INFO JobServerQueue] Try to append 1 batches web console lines for record '2ac0e1d6-d8b1-4bb2-8176-f620714e455e', success rate: 1/1.
[2026-08-30 10:16:15Z INFO JobServerQueue] Try to append 1 batches web console lines for record '2ac0e1d6-d8b1-4bb2-8176-f620714e455e', success rate: 1/1.
[2026-08-30 10:16:15Z INFO JobServerQueue] Try to append 1 batches web console lines for record '2ac0e1d6-d8b1-4bb2-8176-f620714e455e', success rate: 1/1.
[2026-08-30 10:16:16Z INFO JobServerQueue] Try to append 1 batches web console lines for record '2ac0e1d6-d8b1-4bb2-8176-f620714e455e', success rate: 1/1.
[2026-08-30 10:16:16Z INFO JobServerQueue] Try to append 1 batches web console lines for record '2ac0e1d6-d8b1-4bb2-8176-f620714e455e', success rate: 1/1.
[2026-08-30 10:16:17Z INFO JobServerQueue] Try to append 1 batches web console lines for record '2ac0e1d6-d8b1-4bb2-8176-f620714e455e', success rate: 1/1.
[2026-08-30 10:16:17Z INFO JobServerQueue] Try to append 1 batches web console lines for record '2ac0e1d6-d8b1-4bb2-8176-f620714e455e', success rate: 1/1.
[2026-08-30 10:16:18Z INFO JobServerQueue] Try to append 1 batches web console lines for record '2ac0e1d6-d8b1-4bb2-8176-f620714e455e', success rate: 1/1.
[2026-08-30 10:16:19Z INFO JobServerQueue] Try to append 1 batches web console lines for record '2ac0e1d6-d8b1-4bb2-8176-f620714e455e', success rate: 1/1.
[2026-08-30 10:16:19Z INFO HostContext] Well known directory 'Bin': 'C:\Users\krish\Documents\BITS\mlops-project\actions-runner\bin'
[2026-08-30 10:16:19Z INFO HostContext] Well known directory 'Root': 'C:\Users\krish\Documents\BITS\mlops-project\actions-runner'
[2026-08-30 10:16:19Z INFO HostContext] Well known directory 'Work': 'C:\Users\krish\Documents\BITS\mlops-project\actions-runner\_work'
[2026-08-30 10:16:19Z INFO JobServerQueue] Try to append 1 batches web console lines for record '2ac0e1d6-d8b1-4bb2-8176-f620714e455e', success rate: 1/1.
[2026-08-30 10:16:20Z INFO JobServerQueue] Try to append 1 batches web console lines for record '2ac0e1d6-d8b1-4bb2-8176-f620714e455e', success rate: 1/1.
[2026-08-30 10:16:20Z INFO JobServerQueue] Try to append 1 batches web console lines for record '2ac0e1d6-d8b1-4bb2-8176-f620714e455e', success rate: 1/1.
[2026-08-30 10:16:21Z INFO JobServerQueue] Try to append 1 batches web console lines for record '2ac0e1d6-d8b1-4bb2-8176-f620714e455e', success rate: 1/1.
[2026-08-30 10:16:21Z INFO JobServerQueue] Try to append 1 batches web console lines for record '2ac0e1d6-d8b1-4bb2-8176-f620714e455e', success rate: 1/1.
[2026-08-30 10:16:22Z INFO JobServerQueue] Try to append 1 batches web console lines for record '2ac0e1d6-d8b1-4bb2-8176-f620714e455e', success rate: 1/1.
[2026-08-30 10:16:23Z INFO JobServerQueue] Try to append 1 batches web console lines for record '2ac0e1d6-d8b1-4bb2-8176-f620714e455e', success rate: 1/1.
[2026-08-30 10:16:24Z INFO JobServerQueue] Try to append 1 batches web console lines for record '2ac0e1d6-d8b1-4bb2-8176-f620714e455e', success rate: 1/1.
[2026-08-30 10:16:24Z INFO JobServerQueue] Try to append 1 batches web console lines for record '2ac0e1d6-d8b1-4bb2-8176-f620714e455e', success rate: 1/1.
[2026-08-30 10:16:25Z INFO JobServerQueue] Try to append 1 batches web console lines for record '2ac0e1d6-d8b1-4bb2-8176-f620714e455e', success rate: 1/1.
[2026-08-30 10:16:26Z INFO JobServerQueue] Try to append 1 batches web console lines for record '2ac0e1d6-d8b1-4bb2-8176-f620714e455e', success rate: 1/1.
[2026-08-30 10:16:26Z INFO JobServerQueue] Try to append 1 batches web console lines for record '2ac0e1d6-d8b1-4bb2-8176-f620714e455e', success rate: 1/1.
[2026-08-30 10:16:27Z INFO JobServerQueue] Try to append 1 batches web console lines for record '2ac0e1d6-d8b1-4bb2-8176-f620714e455e', success rate: 1/1.
[2026-08-30 10:16:28Z INFO JobServerQueue] Try to append 1 batches web console lines for record '2ac0e1d6-d8b1-4bb2-8176-f620714e455e', success rate: 1/1.
[2026-08-30 10:16:28Z INFO JobServerQueue] Try to append 1 batches web console lines for record '2ac0e1d6-d8b1-4bb2-8176-f620714e455e', success rate: 1/1.
[2026-08-30 10:16:29Z INFO JobServerQueue] Try to append 1 batches web console lines for record '2ac0e1d6-d8b1-4bb2-8176-f620714e455e', success rate: 1/1.
[2026-08-30 10:16:29Z INFO HostContext] Well known directory 'Bin': 'C:\Users\krish\Documents\BITS\mlops-project\actions-runner\bin'
[2026-08-30 10:16:29Z INFO HostContext] Well known directory 'Root': 'C:\Users\krish\Documents\BITS\mlops-project\actions-runner'
[2026-08-30 10:16:29Z INFO HostContext] Well known directory 'Work': 'C:\Users\krish\Documents\BITS\mlops-project\actions-runner\_work'
[2026-08-30 10:16:29Z INFO JobServerQueue] Try to append 1 batches web console lines for record '2ac0e1d6-d8b1-4bb2-8176-f620714e455e', success rate: 1/1.
[2026-08-30 10:16:30Z INFO JobServerQueue] Try to append 1 batches web console lines for record '2ac0e1d6-d8b1-4bb2-8176-f620714e455e', success rate: 1/1.
[2026-08-30 10:16:30Z INFO JobServerQueue] Try to append 1 batches web console lines for record '2ac0e1d6-d8b1-4bb2-8176-f620714e455e', success rate: 1/1.
[2026-08-30 10:16:31Z INFO JobServerQueue] Try to append 1 batches web console lines for record '2ac0e1d6-d8b1-4bb2-8176-f620714e455e', success rate: 1/1.
[2026-08-30 10:16:32Z INFO JobServerQueue] Try to append 1 batches web console lines for record '2ac0e1d6-d8b1-4bb2-8176-f620714e455e', success rate: 1/1.
[2026-08-30 10:16:32Z INFO JobServerQueue] Try to append 1 batches web console lines for record '2ac0e1d6-d8b1-4bb2-8176-f620714e455e', success rate: 1/1.
[2026-08-30 10:16:33Z INFO JobServerQueue] Try to append 1 batches web console lines for record '2ac0e1d6-d8b1-4bb2-8176-f620714e455e', success rate: 1/1.
[2026-08-30 10:16:33Z INFO JobServerQueue] Try to append 1 batches web console lines for record '2ac0e1d6-d8b1-4bb2-8176-f620714e455e', success rate: 1/1.
[2026-08-30 10:16:34Z INFO JobServerQueue] Try to append 1 batches web console lines for record '2ac0e1d6-d8b1-4bb2-8176-f620714e455e', success rate: 1/1.
[2026-08-30 10:16:34Z INFO JobServerQueue] Try to append 1 batches web console lines for record '2ac0e1d6-d8b1-4bb2-8176-f620714e455e', success rate: 1/1.
[2026-08-30 10:16:35Z INFO JobServerQueue] Try to append 1 batches web console lines for record '2ac0e1d6-d8b1-4bb2-8176-f620714e455e', success rate: 1/1.
[2026-08-30 10:16:35Z INFO JobServerQueue] Try to append 1 batches web console lines for record '2ac0e1d6-d8b1-4bb2-8176-f620714e455e', success rate: 1/1.
[2026-08-30 10:16:37Z INFO JobServerQueue] Try to append 1 batches web console lines for record '2ac0e1d6-d8b1-4bb2-8176-f620714e455e', success rate: 1/1.
[2026-08-30 10:16:38Z INFO JobServerQueue] Try to append 1 batches web console lines for record '2ac0e1d6-d8b1-4bb2-8176-f620714e455e', success rate: 1/1.
[2026-08-30 10:16:38Z INFO JobServerQueue] Try to append 1 batches web console lines for record '2ac0e1d6-d8b1-4bb2-8176-f620714e455e', success rate: 1/1.
[2026-08-30 10:16:39Z INFO JobServerQueue] Try to append 1 batches web console lines for record '2ac0e1d6-d8b1-4bb2-8176-f620714e455e', success rate: 1/1.
[2026-08-30 10:16:39Z INFO HostContext] Well known directory 'Bin': 'C:\Users\krish\Documents\BITS\mlops-project\actions-runner\bin'
[2026-08-30 10:16:39Z INFO HostContext] Well known directory 'Root': 'C:\Users\krish\Documents\BITS\mlops-project\actions-runner'
[2026-08-30 10:16:39Z INFO HostContext] Well known directory 'Work': 'C:\Users\krish\Documents\BITS\mlops-project\actions-runner\_work'
[2026-08-30 10:16:39Z INFO JobServerQueue] Try to append 1 batches web console lines for record '2ac0e1d6-d8b1-4bb2-8176-f620714e455e', success rate: 1/1.
[2026-08-30 10:16:40Z INFO JobServerQueue] Try to append 1 batches web console lines for record '2ac0e1d6-d8b1-4bb2-8176-f620714e455e', success rate: 1/1.
[2026-08-30 10:16:41Z INFO JobServerQueue] Try to append 1 batches web console lines for record '2ac0e1d6-d8b1-4bb2-8176-f620714e455e', success rate: 1/1.
[2026-08-30 10:16:41Z INFO JobServerQueue] Try to append 1 batches web console lines for record '2ac0e1d6-d8b1-4bb2-8176-f620714e455e', success rate: 1/1.
[2026-08-30 10:16:42Z INFO JobServerQueue] Try to append 1 batches web console lines for record '2ac0e1d6-d8b1-4bb2-8176-f620714e455e', success rate: 1/1.
[2026-08-30 10:16:42Z INFO JobServerQueue] Try to append 1 batches web console lines for record '2ac0e1d6-d8b1-4bb2-8176-f620714e455e', success rate: 1/1.
[2026-08-30 10:16:43Z INFO JobServerQueue] Try to append 1 batches web console lines for record '2ac0e1d6-d8b1-4bb2-8176-f620714e455e', success rate: 1/1.
[2026-08-30 10:16:44Z INFO JobServerQueue] Try to append 1 batches web console lines for record '2ac0e1d6-d8b1-4bb2-8176-f620714e455e', success rate: 1/1.
[2026-08-30 10:16:44Z INFO JobServerQueue] Try to append 1 batches web console lines for record '2ac0e1d6-d8b1-4bb2-8176-f620714e455e', success rate: 1/1.
[2026-08-30 10:16:45Z INFO JobServerQueue] Try to append 1 batches web console lines for record '2ac0e1d6-d8b1-4bb2-8176-f620714e455e', success rate: 1/1.
[2026-08-30 10:16:45Z INFO JobServerQueue] Try to append 1 batches web console lines for record '2ac0e1d6-d8b1-4bb2-8176-f620714e455e', success rate: 1/1.
[2026-08-30 10:16:46Z INFO JobServerQueue] Try to append 1 batches web console lines for record '2ac0e1d6-d8b1-4bb2-8176-f620714e455e', success rate: 1/1.
[2026-08-30 10:16:46Z INFO JobServerQueue] Try to append 1 batches web console lines for record '2ac0e1d6-d8b1-4bb2-8176-f620714e455e', success rate: 1/1.
[2026-08-30 10:16:47Z INFO JobServerQueue] Try to append 1 batches web console lines for record '2ac0e1d6-d8b1-4bb2-8176-f620714e455e', success rate: 1/1.
[2026-08-30 10:16:48Z INFO JobServerQueue] Try to append 1 batches web console lines for record '2ac0e1d6-d8b1-4bb2-8176-f620714e455e', success rate: 1/1.
[2026-08-30 10:16:48Z INFO JobServerQueue] Try to append 1 batches web console lines for record '2ac0e1d6-d8b1-4bb2-8176-f620714e455e', success rate: 1/1.
[2026-08-30 10:16:49Z INFO JobServerQueue] Try to append 1 batches web console lines for record '2ac0e1d6-d8b1-4bb2-8176-f620714e455e', success rate: 1/1.
[2026-08-30 10:16:49Z INFO HostContext] Well known directory 'Bin': 'C:\Users\krish\Documents\BITS\mlops-project\actions-runner\bin'
[2026-08-30 10:16:49Z INFO HostContext] Well known directory 'Root': 'C:\Users\krish\Documents\BITS\mlops-project\actions-runner'
[2026-08-30 10:16:49Z INFO HostContext] Well known directory 'Work': 'C:\Users\krish\Documents\BITS\mlops-project\actions-runner\_work'
[2026-08-30 10:16:49Z INFO JobServerQueue] Try to append 1 batches web console lines for record '2ac0e1d6-d8b1-4bb2-8176-f620714e455e', success rate: 1/1.
[2026-08-30 10:16:50Z INFO JobServerQueue] Try to append 1 batches web console lines for record '2ac0e1d6-d8b1-4bb2-8176-f620714e455e', success rate: 1/1.
[2026-08-30 10:16:51Z INFO JobServerQueue] Try to append 1 batches web console lines for record '2ac0e1d6-d8b1-4bb2-8176-f620714e455e', success rate: 1/1.
[2026-08-30 10:16:51Z INFO JobServerQueue] Try to append 1 batches web console lines for record '2ac0e1d6-d8b1-4bb2-8176-f620714e455e', success rate: 1/1.
[2026-08-30 10:16:53Z INFO JobServerQueue] Try to append 1 batches web console lines for record '2ac0e1d6-d8b1-4bb2-8176-f620714e455e', success rate: 1/1.
[2026-08-30 10:16:54Z INFO JobServerQueue] Try to append 1 batches web console lines for record '2ac0e1d6-d8b1-4bb2-8176-f620714e455e', success rate: 1/1.
[2026-08-30 10:16:54Z INFO JobServerQueue] Try to append 1 batches web console lines for record '2ac0e1d6-d8b1-4bb2-8176-f620714e455e', success rate: 1/1.
[2026-08-30 10:16:55Z INFO JobServerQueue] Try to append 1 batches web console lines for record '2ac0e1d6-d8b1-4bb2-8176-f620714e455e', success rate: 1/1.
[2026-08-30 10:16:57Z INFO JobServerQueue] Try to append 1 batches web console lines for record '2ac0e1d6-d8b1-4bb2-8176-f620714e455e', success rate: 1/1.
[2026-08-30 10:16:58Z INFO JobServerQueue] Try to append 1 batches web console lines for record '2ac0e1d6-d8b1-4bb2-8176-f620714e455e', success rate: 1/1.
[2026-08-30 10:16:58Z INFO JobServerQueue] Try to append 1 batches web console lines for record '2ac0e1d6-d8b1-4bb2-8176-f620714e455e', success rate: 1/1.
[2026-08-30 10:16:59Z INFO JobServerQueue] Try to append 1 batches web console lines for record '2ac0e1d6-d8b1-4bb2-8176-f620714e455e', success rate: 1/1.
[2026-08-30 10:16:59Z INFO HostContext] Well known directory 'Bin': 'C:\Users\krish\Documents\BITS\mlops-project\actions-runner\bin'
[2026-08-30 10:16:59Z INFO HostContext] Well known directory 'Root': 'C:\Users\krish\Documents\BITS\mlops-project\actions-runner'
[2026-08-30 10:16:59Z INFO HostContext] Well known directory 'Work': 'C:\Users\krish\Documents\BITS\mlops-project\actions-runner\_work'
[2026-08-30 10:17:00Z INFO JobServerQueue] Try to append 1 batches web console lines for record '2ac0e1d6-d8b1-4bb2-8176-f620714e455e', success rate: 1/1.
[2026-08-30 10:17:00Z INFO JobServerQueue] Try to append 1 batches web console lines for record '2ac0e1d6-d8b1-4bb2-8176-f620714e455e', success rate: 1/1.
[2026-08-30 10:17:01Z INFO JobServerQueue] Try to append 1 batches web console lines for record '2ac0e1d6-d8b1-4bb2-8176-f620714e455e', success rate: 1/1.
[2026-08-30 10:17:02Z INFO JobServerQueue] Try to append 1 batches web console lines for record '2ac0e1d6-d8b1-4bb2-8176-f620714e455e', success rate: 1/1.
[2026-08-30 10:17:03Z INFO JobServerQueue] Try to append 1 batches web console lines for record '2ac0e1d6-d8b1-4bb2-8176-f620714e455e', success rate: 1/1.
[2026-08-30 10:17:04Z INFO JobServerQueue] Try to append 1 batches web console lines for record '2ac0e1d6-d8b1-4bb2-8176-f620714e455e', success rate: 1/1.
[2026-08-30 10:17:05Z INFO JobServerQueue] Try to append 1 batches web console lines for record '2ac0e1d6-d8b1-4bb2-8176-f620714e455e', success rate: 1/1.
[2026-08-30 10:17:07Z INFO JobServerQueue] Try to append 1 batches web console lines for record '2ac0e1d6-d8b1-4bb2-8176-f620714e455e', success rate: 1/1.
[2026-08-30 10:17:09Z INFO JobServerQueue] Try to append 1 batches web console lines for record '2ac0e1d6-d8b1-4bb2-8176-f620714e455e', success rate: 1/1.
[2026-08-30 10:17:09Z INFO HostContext] Well known directory 'Bin': 'C:\Users\krish\Documents\BITS\mlops-project\actions-runner\bin'
[2026-08-30 10:17:09Z INFO HostContext] Well known directory 'Root': 'C:\Users\krish\Documents\BITS\mlops-project\actions-runner'
[2026-08-30 10:17:09Z INFO HostContext] Well known directory 'Work': 'C:\Users\krish\Documents\BITS\mlops-project\actions-runner\_work'
[2026-08-30 10:17:10Z INFO JobServerQueue] Try to append 1 batches web console lines for record '2ac0e1d6-d8b1-4bb2-8176-f620714e455e', success rate: 1/1.
[2026-08-30 10:17:10Z INFO JobServerQueue] Try to append 1 batches web console lines for record '2ac0e1d6-d8b1-4bb2-8176-f620714e455e', success rate: 1/1.
[2026-08-30 10:17:11Z INFO JobServerQueue] Try to append 1 batches web console lines for record '2ac0e1d6-d8b1-4bb2-8176-f620714e455e', success rate: 1/1.
[2026-08-30 10:17:11Z INFO JobServerQueue] Try to append 1 batches web console lines for record '2ac0e1d6-d8b1-4bb2-8176-f620714e455e', success rate: 1/1.
[2026-08-30 10:17:12Z INFO JobServerQueue] Try to append 1 batches web console lines for record '2ac0e1d6-d8b1-4bb2-8176-f620714e455e', success rate: 1/1.
[2026-08-30 10:17:13Z INFO JobServerQueue] Try to append 1 batches web console lines for record '2ac0e1d6-d8b1-4bb2-8176-f620714e455e', success rate: 1/1.
[2026-08-30 10:17:13Z INFO JobServerQueue] Try to append 1 batches web console lines for record '2ac0e1d6-d8b1-4bb2-8176-f620714e455e', success rate: 1/1.
[2026-08-30 10:17:14Z INFO JobServerQueue] Try to append 1 batches web console lines for record '2ac0e1d6-d8b1-4bb2-8176-f620714e455e', success rate: 1/1.
[2026-08-30 10:17:14Z INFO JobServerQueue] Try to append 1 batches web console lines for record '2ac0e1d6-d8b1-4bb2-8176-f620714e455e', success rate: 1/1.
[2026-08-30 10:17:15Z INFO JobServerQueue] Try to append 1 batches web console lines for record '2ac0e1d6-d8b1-4bb2-8176-f620714e455e', success rate: 1/1.
[2026-08-30 10:17:16Z INFO JobServerQueue] Try to append 1 batches web console lines for record '2ac0e1d6-d8b1-4bb2-8176-f620714e455e', success rate: 1/1.
[2026-08-30 10:17:16Z INFO JobServerQueue] Try to append 1 batches web console lines for record '2ac0e1d6-d8b1-4bb2-8176-f620714e455e', success rate: 1/1.
[2026-08-30 10:17:17Z INFO JobServerQueue] Try to append 1 batches web console lines for record '2ac0e1d6-d8b1-4bb2-8176-f620714e455e', success rate: 1/1.
[2026-08-30 10:17:17Z INFO JobServerQueue] Try to append 1 batches web console lines for record '2ac0e1d6-d8b1-4bb2-8176-f620714e455e', success rate: 1/1.
[2026-08-30 10:17:18Z INFO JobServerQueue] Try to append 1 batches web console lines for record '2ac0e1d6-d8b1-4bb2-8176-f620714e455e', success rate: 1/1.
[2026-08-30 10:17:18Z INFO JobServerQueue] Try to append 1 batches web console lines for record '2ac0e1d6-d8b1-4bb2-8176-f620714e455e', success rate: 1/1.
[2026-08-30 10:17:19Z INFO JobServerQueue] Try to append 1 batches web console lines for record '2ac0e1d6-d8b1-4bb2-8176-f620714e455e', success rate: 1/1.
[2026-08-30 10:17:19Z INFO JobServerQueue] Try to append 1 batches web console lines for record '2ac0e1d6-d8b1-4bb2-8176-f620714e455e', success rate: 1/1.
[2026-08-30 10:17:20Z INFO HostContext] Well known directory 'Bin': 'C:\Users\krish\Documents\BITS\mlops-project\actions-runner\bin'
[2026-08-30 10:17:20Z INFO HostContext] Well known directory 'Root': 'C:\Users\krish\Documents\BITS\mlops-project\actions-runner'
[2026-08-30 10:17:20Z INFO HostContext] Well known directory 'Work': 'C:\Users\krish\Documents\BITS\mlops-project\actions-runner\_work'
[2026-08-30 10:17:20Z INFO JobServerQueue] Try to append 1 batches web console lines for record '2ac0e1d6-d8b1-4bb2-8176-f620714e455e', success rate: 1/1.
[2026-08-30 10:17:21Z INFO JobServerQueue] Try to append 1 batches web console lines for record '2ac0e1d6-d8b1-4bb2-8176-f620714e455e', success rate: 1/1.
[2026-08-30 10:17:21Z INFO JobServerQueue] Try to append 1 batches web console lines for record '2ac0e1d6-d8b1-4bb2-8176-f620714e455e', success rate: 1/1.
[2026-08-30 10:17:22Z INFO JobServerQueue] Try to append 1 batches web console lines for record '2ac0e1d6-d8b1-4bb2-8176-f620714e455e', success rate: 1/1.
[2026-08-30 10:17:22Z INFO JobServerQueue] Try to append 1 batches web console lines for record '2ac0e1d6-d8b1-4bb2-8176-f620714e455e', success rate: 1/1.
[2026-08-30 10:17:23Z INFO JobServerQueue] Try to append 1 batches web console lines for record '2ac0e1d6-d8b1-4bb2-8176-f620714e455e', success rate: 1/1.
[2026-08-30 10:17:24Z INFO JobServerQueue] Try to append 1 batches web console lines for record '2ac0e1d6-d8b1-4bb2-8176-f620714e455e', success rate: 1/1.
[2026-08-30 10:17:24Z INFO JobServerQueue] Try to append 1 batches web console lines for record '2ac0e1d6-d8b1-4bb2-8176-f620714e455e', success rate: 1/1.
[2026-08-30 10:17:25Z INFO JobServerQueue] Try to append 1 batches web console lines for record '2ac0e1d6-d8b1-4bb2-8176-f620714e455e', success rate: 1/1.
[2026-08-30 10:17:25Z INFO JobServerQueue] Try to append 1 batches web console lines for record '2ac0e1d6-d8b1-4bb2-8176-f620714e455e', success rate: 1/1.
[2026-08-30 10:17:26Z INFO JobServerQueue] Try to append 1 batches web console lines for record '2ac0e1d6-d8b1-4bb2-8176-f620714e455e', success rate: 1/1.
[2026-08-30 10:17:26Z INFO JobServerQueue] Try to append 1 batches web console lines for record '2ac0e1d6-d8b1-4bb2-8176-f620714e455e', success rate: 1/1.
[2026-08-30 10:17:27Z INFO JobServerQueue] Try to append 1 batches web console lines for record '2ac0e1d6-d8b1-4bb2-8176-f620714e455e', success rate: 1/1.
[2026-08-30 10:17:27Z INFO JobServerQueue] Try to append 1 batches web console lines for record '2ac0e1d6-d8b1-4bb2-8176-f620714e455e', success rate: 1/1.
[2026-08-30 10:17:28Z INFO JobServerQueue] Try to append 1 batches web console lines for record '2ac0e1d6-d8b1-4bb2-8176-f620714e455e', success rate: 1/1.
[2026-08-30 10:17:29Z INFO JobServerQueue] Try to append 1 batches web console lines for record '2ac0e1d6-d8b1-4bb2-8176-f620714e455e', success rate: 1/1.
[2026-08-30 10:17:29Z INFO JobServerQueue] Try to append 1 batches web console lines for record '2ac0e1d6-d8b1-4bb2-8176-f620714e455e', success rate: 1/1.
[2026-08-30 10:17:30Z INFO JobServerQueue] Try to append 1 batches web console lines for record '2ac0e1d6-d8b1-4bb2-8176-f620714e455e', success rate: 1/1.
[2026-08-30 10:17:30Z INFO HostContext] Well known directory 'Bin': 'C:\Users\krish\Documents\BITS\mlops-project\actions-runner\bin'
[2026-08-30 10:17:30Z INFO HostContext] Well known directory 'Root': 'C:\Users\krish\Documents\BITS\mlops-project\actions-runner'
[2026-08-30 10:17:30Z INFO HostContext] Well known directory 'Work': 'C:\Users\krish\Documents\BITS\mlops-project\actions-runner\_work'
[2026-08-30 10:17:30Z INFO JobServerQueue] Try to append 1 batches web console lines for record '2ac0e1d6-d8b1-4bb2-8176-f620714e455e', success rate: 1/1.
[2026-08-30 10:17:31Z INFO JobServerQueue] Try to append 1 batches web console lines for record '2ac0e1d6-d8b1-4bb2-8176-f620714e455e', success rate: 1/1.
[2026-08-30 10:17:31Z INFO JobServerQueue] Try to append 1 batches web console lines for record '2ac0e1d6-d8b1-4bb2-8176-f620714e455e', success rate: 1/1.
[2026-08-30 10:17:32Z INFO JobServerQueue] Try to append 1 batches web console lines for record '2ac0e1d6-d8b1-4bb2-8176-f620714e455e', success rate: 1/1.
[2026-08-30 10:17:33Z INFO JobServerQueue] Try to append 1 batches web console lines for record '2ac0e1d6-d8b1-4bb2-8176-f620714e455e', success rate: 1/1.
[2026-08-30 10:17:33Z INFO JobServerQueue] Try to append 1 batches web console lines for record '2ac0e1d6-d8b1-4bb2-8176-f620714e455e', success rate: 1/1.
[2026-08-30 10:17:34Z INFO JobServerQueue] Try to append 1 batches web console lines for record '2ac0e1d6-d8b1-4bb2-8176-f620714e455e', success rate: 1/1.
[2026-08-30 10:17:34Z INFO JobServerQueue] Try to append 1 batches web console lines for record '2ac0e1d6-d8b1-4bb2-8176-f620714e455e', success rate: 1/1.
[2026-08-30 10:17:35Z INFO JobServerQueue] Try to append 1 batches web console lines for record '2ac0e1d6-d8b1-4bb2-8176-f620714e455e', success rate: 1/1.
[2026-08-30 10:17:36Z INFO JobServerQueue] Try to append 1 batches web console lines for record '2ac0e1d6-d8b1-4bb2-8176-f620714e455e', success rate: 1/1.
[2026-08-30 10:17:37Z INFO JobServerQueue] Try to append 1 batches web console lines for record '2ac0e1d6-d8b1-4bb2-8176-f620714e455e', success rate: 1/1.
[2026-08-30 10:17:37Z INFO JobServerQueue] Try to append 1 batches web console lines for record '2ac0e1d6-d8b1-4bb2-8176-f620714e455e', success rate: 1/1.
[2026-08-30 10:17:39Z INFO JobServerQueue] Try to append 1 batches web console lines for record '2ac0e1d6-d8b1-4bb2-8176-f620714e455e', success rate: 1/1.
[2026-08-30 10:17:39Z INFO JobServerQueue] Try to append 1 batches web console lines for record '2ac0e1d6-d8b1-4bb2-8176-f620714e455e', success rate: 1/1.
[2026-08-30 10:17:40Z INFO HostContext] Well known directory 'Bin': 'C:\Users\krish\Documents\BITS\mlops-project\actions-runner\bin'
[2026-08-30 10:17:40Z INFO HostContext] Well known directory 'Root': 'C:\Users\krish\Documents\BITS\mlops-project\actions-runner'
[2026-08-30 10:17:40Z INFO HostContext] Well known directory 'Work': 'C:\Users\krish\Documents\BITS\mlops-project\actions-runner\_work'
[2026-08-30 10:17:40Z INFO JobServerQueue] Try to append 1 batches web console lines for record '2ac0e1d6-d8b1-4bb2-8176-f620714e455e', success rate: 1/1.
[2026-08-30 10:17:41Z INFO JobServerQueue] Try to append 1 batches web console lines for record '2ac0e1d6-d8b1-4bb2-8176-f620714e455e', success rate: 1/1.
[2026-08-30 10:17:41Z INFO JobServerQueue] Try to append 1 batches web console lines for record '2ac0e1d6-d8b1-4bb2-8176-f620714e455e', success rate: 1/1.
[2026-08-30 10:17:42Z INFO JobServerQueue] Try to append 1 batches web console lines for record '2ac0e1d6-d8b1-4bb2-8176-f620714e455e', success rate: 1/1.
[2026-08-30 10:17:43Z INFO JobServerQueue] Try to append 1 batches web console lines for record '2ac0e1d6-d8b1-4bb2-8176-f620714e455e', success rate: 1/1.
[2026-08-30 10:17:43Z INFO JobServerQueue] Try to append 1 batches web console lines for record '2ac0e1d6-d8b1-4bb2-8176-f620714e455e', success rate: 1/1.
[2026-08-30 10:17:44Z INFO JobServerQueue] Try to append 1 batches web console lines for record '2ac0e1d6-d8b1-4bb2-8176-f620714e455e', success rate: 1/1.
[2026-08-30 10:17:45Z INFO JobServerQueue] Try to append 1 batches web console lines for record '2ac0e1d6-d8b1-4bb2-8176-f620714e455e', success rate: 1/1.
[2026-08-30 10:17:45Z INFO JobServerQueue] Try to append 1 batches web console lines for record '2ac0e1d6-d8b1-4bb2-8176-f620714e455e', success rate: 1/1.
[2026-08-30 10:17:46Z INFO JobServerQueue] Try to append 1 batches web console lines for record '2ac0e1d6-d8b1-4bb2-8176-f620714e455e', success rate: 1/1.
[2026-08-30 10:17:46Z INFO JobServerQueue] Try to append 1 batches web console lines for record '2ac0e1d6-d8b1-4bb2-8176-f620714e455e', success rate: 1/1.
[2026-08-30 10:17:47Z INFO JobServerQueue] Try to append 1 batches web console lines for record '2ac0e1d6-d8b1-4bb2-8176-f620714e455e', success rate: 1/1.
[2026-08-30 10:17:48Z INFO JobServerQueue] Try to append 1 batches web console lines for record '2ac0e1d6-d8b1-4bb2-8176-f620714e455e', success rate: 1/1.
[2026-08-30 10:17:48Z INFO JobServerQueue] Try to append 1 batches web console lines for record '2ac0e1d6-d8b1-4bb2-8176-f620714e455e', success rate: 1/1.
[2026-08-30 10:17:49Z INFO JobServerQueue] Try to append 1 batches web console lines for record '2ac0e1d6-d8b1-4bb2-8176-f620714e455e', success rate: 1/1.
[2026-08-30 10:17:50Z INFO HostContext] Well known directory 'Bin': 'C:\Users\krish\Documents\BITS\mlops-project\actions-runner\bin'
[2026-08-30 10:17:50Z INFO HostContext] Well known directory 'Root': 'C:\Users\krish\Documents\BITS\mlops-project\actions-runner'
[2026-08-30 10:17:50Z INFO HostContext] Well known directory 'Work': 'C:\Users\krish\Documents\BITS\mlops-project\actions-runner\_work'
[2026-08-30 10:17:52Z INFO JobServerQueue] Try to append 1 batches web console lines for record '2ac0e1d6-d8b1-4bb2-8176-f620714e455e', success rate: 1/1.
[2026-08-30 10:17:52Z INFO JobServerQueue] Try to append 1 batches web console lines for record '2ac0e1d6-d8b1-4bb2-8176-f620714e455e', success rate: 1/1.
[2026-08-30 10:17:53Z INFO JobServerQueue] Try to append 1 batches web console lines for record '2ac0e1d6-d8b1-4bb2-8176-f620714e455e', success rate: 1/1.
[2026-08-30 10:17:54Z INFO JobServerQueue] Try to append 1 batches web console lines for record '2ac0e1d6-d8b1-4bb2-8176-f620714e455e', success rate: 1/1.
[2026-08-30 10:17:54Z INFO JobServerQueue] Try to append 1 batches web console lines for record '2ac0e1d6-d8b1-4bb2-8176-f620714e455e', success rate: 1/1.
[2026-08-30 10:17:55Z INFO JobServerQueue] Try to append 1 batches web console lines for record '2ac0e1d6-d8b1-4bb2-8176-f620714e455e', success rate: 1/1.
[2026-08-30 10:17:55Z INFO JobServerQueue] Try to append 1 batches web console lines for record '2ac0e1d6-d8b1-4bb2-8176-f620714e455e', success rate: 1/1.
[2026-08-30 10:17:56Z INFO JobServerQueue] Try to append 1 batches web console lines for record '2ac0e1d6-d8b1-4bb2-8176-f620714e455e', success rate: 1/1.
[2026-08-30 10:17:57Z INFO JobServerQueue] Try to append 1 batches web console lines for record '2ac0e1d6-d8b1-4bb2-8176-f620714e455e', success rate: 1/1.
[2026-08-30 10:17:57Z INFO JobServerQueue] Try to append 1 batches web console lines for record '2ac0e1d6-d8b1-4bb2-8176-f620714e455e', success rate: 1/1.
[2026-08-30 10:17:58Z INFO JobServerQueue] Try to append 1 batches web console lines for record '2ac0e1d6-d8b1-4bb2-8176-f620714e455e', success rate: 1/1.
[2026-08-30 10:17:58Z INFO JobServerQueue] Try to append 1 batches web console lines for record '2ac0e1d6-d8b1-4bb2-8176-f620714e455e', success rate: 1/1.
[2026-08-30 10:17:59Z INFO JobServerQueue] Try to append 1 batches web console lines for record '2ac0e1d6-d8b1-4bb2-8176-f620714e455e', success rate: 1/1.
[2026-08-30 10:18:00Z INFO HostContext] Well known directory 'Bin': 'C:\Users\krish\Documents\BITS\mlops-project\actions-runner\bin'
[2026-08-30 10:18:00Z INFO HostContext] Well known directory 'Root': 'C:\Users\krish\Documents\BITS\mlops-project\actions-runner'
[2026-08-30 10:18:00Z INFO HostContext] Well known directory 'Work': 'C:\Users\krish\Documents\BITS\mlops-project\actions-runner\_work'
[2026-08-30 10:18:01Z INFO JobServerQueue] Try to append 1 batches web console lines for record '2ac0e1d6-d8b1-4bb2-8176-f620714e455e', success rate: 1/1.
[2026-08-30 10:18:02Z INFO JobServerQueue] Try to append 1 batches web console lines for record '2ac0e1d6-d8b1-4bb2-8176-f620714e455e', success rate: 1/1.
[2026-08-30 10:18:03Z INFO JobServerQueue] Try to append 1 batches web console lines for record '2ac0e1d6-d8b1-4bb2-8176-f620714e455e', success rate: 1/1.
[2026-08-30 10:18:04Z INFO JobServerQueue] Try to append 1 batches web console lines for record '2ac0e1d6-d8b1-4bb2-8176-f620714e455e', success rate: 1/1.
[2026-08-30 10:18:04Z INFO JobServerQueue] Try to append 1 batches web console lines for record '2ac0e1d6-d8b1-4bb2-8176-f620714e455e', success rate: 1/1.
[2026-08-30 10:18:05Z INFO JobServerQueue] Try to append 1 batches web console lines for record '2ac0e1d6-d8b1-4bb2-8176-f620714e455e', success rate: 1/1.
[2026-08-30 10:18:08Z INFO JobServerQueue] Try to append 1 batches web console lines for record '2ac0e1d6-d8b1-4bb2-8176-f620714e455e', success rate: 1/1.
[2026-08-30 10:18:09Z INFO JobServerQueue] Try to append 1 batches web console lines for record '2ac0e1d6-d8b1-4bb2-8176-f620714e455e', success rate: 1/1.
[2026-08-30 10:18:10Z INFO HostContext] Well known directory 'Bin': 'C:\Users\krish\Documents\BITS\mlops-project\actions-runner\bin'
[2026-08-30 10:18:10Z INFO HostContext] Well known directory 'Root': 'C:\Users\krish\Documents\BITS\mlops-project\actions-runner'
[2026-08-30 10:18:10Z INFO HostContext] Well known directory 'Work': 'C:\Users\krish\Documents\BITS\mlops-project\actions-runner\_work'
[2026-08-30 10:18:13Z INFO JobServerQueue] Try to append 1 batches web console lines for record '2ac0e1d6-d8b1-4bb2-8176-f620714e455e', success rate: 1/1.
[2026-08-30 10:18:14Z INFO JobServerQueue] Try to append 1 batches web console lines for record '2ac0e1d6-d8b1-4bb2-8176-f620714e455e', success rate: 1/1.
[2026-08-30 10:18:17Z INFO JobServerQueue] Try to append 1 batches web console lines for record '2ac0e1d6-d8b1-4bb2-8176-f620714e455e', success rate: 1/1.
[2026-08-30 10:18:20Z INFO JobServerQueue] Try to append 1 batches web console lines for record '2ac0e1d6-d8b1-4bb2-8176-f620714e455e', success rate: 1/1.
[2026-08-30 10:18:20Z INFO HostContext] Well known directory 'Bin': 'C:\Users\krish\Documents\BITS\mlops-project\actions-runner\bin'
[2026-08-30 10:18:20Z INFO HostContext] Well known directory 'Root': 'C:\Users\krish\Documents\BITS\mlops-project\actions-runner'
[2026-08-30 10:18:20Z INFO HostContext] Well known directory 'Work': 'C:\Users\krish\Documents\BITS\mlops-project\actions-runner\_work'
[2026-08-30 10:18:20Z INFO JobServerQueue] Try to append 1 batches web console lines for record '2ac0e1d6-d8b1-4bb2-8176-f620714e455e', success rate: 1/1.
[2026-08-30 10:18:21Z INFO JobServerQueue] Try to append 1 batches web console lines for record '2ac0e1d6-d8b1-4bb2-8176-f620714e455e', success rate: 1/1.
[2026-08-30 10:18:22Z INFO JobServerQueue] Try to append 1 batches web console lines for record '2ac0e1d6-d8b1-4bb2-8176-f620714e455e', success rate: 1/1.
[2026-08-30 10:18:23Z INFO JobServerQueue] Try to append 1 batches web console lines for record '2ac0e1d6-d8b1-4bb2-8176-f620714e455e', success rate: 1/1.
[2026-08-30 10:18:24Z INFO JobServerQueue] Try to append 1 batches web console lines for record '2ac0e1d6-d8b1-4bb2-8176-f620714e455e', success rate: 1/1.
[2026-08-30 10:18:24Z INFO JobServerQueue] Try to append 1 batches web console lines for record '2ac0e1d6-d8b1-4bb2-8176-f620714e455e', success rate: 1/1.
[2026-08-30 10:18:25Z INFO JobServerQueue] Try to append 1 batches web console lines for record '2ac0e1d6-d8b1-4bb2-8176-f620714e455e', success rate: 1/1.
[2026-08-30 10:18:26Z INFO JobServerQueue] Try to append 1 batches web console lines for record '2ac0e1d6-d8b1-4bb2-8176-f620714e455e', success rate: 1/1.
[2026-08-30 10:18:26Z INFO JobServerQueue] Try to append 1 batches web console lines for record '2ac0e1d6-d8b1-4bb2-8176-f620714e455e', success rate: 1/1.
[2026-08-30 10:18:27Z INFO JobServerQueue] Try to append 1 batches web console lines for record '2ac0e1d6-d8b1-4bb2-8176-f620714e455e', success rate: 1/1.
[2026-08-30 10:18:28Z INFO JobServerQueue] Try to append 1 batches web console lines for record '2ac0e1d6-d8b1-4bb2-8176-f620714e455e', success rate: 1/1.
[2026-08-30 10:18:29Z INFO JobServerQueue] Try to append 1 batches web console lines for record '2ac0e1d6-d8b1-4bb2-8176-f620714e455e', success rate: 1/1.
[2026-08-30 10:18:29Z INFO JobServerQueue] Try to append 1 batches web console lines for record '2ac0e1d6-d8b1-4bb2-8176-f620714e455e', success rate: 1/1.
[2026-08-30 10:18:30Z INFO JobServerQueue] Try to append 1 batches web console lines for record '2ac0e1d6-d8b1-4bb2-8176-f620714e455e', success rate: 1/1.
[2026-08-30 10:18:30Z INFO HostContext] Well known directory 'Bin': 'C:\Users\krish\Documents\BITS\mlops-project\actions-runner\bin'
[2026-08-30 10:18:30Z INFO HostContext] Well known directory 'Root': 'C:\Users\krish\Documents\BITS\mlops-project\actions-runner'
[2026-08-30 10:18:30Z INFO HostContext] Well known directory 'Work': 'C:\Users\krish\Documents\BITS\mlops-project\actions-runner\_work'
[2026-08-30 10:18:30Z INFO JobServerQueue] Try to append 1 batches web console lines for record '2ac0e1d6-d8b1-4bb2-8176-f620714e455e', success rate: 1/1.
[2026-08-30 10:18:31Z INFO JobServerQueue] Try to append 1 batches web console lines for record '2ac0e1d6-d8b1-4bb2-8176-f620714e455e', success rate: 1/1.
[2026-08-30 10:18:31Z INFO JobServerQueue] Try to append 1 batches web console lines for record '2ac0e1d6-d8b1-4bb2-8176-f620714e455e', success rate: 1/1.
[2026-08-30 10:18:32Z INFO JobServerQueue] Try to append 1 batches web console lines for record '2ac0e1d6-d8b1-4bb2-8176-f620714e455e', success rate: 1/1.
[2026-08-30 10:18:33Z INFO JobServerQueue] Try to append 1 batches web console lines for record '2ac0e1d6-d8b1-4bb2-8176-f620714e455e', success rate: 1/1.
[2026-08-30 10:18:33Z INFO JobServerQueue] Try to append 1 batches web console lines for record '2ac0e1d6-d8b1-4bb2-8176-f620714e455e', success rate: 1/1.
[2026-08-30 10:18:34Z INFO JobServerQueue] Try to append 1 batches web console lines for record '2ac0e1d6-d8b1-4bb2-8176-f620714e455e', success rate: 1/1.
[2026-08-30 10:18:34Z INFO JobServerQueue] Try to append 1 batches web console lines for record '2ac0e1d6-d8b1-4bb2-8176-f620714e455e', success rate: 1/1.
[2026-08-30 10:18:35Z INFO JobServerQueue] Try to append 1 batches web console lines for record '2ac0e1d6-d8b1-4bb2-8176-f620714e455e', success rate: 1/1.
[2026-08-30 10:18:35Z INFO JobServerQueue] Try to append 1 batches web console lines for record '2ac0e1d6-d8b1-4bb2-8176-f620714e455e', success rate: 1/1.
[2026-08-30 10:18:36Z INFO JobServerQueue] Try to append 1 batches web console lines for record '2ac0e1d6-d8b1-4bb2-8176-f620714e455e', success rate: 1/1.
[2026-08-30 10:18:37Z INFO JobServerQueue] Try to append 1 batches web console lines for record '2ac0e1d6-d8b1-4bb2-8176-f620714e455e', success rate: 1/1.
[2026-08-30 10:18:37Z INFO JobServerQueue] Try to append 1 batches web console lines for record '2ac0e1d6-d8b1-4bb2-8176-f620714e455e', success rate: 1/1.
[2026-08-30 10:18:38Z INFO JobServerQueue] Try to append 1 batches web console lines for record '2ac0e1d6-d8b1-4bb2-8176-f620714e455e', success rate: 1/1.
[2026-08-30 10:18:38Z INFO JobServerQueue] Try to append 1 batches web console lines for record '2ac0e1d6-d8b1-4bb2-8176-f620714e455e', success rate: 1/1.
[2026-08-30 10:18:39Z INFO JobServerQueue] Try to append 1 batches web console lines for record '2ac0e1d6-d8b1-4bb2-8176-f620714e455e', success rate: 1/1.
[2026-08-30 10:18:40Z INFO HostContext] Well known directory 'Bin': 'C:\Users\krish\Documents\BITS\mlops-project\actions-runner\bin'
[2026-08-30 10:18:40Z INFO HostContext] Well known directory 'Root': 'C:\Users\krish\Documents\BITS\mlops-project\actions-runner'
[2026-08-30 10:18:40Z INFO HostContext] Well known directory 'Work': 'C:\Users\krish\Documents\BITS\mlops-project\actions-runner\_work'
[2026-08-30 10:18:40Z INFO JobServerQueue] Try to append 1 batches web console lines for record '2ac0e1d6-d8b1-4bb2-8176-f620714e455e', success rate: 1/1.
[2026-08-30 10:18:41Z INFO JobServerQueue] Try to append 1 batches web console lines for record '2ac0e1d6-d8b1-4bb2-8176-f620714e455e', success rate: 1/1.
[2026-08-30 10:18:41Z INFO JobServerQueue] Try to append 1 batches web console lines for record '2ac0e1d6-d8b1-4bb2-8176-f620714e455e', success rate: 1/1.
[2026-08-30 10:18:42Z INFO JobServerQueue] Try to append 1 batches web console lines for record '2ac0e1d6-d8b1-4bb2-8176-f620714e455e', success rate: 1/1.
[2026-08-30 10:18:44Z INFO JobServerQueue] Try to append 1 batches web console lines for record '2ac0e1d6-d8b1-4bb2-8176-f620714e455e', success rate: 1/1.
[2026-08-30 10:18:46Z INFO JobServerQueue] Try to append 1 batches web console lines for record '2ac0e1d6-d8b1-4bb2-8176-f620714e455e', success rate: 1/1.
[2026-08-30 10:18:46Z INFO JobServerQueue] Try to append 1 batches web console lines for record '2ac0e1d6-d8b1-4bb2-8176-f620714e455e', success rate: 1/1.
[2026-08-30 10:18:47Z INFO JobServerQueue] Try to append 1 batches web console lines for record '2ac0e1d6-d8b1-4bb2-8176-f620714e455e', success rate: 1/1.
[2026-08-30 10:18:48Z INFO JobServerQueue] Try to append 1 batches web console lines for record '2ac0e1d6-d8b1-4bb2-8176-f620714e455e', success rate: 1/1.
[2026-08-30 10:18:49Z INFO JobServerQueue] Try to append 1 batches web console lines for record '2ac0e1d6-d8b1-4bb2-8176-f620714e455e', success rate: 1/1.
[2026-08-30 10:18:49Z INFO JobServerQueue] Try to append 1 batches web console lines for record '2ac0e1d6-d8b1-4bb2-8176-f620714e455e', success rate: 1/1.
[2026-08-30 10:18:50Z INFO JobServerQueue] Try to append 1 batches web console lines for record '2ac0e1d6-d8b1-4bb2-8176-f620714e455e', success rate: 1/1.
[2026-08-30 10:18:50Z INFO HostContext] Well known directory 'Bin': 'C:\Users\krish\Documents\BITS\mlops-project\actions-runner\bin'
[2026-08-30 10:18:50Z INFO HostContext] Well known directory 'Root': 'C:\Users\krish\Documents\BITS\mlops-project\actions-runner'
[2026-08-30 10:18:50Z INFO HostContext] Well known directory 'Work': 'C:\Users\krish\Documents\BITS\mlops-project\actions-runner\_work'
[2026-08-30 10:18:50Z INFO JobServerQueue] Try to append 1 batches web console lines for record '2ac0e1d6-d8b1-4bb2-8176-f620714e455e', success rate: 1/1.
[2026-08-30 10:18:51Z INFO JobServerQueue] Try to append 1 batches web console lines for record '2ac0e1d6-d8b1-4bb2-8176-f620714e455e', success rate: 1/1.
[2026-08-30 10:18:51Z INFO JobServerQueue] Try to append 1 batches web console lines for record '2ac0e1d6-d8b1-4bb2-8176-f620714e455e', success rate: 1/1.
[2026-08-30 10:18:52Z INFO JobServerQueue] Try to append 1 batches web console lines for record '2ac0e1d6-d8b1-4bb2-8176-f620714e455e', success rate: 1/1.
[2026-08-30 10:18:53Z INFO JobServerQueue] Try to append 1 batches web console lines for record '2ac0e1d6-d8b1-4bb2-8176-f620714e455e', success rate: 1/1.
[2026-08-30 10:18:53Z INFO JobServerQueue] Try to append 1 batches web console lines for record '2ac0e1d6-d8b1-4bb2-8176-f620714e455e', success rate: 1/1.
[2026-08-30 10:18:54Z INFO JobServerQueue] Try to append 1 batches web console lines for record '2ac0e1d6-d8b1-4bb2-8176-f620714e455e', success rate: 1/1.
[2026-08-30 10:18:54Z INFO JobServerQueue] Try to append 1 batches web console lines for record '2ac0e1d6-d8b1-4bb2-8176-f620714e455e', success rate: 1/1.
[2026-08-30 10:18:55Z INFO JobServerQueue] Try to append 1 batches web console lines for record '2ac0e1d6-d8b1-4bb2-8176-f620714e455e', success rate: 1/1.
[2026-08-30 10:18:55Z INFO JobServerQueue] Try to append 1 batches web console lines for record '2ac0e1d6-d8b1-4bb2-8176-f620714e455e', success rate: 1/1.
[2026-08-30 10:18:56Z INFO JobServerQueue] Try to append 1 batches web console lines for record '2ac0e1d6-d8b1-4bb2-8176-f620714e455e', success rate: 1/1.
[2026-08-30 10:18:56Z INFO JobServerQueue] Try to append 1 batches web console lines for record '2ac0e1d6-d8b1-4bb2-8176-f620714e455e', success rate: 1/1.
[2026-08-30 10:18:57Z INFO JobServerQueue] Try to append 1 batches web console lines for record '2ac0e1d6-d8b1-4bb2-8176-f620714e455e', success rate: 1/1.
[2026-08-30 10:18:59Z INFO JobServerQueue] Try to append 1 batches web console lines for record '2ac0e1d6-d8b1-4bb2-8176-f620714e455e', success rate: 1/1.
[2026-08-30 10:18:59Z INFO JobServerQueue] Try to append 1 batches web console lines for record '2ac0e1d6-d8b1-4bb2-8176-f620714e455e', success rate: 1/1.
[2026-08-30 10:19:00Z INFO JobServerQueue] Try to append 1 batches web console lines for record '2ac0e1d6-d8b1-4bb2-8176-f620714e455e', success rate: 1/1.
[2026-08-30 10:19:00Z INFO HostContext] Well known directory 'Bin': 'C:\Users\krish\Documents\BITS\mlops-project\actions-runner\bin'
[2026-08-30 10:19:00Z INFO HostContext] Well known directory 'Root': 'C:\Users\krish\Documents\BITS\mlops-project\actions-runner'
[2026-08-30 10:19:00Z INFO HostContext] Well known directory 'Work': 'C:\Users\krish\Documents\BITS\mlops-project\actions-runner\_work'
[2026-08-30 10:19:02Z INFO JobServerQueue] Try to append 1 batches web console lines for record '2ac0e1d6-d8b1-4bb2-8176-f620714e455e', success rate: 1/1.
[2026-08-30 10:19:03Z INFO JobServerQueue] Try to append 1 batches web console lines for record '2ac0e1d6-d8b1-4bb2-8176-f620714e455e', success rate: 1/1.
[2026-08-30 10:19:03Z INFO JobServerQueue] Try to append 1 batches web console lines for record '2ac0e1d6-d8b1-4bb2-8176-f620714e455e', success rate: 1/1.
[2026-08-30 10:19:04Z INFO JobServerQueue] Try to append 1 batches web console lines for record '2ac0e1d6-d8b1-4bb2-8176-f620714e455e', success rate: 1/1.
[2026-08-30 10:19:04Z INFO JobServerQueue] Try to append 1 batches web console lines for record '2ac0e1d6-d8b1-4bb2-8176-f620714e455e', success rate: 1/1.
[2026-08-30 10:19:05Z INFO JobServerQueue] Try to append 1 batches web console lines for record '2ac0e1d6-d8b1-4bb2-8176-f620714e455e', success rate: 1/1.
[2026-08-30 10:19:06Z INFO JobServerQueue] Try to append 1 batches web console lines for record '2ac0e1d6-d8b1-4bb2-8176-f620714e455e', success rate: 1/1.
[2026-08-30 10:19:06Z INFO JobServerQueue] Try to append 1 batches web console lines for record '2ac0e1d6-d8b1-4bb2-8176-f620714e455e', success rate: 1/1.
[2026-08-30 10:19:07Z INFO JobServerQueue] Try to append 1 batches web console lines for record '2ac0e1d6-d8b1-4bb2-8176-f620714e455e', success rate: 1/1.
[2026-08-30 10:19:07Z INFO JobServerQueue] Try to append 1 batches web console lines for record '2ac0e1d6-d8b1-4bb2-8176-f620714e455e', success rate: 1/1.
[2026-08-30 10:19:08Z INFO JobServerQueue] Try to append 1 batches web console lines for record '2ac0e1d6-d8b1-4bb2-8176-f620714e455e', success rate: 1/1.
[2026-08-30 10:19:08Z INFO JobServerQueue] Try to append 1 batches web console lines for record '2ac0e1d6-d8b1-4bb2-8176-f620714e455e', success rate: 1/1.
[2026-08-30 10:19:09Z INFO JobServerQueue] Try to append 1 batches web console lines for record '2ac0e1d6-d8b1-4bb2-8176-f620714e455e', success rate: 1/1.
[2026-08-30 10:19:10Z INFO JobServerQueue] Try to append 1 batches web console lines for record '2ac0e1d6-d8b1-4bb2-8176-f620714e455e', success rate: 1/1.
[2026-08-30 10:19:10Z INFO HostContext] Well known directory 'Bin': 'C:\Users\krish\Documents\BITS\mlops-project\actions-runner\bin'
[2026-08-30 10:19:10Z INFO HostContext] Well known directory 'Root': 'C:\Users\krish\Documents\BITS\mlops-project\actions-runner'
[2026-08-30 10:19:10Z INFO HostContext] Well known directory 'Work': 'C:\Users\krish\Documents\BITS\mlops-project\actions-runner\_work'
[2026-08-30 10:19:10Z INFO JobServerQueue] Try to append 1 batches web console lines for record '2ac0e1d6-d8b1-4bb2-8176-f620714e455e', success rate: 1/1.
[2026-08-30 10:19:11Z INFO JobServerQueue] Try to append 1 batches web console lines for record '2ac0e1d6-d8b1-4bb2-8176-f620714e455e', success rate: 1/1.
[2026-08-30 10:19:12Z INFO JobServerQueue] Try to append 1 batches web console lines for record '2ac0e1d6-d8b1-4bb2-8176-f620714e455e', success rate: 1/1.
[2026-08-30 10:19:12Z INFO JobServerQueue] Try to append 1 batches web console lines for record '2ac0e1d6-d8b1-4bb2-8176-f620714e455e', success rate: 1/1.
[2026-08-30 10:19:13Z INFO JobServerQueue] Try to append 1 batches web console lines for record '2ac0e1d6-d8b1-4bb2-8176-f620714e455e', success rate: 1/1.
[2026-08-30 10:19:14Z INFO JobServerQueue] Try to append 1 batches web console lines for record '2ac0e1d6-d8b1-4bb2-8176-f620714e455e', success rate: 1/1.
[2026-08-30 10:19:14Z INFO JobServerQueue] Try to append 1 batches web console lines for record '2ac0e1d6-d8b1-4bb2-8176-f620714e455e', success rate: 1/1.
[2026-08-30 10:19:15Z INFO JobServerQueue] Try to append 1 batches web console lines for record '2ac0e1d6-d8b1-4bb2-8176-f620714e455e', success rate: 1/1.
[2026-08-30 10:19:16Z INFO JobServerQueue] Try to append 1 batches web console lines for record '2ac0e1d6-d8b1-4bb2-8176-f620714e455e', success rate: 1/1.
[2026-08-30 10:19:19Z INFO JobServerQueue] Try to append 1 batches web console lines for record '2ac0e1d6-d8b1-4bb2-8176-f620714e455e', success rate: 1/1.
[2026-08-30 10:19:19Z INFO JobServerQueue] Try to append 1 batches web console lines for record '2ac0e1d6-d8b1-4bb2-8176-f620714e455e', success rate: 1/1.
[2026-08-30 10:19:20Z INFO JobServerQueue] Try to append 1 batches web console lines for record '2ac0e1d6-d8b1-4bb2-8176-f620714e455e', success rate: 1/1.
[2026-08-30 10:19:20Z INFO JobServerQueue] Try to append 1 batches web console lines for record '2ac0e1d6-d8b1-4bb2-8176-f620714e455e', success rate: 1/1.
[2026-08-30 10:19:20Z INFO HostContext] Well known directory 'Bin': 'C:\Users\krish\Documents\BITS\mlops-project\actions-runner\bin'
[2026-08-30 10:19:20Z INFO HostContext] Well known directory 'Root': 'C:\Users\krish\Documents\BITS\mlops-project\actions-runner'
[2026-08-30 10:19:20Z INFO HostContext] Well known directory 'Work': 'C:\Users\krish\Documents\BITS\mlops-project\actions-runner\_work'
[2026-08-30 10:19:21Z INFO JobServerQueue] Try to append 1 batches web console lines for record '2ac0e1d6-d8b1-4bb2-8176-f620714e455e', success rate: 1/1.
[2026-08-30 10:19:22Z INFO JobServerQueue] Try to append 1 batches web console lines for record '2ac0e1d6-d8b1-4bb2-8176-f620714e455e', success rate: 1/1.
[2026-08-30 10:19:22Z INFO JobServerQueue] Try to append 1 batches web console lines for record '2ac0e1d6-d8b1-4bb2-8176-f620714e455e', success rate: 1/1.
[2026-08-30 10:19:23Z INFO JobServerQueue] Try to append 1 batches web console lines for record '2ac0e1d6-d8b1-4bb2-8176-f620714e455e', success rate: 1/1.
[2026-08-30 10:19:24Z INFO JobServerQueue] Try to append 1 batches web console lines for record '2ac0e1d6-d8b1-4bb2-8176-f620714e455e', success rate: 1/1.
[2026-08-30 10:19:24Z INFO JobServerQueue] Try to append 1 batches web console lines for record '2ac0e1d6-d8b1-4bb2-8176-f620714e455e', success rate: 1/1.
[2026-08-30 10:19:25Z INFO JobServerQueue] Try to append 1 batches web console lines for record '2ac0e1d6-d8b1-4bb2-8176-f620714e455e', success rate: 1/1.
[2026-08-30 10:19:26Z INFO JobServerQueue] Try to append 1 batches web console lines for record '2ac0e1d6-d8b1-4bb2-8176-f620714e455e', success rate: 1/1.
[2026-08-30 10:19:27Z INFO JobServerQueue] Try to append 1 batches web console lines for record '2ac0e1d6-d8b1-4bb2-8176-f620714e455e', success rate: 1/1.
[2026-08-30 10:19:29Z INFO JobServerQueue] Try to append 1 batches web console lines for record '2ac0e1d6-d8b1-4bb2-8176-f620714e455e', success rate: 1/1.
[2026-08-30 10:19:29Z INFO JobServerQueue] Try to append 1 batches web console lines for record '2ac0e1d6-d8b1-4bb2-8176-f620714e455e', success rate: 1/1.
[2026-08-30 10:19:30Z INFO JobServerQueue] Try to append 1 batches web console lines for record '2ac0e1d6-d8b1-4bb2-8176-f620714e455e', success rate: 1/1.
[2026-08-30 10:19:30Z INFO JobServerQueue] Try to append 1 batches web console lines for record '2ac0e1d6-d8b1-4bb2-8176-f620714e455e', success rate: 1/1.
[2026-08-30 10:19:30Z INFO HostContext] Well known directory 'Bin': 'C:\Users\krish\Documents\BITS\mlops-project\actions-runner\bin'
[2026-08-30 10:19:30Z INFO HostContext] Well known directory 'Root': 'C:\Users\krish\Documents\BITS\mlops-project\actions-runner'
[2026-08-30 10:19:30Z INFO HostContext] Well known directory 'Work': 'C:\Users\krish\Documents\BITS\mlops-project\actions-runner\_work'
[2026-08-30 10:19:31Z INFO JobServerQueue] Try to append 1 batches web console lines for record '2ac0e1d6-d8b1-4bb2-8176-f620714e455e', success rate: 1/1.
[2026-08-30 10:19:32Z INFO JobServerQueue] Try to append 1 batches web console lines for record '2ac0e1d6-d8b1-4bb2-8176-f620714e455e', success rate: 1/1.
[2026-08-30 10:19:32Z INFO JobServerQueue] Try to append 1 batches web console lines for record '2ac0e1d6-d8b1-4bb2-8176-f620714e455e', success rate: 1/1.
[2026-08-30 10:19:33Z INFO JobServerQueue] Try to append 1 batches web console lines for record '2ac0e1d6-d8b1-4bb2-8176-f620714e455e', success rate: 1/1.
[2026-08-30 10:19:33Z INFO JobServerQueue] Try to append 1 batches web console lines for record '2ac0e1d6-d8b1-4bb2-8176-f620714e455e', success rate: 1/1.
[2026-08-30 10:19:34Z INFO JobServerQueue] Try to append 1 batches web console lines for record '2ac0e1d6-d8b1-4bb2-8176-f620714e455e', success rate: 1/1.
[2026-08-30 10:19:34Z INFO JobServerQueue] Try to append 1 batches web console lines for record '2ac0e1d6-d8b1-4bb2-8176-f620714e455e', success rate: 1/1.
[2026-08-30 10:19:35Z INFO JobServerQueue] Try to append 1 batches web console lines for record '2ac0e1d6-d8b1-4bb2-8176-f620714e455e', success rate: 1/1.
[2026-08-30 10:19:35Z INFO JobServerQueue] Try to append 1 batches web console lines for record '2ac0e1d6-d8b1-4bb2-8176-f620714e455e', success rate: 1/1.
[2026-08-30 10:19:37Z INFO JobServerQueue] Try to append 1 batches web console lines for record '2ac0e1d6-d8b1-4bb2-8176-f620714e455e', success rate: 1/1.
[2026-08-30 10:19:38Z INFO JobServerQueue] Try to append 1 batches web console lines for record '2ac0e1d6-d8b1-4bb2-8176-f620714e455e', success rate: 1/1.
[2026-08-30 10:19:39Z INFO JobServerQueue] Try to append 1 batches web console lines for record '2ac0e1d6-d8b1-4bb2-8176-f620714e455e', success rate: 1/1.
[2026-08-30 10:19:39Z INFO JobServerQueue] Try to append 1 batches web console lines for record '2ac0e1d6-d8b1-4bb2-8176-f620714e455e', success rate: 1/1.
[2026-08-30 10:19:41Z INFO JobServerQueue] Try to append 1 batches web console lines for record '2ac0e1d6-d8b1-4bb2-8176-f620714e455e', success rate: 1/1.
[2026-08-30 10:19:41Z INFO HostContext] Well known directory 'Bin': 'C:\Users\krish\Documents\BITS\mlops-project\actions-runner\bin'
[2026-08-30 10:19:41Z INFO HostContext] Well known directory 'Root': 'C:\Users\krish\Documents\BITS\mlops-project\actions-runner'
[2026-08-30 10:19:41Z INFO HostContext] Well known directory 'Work': 'C:\Users\krish\Documents\BITS\mlops-project\actions-runner\_work'
[2026-08-30 10:19:41Z INFO JobServerQueue] Try to append 1 batches web console lines for record '2ac0e1d6-d8b1-4bb2-8176-f620714e455e', success rate: 1/1.
[2026-08-30 10:19:42Z INFO JobServerQueue] Try to append 1 batches web console lines for record '2ac0e1d6-d8b1-4bb2-8176-f620714e455e', success rate: 1/1.
[2026-08-30 10:19:42Z INFO JobServerQueue] Try to append 1 batches web console lines for record '2ac0e1d6-d8b1-4bb2-8176-f620714e455e', success rate: 1/1.
[2026-08-30 10:19:43Z INFO JobServerQueue] Try to append 1 batches web console lines for record '2ac0e1d6-d8b1-4bb2-8176-f620714e455e', success rate: 1/1.
[2026-08-30 10:19:43Z INFO JobServerQueue] Try to append 1 batches web console lines for record '2ac0e1d6-d8b1-4bb2-8176-f620714e455e', success rate: 1/1.
[2026-08-30 10:19:44Z INFO JobServerQueue] Try to append 1 batches web console lines for record '2ac0e1d6-d8b1-4bb2-8176-f620714e455e', success rate: 1/1.
[2026-08-30 10:19:45Z INFO JobServerQueue] Try to append 1 batches web console lines for record '2ac0e1d6-d8b1-4bb2-8176-f620714e455e', success rate: 1/1.
[2026-08-30 10:19:45Z INFO JobServerQueue] Try to append 1 batches web console lines for record '2ac0e1d6-d8b1-4bb2-8176-f620714e455e', success rate: 1/1.
[2026-08-30 10:19:46Z INFO JobServerQueue] Try to append 1 batches web console lines for record '2ac0e1d6-d8b1-4bb2-8176-f620714e455e', success rate: 1/1.
[2026-08-30 10:19:46Z INFO JobServerQueue] Try to append 1 batches web console lines for record '2ac0e1d6-d8b1-4bb2-8176-f620714e455e', success rate: 1/1.
[2026-08-30 10:19:47Z INFO JobServerQueue] Try to append 1 batches web console lines for record '2ac0e1d6-d8b1-4bb2-8176-f620714e455e', success rate: 1/1.
[2026-08-30 10:19:48Z INFO JobServerQueue] Try to append 1 batches web console lines for record '2ac0e1d6-d8b1-4bb2-8176-f620714e455e', success rate: 1/1.
[2026-08-30 10:19:48Z INFO JobServerQueue] Try to append 1 batches web console lines for record '2ac0e1d6-d8b1-4bb2-8176-f620714e455e', success rate: 1/1.
[2026-08-30 10:19:49Z INFO JobServerQueue] Try to append 1 batches web console lines for record '2ac0e1d6-d8b1-4bb2-8176-f620714e455e', success rate: 1/1.
[2026-08-30 10:19:49Z INFO JobServerQueue] Try to append 1 batches web console lines for record '2ac0e1d6-d8b1-4bb2-8176-f620714e455e', success rate: 1/1.
[2026-08-30 10:19:50Z INFO JobServerQueue] Try to append 1 batches web console lines for record '2ac0e1d6-d8b1-4bb2-8176-f620714e455e', success rate: 1/1.
[2026-08-30 10:19:51Z INFO HostContext] Well known directory 'Bin': 'C:\Users\krish\Documents\BITS\mlops-project\actions-runner\bin'
[2026-08-30 10:19:51Z INFO HostContext] Well known directory 'Root': 'C:\Users\krish\Documents\BITS\mlops-project\actions-runner'
[2026-08-30 10:19:51Z INFO HostContext] Well known directory 'Work': 'C:\Users\krish\Documents\BITS\mlops-project\actions-runner\_work'
[2026-08-30 10:19:51Z INFO JobServerQueue] Try to append 1 batches web console lines for record '2ac0e1d6-d8b1-4bb2-8176-f620714e455e', success rate: 1/1.
[2026-08-30 10:19:52Z INFO JobServerQueue] Try to append 1 batches web console lines for record '2ac0e1d6-d8b1-4bb2-8176-f620714e455e', success rate: 1/1.
[2026-08-30 10:19:52Z INFO JobServerQueue] Try to append 1 batches web console lines for record '2ac0e1d6-d8b1-4bb2-8176-f620714e455e', success rate: 1/1.
[2026-08-30 10:19:53Z INFO JobServerQueue] Try to append 1 batches web console lines for record '2ac0e1d6-d8b1-4bb2-8176-f620714e455e', success rate: 1/1.
[2026-08-30 10:19:53Z INFO JobServerQueue] Try to append 1 batches web console lines for record '2ac0e1d6-d8b1-4bb2-8176-f620714e455e', success rate: 1/1.
[2026-08-30 10:19:54Z INFO JobServerQueue] Try to append 1 batches web console lines for record '2ac0e1d6-d8b1-4bb2-8176-f620714e455e', success rate: 1/1.
[2026-08-30 10:19:55Z INFO JobServerQueue] Try to append 1 batches web console lines for record '2ac0e1d6-d8b1-4bb2-8176-f620714e455e', success rate: 1/1.
[2026-08-30 10:19:55Z INFO JobServerQueue] Try to append 1 batches web console lines for record '2ac0e1d6-d8b1-4bb2-8176-f620714e455e', success rate: 1/1.
[2026-08-30 10:19:56Z INFO JobServerQueue] Try to append 1 batches web console lines for record '2ac0e1d6-d8b1-4bb2-8176-f620714e455e', success rate: 1/1.
[2026-08-30 10:19:57Z INFO JobServerQueue] Try to append 1 batches web console lines for record '2ac0e1d6-d8b1-4bb2-8176-f620714e455e', success rate: 1/1.
[2026-08-30 10:19:58Z INFO JobServerQueue] Try to append 1 batches web console lines for record '2ac0e1d6-d8b1-4bb2-8176-f620714e455e', success rate: 1/1.
[2026-08-30 10:19:58Z INFO JobServerQueue] Try to append 1 batches web console lines for record '2ac0e1d6-d8b1-4bb2-8176-f620714e455e', success rate: 1/1.
[2026-08-30 10:19:59Z INFO JobServerQueue] Try to append 1 batches web console lines for record '2ac0e1d6-d8b1-4bb2-8176-f620714e455e', success rate: 1/1.
[2026-08-30 10:20:00Z INFO JobServerQueue] Try to append 1 batches web console lines for record '2ac0e1d6-d8b1-4bb2-8176-f620714e455e', success rate: 1/1.
[2026-08-30 10:20:00Z INFO JobServerQueue] Try to append 1 batches web console lines for record '2ac0e1d6-d8b1-4bb2-8176-f620714e455e', success rate: 1/1.
[2026-08-30 10:20:01Z INFO HostContext] Well known directory 'Bin': 'C:\Users\krish\Documents\BITS\mlops-project\actions-runner\bin'
[2026-08-30 10:20:01Z INFO HostContext] Well known directory 'Root': 'C:\Users\krish\Documents\BITS\mlops-project\actions-runner'
[2026-08-30 10:20:01Z INFO HostContext] Well known directory 'Work': 'C:\Users\krish\Documents\BITS\mlops-project\actions-runner\_work'
[2026-08-30 10:20:01Z INFO JobServerQueue] Try to append 1 batches web console lines for record '2ac0e1d6-d8b1-4bb2-8176-f620714e455e', success rate: 1/1.
[2026-08-30 10:20:02Z INFO JobServerQueue] Try to append 1 batches web console lines for record '2ac0e1d6-d8b1-4bb2-8176-f620714e455e', success rate: 1/1.
[2026-08-30 10:20:02Z INFO JobServerQueue] Try to append 1 batches web console lines for record '2ac0e1d6-d8b1-4bb2-8176-f620714e455e', success rate: 1/1.
[2026-08-30 10:20:03Z INFO JobServerQueue] Try to append 1 batches web console lines for record '2ac0e1d6-d8b1-4bb2-8176-f620714e455e', success rate: 1/1.
[2026-08-30 10:20:04Z INFO JobServerQueue] Try to append 1 batches web console lines for record '2ac0e1d6-d8b1-4bb2-8176-f620714e455e', success rate: 1/1.
[2026-08-30 10:20:04Z INFO JobServerQueue] Try to append 1 batches web console lines for record '2ac0e1d6-d8b1-4bb2-8176-f620714e455e', success rate: 1/1.
[2026-08-30 10:20:05Z INFO JobServerQueue] Try to append 1 batches web console lines for record '2ac0e1d6-d8b1-4bb2-8176-f620714e455e', success rate: 1/1.
[2026-08-30 10:20:06Z INFO JobServerQueue] Try to append 1 batches web console lines for record '2ac0e1d6-d8b1-4bb2-8176-f620714e455e', success rate: 1/1.
[2026-08-30 10:20:07Z INFO JobServerQueue] Try to append 1 batches web console lines for record '2ac0e1d6-d8b1-4bb2-8176-f620714e455e', success rate: 1/1.
[2026-08-30 10:20:08Z INFO JobServerQueue] Try to append 1 batches web console lines for record '2ac0e1d6-d8b1-4bb2-8176-f620714e455e', success rate: 1/1.
[2026-08-30 10:20:09Z INFO JobServerQueue] Try to append 1 batches web console lines for record '2ac0e1d6-d8b1-4bb2-8176-f620714e455e', success rate: 1/1.
[2026-08-30 10:20:10Z INFO JobServerQueue] Try to append 1 batches web console lines for record '2ac0e1d6-d8b1-4bb2-8176-f620714e455e', success rate: 1/1.
[2026-08-30 10:20:11Z INFO JobServerQueue] Try to append 1 batches web console lines for record '2ac0e1d6-d8b1-4bb2-8176-f620714e455e', success rate: 1/1.
[2026-08-30 10:20:11Z INFO HostContext] Well known directory 'Bin': 'C:\Users\krish\Documents\BITS\mlops-project\actions-runner\bin'
[2026-08-30 10:20:11Z INFO HostContext] Well known directory 'Root': 'C:\Users\krish\Documents\BITS\mlops-project\actions-runner'
[2026-08-30 10:20:11Z INFO HostContext] Well known directory 'Work': 'C:\Users\krish\Documents\BITS\mlops-project\actions-runner\_work'
[2026-08-30 10:20:11Z INFO JobServerQueue] Try to append 1 batches web console lines for record '2ac0e1d6-d8b1-4bb2-8176-f620714e455e', success rate: 1/1.
[2026-08-30 10:20:12Z INFO JobServerQueue] Try to append 1 batches web console lines for record '2ac0e1d6-d8b1-4bb2-8176-f620714e455e', success rate: 1/1.
[2026-08-30 10:20:13Z INFO JobServerQueue] Try to append 1 batches web console lines for record '2ac0e1d6-d8b1-4bb2-8176-f620714e455e', success rate: 1/1.
[2026-08-30 10:20:14Z INFO JobServerQueue] Try to append 1 batches web console lines for record '2ac0e1d6-d8b1-4bb2-8176-f620714e455e', success rate: 1/1.
[2026-08-30 10:20:15Z INFO JobServerQueue] Try to append 1 batches web console lines for record '2ac0e1d6-d8b1-4bb2-8176-f620714e455e', success rate: 1/1.
[2026-08-30 10:20:15Z INFO JobServerQueue] Try to append 1 batches web console lines for record '2ac0e1d6-d8b1-4bb2-8176-f620714e455e', success rate: 1/1.
[2026-08-30 10:20:16Z INFO JobServerQueue] Try to append 1 batches web console lines for record '2ac0e1d6-d8b1-4bb2-8176-f620714e455e', success rate: 1/1.
[2026-08-30 10:20:17Z INFO JobServerQueue] Try to append 1 batches web console lines for record '2ac0e1d6-d8b1-4bb2-8176-f620714e455e', success rate: 1/1.
[2026-08-30 10:20:17Z INFO JobServerQueue] Try to append 1 batches web console lines for record '2ac0e1d6-d8b1-4bb2-8176-f620714e455e', success rate: 1/1.
[2026-08-30 10:20:18Z INFO JobServerQueue] Try to append 1 batches web console lines for record '2ac0e1d6-d8b1-4bb2-8176-f620714e455e', success rate: 1/1.
[2026-08-30 10:20:19Z INFO JobServerQueue] Try to append 1 batches web console lines for record '2ac0e1d6-d8b1-4bb2-8176-f620714e455e', success rate: 1/1.
[2026-08-30 10:20:20Z INFO JobServerQueue] Try to append 1 batches web console lines for record '2ac0e1d6-d8b1-4bb2-8176-f620714e455e', success rate: 1/1.
[2026-08-30 10:20:21Z INFO JobServerQueue] Try to append 1 batches web console lines for record '2ac0e1d6-d8b1-4bb2-8176-f620714e455e', success rate: 1/1.
[2026-08-30 10:20:21Z INFO JobServerQueue] Try to append 1 batches web console lines for record '2ac0e1d6-d8b1-4bb2-8176-f620714e455e', success rate: 1/1.
[2026-08-30 10:20:21Z INFO HostContext] Well known directory 'Bin': 'C:\Users\krish\Documents\BITS\mlops-project\actions-runner\bin'
[2026-08-30 10:20:21Z INFO HostContext] Well known directory 'Root': 'C:\Users\krish\Documents\BITS\mlops-project\actions-runner'
[2026-08-30 10:20:21Z INFO HostContext] Well known directory 'Work': 'C:\Users\krish\Documents\BITS\mlops-project\actions-runner\_work'
[2026-08-30 10:20:22Z INFO JobServerQueue] Try to append 1 batches web console lines for record '2ac0e1d6-d8b1-4bb2-8176-f620714e455e', success rate: 1/1.
[2026-08-30 10:20:22Z INFO JobServerQueue] Try to append 1 batches web console lines for record '2ac0e1d6-d8b1-4bb2-8176-f620714e455e', success rate: 1/1.
[2026-08-30 10:20:23Z INFO JobServerQueue] Try to append 1 batches web console lines for record '2ac0e1d6-d8b1-4bb2-8176-f620714e455e', success rate: 1/1.
[2026-08-30 10:20:23Z INFO JobServerQueue] Try to append 1 batches web console lines for record '2ac0e1d6-d8b1-4bb2-8176-f620714e455e', success rate: 1/1.
[2026-08-30 10:20:24Z INFO JobServerQueue] Try to append 1 batches web console lines for record '2ac0e1d6-d8b1-4bb2-8176-f620714e455e', success rate: 1/1.
[2026-08-30 10:20:25Z INFO JobServerQueue] Try to append 1 batches web console lines for record '2ac0e1d6-d8b1-4bb2-8176-f620714e455e', success rate: 1/1.
[2026-08-30 10:20:25Z INFO JobServerQueue] Try to append 1 batches web console lines for record '2ac0e1d6-d8b1-4bb2-8176-f620714e455e', success rate: 1/1.
[2026-08-30 10:20:26Z INFO JobServerQueue] Try to append 1 batches web console lines for record '2ac0e1d6-d8b1-4bb2-8176-f620714e455e', success rate: 1/1.
[2026-08-30 10:20:26Z INFO JobServerQueue] Try to append 1 batches web console lines for record '2ac0e1d6-d8b1-4bb2-8176-f620714e455e', success rate: 1/1.
[2026-08-30 10:20:27Z INFO JobServerQueue] Try to append 1 batches web console lines for record '2ac0e1d6-d8b1-4bb2-8176-f620714e455e', success rate: 1/1.
[2026-08-30 10:20:27Z INFO JobServerQueue] Try to append 1 batches web console lines for record '2ac0e1d6-d8b1-4bb2-8176-f620714e455e', success rate: 1/1.
[2026-08-30 10:20:28Z INFO JobServerQueue] Try to append 1 batches web console lines for record '2ac0e1d6-d8b1-4bb2-8176-f620714e455e', success rate: 1/1.
[2026-08-30 10:20:29Z INFO JobServerQueue] Try to append 1 batches web console lines for record '2ac0e1d6-d8b1-4bb2-8176-f620714e455e', success rate: 1/1.
[2026-08-30 10:20:29Z INFO JobServerQueue] Try to append 1 batches web console lines for record '2ac0e1d6-d8b1-4bb2-8176-f620714e455e', success rate: 1/1.
[2026-08-30 10:20:30Z INFO JobServerQueue] Try to append 1 batches web console lines for record '2ac0e1d6-d8b1-4bb2-8176-f620714e455e', success rate: 1/1.
[2026-08-30 10:20:30Z INFO JobServerQueue] Try to append 1 batches web console lines for record '2ac0e1d6-d8b1-4bb2-8176-f620714e455e', success rate: 1/1.
[2026-08-30 10:20:31Z INFO JobServerQueue] Try to append 1 batches web console lines for record '2ac0e1d6-d8b1-4bb2-8176-f620714e455e', success rate: 1/1.
[2026-08-30 10:20:32Z INFO JobServerQueue] Try to append 1 batches web console lines for record '2ac0e1d6-d8b1-4bb2-8176-f620714e455e', success rate: 1/1.
[2026-08-30 10:20:32Z INFO HostContext] Well known directory 'Bin': 'C:\Users\krish\Documents\BITS\mlops-project\actions-runner\bin'
[2026-08-30 10:20:32Z INFO HostContext] Well known directory 'Root': 'C:\Users\krish\Documents\BITS\mlops-project\actions-runner'
[2026-08-30 10:20:32Z INFO HostContext] Well known directory 'Work': 'C:\Users\krish\Documents\BITS\mlops-project\actions-runner\_work'
[2026-08-30 10:20:32Z INFO JobServerQueue] Try to append 1 batches web console lines for record '2ac0e1d6-d8b1-4bb2-8176-f620714e455e', success rate: 1/1.
[2026-08-30 10:20:33Z INFO JobServerQueue] Try to append 1 batches web console lines for record '2ac0e1d6-d8b1-4bb2-8176-f620714e455e', success rate: 1/1.
[2026-08-30 10:20:34Z INFO JobServerQueue] Try to append 1 batches web console lines for record '2ac0e1d6-d8b1-4bb2-8176-f620714e455e', success rate: 1/1.
[2026-08-30 10:20:35Z INFO JobServerQueue] Try to append 1 batches web console lines for record '2ac0e1d6-d8b1-4bb2-8176-f620714e455e', success rate: 1/1.
[2026-08-30 10:20:36Z INFO JobServerQueue] Try to append 1 batches web console lines for record '2ac0e1d6-d8b1-4bb2-8176-f620714e455e', success rate: 1/1.
[2026-08-30 10:20:36Z INFO JobServerQueue] Try to append 1 batches web console lines for record '2ac0e1d6-d8b1-4bb2-8176-f620714e455e', success rate: 1/1.
[2026-08-30 10:20:37Z INFO JobServerQueue] Try to append 1 batches web console lines for record '2ac0e1d6-d8b1-4bb2-8176-f620714e455e', success rate: 1/1.
[2026-08-30 10:20:37Z INFO JobServerQueue] Try to append 1 batches web console lines for record '2ac0e1d6-d8b1-4bb2-8176-f620714e455e', success rate: 1/1.
[2026-08-30 10:20:38Z INFO JobServerQueue] Try to append 1 batches web console lines for record '2ac0e1d6-d8b1-4bb2-8176-f620714e455e', success rate: 1/1.
[2026-08-30 10:20:38Z INFO JobServerQueue] Try to append 1 batches web console lines for record '2ac0e1d6-d8b1-4bb2-8176-f620714e455e', success rate: 1/1.
[2026-08-30 10:20:39Z INFO JobServerQueue] Try to append 1 batches web console lines for record '2ac0e1d6-d8b1-4bb2-8176-f620714e455e', success rate: 1/1.
[2026-08-30 10:20:40Z INFO JobServerQueue] Try to append 1 batches web console lines for record '2ac0e1d6-d8b1-4bb2-8176-f620714e455e', success rate: 1/1.
[2026-08-30 10:20:40Z INFO JobServerQueue] Try to append 1 batches web console lines for record '2ac0e1d6-d8b1-4bb2-8176-f620714e455e', success rate: 1/1.
[2026-08-30 10:20:41Z INFO JobServerQueue] Try to append 1 batches web console lines for record '2ac0e1d6-d8b1-4bb2-8176-f620714e455e', success rate: 1/1.
[2026-08-30 10:20:42Z INFO HostContext] Well known directory 'Bin': 'C:\Users\krish\Documents\BITS\mlops-project\actions-runner\bin'
[2026-08-30 10:20:42Z INFO HostContext] Well known directory 'Root': 'C:\Users\krish\Documents\BITS\mlops-project\actions-runner'
[2026-08-30 10:20:42Z INFO HostContext] Well known directory 'Work': 'C:\Users\krish\Documents\BITS\mlops-project\actions-runner\_work'
[2026-08-30 10:20:42Z INFO JobServerQueue] Try to append 1 batches web console lines for record '2ac0e1d6-d8b1-4bb2-8176-f620714e455e', success rate: 1/1.
[2026-08-30 10:20:43Z INFO JobServerQueue] Try to append 1 batches web console lines for record '2ac0e1d6-d8b1-4bb2-8176-f620714e455e', success rate: 1/1.
[2026-08-30 10:20:43Z INFO JobServerQueue] Try to append 1 batches web console lines for record '2ac0e1d6-d8b1-4bb2-8176-f620714e455e', success rate: 1/1.
[2026-08-30 10:20:44Z INFO JobServerQueue] Try to append 1 batches web console lines for record '2ac0e1d6-d8b1-4bb2-8176-f620714e455e', success rate: 1/1.
[2026-08-30 10:20:44Z INFO JobServerQueue] Try to append 1 batches web console lines for record '2ac0e1d6-d8b1-4bb2-8176-f620714e455e', success rate: 1/1.
[2026-08-30 10:20:45Z INFO JobServerQueue] Try to append 1 batches web console lines for record '2ac0e1d6-d8b1-4bb2-8176-f620714e455e', success rate: 1/1.
[2026-08-30 10:20:45Z INFO JobServerQueue] Try to append 1 batches web console lines for record '2ac0e1d6-d8b1-4bb2-8176-f620714e455e', success rate: 1/1.
[2026-08-30 10:20:46Z INFO JobServerQueue] Try to append 1 batches web console lines for record '2ac0e1d6-d8b1-4bb2-8176-f620714e455e', success rate: 1/1.
[2026-08-30 10:20:46Z INFO JobServerQueue] Try to append 1 batches web console lines for record '2ac0e1d6-d8b1-4bb2-8176-f620714e455e', success rate: 1/1.
[2026-08-30 10:20:47Z INFO JobServerQueue] Try to append 1 batches web console lines for record '2ac0e1d6-d8b1-4bb2-8176-f620714e455e', success rate: 1/1.
[2026-08-30 10:20:48Z INFO JobServerQueue] Try to append 1 batches web console lines for record '2ac0e1d6-d8b1-4bb2-8176-f620714e455e', success rate: 1/1.
[2026-08-30 10:20:48Z INFO JobServerQueue] Try to append 1 batches web console lines for record '2ac0e1d6-d8b1-4bb2-8176-f620714e455e', success rate: 1/1.
[2026-08-30 10:20:49Z INFO JobServerQueue] Try to append 1 batches web console lines for record '2ac0e1d6-d8b1-4bb2-8176-f620714e455e', success rate: 1/1.
[2026-08-30 10:20:49Z INFO JobServerQueue] Try to append 1 batches web console lines for record '2ac0e1d6-d8b1-4bb2-8176-f620714e455e', success rate: 1/1.
[2026-08-30 10:20:50Z INFO JobServerQueue] Try to append 1 batches web console lines for record '2ac0e1d6-d8b1-4bb2-8176-f620714e455e', success rate: 1/1.
[2026-08-30 10:20:50Z INFO JobServerQueue] Try to append 1 batches web console lines for record '2ac0e1d6-d8b1-4bb2-8176-f620714e455e', success rate: 1/1.
[2026-08-30 10:20:51Z INFO JobServerQueue] Try to append 1 batches web console lines for record '2ac0e1d6-d8b1-4bb2-8176-f620714e455e', success rate: 1/1.
[2026-08-30 10:20:52Z INFO JobServerQueue] Try to append 1 batches web console lines for record '2ac0e1d6-d8b1-4bb2-8176-f620714e455e', success rate: 1/1.
[2026-08-30 10:20:52Z INFO HostContext] Well known directory 'Bin': 'C:\Users\krish\Documents\BITS\mlops-project\actions-runner\bin'
[2026-08-30 10:20:52Z INFO HostContext] Well known directory 'Root': 'C:\Users\krish\Documents\BITS\mlops-project\actions-runner'
[2026-08-30 10:20:52Z INFO HostContext] Well known directory 'Work': 'C:\Users\krish\Documents\BITS\mlops-project\actions-runner\_work'
[2026-08-30 10:20:52Z INFO JobServerQueue] Try to append 1 batches web console lines for record '2ac0e1d6-d8b1-4bb2-8176-f620714e455e', success rate: 1/1.
[2026-08-30 10:20:53Z INFO JobServerQueue] Try to append 1 batches web console lines for record '2ac0e1d6-d8b1-4bb2-8176-f620714e455e', success rate: 1/1.
[2026-08-30 10:20:53Z INFO JobServerQueue] Try to append 1 batches web console lines for record '2ac0e1d6-d8b1-4bb2-8176-f620714e455e', success rate: 1/1.
[2026-08-30 10:20:54Z INFO JobServerQueue] Try to append 1 batches web console lines for record '2ac0e1d6-d8b1-4bb2-8176-f620714e455e', success rate: 1/1.
[2026-08-30 10:20:54Z INFO JobServerQueue] Try to append 1 batches web console lines for record '2ac0e1d6-d8b1-4bb2-8176-f620714e455e', success rate: 1/1.
[2026-08-30 10:20:55Z INFO JobServerQueue] Try to append 1 batches web console lines for record '2ac0e1d6-d8b1-4bb2-8176-f620714e455e', success rate: 1/1.
[2026-08-30 10:20:56Z INFO JobServerQueue] Try to append 1 batches web console lines for record '2ac0e1d6-d8b1-4bb2-8176-f620714e455e', success rate: 1/1.
[2026-08-30 10:20:57Z INFO JobServerQueue] Try to append 1 batches web console lines for record '2ac0e1d6-d8b1-4bb2-8176-f620714e455e', success rate: 1/1.
[2026-08-30 10:20:57Z INFO JobServerQueue] Try to append 1 batches web console lines for record '2ac0e1d6-d8b1-4bb2-8176-f620714e455e', success rate: 1/1.
[2026-08-30 10:20:58Z INFO JobServerQueue] Try to append 1 batches web console lines for record '2ac0e1d6-d8b1-4bb2-8176-f620714e455e', success rate: 1/1.
[2026-08-30 10:20:58Z INFO JobServerQueue] Try to append 1 batches web console lines for record '2ac0e1d6-d8b1-4bb2-8176-f620714e455e', success rate: 1/1.
[2026-08-30 10:20:59Z INFO JobServerQueue] Try to append 1 batches web console lines for record '2ac0e1d6-d8b1-4bb2-8176-f620714e455e', success rate: 1/1.
[2026-08-30 10:21:00Z INFO JobServerQueue] Try to append 1 batches web console lines for record '2ac0e1d6-d8b1-4bb2-8176-f620714e455e', success rate: 1/1.
[2026-08-30 10:21:01Z INFO JobServerQueue] Try to append 1 batches web console lines for record '2ac0e1d6-d8b1-4bb2-8176-f620714e455e', success rate: 1/1.
[2026-08-30 10:21:02Z INFO JobServerQueue] Try to append 1 batches web console lines for record '2ac0e1d6-d8b1-4bb2-8176-f620714e455e', success rate: 1/1.
[2026-08-30 10:21:02Z INFO HostContext] Well known directory 'Bin': 'C:\Users\krish\Documents\BITS\mlops-project\actions-runner\bin'
[2026-08-30 10:21:02Z INFO HostContext] Well known directory 'Root': 'C:\Users\krish\Documents\BITS\mlops-project\actions-runner'
[2026-08-30 10:21:02Z INFO HostContext] Well known directory 'Work': 'C:\Users\krish\Documents\BITS\mlops-project\actions-runner\_work'
[2026-08-30 10:21:02Z INFO JobServerQueue] Try to append 1 batches web console lines for record '2ac0e1d6-d8b1-4bb2-8176-f620714e455e', success rate: 1/1.
[2026-08-30 10:21:03Z INFO JobServerQueue] Try to append 1 batches web console lines for record '2ac0e1d6-d8b1-4bb2-8176-f620714e455e', success rate: 1/1.
[2026-08-30 10:21:03Z INFO JobServerQueue] Try to append 1 batches web console lines for record '2ac0e1d6-d8b1-4bb2-8176-f620714e455e', success rate: 1/1.
[2026-08-30 10:21:04Z INFO JobServerQueue] Try to append 1 batches web console lines for record '2ac0e1d6-d8b1-4bb2-8176-f620714e455e', success rate: 1/1.
[2026-08-30 10:21:04Z INFO JobServerQueue] Try to append 1 batches web console lines for record '2ac0e1d6-d8b1-4bb2-8176-f620714e455e', success rate: 1/1.
[2026-08-30 10:21:05Z INFO JobServerQueue] Try to append 1 batches web console lines for record '2ac0e1d6-d8b1-4bb2-8176-f620714e455e', success rate: 1/1.
[2026-08-30 10:21:05Z INFO JobServerQueue] Try to append 1 batches web console lines for record '2ac0e1d6-d8b1-4bb2-8176-f620714e455e', success rate: 1/1.
[2026-08-30 10:21:06Z INFO JobServerQueue] Try to append 1 batches web console lines for record '2ac0e1d6-d8b1-4bb2-8176-f620714e455e', success rate: 1/1.
[2026-08-30 10:21:07Z INFO JobServerQueue] Try to append 1 batches web console lines for record '2ac0e1d6-d8b1-4bb2-8176-f620714e455e', success rate: 1/1.
[2026-08-30 10:21:07Z INFO JobServerQueue] Try to append 1 batches web console lines for record '2ac0e1d6-d8b1-4bb2-8176-f620714e455e', success rate: 1/1.
[2026-08-30 10:21:08Z INFO JobServerQueue] Try to append 1 batches web console lines for record '2ac0e1d6-d8b1-4bb2-8176-f620714e455e', success rate: 1/1.
[2026-08-30 10:21:08Z INFO JobServerQueue] Try to append 1 batches web console lines for record '2ac0e1d6-d8b1-4bb2-8176-f620714e455e', success rate: 1/1.
[2026-08-30 10:21:09Z INFO JobServerQueue] Try to append 1 batches web console lines for record '2ac0e1d6-d8b1-4bb2-8176-f620714e455e', success rate: 1/1.
[2026-08-30 10:21:10Z INFO JobServerQueue] Try to append 1 batches web console lines for record '2ac0e1d6-d8b1-4bb2-8176-f620714e455e', success rate: 1/1.
[2026-08-30 10:21:11Z INFO JobServerQueue] Try to append 1 batches web console lines for record '2ac0e1d6-d8b1-4bb2-8176-f620714e455e', success rate: 1/1.
[2026-08-30 10:21:11Z INFO JobServerQueue] Try to append 1 batches web console lines for record '2ac0e1d6-d8b1-4bb2-8176-f620714e455e', success rate: 1/1.
[2026-08-30 10:21:12Z INFO HostContext] Well known directory 'Bin': 'C:\Users\krish\Documents\BITS\mlops-project\actions-runner\bin'
[2026-08-30 10:21:12Z INFO HostContext] Well known directory 'Root': 'C:\Users\krish\Documents\BITS\mlops-project\actions-runner'
[2026-08-30 10:21:12Z INFO HostContext] Well known directory 'Work': 'C:\Users\krish\Documents\BITS\mlops-project\actions-runner\_work'
[2026-08-30 10:21:12Z INFO JobServerQueue] Try to append 1 batches web console lines for record '2ac0e1d6-d8b1-4bb2-8176-f620714e455e', success rate: 1/1.
[2026-08-30 10:21:12Z INFO JobServerQueue] Try to append 1 batches web console lines for record '2ac0e1d6-d8b1-4bb2-8176-f620714e455e', success rate: 1/1.
[2026-08-30 10:21:14Z INFO JobServerQueue] Try to append 1 batches web console lines for record '2ac0e1d6-d8b1-4bb2-8176-f620714e455e', success rate: 1/1.
[2026-08-30 10:21:15Z INFO JobServerQueue] Try to append 1 batches web console lines for record '2ac0e1d6-d8b1-4bb2-8176-f620714e455e', success rate: 1/1.
[2026-08-30 10:21:15Z INFO JobServerQueue] Try to append 1 batches web console lines for record '2ac0e1d6-d8b1-4bb2-8176-f620714e455e', success rate: 1/1.
[2026-08-30 10:21:16Z INFO JobServerQueue] Try to append 1 batches web console lines for record '2ac0e1d6-d8b1-4bb2-8176-f620714e455e', success rate: 1/1.
[2026-08-30 10:21:16Z INFO JobServerQueue] Try to append 1 batches web console lines for record '2ac0e1d6-d8b1-4bb2-8176-f620714e455e', success rate: 1/1.
[2026-08-30 10:21:17Z INFO JobServerQueue] Try to append 1 batches web console lines for record '2ac0e1d6-d8b1-4bb2-8176-f620714e455e', success rate: 1/1.
[2026-08-30 10:21:17Z INFO JobServerQueue] Try to append 1 batches web console lines for record '2ac0e1d6-d8b1-4bb2-8176-f620714e455e', success rate: 1/1.
[2026-08-30 10:21:18Z INFO JobServerQueue] Try to append 1 batches web console lines for record '2ac0e1d6-d8b1-4bb2-8176-f620714e455e', success rate: 1/1.
[2026-08-30 10:21:19Z INFO JobServerQueue] Try to append 1 batches web console lines for record '2ac0e1d6-d8b1-4bb2-8176-f620714e455e', success rate: 1/1.
[2026-08-30 10:21:20Z INFO JobServerQueue] Try to append 1 batches web console lines for record '2ac0e1d6-d8b1-4bb2-8176-f620714e455e', success rate: 1/1.
[2026-08-30 10:21:20Z INFO JobServerQueue] Try to append 1 batches web console lines for record '2ac0e1d6-d8b1-4bb2-8176-f620714e455e', success rate: 1/1.
[2026-08-30 10:21:21Z INFO JobServerQueue] Try to append 1 batches web console lines for record '2ac0e1d6-d8b1-4bb2-8176-f620714e455e', success rate: 1/1.
[2026-08-30 10:21:22Z INFO HostContext] Well known directory 'Bin': 'C:\Users\krish\Documents\BITS\mlops-project\actions-runner\bin'
[2026-08-30 10:21:22Z INFO HostContext] Well known directory 'Root': 'C:\Users\krish\Documents\BITS\mlops-project\actions-runner'
[2026-08-30 10:21:22Z INFO HostContext] Well known directory 'Work': 'C:\Users\krish\Documents\BITS\mlops-project\actions-runner\_work'
[2026-08-30 10:21:25Z INFO JobServerQueue] Try to append 1 batches web console lines for record '2ac0e1d6-d8b1-4bb2-8176-f620714e455e', success rate: 1/1.
[2026-08-30 10:21:26Z INFO JobServerQueue] Try to append 1 batches web console lines for record '2ac0e1d6-d8b1-4bb2-8176-f620714e455e', success rate: 1/1.
[2026-08-30 10:21:26Z INFO JobServerQueue] Try to append 1 batches web console lines for record '2ac0e1d6-d8b1-4bb2-8176-f620714e455e', success rate: 1/1.
[2026-08-30 10:21:27Z INFO JobServerQueue] Try to append 1 batches web console lines for record '2ac0e1d6-d8b1-4bb2-8176-f620714e455e', success rate: 1/1.
[2026-08-30 10:21:28Z INFO JobServerQueue] Try to append 1 batches web console lines for record '2ac0e1d6-d8b1-4bb2-8176-f620714e455e', success rate: 1/1.
[2026-08-30 10:21:28Z INFO JobServerQueue] Try to append 1 batches web console lines for record '2ac0e1d6-d8b1-4bb2-8176-f620714e455e', success rate: 1/1.
[2026-08-30 10:21:29Z INFO JobServerQueue] Try to append 1 batches web console lines for record '2ac0e1d6-d8b1-4bb2-8176-f620714e455e', success rate: 1/1.
[2026-08-30 10:21:29Z INFO JobServerQueue] Try to append 1 batches web console lines for record '2ac0e1d6-d8b1-4bb2-8176-f620714e455e', success rate: 1/1.
[2026-08-30 10:21:30Z INFO JobServerQueue] Try to append 1 batches web console lines for record '2ac0e1d6-d8b1-4bb2-8176-f620714e455e', success rate: 1/1.
[2026-08-30 10:21:30Z INFO JobServerQueue] Try to append 1 batches web console lines for record '2ac0e1d6-d8b1-4bb2-8176-f620714e455e', success rate: 1/1.
[2026-08-30 10:21:31Z INFO JobServerQueue] Try to append 1 batches web console lines for record '2ac0e1d6-d8b1-4bb2-8176-f620714e455e', success rate: 1/1.
[2026-08-30 10:21:32Z INFO JobServerQueue] Try to append 1 batches web console lines for record '2ac0e1d6-d8b1-4bb2-8176-f620714e455e', success rate: 1/1.
[2026-08-30 10:21:32Z INFO HostContext] Well known directory 'Bin': 'C:\Users\krish\Documents\BITS\mlops-project\actions-runner\bin'
[2026-08-30 10:21:32Z INFO HostContext] Well known directory 'Root': 'C:\Users\krish\Documents\BITS\mlops-project\actions-runner'
[2026-08-30 10:21:32Z INFO HostContext] Well known directory 'Work': 'C:\Users\krish\Documents\BITS\mlops-project\actions-runner\_work'
[2026-08-30 10:21:32Z INFO JobServerQueue] Try to append 1 batches web console lines for record '2ac0e1d6-d8b1-4bb2-8176-f620714e455e', success rate: 1/1.
[2026-08-30 10:21:33Z INFO JobServerQueue] Try to append 1 batches web console lines for record '2ac0e1d6-d8b1-4bb2-8176-f620714e455e', success rate: 1/1.
[2026-08-30 10:21:33Z INFO JobServerQueue] Try to append 1 batches web console lines for record '2ac0e1d6-d8b1-4bb2-8176-f620714e455e', success rate: 1/1.
[2026-08-30 10:21:34Z INFO JobServerQueue] Try to append 1 batches web console lines for record '2ac0e1d6-d8b1-4bb2-8176-f620714e455e', success rate: 1/1.
[2026-08-30 10:21:35Z INFO JobServerQueue] Try to append 1 batches web console lines for record '2ac0e1d6-d8b1-4bb2-8176-f620714e455e', success rate: 1/1.
[2026-08-30 10:21:35Z INFO JobServerQueue] Try to append 1 batches web console lines for record '2ac0e1d6-d8b1-4bb2-8176-f620714e455e', success rate: 1/1.
[2026-08-30 10:21:36Z INFO JobServerQueue] Try to append 1 batches web console lines for record '2ac0e1d6-d8b1-4bb2-8176-f620714e455e', success rate: 1/1.
[2026-08-30 10:21:36Z INFO JobServerQueue] Try to append 1 batches web console lines for record '2ac0e1d6-d8b1-4bb2-8176-f620714e455e', success rate: 1/1.
[2026-08-30 10:21:37Z INFO JobServerQueue] Try to append 1 batches web console lines for record '2ac0e1d6-d8b1-4bb2-8176-f620714e455e', success rate: 1/1.
[2026-08-30 10:21:37Z INFO JobServerQueue] Try to append 1 batches web console lines for record '2ac0e1d6-d8b1-4bb2-8176-f620714e455e', success rate: 1/1.
[2026-08-30 10:21:38Z INFO JobServerQueue] Try to append 1 batches web console lines for record '2ac0e1d6-d8b1-4bb2-8176-f620714e455e', success rate: 1/1.
[2026-08-30 10:21:38Z INFO JobServerQueue] Try to append 1 batches web console lines for record '2ac0e1d6-d8b1-4bb2-8176-f620714e455e', success rate: 1/1.
[2026-08-30 10:21:39Z INFO JobServerQueue] Try to append 1 batches web console lines for record '2ac0e1d6-d8b1-4bb2-8176-f620714e455e', success rate: 1/1.
[2026-08-30 10:21:40Z INFO JobServerQueue] Try to append 1 batches web console lines for record '2ac0e1d6-d8b1-4bb2-8176-f620714e455e', success rate: 1/1.
[2026-08-30 10:21:40Z INFO JobServerQueue] Try to append 1 batches web console lines for record '2ac0e1d6-d8b1-4bb2-8176-f620714e455e', success rate: 1/1.
[2026-08-30 10:21:41Z INFO JobServerQueue] Try to append 1 batches web console lines for record '2ac0e1d6-d8b1-4bb2-8176-f620714e455e', success rate: 1/1.
[2026-08-30 10:21:41Z INFO JobServerQueue] Try to append 1 batches web console lines for record '2ac0e1d6-d8b1-4bb2-8176-f620714e455e', success rate: 1/1.
[2026-08-30 10:21:42Z INFO JobServerQueue] Try to append 1 batches web console lines for record '2ac0e1d6-d8b1-4bb2-8176-f620714e455e', success rate: 1/1.
[2026-08-30 10:21:42Z INFO HostContext] Well known directory 'Bin': 'C:\Users\krish\Documents\BITS\mlops-project\actions-runner\bin'
[2026-08-30 10:21:42Z INFO HostContext] Well known directory 'Root': 'C:\Users\krish\Documents\BITS\mlops-project\actions-runner'
[2026-08-30 10:21:42Z INFO HostContext] Well known directory 'Work': 'C:\Users\krish\Documents\BITS\mlops-project\actions-runner\_work'
[2026-08-30 10:21:42Z INFO JobServerQueue] Try to append 1 batches web console lines for record '2ac0e1d6-d8b1-4bb2-8176-f620714e455e', success rate: 1/1.
[2026-08-30 10:21:43Z INFO JobServerQueue] Try to append 1 batches web console lines for record '2ac0e1d6-d8b1-4bb2-8176-f620714e455e', success rate: 1/1.
[2026-08-30 10:21:44Z INFO JobServerQueue] Try to append 1 batches web console lines for record '2ac0e1d6-d8b1-4bb2-8176-f620714e455e', success rate: 1/1.
[2026-08-30 10:21:44Z INFO JobServerQueue] Try to append 1 batches web console lines for record '2ac0e1d6-d8b1-4bb2-8176-f620714e455e', success rate: 1/1.
[2026-08-30 10:21:45Z INFO JobServerQueue] Try to append 1 batches web console lines for record '2ac0e1d6-d8b1-4bb2-8176-f620714e455e', success rate: 1/1.
[2026-08-30 10:21:46Z INFO JobServerQueue] Try to append 1 batches web console lines for record '2ac0e1d6-d8b1-4bb2-8176-f620714e455e', success rate: 1/1.
[2026-08-30 10:21:46Z INFO JobServerQueue] Try to append 1 batches web console lines for record '2ac0e1d6-d8b1-4bb2-8176-f620714e455e', success rate: 1/1.
[2026-08-30 10:21:47Z INFO JobServerQueue] Try to append 1 batches web console lines for record '2ac0e1d6-d8b1-4bb2-8176-f620714e455e', success rate: 1/1.
[2026-08-30 10:21:47Z INFO JobServerQueue] Try to append 1 batches web console lines for record '2ac0e1d6-d8b1-4bb2-8176-f620714e455e', success rate: 1/1.
[2026-08-30 10:21:48Z INFO JobServerQueue] Try to append 1 batches web console lines for record '2ac0e1d6-d8b1-4bb2-8176-f620714e455e', success rate: 1/1.
[2026-08-30 10:21:48Z INFO JobServerQueue] Try to append 1 batches web console lines for record '2ac0e1d6-d8b1-4bb2-8176-f620714e455e', success rate: 1/1.
[2026-08-30 10:21:49Z INFO JobServerQueue] Try to append 1 batches web console lines for record '2ac0e1d6-d8b1-4bb2-8176-f620714e455e', success rate: 1/1.
[2026-08-30 10:21:50Z INFO JobServerQueue] Try to append 1 batches web console lines for record '2ac0e1d6-d8b1-4bb2-8176-f620714e455e', success rate: 1/1.
[2026-08-30 10:21:50Z INFO JobServerQueue] Try to append 1 batches web console lines for record '2ac0e1d6-d8b1-4bb2-8176-f620714e455e', success rate: 1/1.
[2026-08-30 10:21:51Z INFO JobServerQueue] Try to append 1 batches web console lines for record '2ac0e1d6-d8b1-4bb2-8176-f620714e455e', success rate: 1/1.
[2026-08-30 10:21:51Z INFO JobServerQueue] Try to append 1 batches web console lines for record '2ac0e1d6-d8b1-4bb2-8176-f620714e455e', success rate: 1/1.
[2026-08-30 10:21:52Z INFO JobServerQueue] Try to append 1 batches web console lines for record '2ac0e1d6-d8b1-4bb2-8176-f620714e455e', success rate: 1/1.
[2026-08-30 10:21:52Z INFO HostContext] Well known directory 'Bin': 'C:\Users\krish\Documents\BITS\mlops-project\actions-runner\bin'
[2026-08-30 10:21:52Z INFO HostContext] Well known directory 'Root': 'C:\Users\krish\Documents\BITS\mlops-project\actions-runner'
[2026-08-30 10:21:52Z INFO HostContext] Well known directory 'Work': 'C:\Users\krish\Documents\BITS\mlops-project\actions-runner\_work'
[2026-08-30 10:21:52Z INFO JobServerQueue] Try to append 1 batches web console lines for record '2ac0e1d6-d8b1-4bb2-8176-f620714e455e', success rate: 1/1.
[2026-08-30 10:21:53Z INFO JobServerQueue] Try to append 1 batches web console lines for record '2ac0e1d6-d8b1-4bb2-8176-f620714e455e', success rate: 1/1.
[2026-08-30 10:21:53Z INFO JobServerQueue] Try to append 1 batches web console lines for record '2ac0e1d6-d8b1-4bb2-8176-f620714e455e', success rate: 1/1.
[2026-08-30 10:21:54Z INFO JobServerQueue] Try to append 1 batches web console lines for record '2ac0e1d6-d8b1-4bb2-8176-f620714e455e', success rate: 1/1.
[2026-08-30 10:21:55Z INFO JobServerQueue] Try to append 1 batches web console lines for record '2ac0e1d6-d8b1-4bb2-8176-f620714e455e', success rate: 1/1.
[2026-08-30 10:21:55Z INFO JobServerQueue] Try to append 1 batches web console lines for record '2ac0e1d6-d8b1-4bb2-8176-f620714e455e', success rate: 1/1.
[2026-08-30 10:21:56Z INFO JobServerQueue] Try to append 1 batches web console lines for record '2ac0e1d6-d8b1-4bb2-8176-f620714e455e', success rate: 1/1.
[2026-08-30 10:21:56Z INFO JobServerQueue] Try to append 1 batches web console lines for record '2ac0e1d6-d8b1-4bb2-8176-f620714e455e', success rate: 1/1.
[2026-08-30 10:21:57Z INFO JobServerQueue] Try to append 1 batches web console lines for record '2ac0e1d6-d8b1-4bb2-8176-f620714e455e', success rate: 1/1.
[2026-08-30 10:21:57Z INFO JobServerQueue] Try to append 1 batches web console lines for record '2ac0e1d6-d8b1-4bb2-8176-f620714e455e', success rate: 1/1.
[2026-08-30 10:21:58Z INFO JobServerQueue] Try to append 1 batches web console lines for record '2ac0e1d6-d8b1-4bb2-8176-f620714e455e', success rate: 1/1.
[2026-08-30 10:21:58Z INFO JobServerQueue] Try to append 1 batches web console lines for record '2ac0e1d6-d8b1-4bb2-8176-f620714e455e', success rate: 1/1.
[2026-08-30 10:21:59Z INFO JobServerQueue] Try to append 1 batches web console lines for record '2ac0e1d6-d8b1-4bb2-8176-f620714e455e', success rate: 1/1.
[2026-08-30 10:22:00Z INFO JobServerQueue] Try to append 1 batches web console lines for record '2ac0e1d6-d8b1-4bb2-8176-f620714e455e', success rate: 1/1.
[2026-08-30 10:22:00Z INFO JobServerQueue] Try to append 1 batches web console lines for record '2ac0e1d6-d8b1-4bb2-8176-f620714e455e', success rate: 1/1.
[2026-08-30 10:22:01Z INFO JobServerQueue] Try to append 1 batches web console lines for record '2ac0e1d6-d8b1-4bb2-8176-f620714e455e', success rate: 1/1.
[2026-08-30 10:22:01Z INFO JobServerQueue] Try to append 1 batches web console lines for record '2ac0e1d6-d8b1-4bb2-8176-f620714e455e', success rate: 1/1.
[2026-08-30 10:22:02Z INFO JobServerQueue] Try to append 1 batches web console lines for record '2ac0e1d6-d8b1-4bb2-8176-f620714e455e', success rate: 1/1.
[2026-08-30 10:22:02Z INFO HostContext] Well known directory 'Bin': 'C:\Users\krish\Documents\BITS\mlops-project\actions-runner\bin'
[2026-08-30 10:22:02Z INFO HostContext] Well known directory 'Root': 'C:\Users\krish\Documents\BITS\mlops-project\actions-runner'
[2026-08-30 10:22:02Z INFO HostContext] Well known directory 'Work': 'C:\Users\krish\Documents\BITS\mlops-project\actions-runner\_work'
[2026-08-30 10:22:02Z INFO JobServerQueue] Try to append 1 batches web console lines for record '2ac0e1d6-d8b1-4bb2-8176-f620714e455e', success rate: 1/1.
[2026-08-30 10:22:03Z INFO JobServerQueue] Try to append 1 batches web console lines for record '2ac0e1d6-d8b1-4bb2-8176-f620714e455e', success rate: 1/1.
[2026-08-30 10:22:03Z INFO JobServerQueue] Try to append 1 batches web console lines for record '2ac0e1d6-d8b1-4bb2-8176-f620714e455e', success rate: 1/1.
[2026-08-30 10:22:04Z INFO JobServerQueue] Try to append 1 batches web console lines for record '2ac0e1d6-d8b1-4bb2-8176-f620714e455e', success rate: 1/1.
[2026-08-30 10:22:04Z INFO JobServerQueue] Try to append 1 batches web console lines for record '2ac0e1d6-d8b1-4bb2-8176-f620714e455e', success rate: 1/1.
[2026-08-30 10:22:05Z INFO JobServerQueue] Try to append 1 batches web console lines for record '2ac0e1d6-d8b1-4bb2-8176-f620714e455e', success rate: 1/1.
[2026-08-30 10:22:06Z INFO JobServerQueue] Try to append 1 batches web console lines for record '2ac0e1d6-d8b1-4bb2-8176-f620714e455e', success rate: 1/1.
[2026-08-30 10:22:06Z INFO JobServerQueue] Try to append 1 batches web console lines for record '2ac0e1d6-d8b1-4bb2-8176-f620714e455e', success rate: 1/1.
[2026-08-30 10:22:07Z INFO JobServerQueue] Try to append 1 batches web console lines for record '2ac0e1d6-d8b1-4bb2-8176-f620714e455e', success rate: 1/1.
[2026-08-30 10:22:07Z INFO JobServerQueue] Try to append 1 batches web console lines for record '2ac0e1d6-d8b1-4bb2-8176-f620714e455e', success rate: 1/1.
[2026-08-30 10:22:08Z INFO JobServerQueue] Try to append 1 batches web console lines for record '2ac0e1d6-d8b1-4bb2-8176-f620714e455e', success rate: 1/1.
[2026-08-30 10:22:08Z INFO JobServerQueue] Try to append 1 batches web console lines for record '2ac0e1d6-d8b1-4bb2-8176-f620714e455e', success rate: 1/1.
[2026-08-30 10:22:09Z INFO JobServerQueue] Try to append 1 batches web console lines for record '2ac0e1d6-d8b1-4bb2-8176-f620714e455e', success rate: 1/1.
[2026-08-30 10:22:09Z INFO JobServerQueue] Try to append 1 batches web console lines for record '2ac0e1d6-d8b1-4bb2-8176-f620714e455e', success rate: 1/1.
[2026-08-30 10:22:10Z INFO JobServerQueue] Try to append 1 batches web console lines for record '2ac0e1d6-d8b1-4bb2-8176-f620714e455e', success rate: 1/1.
[2026-08-30 10:22:10Z INFO JobServerQueue] Try to append 1 batches web console lines for record '2ac0e1d6-d8b1-4bb2-8176-f620714e455e', success rate: 1/1.
[2026-08-30 10:22:11Z INFO JobServerQueue] Try to append 1 batches web console lines for record '2ac0e1d6-d8b1-4bb2-8176-f620714e455e', success rate: 1/1.
[2026-08-30 10:22:11Z INFO JobServerQueue] Try to append 1 batches web console lines for record '2ac0e1d6-d8b1-4bb2-8176-f620714e455e', success rate: 1/1.
[2026-08-30 10:22:12Z INFO JobServerQueue] Try to append 1 batches web console lines for record '2ac0e1d6-d8b1-4bb2-8176-f620714e455e', success rate: 1/1.
[2026-08-30 10:22:12Z INFO HostContext] Well known directory 'Bin': 'C:\Users\krish\Documents\BITS\mlops-project\actions-runner\bin'
[2026-08-30 10:22:12Z INFO HostContext] Well known directory 'Root': 'C:\Users\krish\Documents\BITS\mlops-project\actions-runner'
[2026-08-30 10:22:12Z INFO HostContext] Well known directory 'Work': 'C:\Users\krish\Documents\BITS\mlops-project\actions-runner\_work'
[2026-08-30 10:22:12Z INFO JobServerQueue] Try to append 1 batches web console lines for record '2ac0e1d6-d8b1-4bb2-8176-f620714e455e', success rate: 1/1.
[2026-08-30 10:22:13Z INFO JobServerQueue] Try to append 1 batches web console lines for record '2ac0e1d6-d8b1-4bb2-8176-f620714e455e', success rate: 1/1.
[2026-08-30 10:22:13Z INFO JobServerQueue] Try to append 1 batches web console lines for record '2ac0e1d6-d8b1-4bb2-8176-f620714e455e', success rate: 1/1.
[2026-08-30 10:22:14Z INFO JobServerQueue] Try to append 1 batches web console lines for record '2ac0e1d6-d8b1-4bb2-8176-f620714e455e', success rate: 1/1.
[2026-08-30 10:22:14Z INFO JobServerQueue] Try to append 1 batches web console lines for record '2ac0e1d6-d8b1-4bb2-8176-f620714e455e', success rate: 1/1.
[2026-08-30 10:22:15Z INFO JobServerQueue] Try to append 1 batches web console lines for record '2ac0e1d6-d8b1-4bb2-8176-f620714e455e', success rate: 1/1.
[2026-08-30 10:22:15Z INFO JobServerQueue] Try to append 1 batches web console lines for record '2ac0e1d6-d8b1-4bb2-8176-f620714e455e', success rate: 1/1.
[2026-08-30 10:22:16Z INFO JobServerQueue] Try to append 1 batches web console lines for record '2ac0e1d6-d8b1-4bb2-8176-f620714e455e', success rate: 1/1.
[2026-08-30 10:22:17Z INFO JobServerQueue] Try to append 1 batches web console lines for record '2ac0e1d6-d8b1-4bb2-8176-f620714e455e', success rate: 1/1.
[2026-08-30 10:22:17Z INFO JobServerQueue] Try to append 1 batches web console lines for record '2ac0e1d6-d8b1-4bb2-8176-f620714e455e', success rate: 1/1.
[2026-08-30 10:22:18Z INFO JobServerQueue] Try to append 1 batches web console lines for record '2ac0e1d6-d8b1-4bb2-8176-f620714e455e', success rate: 1/1.
[2026-08-30 10:22:18Z INFO JobServerQueue] Try to append 1 batches web console lines for record '2ac0e1d6-d8b1-4bb2-8176-f620714e455e', success rate: 1/1.
[2026-08-30 10:22:19Z INFO JobServerQueue] Try to append 1 batches web console lines for record '2ac0e1d6-d8b1-4bb2-8176-f620714e455e', success rate: 1/1.
[2026-08-30 10:22:19Z INFO JobServerQueue] Try to append 1 batches web console lines for record '2ac0e1d6-d8b1-4bb2-8176-f620714e455e', success rate: 1/1.
[2026-08-30 10:22:20Z INFO JobServerQueue] Try to append 1 batches web console lines for record '2ac0e1d6-d8b1-4bb2-8176-f620714e455e', success rate: 1/1.
[2026-08-30 10:22:20Z INFO JobServerQueue] Try to append 1 batches web console lines for record '2ac0e1d6-d8b1-4bb2-8176-f620714e455e', success rate: 1/1.
[2026-08-30 10:22:21Z INFO JobServerQueue] Try to append 1 batches web console lines for record '2ac0e1d6-d8b1-4bb2-8176-f620714e455e', success rate: 1/1.
[2026-08-30 10:22:21Z INFO JobServerQueue] Try to append 1 batches web console lines for record '2ac0e1d6-d8b1-4bb2-8176-f620714e455e', success rate: 1/1.
[2026-08-30 10:22:22Z INFO JobServerQueue] Try to append 1 batches web console lines for record '2ac0e1d6-d8b1-4bb2-8176-f620714e455e', success rate: 1/1.
[2026-08-30 10:22:22Z INFO HostContext] Well known directory 'Bin': 'C:\Users\krish\Documents\BITS\mlops-project\actions-runner\bin'
[2026-08-30 10:22:22Z INFO HostContext] Well known directory 'Root': 'C:\Users\krish\Documents\BITS\mlops-project\actions-runner'
[2026-08-30 10:22:22Z INFO HostContext] Well known directory 'Work': 'C:\Users\krish\Documents\BITS\mlops-project\actions-runner\_work'
[2026-08-30 10:22:22Z INFO JobServerQueue] Try to append 1 batches web console lines for record '2ac0e1d6-d8b1-4bb2-8176-f620714e455e', success rate: 1/1.
[2026-08-30 10:22:23Z INFO JobServerQueue] Try to append 1 batches web console lines for record '2ac0e1d6-d8b1-4bb2-8176-f620714e455e', success rate: 1/1.
[2026-08-30 10:22:23Z INFO JobServerQueue] Try to append 1 batches web console lines for record '2ac0e1d6-d8b1-4bb2-8176-f620714e455e', success rate: 1/1.
[2026-08-30 10:22:24Z INFO JobServerQueue] Try to append 1 batches web console lines for record '2ac0e1d6-d8b1-4bb2-8176-f620714e455e', success rate: 1/1.
[2026-08-30 10:22:24Z INFO JobServerQueue] Try to append 1 batches web console lines for record '2ac0e1d6-d8b1-4bb2-8176-f620714e455e', success rate: 1/1.
[2026-08-30 10:22:25Z INFO JobServerQueue] Try to append 1 batches web console lines for record '2ac0e1d6-d8b1-4bb2-8176-f620714e455e', success rate: 1/1.
[2026-08-30 10:22:25Z INFO JobServerQueue] Try to append 1 batches web console lines for record '2ac0e1d6-d8b1-4bb2-8176-f620714e455e', success rate: 1/1.
[2026-08-30 10:22:26Z INFO JobServerQueue] Try to append 1 batches web console lines for record '2ac0e1d6-d8b1-4bb2-8176-f620714e455e', success rate: 1/1.
[2026-08-30 10:22:26Z INFO JobServerQueue] Try to append 1 batches web console lines for record '2ac0e1d6-d8b1-4bb2-8176-f620714e455e', success rate: 1/1.
[2026-08-30 10:22:27Z INFO JobServerQueue] Try to append 1 batches web console lines for record '2ac0e1d6-d8b1-4bb2-8176-f620714e455e', success rate: 1/1.
[2026-08-30 10:22:27Z INFO JobServerQueue] Try to append 1 batches web console lines for record '2ac0e1d6-d8b1-4bb2-8176-f620714e455e', success rate: 1/1.
[2026-08-30 10:22:28Z INFO JobServerQueue] Try to append 1 batches web console lines for record '2ac0e1d6-d8b1-4bb2-8176-f620714e455e', success rate: 1/1.
[2026-08-30 10:22:28Z INFO JobServerQueue] Try to append 1 batches web console lines for record '2ac0e1d6-d8b1-4bb2-8176-f620714e455e', success rate: 1/1.
[2026-08-30 10:22:29Z INFO JobServerQueue] Try to append 1 batches web console lines for record '2ac0e1d6-d8b1-4bb2-8176-f620714e455e', success rate: 1/1.
[2026-08-30 10:22:29Z INFO JobServerQueue] Try to append 1 batches web console lines for record '2ac0e1d6-d8b1-4bb2-8176-f620714e455e', success rate: 1/1.
[2026-08-30 10:22:30Z INFO JobServerQueue] Try to append 1 batches web console lines for record '2ac0e1d6-d8b1-4bb2-8176-f620714e455e', success rate: 1/1.
[2026-08-30 10:22:30Z INFO JobServerQueue] Try to append 1 batches web console lines for record '2ac0e1d6-d8b1-4bb2-8176-f620714e455e', success rate: 1/1.
[2026-08-30 10:22:31Z INFO JobServerQueue] Try to append 1 batches web console lines for record '2ac0e1d6-d8b1-4bb2-8176-f620714e455e', success rate: 1/1.
[2026-08-30 10:22:32Z INFO JobServerQueue] Try to append 1 batches web console lines for record '2ac0e1d6-d8b1-4bb2-8176-f620714e455e', success rate: 1/1.
[2026-08-30 10:22:32Z INFO JobServerQueue] Try to append 1 batches web console lines for record '2ac0e1d6-d8b1-4bb2-8176-f620714e455e', success rate: 1/1.
[2026-08-30 10:22:32Z INFO HostContext] Well known directory 'Bin': 'C:\Users\krish\Documents\BITS\mlops-project\actions-runner\bin'
[2026-08-30 10:22:32Z INFO HostContext] Well known directory 'Root': 'C:\Users\krish\Documents\BITS\mlops-project\actions-runner'
[2026-08-30 10:22:32Z INFO HostContext] Well known directory 'Work': 'C:\Users\krish\Documents\BITS\mlops-project\actions-runner\_work'
[2026-08-30 10:22:33Z INFO JobServerQueue] Try to append 1 batches web console lines for record '2ac0e1d6-d8b1-4bb2-8176-f620714e455e', success rate: 1/1.
[2026-08-30 10:22:33Z INFO JobServerQueue] Try to append 1 batches web console lines for record '2ac0e1d6-d8b1-4bb2-8176-f620714e455e', success rate: 1/1.
[2026-08-30 10:22:34Z INFO JobServerQueue] Try to append 1 batches web console lines for record '2ac0e1d6-d8b1-4bb2-8176-f620714e455e', success rate: 1/1.
[2026-08-30 10:22:34Z INFO JobServerQueue] Try to append 1 batches web console lines for record '2ac0e1d6-d8b1-4bb2-8176-f620714e455e', success rate: 1/1.
[2026-08-30 10:22:35Z INFO JobServerQueue] Try to append 1 batches web console lines for record '2ac0e1d6-d8b1-4bb2-8176-f620714e455e', success rate: 1/1.
[2026-08-30 10:22:35Z INFO JobServerQueue] Try to append 1 batches web console lines for record '2ac0e1d6-d8b1-4bb2-8176-f620714e455e', success rate: 1/1.
[2026-08-30 10:22:36Z INFO JobServerQueue] Try to append 1 batches web console lines for record '2ac0e1d6-d8b1-4bb2-8176-f620714e455e', success rate: 1/1.
[2026-08-30 10:22:36Z INFO JobServerQueue] Try to append 1 batches web console lines for record '2ac0e1d6-d8b1-4bb2-8176-f620714e455e', success rate: 1/1.
[2026-08-30 10:22:37Z INFO JobServerQueue] Try to append 1 batches web console lines for record '2ac0e1d6-d8b1-4bb2-8176-f620714e455e', success rate: 1/1.
[2026-08-30 10:22:37Z INFO JobServerQueue] Try to append 1 batches web console lines for record '2ac0e1d6-d8b1-4bb2-8176-f620714e455e', success rate: 1/1.
[2026-08-30 10:22:38Z INFO JobServerQueue] Try to append 1 batches web console lines for record '2ac0e1d6-d8b1-4bb2-8176-f620714e455e', success rate: 1/1.
[2026-08-30 10:22:38Z INFO JobServerQueue] Try to append 1 batches web console lines for record '2ac0e1d6-d8b1-4bb2-8176-f620714e455e', success rate: 1/1.
[2026-08-30 10:22:39Z INFO JobServerQueue] Try to append 1 batches web console lines for record '2ac0e1d6-d8b1-4bb2-8176-f620714e455e', success rate: 1/1.
[2026-08-30 10:22:39Z INFO JobServerQueue] Try to append 1 batches web console lines for record '2ac0e1d6-d8b1-4bb2-8176-f620714e455e', success rate: 1/1.
[2026-08-30 10:22:40Z INFO JobServerQueue] Try to append 1 batches web console lines for record '2ac0e1d6-d8b1-4bb2-8176-f620714e455e', success rate: 1/1.
[2026-08-30 10:22:40Z INFO JobServerQueue] Try to append 1 batches web console lines for record '2ac0e1d6-d8b1-4bb2-8176-f620714e455e', success rate: 1/1.
[2026-08-30 10:22:41Z INFO JobServerQueue] Try to append 1 batches web console lines for record '2ac0e1d6-d8b1-4bb2-8176-f620714e455e', success rate: 1/1.
[2026-08-30 10:22:41Z INFO JobServerQueue] Try to append 1 batches web console lines for record '2ac0e1d6-d8b1-4bb2-8176-f620714e455e', success rate: 1/1.
[2026-08-30 10:22:42Z INFO JobServerQueue] Try to append 1 batches web console lines for record '2ac0e1d6-d8b1-4bb2-8176-f620714e455e', success rate: 1/1.
[2026-08-30 10:22:42Z INFO HostContext] Well known directory 'Bin': 'C:\Users\krish\Documents\BITS\mlops-project\actions-runner\bin'
[2026-08-30 10:22:42Z INFO HostContext] Well known directory 'Root': 'C:\Users\krish\Documents\BITS\mlops-project\actions-runner'
[2026-08-30 10:22:42Z INFO HostContext] Well known directory 'Work': 'C:\Users\krish\Documents\BITS\mlops-project\actions-runner\_work'
[2026-08-30 10:22:42Z INFO JobServerQueue] Try to append 1 batches web console lines for record '2ac0e1d6-d8b1-4bb2-8176-f620714e455e', success rate: 1/1.
[2026-08-30 10:22:43Z INFO JobServerQueue] Try to append 1 batches web console lines for record '2ac0e1d6-d8b1-4bb2-8176-f620714e455e', success rate: 1/1.
[2026-08-30 10:22:43Z INFO JobServerQueue] Try to append 1 batches web console lines for record '2ac0e1d6-d8b1-4bb2-8176-f620714e455e', success rate: 1/1.
[2026-08-30 10:22:44Z INFO JobServerQueue] Try to append 1 batches web console lines for record '2ac0e1d6-d8b1-4bb2-8176-f620714e455e', success rate: 1/1.
[2026-08-30 10:22:44Z INFO JobServerQueue] Try to append 1 batches web console lines for record '2ac0e1d6-d8b1-4bb2-8176-f620714e455e', success rate: 1/1.
[2026-08-30 10:22:45Z INFO JobServerQueue] Try to append 1 batches web console lines for record '2ac0e1d6-d8b1-4bb2-8176-f620714e455e', success rate: 1/1.
[2026-08-30 10:22:45Z INFO JobServerQueue] Try to append 1 batches web console lines for record '2ac0e1d6-d8b1-4bb2-8176-f620714e455e', success rate: 1/1.
[2026-08-30 10:22:46Z INFO JobServerQueue] Try to append 1 batches web console lines for record '2ac0e1d6-d8b1-4bb2-8176-f620714e455e', success rate: 1/1.
[2026-08-30 10:22:47Z INFO JobServerQueue] Try to append 1 batches web console lines for record '2ac0e1d6-d8b1-4bb2-8176-f620714e455e', success rate: 1/1.
[2026-08-30 10:22:47Z INFO JobServerQueue] Try to append 1 batches web console lines for record '2ac0e1d6-d8b1-4bb2-8176-f620714e455e', success rate: 1/1.
[2026-08-30 10:22:48Z INFO JobServerQueue] Try to append 1 batches web console lines for record '2ac0e1d6-d8b1-4bb2-8176-f620714e455e', success rate: 1/1.
[2026-08-30 10:22:48Z INFO JobServerQueue] Try to append 1 batches web console lines for record '2ac0e1d6-d8b1-4bb2-8176-f620714e455e', success rate: 1/1.
[2026-08-30 10:22:49Z INFO JobServerQueue] Try to append 1 batches web console lines for record '2ac0e1d6-d8b1-4bb2-8176-f620714e455e', success rate: 1/1.
[2026-08-30 10:22:49Z INFO JobServerQueue] Try to append 1 batches web console lines for record '2ac0e1d6-d8b1-4bb2-8176-f620714e455e', success rate: 1/1.
[2026-08-30 10:22:50Z INFO JobServerQueue] Try to append 1 batches web console lines for record '2ac0e1d6-d8b1-4bb2-8176-f620714e455e', success rate: 1/1.
[2026-08-30 10:22:50Z INFO JobServerQueue] Try to append 1 batches web console lines for record '2ac0e1d6-d8b1-4bb2-8176-f620714e455e', success rate: 1/1.
[2026-08-30 10:22:51Z INFO JobServerQueue] Try to append 1 batches web console lines for record '2ac0e1d6-d8b1-4bb2-8176-f620714e455e', success rate: 1/1.
[2026-08-30 10:22:51Z INFO JobServerQueue] Try to append 1 batches web console lines for record '2ac0e1d6-d8b1-4bb2-8176-f620714e455e', success rate: 1/1.
[2026-08-30 10:22:52Z INFO JobServerQueue] Try to append 1 batches web console lines for record '2ac0e1d6-d8b1-4bb2-8176-f620714e455e', success rate: 1/1.
[2026-08-30 10:22:52Z INFO JobServerQueue] Try to append 1 batches web console lines for record '2ac0e1d6-d8b1-4bb2-8176-f620714e455e', success rate: 1/1.
[2026-08-30 10:22:52Z INFO HostContext] Well known directory 'Bin': 'C:\Users\krish\Documents\BITS\mlops-project\actions-runner\bin'
[2026-08-30 10:22:52Z INFO HostContext] Well known directory 'Root': 'C:\Users\krish\Documents\BITS\mlops-project\actions-runner'
[2026-08-30 10:22:52Z INFO HostContext] Well known directory 'Work': 'C:\Users\krish\Documents\BITS\mlops-project\actions-runner\_work'
[2026-08-30 10:22:53Z INFO JobServerQueue] Try to append 1 batches web console lines for record '2ac0e1d6-d8b1-4bb2-8176-f620714e455e', success rate: 1/1.
[2026-08-30 10:22:53Z INFO JobServerQueue] Try to append 1 batches web console lines for record '2ac0e1d6-d8b1-4bb2-8176-f620714e455e', success rate: 1/1.
[2026-08-30 10:22:54Z INFO JobServerQueue] Try to append 1 batches web console lines for record '2ac0e1d6-d8b1-4bb2-8176-f620714e455e', success rate: 1/1.
[2026-08-30 10:22:54Z INFO JobServerQueue] Try to append 1 batches web console lines for record '2ac0e1d6-d8b1-4bb2-8176-f620714e455e', success rate: 1/1.
[2026-08-30 10:22:55Z INFO JobServerQueue] Try to append 1 batches web console lines for record '2ac0e1d6-d8b1-4bb2-8176-f620714e455e', success rate: 1/1.
[2026-08-30 10:22:55Z INFO JobServerQueue] Try to append 1 batches web console lines for record '2ac0e1d6-d8b1-4bb2-8176-f620714e455e', success rate: 1/1.
[2026-08-30 10:22:56Z INFO JobServerQueue] Try to append 1 batches web console lines for record '2ac0e1d6-d8b1-4bb2-8176-f620714e455e', success rate: 1/1.
[2026-08-30 10:22:56Z INFO JobServerQueue] Try to append 1 batches web console lines for record '2ac0e1d6-d8b1-4bb2-8176-f620714e455e', success rate: 1/1.
[2026-08-30 10:22:57Z INFO JobServerQueue] Try to append 1 batches web console lines for record '2ac0e1d6-d8b1-4bb2-8176-f620714e455e', success rate: 1/1.
[2026-08-30 10:22:57Z INFO JobServerQueue] Try to append 1 batches web console lines for record '2ac0e1d6-d8b1-4bb2-8176-f620714e455e', success rate: 1/1.
[2026-08-30 10:22:58Z INFO JobServerQueue] Try to append 1 batches web console lines for record '2ac0e1d6-d8b1-4bb2-8176-f620714e455e', success rate: 1/1.
[2026-08-30 10:22:58Z INFO JobServerQueue] Try to append 1 batches web console lines for record '2ac0e1d6-d8b1-4bb2-8176-f620714e455e', success rate: 1/1.
[2026-08-30 10:22:59Z INFO JobServerQueue] Try to append 1 batches web console lines for record '2ac0e1d6-d8b1-4bb2-8176-f620714e455e', success rate: 1/1.
[2026-08-30 10:22:59Z INFO JobServerQueue] Try to append 1 batches web console lines for record '2ac0e1d6-d8b1-4bb2-8176-f620714e455e', success rate: 1/1.
[2026-08-30 10:23:00Z INFO JobServerQueue] Try to append 1 batches web console lines for record '2ac0e1d6-d8b1-4bb2-8176-f620714e455e', success rate: 1/1.
[2026-08-30 10:23:00Z INFO JobServerQueue] Try to append 1 batches web console lines for record '2ac0e1d6-d8b1-4bb2-8176-f620714e455e', success rate: 1/1.
[2026-08-30 10:23:01Z INFO JobServerQueue] Try to append 1 batches web console lines for record '2ac0e1d6-d8b1-4bb2-8176-f620714e455e', success rate: 1/1.
[2026-08-30 10:23:01Z INFO JobServerQueue] Try to append 1 batches web console lines for record '2ac0e1d6-d8b1-4bb2-8176-f620714e455e', success rate: 1/1.
[2026-08-30 10:23:02Z INFO JobServerQueue] Try to append 1 batches web console lines for record '2ac0e1d6-d8b1-4bb2-8176-f620714e455e', success rate: 1/1.
[2026-08-30 10:23:02Z INFO HostContext] Well known directory 'Bin': 'C:\Users\krish\Documents\BITS\mlops-project\actions-runner\bin'
[2026-08-30 10:23:02Z INFO HostContext] Well known directory 'Root': 'C:\Users\krish\Documents\BITS\mlops-project\actions-runner'
[2026-08-30 10:23:02Z INFO HostContext] Well known directory 'Work': 'C:\Users\krish\Documents\BITS\mlops-project\actions-runner\_work'
[2026-08-30 10:23:03Z INFO JobServerQueue] Try to append 1 batches web console lines for record '2ac0e1d6-d8b1-4bb2-8176-f620714e455e', success rate: 1/1.
[2026-08-30 10:23:03Z INFO JobServerQueue] Try to append 1 batches web console lines for record '2ac0e1d6-d8b1-4bb2-8176-f620714e455e', success rate: 1/1.
[2026-08-30 10:23:04Z INFO JobServerQueue] Try to append 1 batches web console lines for record '2ac0e1d6-d8b1-4bb2-8176-f620714e455e', success rate: 1/1.
[2026-08-30 10:23:04Z INFO JobServerQueue] Try to append 1 batches web console lines for record '2ac0e1d6-d8b1-4bb2-8176-f620714e455e', success rate: 1/1.
[2026-08-30 10:23:05Z INFO JobServerQueue] Try to append 1 batches web console lines for record '2ac0e1d6-d8b1-4bb2-8176-f620714e455e', success rate: 1/1.
[2026-08-30 10:23:05Z INFO JobServerQueue] Try to append 1 batches web console lines for record '2ac0e1d6-d8b1-4bb2-8176-f620714e455e', success rate: 1/1.
[2026-08-30 10:23:06Z INFO JobServerQueue] Try to append 1 batches web console lines for record '2ac0e1d6-d8b1-4bb2-8176-f620714e455e', success rate: 1/1.
[2026-08-30 10:23:06Z INFO JobServerQueue] Try to append 1 batches web console lines for record '2ac0e1d6-d8b1-4bb2-8176-f620714e455e', success rate: 1/1.
[2026-08-30 10:23:07Z INFO JobServerQueue] Try to append 1 batches web console lines for record '2ac0e1d6-d8b1-4bb2-8176-f620714e455e', success rate: 1/1.
[2026-08-30 10:23:07Z INFO JobServerQueue] Try to append 1 batches web console lines for record '2ac0e1d6-d8b1-4bb2-8176-f620714e455e', success rate: 1/1.
[2026-08-30 10:23:08Z INFO JobServerQueue] Try to append 1 batches web console lines for record '2ac0e1d6-d8b1-4bb2-8176-f620714e455e', success rate: 1/1.
[2026-08-30 10:23:08Z INFO JobServerQueue] Try to append 1 batches web console lines for record '2ac0e1d6-d8b1-4bb2-8176-f620714e455e', success rate: 1/1.
[2026-08-30 10:23:09Z INFO JobServerQueue] Try to append 1 batches web console lines for record '2ac0e1d6-d8b1-4bb2-8176-f620714e455e', success rate: 1/1.
[2026-08-30 10:23:09Z INFO JobServerQueue] Try to append 1 batches web console lines for record '2ac0e1d6-d8b1-4bb2-8176-f620714e455e', success rate: 1/1.
[2026-08-30 10:23:10Z INFO JobServerQueue] Try to append 1 batches web console lines for record '2ac0e1d6-d8b1-4bb2-8176-f620714e455e', success rate: 1/1.
[2026-08-30 10:23:10Z INFO JobServerQueue] Try to append 1 batches web console lines for record '2ac0e1d6-d8b1-4bb2-8176-f620714e455e', success rate: 1/1.
[2026-08-30 10:23:11Z INFO JobServerQueue] Try to append 1 batches web console lines for record '2ac0e1d6-d8b1-4bb2-8176-f620714e455e', success rate: 1/1.
[2026-08-30 10:23:11Z INFO JobServerQueue] Try to append 1 batches web console lines for record '2ac0e1d6-d8b1-4bb2-8176-f620714e455e', success rate: 1/1.
[2026-08-30 10:23:12Z INFO JobServerQueue] Try to append 1 batches web console lines for record '2ac0e1d6-d8b1-4bb2-8176-f620714e455e', success rate: 1/1.
[2026-08-30 10:23:12Z INFO JobServerQueue] Try to append 1 batches web console lines for record '2ac0e1d6-d8b1-4bb2-8176-f620714e455e', success rate: 1/1.
[2026-08-30 10:23:12Z INFO HostContext] Well known directory 'Bin': 'C:\Users\krish\Documents\BITS\mlops-project\actions-runner\bin'
[2026-08-30 10:23:12Z INFO HostContext] Well known directory 'Root': 'C:\Users\krish\Documents\BITS\mlops-project\actions-runner'
[2026-08-30 10:23:12Z INFO HostContext] Well known directory 'Work': 'C:\Users\krish\Documents\BITS\mlops-project\actions-runner\_work'
[2026-08-30 10:23:13Z INFO JobServerQueue] Try to append 1 batches web console lines for record '2ac0e1d6-d8b1-4bb2-8176-f620714e455e', success rate: 1/1.
[2026-08-30 10:23:13Z INFO JobServerQueue] Try to append 1 batches web console lines for record '2ac0e1d6-d8b1-4bb2-8176-f620714e455e', success rate: 1/1.
[2026-08-30 10:23:14Z INFO JobServerQueue] Try to append 1 batches web console lines for record '2ac0e1d6-d8b1-4bb2-8176-f620714e455e', success rate: 1/1.
[2026-08-30 10:23:14Z INFO JobServerQueue] Try to append 1 batches web console lines for record '2ac0e1d6-d8b1-4bb2-8176-f620714e455e', success rate: 1/1.
[2026-08-30 10:23:15Z INFO JobServerQueue] Try to append 1 batches web console lines for record '2ac0e1d6-d8b1-4bb2-8176-f620714e455e', success rate: 1/1.
[2026-08-30 10:23:15Z INFO JobServerQueue] Try to append 1 batches web console lines for record '2ac0e1d6-d8b1-4bb2-8176-f620714e455e', success rate: 1/1.
[2026-08-30 10:23:16Z INFO JobServerQueue] Try to append 1 batches web console lines for record '2ac0e1d6-d8b1-4bb2-8176-f620714e455e', success rate: 1/1.
[2026-08-30 10:23:17Z INFO JobServerQueue] Try to append 1 batches web console lines for record '2ac0e1d6-d8b1-4bb2-8176-f620714e455e', success rate: 1/1.
[2026-08-30 10:23:17Z INFO JobServerQueue] Try to append 1 batches web console lines for record '2ac0e1d6-d8b1-4bb2-8176-f620714e455e', success rate: 1/1.
[2026-08-30 10:23:18Z INFO JobServerQueue] Try to append 1 batches web console lines for record '2ac0e1d6-d8b1-4bb2-8176-f620714e455e', success rate: 1/1.
[2026-08-30 10:23:18Z INFO JobServerQueue] Try to append 1 batches web console lines for record '2ac0e1d6-d8b1-4bb2-8176-f620714e455e', success rate: 1/1.
[2026-08-30 10:23:19Z INFO JobServerQueue] Try to append 1 batches web console lines for record '2ac0e1d6-d8b1-4bb2-8176-f620714e455e', success rate: 1/1.
[2026-08-30 10:23:19Z INFO JobServerQueue] Try to append 1 batches web console lines for record '2ac0e1d6-d8b1-4bb2-8176-f620714e455e', success rate: 1/1.
[2026-08-30 10:23:20Z INFO JobServerQueue] Try to append 1 batches web console lines for record '2ac0e1d6-d8b1-4bb2-8176-f620714e455e', success rate: 1/1.
[2026-08-30 10:23:20Z INFO JobServerQueue] Try to append 1 batches web console lines for record '2ac0e1d6-d8b1-4bb2-8176-f620714e455e', success rate: 1/1.
[2026-08-30 10:23:21Z INFO JobServerQueue] Try to append 1 batches web console lines for record '2ac0e1d6-d8b1-4bb2-8176-f620714e455e', success rate: 1/1.
[2026-08-30 10:23:21Z INFO JobServerQueue] Try to append 1 batches web console lines for record '2ac0e1d6-d8b1-4bb2-8176-f620714e455e', success rate: 1/1.
[2026-08-30 10:23:22Z INFO JobServerQueue] Try to append 1 batches web console lines for record '2ac0e1d6-d8b1-4bb2-8176-f620714e455e', success rate: 1/1.
[2026-08-30 10:23:22Z INFO JobServerQueue] Try to append 1 batches web console lines for record '2ac0e1d6-d8b1-4bb2-8176-f620714e455e', success rate: 1/1.
[2026-08-30 10:23:22Z INFO HostContext] Well known directory 'Bin': 'C:\Users\krish\Documents\BITS\mlops-project\actions-runner\bin'
[2026-08-30 10:23:22Z INFO HostContext] Well known directory 'Root': 'C:\Users\krish\Documents\BITS\mlops-project\actions-runner'
[2026-08-30 10:23:22Z INFO HostContext] Well known directory 'Work': 'C:\Users\krish\Documents\BITS\mlops-project\actions-runner\_work'
[2026-08-30 10:23:23Z INFO JobServerQueue] Try to append 1 batches web console lines for record '2ac0e1d6-d8b1-4bb2-8176-f620714e455e', success rate: 1/1.
[2026-08-30 10:23:23Z INFO JobServerQueue] Try to append 1 batches web console lines for record '2ac0e1d6-d8b1-4bb2-8176-f620714e455e', success rate: 1/1.
[2026-08-30 10:23:24Z INFO JobServerQueue] Try to append 1 batches web console lines for record '2ac0e1d6-d8b1-4bb2-8176-f620714e455e', success rate: 1/1.
[2026-08-30 10:23:24Z INFO JobServerQueue] Try to append 1 batches web console lines for record '2ac0e1d6-d8b1-4bb2-8176-f620714e455e', success rate: 1/1.
[2026-08-30 10:23:25Z INFO JobServerQueue] Try to append 1 batches web console lines for record '2ac0e1d6-d8b1-4bb2-8176-f620714e455e', success rate: 1/1.
[2026-08-30 10:23:25Z INFO JobServerQueue] Try to append 1 batches web console lines for record '2ac0e1d6-d8b1-4bb2-8176-f620714e455e', success rate: 1/1.
[2026-08-30 10:23:26Z INFO JobServerQueue] Try to append 1 batches web console lines for record '2ac0e1d6-d8b1-4bb2-8176-f620714e455e', success rate: 1/1.
[2026-08-30 10:23:26Z INFO JobServerQueue] Try to append 1 batches web console lines for record '2ac0e1d6-d8b1-4bb2-8176-f620714e455e', success rate: 1/1.
[2026-08-30 10:23:27Z INFO JobServerQueue] Try to append 1 batches web console lines for record '2ac0e1d6-d8b1-4bb2-8176-f620714e455e', success rate: 1/1.
[2026-08-30 10:23:27Z INFO JobServerQueue] Try to append 1 batches web console lines for record '2ac0e1d6-d8b1-4bb2-8176-f620714e455e', success rate: 1/1.
[2026-08-30 10:23:28Z INFO JobServerQueue] Try to append 1 batches web console lines for record '2ac0e1d6-d8b1-4bb2-8176-f620714e455e', success rate: 1/1.
[2026-08-30 10:23:28Z INFO JobServerQueue] Try to append 1 batches web console lines for record '2ac0e1d6-d8b1-4bb2-8176-f620714e455e', success rate: 1/1.
[2026-08-30 10:23:29Z INFO JobServerQueue] Try to append 1 batches web console lines for record '2ac0e1d6-d8b1-4bb2-8176-f620714e455e', success rate: 1/1.
[2026-08-30 10:23:30Z INFO JobServerQueue] Try to append 1 batches web console lines for record '2ac0e1d6-d8b1-4bb2-8176-f620714e455e', success rate: 1/1.
[2026-08-30 10:23:30Z INFO JobServerQueue] Try to append 1 batches web console lines for record '2ac0e1d6-d8b1-4bb2-8176-f620714e455e', success rate: 1/1.
[2026-08-30 10:23:31Z INFO JobServerQueue] Try to append 1 batches web console lines for record '2ac0e1d6-d8b1-4bb2-8176-f620714e455e', success rate: 1/1.
[2026-08-30 10:23:31Z INFO JobServerQueue] Try to append 1 batches web console lines for record '2ac0e1d6-d8b1-4bb2-8176-f620714e455e', success rate: 1/1.
[2026-08-30 10:23:32Z INFO JobServerQueue] Try to append 1 batches web console lines for record '2ac0e1d6-d8b1-4bb2-8176-f620714e455e', success rate: 1/1.
[2026-08-30 10:23:32Z INFO JobServerQueue] Try to append 1 batches web console lines for record '2ac0e1d6-d8b1-4bb2-8176-f620714e455e', success rate: 1/1.
[2026-08-30 10:23:32Z INFO HostContext] Well known directory 'Bin': 'C:\Users\krish\Documents\BITS\mlops-project\actions-runner\bin'
[2026-08-30 10:23:32Z INFO HostContext] Well known directory 'Root': 'C:\Users\krish\Documents\BITS\mlops-project\actions-runner'
[2026-08-30 10:23:32Z INFO HostContext] Well known directory 'Work': 'C:\Users\krish\Documents\BITS\mlops-project\actions-runner\_work'
[2026-08-30 10:23:33Z INFO JobServerQueue] Try to append 1 batches web console lines for record '2ac0e1d6-d8b1-4bb2-8176-f620714e455e', success rate: 1/1.
[2026-08-30 10:23:33Z INFO JobServerQueue] Try to append 1 batches web console lines for record '2ac0e1d6-d8b1-4bb2-8176-f620714e455e', success rate: 1/1.
[2026-08-30 10:23:34Z INFO JobServerQueue] Try to append 1 batches web console lines for record '2ac0e1d6-d8b1-4bb2-8176-f620714e455e', success rate: 1/1.
[2026-08-30 10:23:34Z INFO JobServerQueue] Try to append 1 batches web console lines for record '2ac0e1d6-d8b1-4bb2-8176-f620714e455e', success rate: 1/1.
[2026-08-30 10:23:35Z INFO JobServerQueue] Try to append 1 batches web console lines for record '2ac0e1d6-d8b1-4bb2-8176-f620714e455e', success rate: 1/1.
[2026-08-30 10:23:36Z INFO JobServerQueue] Try to append 1 batches web console lines for record '2ac0e1d6-d8b1-4bb2-8176-f620714e455e', success rate: 1/1.
[2026-08-30 10:23:36Z INFO JobServerQueue] Try to append 1 batches web console lines for record '2ac0e1d6-d8b1-4bb2-8176-f620714e455e', success rate: 1/1.
[2026-08-30 10:23:37Z INFO JobServerQueue] Try to append 1 batches web console lines for record '2ac0e1d6-d8b1-4bb2-8176-f620714e455e', success rate: 1/1.
[2026-08-30 10:23:37Z INFO JobServerQueue] Try to append 1 batches web console lines for record '2ac0e1d6-d8b1-4bb2-8176-f620714e455e', success rate: 1/1.
[2026-08-30 10:23:38Z INFO JobServerQueue] Try to append 1 batches web console lines for record '2ac0e1d6-d8b1-4bb2-8176-f620714e455e', success rate: 1/1.
[2026-08-30 10:23:38Z INFO JobServerQueue] Try to append 1 batches web console lines for record '2ac0e1d6-d8b1-4bb2-8176-f620714e455e', success rate: 1/1.
[2026-08-30 10:23:39Z INFO JobServerQueue] Try to append 1 batches web console lines for record '2ac0e1d6-d8b1-4bb2-8176-f620714e455e', success rate: 1/1.
[2026-08-30 10:23:39Z INFO JobServerQueue] Try to append 1 batches web console lines for record '2ac0e1d6-d8b1-4bb2-8176-f620714e455e', success rate: 1/1.
[2026-08-30 10:23:40Z INFO JobServerQueue] Try to append 1 batches web console lines for record '2ac0e1d6-d8b1-4bb2-8176-f620714e455e', success rate: 1/1.
[2026-08-30 10:23:40Z INFO JobServerQueue] Try to append 1 batches web console lines for record '2ac0e1d6-d8b1-4bb2-8176-f620714e455e', success rate: 1/1.
[2026-08-30 10:23:41Z INFO JobServerQueue] Try to append 1 batches web console lines for record '2ac0e1d6-d8b1-4bb2-8176-f620714e455e', success rate: 1/1.
[2026-08-30 10:23:41Z INFO JobServerQueue] Try to append 1 batches web console lines for record '2ac0e1d6-d8b1-4bb2-8176-f620714e455e', success rate: 1/1.
[2026-08-30 10:23:42Z INFO JobServerQueue] Try to append 1 batches web console lines for record '2ac0e1d6-d8b1-4bb2-8176-f620714e455e', success rate: 1/1.
[2026-08-30 10:23:42Z INFO HostContext] Well known directory 'Bin': 'C:\Users\krish\Documents\BITS\mlops-project\actions-runner\bin'
[2026-08-30 10:23:42Z INFO HostContext] Well known directory 'Root': 'C:\Users\krish\Documents\BITS\mlops-project\actions-runner'
[2026-08-30 10:23:42Z INFO HostContext] Well known directory 'Work': 'C:\Users\krish\Documents\BITS\mlops-project\actions-runner\_work'
[2026-08-30 10:23:42Z INFO JobServerQueue] Try to append 1 batches web console lines for record '2ac0e1d6-d8b1-4bb2-8176-f620714e455e', success rate: 1/1.
[2026-08-30 10:23:43Z INFO JobServerQueue] Try to append 1 batches web console lines for record '2ac0e1d6-d8b1-4bb2-8176-f620714e455e', success rate: 1/1.
[2026-08-30 10:23:43Z INFO JobServerQueue] Try to append 1 batches web console lines for record '2ac0e1d6-d8b1-4bb2-8176-f620714e455e', success rate: 1/1.
[2026-08-30 10:23:44Z INFO JobServerQueue] Try to append 1 batches web console lines for record '2ac0e1d6-d8b1-4bb2-8176-f620714e455e', success rate: 1/1.
[2026-08-30 10:23:44Z INFO JobServerQueue] Try to append 1 batches web console lines for record '2ac0e1d6-d8b1-4bb2-8176-f620714e455e', success rate: 1/1.
[2026-08-30 10:23:45Z INFO JobServerQueue] Try to append 1 batches web console lines for record '2ac0e1d6-d8b1-4bb2-8176-f620714e455e', success rate: 1/1.
[2026-08-30 10:23:46Z INFO JobServerQueue] Try to append 1 batches web console lines for record '2ac0e1d6-d8b1-4bb2-8176-f620714e455e', success rate: 1/1.
[2026-08-30 10:23:46Z INFO JobServerQueue] Try to append 1 batches web console lines for record '2ac0e1d6-d8b1-4bb2-8176-f620714e455e', success rate: 1/1.
[2026-08-30 10:23:47Z INFO JobServerQueue] Try to append 1 batches web console lines for record '2ac0e1d6-d8b1-4bb2-8176-f620714e455e', success rate: 1/1.
[2026-08-30 10:23:47Z INFO JobServerQueue] Try to append 1 batches web console lines for record '2ac0e1d6-d8b1-4bb2-8176-f620714e455e', success rate: 1/1.
[2026-08-30 10:23:48Z INFO JobServerQueue] Try to append 1 batches web console lines for record '2ac0e1d6-d8b1-4bb2-8176-f620714e455e', success rate: 1/1.
[2026-08-30 10:23:48Z INFO JobServerQueue] Try to append 1 batches web console lines for record '2ac0e1d6-d8b1-4bb2-8176-f620714e455e', success rate: 1/1.
[2026-08-30 10:23:49Z INFO JobServerQueue] Try to append 1 batches web console lines for record '2ac0e1d6-d8b1-4bb2-8176-f620714e455e', success rate: 1/1.
[2026-08-30 10:23:49Z INFO JobServerQueue] Try to append 1 batches web console lines for record '2ac0e1d6-d8b1-4bb2-8176-f620714e455e', success rate: 1/1.
[2026-08-30 10:23:50Z INFO JobServerQueue] Try to append 1 batches web console lines for record '2ac0e1d6-d8b1-4bb2-8176-f620714e455e', success rate: 1/1.
[2026-08-30 10:23:50Z INFO JobServerQueue] Try to append 1 batches web console lines for record '2ac0e1d6-d8b1-4bb2-8176-f620714e455e', success rate: 1/1.
[2026-08-30 10:23:51Z INFO JobServerQueue] Try to append 1 batches web console lines for record '2ac0e1d6-d8b1-4bb2-8176-f620714e455e', success rate: 1/1.
[2026-08-30 10:23:51Z INFO JobServerQueue] Try to append 1 batches web console lines for record '2ac0e1d6-d8b1-4bb2-8176-f620714e455e', success rate: 1/1.
[2026-08-30 10:23:52Z INFO JobServerQueue] Try to append 1 batches web console lines for record '2ac0e1d6-d8b1-4bb2-8176-f620714e455e', success rate: 1/1.
[2026-08-30 10:23:52Z INFO JobServerQueue] Try to append 1 batches web console lines for record '2ac0e1d6-d8b1-4bb2-8176-f620714e455e', success rate: 1/1.
[2026-08-30 10:23:52Z INFO HostContext] Well known directory 'Bin': 'C:\Users\krish\Documents\BITS\mlops-project\actions-runner\bin'
[2026-08-30 10:23:52Z INFO HostContext] Well known directory 'Root': 'C:\Users\krish\Documents\BITS\mlops-project\actions-runner'
[2026-08-30 10:23:52Z INFO HostContext] Well known directory 'Work': 'C:\Users\krish\Documents\BITS\mlops-project\actions-runner\_work'
[2026-08-30 10:23:53Z INFO JobServerQueue] Try to append 1 batches web console lines for record '2ac0e1d6-d8b1-4bb2-8176-f620714e455e', success rate: 1/1.
[2026-08-30 10:23:53Z INFO JobServerQueue] Try to append 1 batches web console lines for record '2ac0e1d6-d8b1-4bb2-8176-f620714e455e', success rate: 1/1.
[2026-08-30 10:23:54Z INFO JobServerQueue] Try to append 1 batches web console lines for record '2ac0e1d6-d8b1-4bb2-8176-f620714e455e', success rate: 1/1.
[2026-08-30 10:23:54Z INFO JobServerQueue] Try to append 1 batches web console lines for record '2ac0e1d6-d8b1-4bb2-8176-f620714e455e', success rate: 1/1.
[2026-08-30 10:23:55Z INFO JobServerQueue] Try to append 1 batches web console lines for record '2ac0e1d6-d8b1-4bb2-8176-f620714e455e', success rate: 1/1.
[2026-08-30 10:23:55Z INFO JobServerQueue] Try to append 1 batches web console lines for record '2ac0e1d6-d8b1-4bb2-8176-f620714e455e', success rate: 1/1.
[2026-08-30 10:23:56Z INFO JobServerQueue] Try to append 1 batches web console lines for record '2ac0e1d6-d8b1-4bb2-8176-f620714e455e', success rate: 1/1.
[2026-08-30 10:23:56Z INFO JobServerQueue] Try to append 1 batches web console lines for record '2ac0e1d6-d8b1-4bb2-8176-f620714e455e', success rate: 1/1.
[2026-08-30 10:23:57Z INFO JobServerQueue] Try to append 1 batches web console lines for record '2ac0e1d6-d8b1-4bb2-8176-f620714e455e', success rate: 1/1.
[2026-08-30 10:23:57Z INFO JobServerQueue] Try to append 1 batches web console lines for record '2ac0e1d6-d8b1-4bb2-8176-f620714e455e', success rate: 1/1.
[2026-08-30 10:23:58Z INFO JobServerQueue] Try to append 1 batches web console lines for record '2ac0e1d6-d8b1-4bb2-8176-f620714e455e', success rate: 1/1.
[2026-08-30 10:23:58Z INFO JobServerQueue] Try to append 1 batches web console lines for record '2ac0e1d6-d8b1-4bb2-8176-f620714e455e', success rate: 1/1.
[2026-08-30 10:23:59Z INFO JobServerQueue] Try to append 1 batches web console lines for record '2ac0e1d6-d8b1-4bb2-8176-f620714e455e', success rate: 1/1.
[2026-08-30 10:24:00Z INFO JobServerQueue] Try to append 1 batches web console lines for record '2ac0e1d6-d8b1-4bb2-8176-f620714e455e', success rate: 1/1.
[2026-08-30 10:24:00Z INFO JobServerQueue] Try to append 1 batches web console lines for record '2ac0e1d6-d8b1-4bb2-8176-f620714e455e', success rate: 1/1.
[2026-08-30 10:24:01Z INFO JobServerQueue] Try to append 1 batches web console lines for record '2ac0e1d6-d8b1-4bb2-8176-f620714e455e', success rate: 1/1.
[2026-08-30 10:24:01Z INFO JobServerQueue] Try to append 1 batches web console lines for record '2ac0e1d6-d8b1-4bb2-8176-f620714e455e', success rate: 1/1.
[2026-08-30 10:24:02Z INFO JobServerQueue] Try to append 1 batches web console lines for record '2ac0e1d6-d8b1-4bb2-8176-f620714e455e', success rate: 1/1.
[2026-08-30 10:24:02Z INFO JobServerQueue] Try to append 1 batches web console lines for record '2ac0e1d6-d8b1-4bb2-8176-f620714e455e', success rate: 1/1.
[2026-08-30 10:24:02Z INFO HostContext] Well known directory 'Bin': 'C:\Users\krish\Documents\BITS\mlops-project\actions-runner\bin'
[2026-08-30 10:24:02Z INFO HostContext] Well known directory 'Root': 'C:\Users\krish\Documents\BITS\mlops-project\actions-runner'
[2026-08-30 10:24:02Z INFO HostContext] Well known directory 'Work': 'C:\Users\krish\Documents\BITS\mlops-project\actions-runner\_work'
[2026-08-30 10:24:03Z INFO JobServerQueue] Try to append 1 batches web console lines for record '2ac0e1d6-d8b1-4bb2-8176-f620714e455e', success rate: 1/1.
[2026-08-30 10:24:03Z INFO JobServerQueue] Try to append 1 batches web console lines for record '2ac0e1d6-d8b1-4bb2-8176-f620714e455e', success rate: 1/1.
[2026-08-30 10:24:04Z INFO JobServerQueue] Try to append 1 batches web console lines for record '2ac0e1d6-d8b1-4bb2-8176-f620714e455e', success rate: 1/1.
[2026-08-30 10:24:04Z INFO JobServerQueue] Try to append 1 batches web console lines for record '2ac0e1d6-d8b1-4bb2-8176-f620714e455e', success rate: 1/1.
[2026-08-30 10:24:05Z INFO JobServerQueue] Try to append 1 batches web console lines for record '2ac0e1d6-d8b1-4bb2-8176-f620714e455e', success rate: 1/1.
[2026-08-30 10:24:05Z INFO JobServerQueue] Try to append 1 batches web console lines for record '2ac0e1d6-d8b1-4bb2-8176-f620714e455e', success rate: 1/1.
[2026-08-30 10:24:06Z INFO JobServerQueue] Try to append 1 batches web console lines for record '2ac0e1d6-d8b1-4bb2-8176-f620714e455e', success rate: 1/1.
[2026-08-30 10:24:06Z INFO JobServerQueue] Try to append 1 batches web console lines for record '2ac0e1d6-d8b1-4bb2-8176-f620714e455e', success rate: 1/1.
[2026-08-30 10:24:07Z INFO JobServerQueue] Try to append 1 batches web console lines for record '2ac0e1d6-d8b1-4bb2-8176-f620714e455e', success rate: 1/1.
[2026-08-30 10:24:07Z INFO JobServerQueue] Try to append 1 batches web console lines for record '2ac0e1d6-d8b1-4bb2-8176-f620714e455e', success rate: 1/1.
[2026-08-30 10:24:08Z INFO JobServerQueue] Try to append 1 batches web console lines for record '2ac0e1d6-d8b1-4bb2-8176-f620714e455e', success rate: 1/1.
[2026-08-30 10:24:08Z INFO JobServerQueue] Try to append 1 batches web console lines for record '2ac0e1d6-d8b1-4bb2-8176-f620714e455e', success rate: 1/1.
[2026-08-30 10:24:09Z INFO JobServerQueue] Try to append 1 batches web console lines for record '2ac0e1d6-d8b1-4bb2-8176-f620714e455e', success rate: 1/1.
[2026-08-30 10:24:09Z INFO JobServerQueue] Try to append 1 batches web console lines for record '2ac0e1d6-d8b1-4bb2-8176-f620714e455e', success rate: 1/1.
[2026-08-30 10:24:10Z INFO JobServerQueue] Try to append 1 batches web console lines for record '2ac0e1d6-d8b1-4bb2-8176-f620714e455e', success rate: 1/1.
[2026-08-30 10:24:10Z INFO JobServerQueue] Try to append 1 batches web console lines for record '2ac0e1d6-d8b1-4bb2-8176-f620714e455e', success rate: 1/1.
[2026-08-30 10:24:11Z INFO JobServerQueue] Try to append 1 batches web console lines for record '2ac0e1d6-d8b1-4bb2-8176-f620714e455e', success rate: 1/1.
[2026-08-30 10:24:12Z INFO JobServerQueue] Try to append 1 batches web console lines for record '2ac0e1d6-d8b1-4bb2-8176-f620714e455e', success rate: 1/1.
[2026-08-30 10:24:12Z INFO JobServerQueue] Try to append 1 batches web console lines for record '2ac0e1d6-d8b1-4bb2-8176-f620714e455e', success rate: 1/1.
[2026-08-30 10:24:12Z INFO HostContext] Well known directory 'Bin': 'C:\Users\krish\Documents\BITS\mlops-project\actions-runner\bin'
[2026-08-30 10:24:12Z INFO HostContext] Well known directory 'Root': 'C:\Users\krish\Documents\BITS\mlops-project\actions-runner'
[2026-08-30 10:24:12Z INFO HostContext] Well known directory 'Work': 'C:\Users\krish\Documents\BITS\mlops-project\actions-runner\_work'
[2026-08-30 10:24:13Z INFO JobServerQueue] Try to append 1 batches web console lines for record '2ac0e1d6-d8b1-4bb2-8176-f620714e455e', success rate: 1/1.
[2026-08-30 10:24:13Z INFO JobServerQueue] Try to append 1 batches web console lines for record '2ac0e1d6-d8b1-4bb2-8176-f620714e455e', success rate: 1/1.
[2026-08-30 10:24:14Z INFO JobServerQueue] Try to append 1 batches web console lines for record '2ac0e1d6-d8b1-4bb2-8176-f620714e455e', success rate: 1/1.
[2026-08-30 10:24:14Z INFO JobServerQueue] Try to append 1 batches web console lines for record '2ac0e1d6-d8b1-4bb2-8176-f620714e455e', success rate: 1/1.
[2026-08-30 10:24:15Z INFO JobServerQueue] Try to append 1 batches web console lines for record '2ac0e1d6-d8b1-4bb2-8176-f620714e455e', success rate: 1/1.
[2026-08-30 10:24:15Z INFO JobServerQueue] Try to append 1 batches web console lines for record '2ac0e1d6-d8b1-4bb2-8176-f620714e455e', success rate: 1/1.
[2026-08-30 10:24:16Z INFO JobServerQueue] Try to append 1 batches web console lines for record '2ac0e1d6-d8b1-4bb2-8176-f620714e455e', success rate: 1/1.
[2026-08-30 10:24:16Z INFO JobServerQueue] Try to append 1 batches web console lines for record '2ac0e1d6-d8b1-4bb2-8176-f620714e455e', success rate: 1/1.
[2026-08-30 10:24:17Z INFO JobServerQueue] Try to append 1 batches web console lines for record '2ac0e1d6-d8b1-4bb2-8176-f620714e455e', success rate: 1/1.
[2026-08-30 10:24:17Z INFO JobServerQueue] Try to append 1 batches web console lines for record '2ac0e1d6-d8b1-4bb2-8176-f620714e455e', success rate: 1/1.
[2026-08-30 10:24:18Z INFO JobServerQueue] Try to append 1 batches web console lines for record '2ac0e1d6-d8b1-4bb2-8176-f620714e455e', success rate: 1/1.
[2026-08-30 10:24:18Z INFO JobServerQueue] Try to append 1 batches web console lines for record '2ac0e1d6-d8b1-4bb2-8176-f620714e455e', success rate: 1/1.
[2026-08-30 10:24:19Z INFO JobServerQueue] Try to append 1 batches web console lines for record '2ac0e1d6-d8b1-4bb2-8176-f620714e455e', success rate: 1/1.
[2026-08-30 10:24:19Z INFO JobServerQueue] Try to append 1 batches web console lines for record '2ac0e1d6-d8b1-4bb2-8176-f620714e455e', success rate: 1/1.
[2026-08-30 10:24:20Z INFO JobServerQueue] Try to append 1 batches web console lines for record '2ac0e1d6-d8b1-4bb2-8176-f620714e455e', success rate: 1/1.
[2026-08-30 10:24:20Z INFO JobServerQueue] Try to append 1 batches web console lines for record '2ac0e1d6-d8b1-4bb2-8176-f620714e455e', success rate: 1/1.
[2026-08-30 10:24:21Z INFO JobServerQueue] Try to append 1 batches web console lines for record '2ac0e1d6-d8b1-4bb2-8176-f620714e455e', success rate: 1/1.
[2026-08-30 10:24:21Z INFO JobServerQueue] Try to append 1 batches web console lines for record '2ac0e1d6-d8b1-4bb2-8176-f620714e455e', success rate: 1/1.
[2026-08-30 10:24:22Z INFO JobServerQueue] Try to append 1 batches web console lines for record '2ac0e1d6-d8b1-4bb2-8176-f620714e455e', success rate: 1/1.
[2026-08-30 10:24:22Z INFO HostContext] Well known directory 'Bin': 'C:\Users\krish\Documents\BITS\mlops-project\actions-runner\bin'
[2026-08-30 10:24:22Z INFO HostContext] Well known directory 'Root': 'C:\Users\krish\Documents\BITS\mlops-project\actions-runner'
[2026-08-30 10:24:22Z INFO HostContext] Well known directory 'Work': 'C:\Users\krish\Documents\BITS\mlops-project\actions-runner\_work'
[2026-08-30 10:24:22Z INFO JobServerQueue] Try to append 1 batches web console lines for record '2ac0e1d6-d8b1-4bb2-8176-f620714e455e', success rate: 1/1.
[2026-08-30 10:24:23Z INFO JobServerQueue] Try to append 1 batches web console lines for record '2ac0e1d6-d8b1-4bb2-8176-f620714e455e', success rate: 1/1.
[2026-08-30 10:24:23Z INFO JobServerQueue] Try to append 1 batches web console lines for record '2ac0e1d6-d8b1-4bb2-8176-f620714e455e', success rate: 1/1.
[2026-08-30 10:24:24Z INFO JobServerQueue] Try to append 1 batches web console lines for record '2ac0e1d6-d8b1-4bb2-8176-f620714e455e', success rate: 1/1.
[2026-08-30 10:24:24Z INFO JobServerQueue] Try to append 1 batches web console lines for record '2ac0e1d6-d8b1-4bb2-8176-f620714e455e', success rate: 1/1.
[2026-08-30 10:24:25Z INFO JobServerQueue] Try to append 1 batches web console lines for record '2ac0e1d6-d8b1-4bb2-8176-f620714e455e', success rate: 1/1.
[2026-08-30 10:24:26Z INFO JobServerQueue] Try to append 1 batches web console lines for record '2ac0e1d6-d8b1-4bb2-8176-f620714e455e', success rate: 1/1.
[2026-08-30 10:24:26Z INFO JobServerQueue] Try to append 1 batches web console lines for record '2ac0e1d6-d8b1-4bb2-8176-f620714e455e', success rate: 1/1.
[2026-08-30 10:24:27Z INFO JobServerQueue] Try to append 1 batches web console lines for record '2ac0e1d6-d8b1-4bb2-8176-f620714e455e', success rate: 1/1.
[2026-08-30 10:24:27Z INFO JobServerQueue] Try to append 1 batches web console lines for record '2ac0e1d6-d8b1-4bb2-8176-f620714e455e', success rate: 1/1.
[2026-08-30 10:24:28Z INFO JobServerQueue] Try to append 1 batches web console lines for record '2ac0e1d6-d8b1-4bb2-8176-f620714e455e', success rate: 1/1.
[2026-08-30 10:24:28Z INFO JobServerQueue] Try to append 1 batches web console lines for record '2ac0e1d6-d8b1-4bb2-8176-f620714e455e', success rate: 1/1.
[2026-08-30 10:24:29Z INFO JobServerQueue] Try to append 1 batches web console lines for record '2ac0e1d6-d8b1-4bb2-8176-f620714e455e', success rate: 1/1.
[2026-08-30 10:24:29Z INFO JobServerQueue] Try to append 1 batches web console lines for record '2ac0e1d6-d8b1-4bb2-8176-f620714e455e', success rate: 1/1.
[2026-08-30 10:24:30Z INFO JobServerQueue] Try to append 1 batches web console lines for record '2ac0e1d6-d8b1-4bb2-8176-f620714e455e', success rate: 1/1.
[2026-08-30 10:24:30Z INFO JobServerQueue] Try to append 1 batches web console lines for record '2ac0e1d6-d8b1-4bb2-8176-f620714e455e', success rate: 1/1.
[2026-08-30 10:24:31Z INFO JobServerQueue] Try to append 1 batches web console lines for record '2ac0e1d6-d8b1-4bb2-8176-f620714e455e', success rate: 1/1.
[2026-08-30 10:24:31Z INFO JobServerQueue] Try to append 1 batches web console lines for record '2ac0e1d6-d8b1-4bb2-8176-f620714e455e', success rate: 1/1.
[2026-08-30 10:24:32Z INFO JobServerQueue] Try to append 1 batches web console lines for record '2ac0e1d6-d8b1-4bb2-8176-f620714e455e', success rate: 1/1.
[2026-08-30 10:24:32Z INFO JobServerQueue] Try to append 1 batches web console lines for record '2ac0e1d6-d8b1-4bb2-8176-f620714e455e', success rate: 1/1.
[2026-08-30 10:24:32Z INFO HostContext] Well known directory 'Bin': 'C:\Users\krish\Documents\BITS\mlops-project\actions-runner\bin'
[2026-08-30 10:24:32Z INFO HostContext] Well known directory 'Root': 'C:\Users\krish\Documents\BITS\mlops-project\actions-runner'
[2026-08-30 10:24:32Z INFO HostContext] Well known directory 'Work': 'C:\Users\krish\Documents\BITS\mlops-project\actions-runner\_work'
[2026-08-30 10:24:33Z INFO JobServerQueue] Try to append 1 batches web console lines for record '2ac0e1d6-d8b1-4bb2-8176-f620714e455e', success rate: 1/1.
[2026-08-30 10:24:33Z INFO JobServerQueue] Try to append 1 batches web console lines for record '2ac0e1d6-d8b1-4bb2-8176-f620714e455e', success rate: 1/1.
[2026-08-30 10:24:34Z INFO JobServerQueue] Try to append 1 batches web console lines for record '2ac0e1d6-d8b1-4bb2-8176-f620714e455e', success rate: 1/1.
[2026-08-30 10:24:34Z INFO JobServerQueue] Try to append 1 batches web console lines for record '2ac0e1d6-d8b1-4bb2-8176-f620714e455e', success rate: 1/1.
[2026-08-30 10:24:35Z INFO JobServerQueue] Try to append 1 batches web console lines for record '2ac0e1d6-d8b1-4bb2-8176-f620714e455e', success rate: 1/1.
[2026-08-30 10:24:35Z INFO JobServerQueue] Try to append 1 batches web console lines for record '2ac0e1d6-d8b1-4bb2-8176-f620714e455e', success rate: 1/1.
[2026-08-30 10:24:36Z INFO JobServerQueue] Try to append 1 batches web console lines for record '2ac0e1d6-d8b1-4bb2-8176-f620714e455e', success rate: 1/1.
[2026-08-30 10:24:36Z INFO JobServerQueue] Try to append 1 batches web console lines for record '2ac0e1d6-d8b1-4bb2-8176-f620714e455e', success rate: 1/1.
[2026-08-30 10:24:37Z INFO JobServerQueue] Try to append 1 batches web console lines for record '2ac0e1d6-d8b1-4bb2-8176-f620714e455e', success rate: 1/1.
[2026-08-30 10:24:37Z INFO JobServerQueue] Try to append 1 batches web console lines for record '2ac0e1d6-d8b1-4bb2-8176-f620714e455e', success rate: 1/1.
[2026-08-30 10:24:38Z INFO JobServerQueue] Try to append 1 batches web console lines for record '2ac0e1d6-d8b1-4bb2-8176-f620714e455e', success rate: 1/1.
[2026-08-30 10:24:38Z INFO JobServerQueue] Try to append 1 batches web console lines for record '2ac0e1d6-d8b1-4bb2-8176-f620714e455e', success rate: 1/1.
[2026-08-30 10:24:39Z INFO JobServerQueue] Try to append 1 batches web console lines for record '2ac0e1d6-d8b1-4bb2-8176-f620714e455e', success rate: 1/1.
[2026-08-30 10:24:40Z INFO JobServerQueue] Try to append 1 batches web console lines for record '2ac0e1d6-d8b1-4bb2-8176-f620714e455e', success rate: 1/1.
[2026-08-30 10:24:40Z INFO JobServerQueue] Try to append 1 batches web console lines for record '2ac0e1d6-d8b1-4bb2-8176-f620714e455e', success rate: 1/1.
[2026-08-30 10:24:41Z INFO JobServerQueue] Try to append 1 batches web console lines for record '2ac0e1d6-d8b1-4bb2-8176-f620714e455e', success rate: 1/1.
[2026-08-30 10:24:41Z INFO ProcessInvokerWrapper] STDOUT/STDERR stream read finished.
[2026-08-30 10:24:41Z INFO ProcessInvokerWrapper] STDOUT/STDERR stream read finished.
[2026-08-30 10:24:41Z INFO ProcessInvokerWrapper] Finished process 19884 with exit code 0, and elapsed time 00:29:38.8742454.
[2026-08-30 10:24:41Z INFO CreateStepSummaryCommand] Step Summary file (C:\Users\krish\Documents\BITS\mlops-project\actions-runner\_work\_temp\_runner_file_commands\step_summary_295cb941-70d7-4a8d-a21c-43615161c258) is empty; skipping attachment upload
[2026-08-30 10:24:41Z INFO StepsRunner] Step result: 
[2026-08-30 10:24:41Z INFO ExecutionContext] Publish step telemetry for current step {
  "action": "cmd",
  "type": "run",
  "stage": "Main",
  "stepId": "2ac0e1d6-d8b1-4bb2-8176-f620714e455e",
  "stepContextName": "__run",
  "result": "succeeded",
  "errorMessages": [],
  "executionTimeInSeconds": 1781,
  "startTime": "2026-08-30T09:55:01.2899371Z",
  "finishTime": "2026-08-30T10:24:41.5668895Z"
}.
[2026-08-30 10:24:41Z INFO StepsRunner] No need for updating job result with current step result 'Succeeded'.
[2026-08-30 10:24:41Z INFO StepsRunner] Current state: job state = ''
[2026-08-30 10:24:41Z INFO StepsRunner] Processing step: DisplayName='Deploy application'
[2026-08-30 10:24:41Z INFO StepsRunner] Evaluating: success()
[2026-08-30 10:24:41Z INFO StepsRunner] Result: true
[2026-08-30 10:24:41Z INFO StepsRunner] Starting the step.
[2026-08-30 10:24:41Z INFO HostContext] Well known directory 'Bin': 'C:\Users\krish\Documents\BITS\mlops-project\actions-runner\bin'
[2026-08-30 10:24:41Z INFO HostContext] Well known directory 'Root': 'C:\Users\krish\Documents\BITS\mlops-project\actions-runner'
[2026-08-30 10:24:41Z INFO HostContext] Well known directory 'Work': 'C:\Users\krish\Documents\BITS\mlops-project\actions-runner\_work'
[2026-08-30 10:24:41Z INFO StepsRunner] Which2: 'chcp'
[2026-08-30 10:24:41Z INFO StepsRunner] Location: 'C:\WINDOWS\system32\chcp.COM'
[2026-08-30 10:24:41Z INFO ProcessInvokerWrapper] Starting process:
[2026-08-30 10:24:41Z INFO ProcessInvokerWrapper]   File name: 'C:\WINDOWS\system32\chcp.COM'
[2026-08-30 10:24:41Z INFO ProcessInvokerWrapper]   Arguments: '65001'
[2026-08-30 10:24:41Z INFO ProcessInvokerWrapper]   Working directory: 'C:\Users\krish\Documents\BITS\mlops-project\actions-runner\_work'
[2026-08-30 10:24:41Z INFO ProcessInvokerWrapper]   Require exit code zero: 'False'
[2026-08-30 10:24:41Z INFO ProcessInvokerWrapper]   Encoding web name:  ; code page: ''
[2026-08-30 10:24:41Z INFO ProcessInvokerWrapper]   Force kill process on cancellation: 'False'
[2026-08-30 10:24:41Z INFO ProcessInvokerWrapper]   Redirected STDIN: 'False'
[2026-08-30 10:24:41Z INFO ProcessInvokerWrapper]   Persist current code page: 'True'
[2026-08-30 10:24:41Z INFO ProcessInvokerWrapper]   Keep redirected STDIN open: 'False'
[2026-08-30 10:24:41Z INFO ProcessInvokerWrapper]   High priority process: 'False'
[2026-08-30 10:24:41Z INFO ProcessInvokerWrapper] Process started with process id 18820, waiting for process exit.
[2026-08-30 10:24:41Z INFO ProcessInvokerWrapper] STDOUT/STDERR stream read finished.
[2026-08-30 10:24:41Z INFO ProcessInvokerWrapper] STDOUT/STDERR stream read finished.
[2026-08-30 10:24:41Z INFO ProcessInvokerWrapper] Finished process 18820 with exit code 0, and elapsed time 00:00:00.1029494.
[2026-08-30 10:24:41Z INFO StepsRunner] Successfully returned to code page 65001 (UTF8)
[2026-08-30 10:24:41Z INFO HostContext] Well known directory 'Bin': 'C:\Users\krish\Documents\BITS\mlops-project\actions-runner\bin'
[2026-08-30 10:24:41Z INFO HostContext] Well known directory 'Root': 'C:\Users\krish\Documents\BITS\mlops-project\actions-runner'
[2026-08-30 10:24:41Z INFO HostContext] Well known directory 'Work': 'C:\Users\krish\Documents\BITS\mlops-project\actions-runner\_work'
[2026-08-30 10:24:41Z INFO HostContext] Well known directory 'Temp': 'C:\Users\krish\Documents\BITS\mlops-project\actions-runner\_work\_temp'
[2026-08-30 10:24:41Z INFO ExecutionContext] Write event payload to C:\Users\krish\Documents\BITS\mlops-project\actions-runner\_work\_temp\_github_workflow\event.json
[2026-08-30 10:24:41Z INFO HostContext] Well known directory 'Bin': 'C:\Users\krish\Documents\BITS\mlops-project\actions-runner\bin'
[2026-08-30 10:24:41Z INFO HostContext] Well known directory 'Root': 'C:\Users\krish\Documents\BITS\mlops-project\actions-runner'
[2026-08-30 10:24:41Z INFO HostContext] Well known directory 'Work': 'C:\Users\krish\Documents\BITS\mlops-project\actions-runner\_work'
[2026-08-30 10:24:41Z INFO HostContext] Well known directory 'Temp': 'C:\Users\krish\Documents\BITS\mlops-project\actions-runner\_work\_temp'
[2026-08-30 10:24:41Z INFO ExtensionManager] Getting extensions for interface: 'GitHub.Runner.Worker.IFileCommandExtension'
[2026-08-30 10:24:41Z INFO ExtensionManager] Getting extensions for interface: 'GitHub.Runner.Worker.IActionCommandExtension'
[2026-08-30 10:24:41Z INFO ActionCommandManager] Register action command extension for command internal-set-repo-path
[2026-08-30 10:24:41Z INFO ActionCommandManager] Register action command extension for command set-env
[2026-08-30 10:24:41Z INFO ActionCommandManager] Register action command extension for command set-output
[2026-08-30 10:24:41Z INFO ActionCommandManager] Register action command extension for command save-state
[2026-08-30 10:24:41Z INFO ActionCommandManager] Register action command extension for command add-path
[2026-08-30 10:24:41Z INFO ActionCommandManager] Register action command extension for command add-mask
[2026-08-30 10:24:41Z INFO ActionCommandManager] Register action command extension for command add-matcher
[2026-08-30 10:24:41Z INFO ActionCommandManager] Register action command extension for command remove-matcher
[2026-08-30 10:24:41Z INFO ActionCommandManager] Register action command extension for command warning
[2026-08-30 10:24:41Z INFO ActionCommandManager] Register action command extension for command error
[2026-08-30 10:24:41Z INFO ActionCommandManager] Register action command extension for command notice
[2026-08-30 10:24:41Z INFO ActionCommandManager] Register action command extension for command debug
[2026-08-30 10:24:41Z INFO ActionCommandManager] Register action command extension for command group
[2026-08-30 10:24:41Z INFO ActionCommandManager] Register action command extension for command endgroup
[2026-08-30 10:24:41Z INFO ActionCommandManager] Register action command extension for command echo
[2026-08-30 10:24:41Z INFO ScriptHandler] Which2: 'cmd'
[2026-08-30 10:24:41Z INFO ScriptHandler] Location: 'C:\WINDOWS\system32\cmd.EXE'
[2026-08-30 10:24:41Z INFO HostContext] Well known directory 'Bin': 'C:\Users\krish\Documents\BITS\mlops-project\actions-runner\bin'
[2026-08-30 10:24:41Z INFO HostContext] Well known directory 'Root': 'C:\Users\krish\Documents\BITS\mlops-project\actions-runner'
[2026-08-30 10:24:41Z INFO HostContext] Well known directory 'Work': 'C:\Users\krish\Documents\BITS\mlops-project\actions-runner\_work'
[2026-08-30 10:24:41Z INFO HostContext] Well known directory 'Temp': 'C:\Users\krish\Documents\BITS\mlops-project\actions-runner\_work\_temp'
[2026-08-30 10:24:41Z INFO ScriptHandler] Which2: 'cmd'
[2026-08-30 10:24:41Z INFO ScriptHandler] Location: 'C:\WINDOWS\system32\cmd.EXE'
[2026-08-30 10:24:41Z INFO ProcessInvokerWrapper] Starting process:
[2026-08-30 10:24:41Z INFO ProcessInvokerWrapper]   File name: 'C:\WINDOWS\system32\cmd.EXE'
[2026-08-30 10:24:41Z INFO ProcessInvokerWrapper]   Arguments: '/D /E:ON /V:OFF /S /C "CALL "C:\Users\krish\Documents\BITS\mlops-project\actions-runner\_work\_temp\fb12a3df-3378-4f3d-b14d-69e0cf3d050b.cmd""'
[2026-08-30 10:24:41Z INFO ProcessInvokerWrapper]   Working directory: 'C:\Users\krish\Documents\BITS\mlops-project\actions-runner\_work\assignment2\assignment2'
[2026-08-30 10:24:41Z INFO ProcessInvokerWrapper]   Require exit code zero: 'False'
[2026-08-30 10:24:41Z INFO ProcessInvokerWrapper]   Encoding web name:  ; code page: ''
[2026-08-30 10:24:41Z INFO ProcessInvokerWrapper]   Force kill process on cancellation: 'False'
[2026-08-30 10:24:41Z INFO ProcessInvokerWrapper]   Redirected STDIN: 'False'
[2026-08-30 10:24:41Z INFO ProcessInvokerWrapper]   Persist current code page: 'True'
[2026-08-30 10:24:41Z INFO ProcessInvokerWrapper]   Keep redirected STDIN open: 'False'
[2026-08-30 10:24:41Z INFO ProcessInvokerWrapper]   High priority process: 'False'
[2026-08-30 10:24:42Z INFO ProcessInvokerWrapper] Process started with process id 21164, waiting for process exit.
[2026-08-30 10:24:42Z INFO JobServerQueue] Try to upload 1 log files or attachments, success rate: 1/1.
[2026-08-30 10:24:42Z INFO JobServerQueue] Got a step log file to send to results service.
[2026-08-30 10:24:42Z INFO JobServerQueue] Starting upload of step log file to results service ResultsLog, C:\Users\krish\Documents\BITS\mlops-project\actions-runner\_diag\blocks\3934f28b-e857-4e02-92c2-014b7327ae39_2ac0e1d6-d8b1-4bb2-8176-f620714e455e.1
[2026-08-30 10:24:42Z INFO JobServerQueue] Try to append 1 batches web console lines for record 'd5d643b6-624a-44c1-8d21-eb1d8993f6c5', success rate: 1/1.
[2026-08-30 10:24:42Z INFO HostContext] Well known directory 'Bin': 'C:\Users\krish\Documents\BITS\mlops-project\actions-runner\bin'
[2026-08-30 10:24:42Z INFO HostContext] Well known directory 'Root': 'C:\Users\krish\Documents\BITS\mlops-project\actions-runner'
[2026-08-30 10:24:42Z INFO HostContext] Well known directory 'Work': 'C:\Users\krish\Documents\BITS\mlops-project\actions-runner\_work'
[2026-08-30 10:24:43Z INFO JobServerQueue] Try to append 1 batches web console lines for record 'd5d643b6-624a-44c1-8d21-eb1d8993f6c5', success rate: 1/1.
[2026-08-30 10:24:44Z INFO JobServerQueue] Try to append 1 batches web console lines for record 'd5d643b6-624a-44c1-8d21-eb1d8993f6c5', success rate: 1/1.
[2026-08-30 10:24:44Z INFO JobServerQueue] Try to append 1 batches web console lines for record 'd5d643b6-624a-44c1-8d21-eb1d8993f6c5', success rate: 1/1.
[2026-08-30 10:24:45Z INFO ProcessInvokerWrapper] STDOUT/STDERR stream read finished.
[2026-08-30 10:24:45Z INFO ProcessInvokerWrapper] STDOUT/STDERR stream read finished.
[2026-08-30 10:24:45Z INFO ProcessInvokerWrapper] Finished process 21164 with exit code 1, and elapsed time 00:00:03.0665961.
[2026-08-30 10:24:45Z INFO CreateStepSummaryCommand] Step Summary file (C:\Users\krish\Documents\BITS\mlops-project\actions-runner\_work\_temp\_runner_file_commands\step_summary_53215e2b-a49f-47b6-81e2-1a93c18f8e76) is empty; skipping attachment upload
[2026-08-30 10:24:45Z INFO StepsRunner] Step result: Failed
[2026-08-30 10:24:45Z INFO ExecutionContext] Publish step telemetry for current step {
  "action": "cmd",
  "type": "run",
  "stage": "Main",
  "stepId": "d5d643b6-624a-44c1-8d21-eb1d8993f6c5",
  "stepContextName": "__run_2",
  "result": "failed",
  "errorMessages": [
    "Process completed with exit code 1."
  ],
  "executionTimeInSeconds": 4,
  "startTime": "2026-08-30T10:24:41.6134316Z",
  "finishTime": "2026-08-30T10:24:45.0673592Z"
}.
[2026-08-30 10:24:45Z INFO StepsRunner] Update job result with current step result 'Failed'.
[2026-08-30 10:24:45Z INFO StepsRunner] Current state: job state = 'Failed'
[2026-08-30 10:24:45Z INFO StepsRunner] Processing step: DisplayName='Check deployment'
[2026-08-30 10:24:45Z INFO StepsRunner] Evaluating: success()
[2026-08-30 10:24:45Z INFO StepsRunner] Result: false
[2026-08-30 10:24:45Z INFO StepsRunner] Skipping step due to condition evaluation.
[2026-08-30 10:24:45Z INFO StepsRunner] No need for updating job result with current step result 'Skipped'.
[2026-08-30 10:24:45Z INFO StepsRunner] Current state: job state = 'Failed'
[2026-08-30 10:24:45Z INFO StepsRunner] Processing step: DisplayName='Wait for application'
[2026-08-30 10:24:45Z INFO StepsRunner] Evaluating: success()
[2026-08-30 10:24:45Z INFO StepsRunner] Result: false
[2026-08-30 10:24:45Z INFO StepsRunner] Skipping step due to condition evaluation.
[2026-08-30 10:24:45Z INFO StepsRunner] No need for updating job result with current step result 'Skipped'.
[2026-08-30 10:24:45Z INFO StepsRunner] Current state: job state = 'Failed'
[2026-08-30 10:24:45Z INFO StepsRunner] Processing step: DisplayName='Run smoke tests'
[2026-08-30 10:24:45Z INFO StepsRunner] Evaluating: success()
[2026-08-30 10:24:45Z INFO StepsRunner] Result: false
[2026-08-30 10:24:45Z INFO StepsRunner] Skipping step due to condition evaluation.
[2026-08-30 10:24:45Z INFO StepsRunner] No need for updating job result with current step result 'Skipped'.
[2026-08-30 10:24:45Z INFO StepsRunner] Current state: job state = 'Failed'
[2026-08-30 10:24:45Z INFO JobServerQueue] Try to upload 1 log files or attachments, success rate: 1/1.
[2026-08-30 10:24:45Z INFO StepsRunner] Processing step: DisplayName='Post Checkout repository'
[2026-08-30 10:24:45Z INFO StepsRunner] Evaluating: always()
[2026-08-30 10:24:45Z INFO StepsRunner] Result: true
[2026-08-30 10:24:45Z INFO StepsRunner] Starting the step.
[2026-08-30 10:24:45Z INFO HostContext] Well known directory 'Bin': 'C:\Users\krish\Documents\BITS\mlops-project\actions-runner\bin'
[2026-08-30 10:24:45Z INFO HostContext] Well known directory 'Root': 'C:\Users\krish\Documents\BITS\mlops-project\actions-runner'
[2026-08-30 10:24:45Z INFO HostContext] Well known directory 'Work': 'C:\Users\krish\Documents\BITS\mlops-project\actions-runner\_work'
[2026-08-30 10:24:45Z INFO StepsRunner] Which2: 'chcp'
[2026-08-30 10:24:45Z INFO StepsRunner] Location: 'C:\WINDOWS\system32\chcp.COM'
[2026-08-30 10:24:45Z INFO ProcessInvokerWrapper] Starting process:
[2026-08-30 10:24:45Z INFO ProcessInvokerWrapper]   File name: 'C:\WINDOWS\system32\chcp.COM'
[2026-08-30 10:24:45Z INFO ProcessInvokerWrapper]   Arguments: '65001'
[2026-08-30 10:24:45Z INFO ProcessInvokerWrapper]   Working directory: 'C:\Users\krish\Documents\BITS\mlops-project\actions-runner\_work'
[2026-08-30 10:24:45Z INFO ProcessInvokerWrapper]   Require exit code zero: 'False'
[2026-08-30 10:24:45Z INFO ProcessInvokerWrapper]   Encoding web name:  ; code page: ''
[2026-08-30 10:24:45Z INFO ProcessInvokerWrapper]   Force kill process on cancellation: 'False'
[2026-08-30 10:24:45Z INFO ProcessInvokerWrapper]   Redirected STDIN: 'False'
[2026-08-30 10:24:45Z INFO ProcessInvokerWrapper]   Persist current code page: 'True'
[2026-08-30 10:24:45Z INFO ProcessInvokerWrapper]   Keep redirected STDIN open: 'False'
[2026-08-30 10:24:45Z INFO ProcessInvokerWrapper]   High priority process: 'False'
[2026-08-30 10:24:45Z INFO ProcessInvokerWrapper] Process started with process id 19936, waiting for process exit.
[2026-08-30 10:24:45Z INFO ProcessInvokerWrapper] STDOUT/STDERR stream read finished.
[2026-08-30 10:24:45Z INFO ProcessInvokerWrapper] STDOUT/STDERR stream read finished.
[2026-08-30 10:24:45Z INFO ProcessInvokerWrapper] Finished process 19936 with exit code 0, and elapsed time 00:00:00.0567861.
[2026-08-30 10:24:45Z INFO StepsRunner] Successfully returned to code page 65001 (UTF8)
[2026-08-30 10:24:45Z INFO HostContext] Well known directory 'Bin': 'C:\Users\krish\Documents\BITS\mlops-project\actions-runner\bin'
[2026-08-30 10:24:45Z INFO HostContext] Well known directory 'Root': 'C:\Users\krish\Documents\BITS\mlops-project\actions-runner'
[2026-08-30 10:24:45Z INFO HostContext] Well known directory 'Work': 'C:\Users\krish\Documents\BITS\mlops-project\actions-runner\_work'
[2026-08-30 10:24:45Z INFO HostContext] Well known directory 'Actions': 'C:\Users\krish\Documents\BITS\mlops-project\actions-runner\_work\_actions'
[2026-08-30 10:24:45Z INFO ActionManager] Load action that reference repository from 'C:\Users\krish\Documents\BITS\mlops-project\actions-runner\_work\_actions\actions\checkout\v4'
[2026-08-30 10:24:45Z INFO JobServerQueue] Try to append 1 batches web console lines for record 'd5d643b6-624a-44c1-8d21-eb1d8993f6c5', success rate: 1/1.
[2026-08-30 10:24:45Z INFO HostContext] Well known directory 'Bin': 'C:\Users\krish\Documents\BITS\mlops-project\actions-runner\bin'
[2026-08-30 10:24:45Z INFO HostContext] Well known directory 'Root': 'C:\Users\krish\Documents\BITS\mlops-project\actions-runner'
[2026-08-30 10:24:45Z INFO HostContext] Well known directory 'Work': 'C:\Users\krish\Documents\BITS\mlops-project\actions-runner\_work'
[2026-08-30 10:24:45Z INFO HostContext] Well known directory 'Actions': 'C:\Users\krish\Documents\BITS\mlops-project\actions-runner\_work\_actions'
[2026-08-30 10:24:45Z INFO ActionManifestManagerLegacy] Loaded action.yml file: {
  "name": "Checkout",
  "description": "Checkout a Git repository at a particular version",
  "inputs": {
    "type": 2,
    "map": [
      {
        "key": {
          "type": 0,
          "file": 2,
          "line": 4,
          "col": 3,
          "lit": "repository"
        },
        "value": {
          "type": 3,
          "file": 2,
          "line": 6,
          "col": 14,
          "expr": "github.repository"
        }
      },
      {
        "key": {
          "type": 0,
          "file": 2,
          "line": 7,
          "col": 3,
          "lit": "ref"
        },
        "value": ""
      },
      {
        "key": {
          "type": 0,
          "file": 2,
          "line": 12,
          "col": 3,
          "lit": "token"
        },
        "value": {
          "type": 3,
          "file": 2,
          "line": 24,
          "col": 14,
          "expr": "github.token"
        }
      },
      {
        "key": {
          "type": 0,
          "file": 2,
          "line": 25,
          "col": 3,
          "lit": "ssh-key"
        },
        "value": ""
      },
      {
        "key": {
          "type": 0,
          "file": 2,
          "line": 37,
          "col": 3,
          "lit": "ssh-known-hosts"
        },
        "value": ""
      },
      {
        "key": {
          "type": 0,
          "file": 2,
          "line": 42,
          "col": 3,
          "lit": "ssh-strict"
        },
        "value": {
          "type": 0,
          "file": 2,
          "line": 47,
          "col": 14,
          "lit": "true"
        }
      },
      {
        "key": {
          "type": 0,
          "file": 2,
          "line": 48,
          "col": 3,
          "lit": "ssh-user"
        },
        "value": {
          "type": 0,
          "file": 2,
          "line": 51,
          "col": 14,
          "lit": "git"
        }
      },
      {
        "key": {
          "type": 0,
          "file": 2,
          "line": 52,
          "col": 3,
          "lit": "persist-credentials"
        },
        "value": {
          "type": 0,
          "file": 2,
          "line": 54,
          "col": 14,
          "lit": "true"
        }
      },
      {
        "key": {
          "type": 0,
          "file": 2,
          "line": 55,
          "col": 3,
          "lit": "path"
        },
        "value": ""
      },
      {
        "key": {
          "type": 0,
          "file": 2,
          "line": 57,
          "col": 3,
          "lit": "clean"
        },
        "value": {
          "type": 0,
          "file": 2,
          "line": 59,
          "col": 14,
          "lit": "true"
        }
      },
      {
        "key": {
          "type": 0,
          "file": 2,
          "line": 60,
          "col": 3,
          "lit": "filter"
        },
        "value": {
          "type": 0,
          "file": 2,
          "line": 64,
          "col": 14,
          "lit": ""
        }
      },
      {
        "key": {
          "type": 0,
          "file": 2,
          "line": 65,
          "col": 3,
          "lit": "sparse-checkout"
        },
        "value": {
          "type": 0,
          "file": 2,
          "line": 69,
          "col": 14,
          "lit": ""
        }
      },
      {
        "key": {
          "type": 0,
          "file": 2,
          "line": 70,
          "col": 3,
          "lit": "sparse-checkout-cone-mode"
        },
        "value": {
          "type": 0,
          "file": 2,
          "line": 73,
          "col": 14,
          "lit": "true"
        }
      },
      {
        "key": {
          "type": 0,
          "file": 2,
          "line": 74,
          "col": 3,
          "lit": "fetch-depth"
        },
        "value": {
          "type": 0,
          "file": 2,
          "line": 76,
          "col": 14,
          "lit": "1"
        }
      },
      {
        "key": {
          "type": 0,
          "file": 2,
          "line": 77,
          "col": 3,
          "lit": "fetch-tags"
        },
        "value": {
          "type": 0,
          "file": 2,
          "line": 79,
          "col": 14,
          "lit": "false"
        }
      },
      {
        "key": {
          "type": 0,
          "file": 2,
          "line": 80,
          "col": 3,
          "lit": "show-progress"
        },
        "value": {
          "type": 0,
          "file": 2,
          "line": 82,
          "col": 14,
          "lit": "true"
        }
      },
      {
        "key": {
          "type": 0,
          "file": 2,
          "line": 83,
          "col": 3,
          "lit": "lfs"
        },
        "value": {
          "type": 0,
          "file": 2,
          "line": 85,
          "col": 14,
          "lit": "false"
        }
      },
      {
        "key": {
          "type": 0,
          "file": 2,
          "line": 86,
          "col": 3,
          "lit": "submodules"
        },
        "value": {
          "type": 0,
          "file": 2,
          "line": 94,
          "col": 14,
          "lit": "false"
        }
      },
      {
        "key": {
          "type": 0,
          "file": 2,
          "line": 95,
          "col": 3,
          "lit": "set-safe-directory"
        },
        "value": {
          "type": 0,
          "file": 2,
          "line": 97,
          "col": 14,
          "lit": "true"
        }
      },
      {
        "key": {
          "type": 0,
          "file": 2,
          "line": 98,
          "col": 3,
          "lit": "github-server-url"
        },
        "value": ""
      },
      {
        "key": {
          "type": 0,
          "file": 2,
          "line": 101,
          "col": 3,
          "lit": "allow-unsafe-pr-checkout"
        },
        "value": {
          "type": 0,
          "file": 2,
          "line": 109,
          "col": 14,
          "lit": "false"
        }
      }
    ]
  },
  "execution": {
    "executionType": "nodeJS",
    "hasPre": false,
    "hasPost": true,
    "script": "dist/index.js",
    "pre": null,
    "post": "dist/index.js",
    "nodeVersion": "node20",
    "cleanupCondition": "always()",
    "initCondition": "always()"
  },
  "deprecated": null
}
[2026-08-30 10:24:45Z INFO ActionManager] Action pre node.js file: N/A.
[2026-08-30 10:24:45Z INFO ActionManager] Action node.js file: dist/index.js.
[2026-08-30 10:24:45Z INFO ActionManager] Action post node.js file: dist/index.js.
[2026-08-30 10:24:45Z INFO HostContext] Well known directory 'Bin': 'C:\Users\krish\Documents\BITS\mlops-project\actions-runner\bin'
[2026-08-30 10:24:45Z INFO HostContext] Well known directory 'Root': 'C:\Users\krish\Documents\BITS\mlops-project\actions-runner'
[2026-08-30 10:24:45Z INFO HostContext] Well known directory 'Work': 'C:\Users\krish\Documents\BITS\mlops-project\actions-runner\_work'
[2026-08-30 10:24:45Z INFO HostContext] Well known directory 'Temp': 'C:\Users\krish\Documents\BITS\mlops-project\actions-runner\_work\_temp'
[2026-08-30 10:24:45Z INFO ExecutionContext] Write event payload to C:\Users\krish\Documents\BITS\mlops-project\actions-runner\_work\_temp\_github_workflow\event.json
[2026-08-30 10:24:45Z INFO HostContext] Well known directory 'Bin': 'C:\Users\krish\Documents\BITS\mlops-project\actions-runner\bin'
[2026-08-30 10:24:45Z INFO HostContext] Well known directory 'Root': 'C:\Users\krish\Documents\BITS\mlops-project\actions-runner'
[2026-08-30 10:24:45Z INFO HostContext] Well known directory 'Work': 'C:\Users\krish\Documents\BITS\mlops-project\actions-runner\_work'
[2026-08-30 10:24:45Z INFO HostContext] Well known directory 'Temp': 'C:\Users\krish\Documents\BITS\mlops-project\actions-runner\_work\_temp'
[2026-08-30 10:24:45Z INFO ExtensionManager] Getting extensions for interface: 'GitHub.Runner.Worker.IFileCommandExtension'
[2026-08-30 10:24:45Z INFO ActionManifestManagerLegacy] Input 'repository': default value evaluate result: {
  "type": 0,
  "file": 2,
  "line": 6,
  "col": 14,
  "lit": "2024ac05127-tech/assignment2"
}
[2026-08-30 10:24:45Z INFO ActionManifestManagerLegacy] Input 'ref': default value evaluate result: ""
[2026-08-30 10:24:45Z INFO ActionManifestManagerLegacy] Input 'token': default value evaluate result: {
  "type": 0,
  "file": 2,
  "line": 24,
  "col": 14,
  "lit": "***"
}
[2026-08-30 10:24:45Z INFO ActionManifestManagerLegacy] Input 'ssh-key': default value evaluate result: ""
[2026-08-30 10:24:45Z INFO ActionManifestManagerLegacy] Input 'ssh-known-hosts': default value evaluate result: ""
[2026-08-30 10:24:45Z INFO ActionManifestManagerLegacy] Input 'ssh-strict': default value evaluate result: {
  "type": 0,
  "file": 2,
  "line": 47,
  "col": 14,
  "lit": "true"
}
[2026-08-30 10:24:45Z INFO ActionManifestManagerLegacy] Input 'ssh-user': default value evaluate result: {
  "type": 0,
  "file": 2,
  "line": 51,
  "col": 14,
  "lit": "git"
}
[2026-08-30 10:24:45Z INFO ActionManifestManagerLegacy] Input 'persist-credentials': default value evaluate result: {
  "type": 0,
  "file": 2,
  "line": 54,
  "col": 14,
  "lit": "true"
}
[2026-08-30 10:24:45Z INFO ActionManifestManagerLegacy] Input 'path': default value evaluate result: ""
[2026-08-30 10:24:45Z INFO ActionManifestManagerLegacy] Input 'clean': default value evaluate result: {
  "type": 0,
  "file": 2,
  "line": 59,
  "col": 14,
  "lit": "true"
}
[2026-08-30 10:24:45Z INFO ActionManifestManagerLegacy] Input 'filter': default value evaluate result: {
  "type": 0,
  "file": 2,
  "line": 64,
  "col": 14,
  "lit": ""
}
[2026-08-30 10:24:45Z INFO ActionManifestManagerLegacy] Input 'sparse-checkout': default value evaluate result: {
  "type": 0,
  "file": 2,
  "line": 69,
  "col": 14,
  "lit": ""
}
[2026-08-30 10:24:45Z INFO ActionManifestManagerLegacy] Input 'sparse-checkout-cone-mode': default value evaluate result: {
  "type": 0,
  "file": 2,
  "line": 73,
  "col": 14,
  "lit": "true"
}
[2026-08-30 10:24:45Z INFO ActionManifestManagerLegacy] Input 'fetch-depth': default value evaluate result: {
  "type": 0,
  "file": 2,
  "line": 76,
  "col": 14,
  "lit": "1"
}
[2026-08-30 10:24:45Z INFO ActionManifestManagerLegacy] Input 'fetch-tags': default value evaluate result: {
  "type": 0,
  "file": 2,
  "line": 79,
  "col": 14,
  "lit": "false"
}
[2026-08-30 10:24:45Z INFO ActionManifestManagerLegacy] Input 'show-progress': default value evaluate result: {
  "type": 0,
  "file": 2,
  "line": 82,
  "col": 14,
  "lit": "true"
}
[2026-08-30 10:24:45Z INFO ActionManifestManagerLegacy] Input 'lfs': default value evaluate result: {
  "type": 0,
  "file": 2,
  "line": 85,
  "col": 14,
  "lit": "false"
}
[2026-08-30 10:24:45Z INFO ActionManifestManagerLegacy] Input 'submodules': default value evaluate result: {
  "type": 0,
  "file": 2,
  "line": 94,
  "col": 14,
  "lit": "false"
}
[2026-08-30 10:24:45Z INFO ActionManifestManagerLegacy] Input 'set-safe-directory': default value evaluate result: {
  "type": 0,
  "file": 2,
  "line": 97,
  "col": 14,
  "lit": "true"
}
[2026-08-30 10:24:45Z INFO ActionManifestManagerLegacy] Input 'github-server-url': default value evaluate result: ""
[2026-08-30 10:24:45Z INFO ActionManifestManagerLegacy] Input 'allow-unsafe-pr-checkout': default value evaluate result: {
  "type": 0,
  "file": 2,
  "line": 109,
  "col": 14,
  "lit": "false"
}
[2026-08-30 10:24:45Z INFO ExtensionManager] Getting extensions for interface: 'GitHub.Runner.Worker.IActionCommandExtension'
[2026-08-30 10:24:45Z INFO ActionCommandManager] Register action command extension for command internal-set-repo-path
[2026-08-30 10:24:45Z INFO ActionCommandManager] Register action command extension for command set-env
[2026-08-30 10:24:45Z INFO ActionCommandManager] Register action command extension for command set-output
[2026-08-30 10:24:45Z INFO ActionCommandManager] Register action command extension for command save-state
[2026-08-30 10:24:45Z INFO ActionCommandManager] Register action command extension for command add-path
[2026-08-30 10:24:45Z INFO ActionCommandManager] Register action command extension for command add-mask
[2026-08-30 10:24:45Z INFO ActionCommandManager] Register action command extension for command add-matcher
[2026-08-30 10:24:45Z INFO ActionCommandManager] Register action command extension for command remove-matcher
[2026-08-30 10:24:45Z INFO ActionCommandManager] Register action command extension for command warning
[2026-08-30 10:24:45Z INFO ActionCommandManager] Register action command extension for command error
[2026-08-30 10:24:45Z INFO ActionCommandManager] Register action command extension for command notice
[2026-08-30 10:24:45Z INFO ActionCommandManager] Register action command extension for command debug
[2026-08-30 10:24:45Z INFO ActionCommandManager] Register action command extension for command group
[2026-08-30 10:24:45Z INFO ActionCommandManager] Register action command extension for command endgroup
[2026-08-30 10:24:45Z INFO ActionCommandManager] Register action command extension for command echo
[2026-08-30 10:24:45Z INFO HostContext] Well known directory 'Bin': 'C:\Users\krish\Documents\BITS\mlops-project\actions-runner\bin'
[2026-08-30 10:24:45Z INFO HostContext] Well known directory 'Root': 'C:\Users\krish\Documents\BITS\mlops-project\actions-runner'
[2026-08-30 10:24:45Z INFO HostContext] Well known directory 'Externals': 'C:\Users\krish\Documents\BITS\mlops-project\actions-runner\externals'
[2026-08-30 10:24:45Z INFO ProcessInvokerWrapper] Starting process:
[2026-08-30 10:24:45Z INFO ProcessInvokerWrapper]   File name: 'C:\Users\krish\Documents\BITS\mlops-project\actions-runner\externals\node24\bin\node.exe'
[2026-08-30 10:24:45Z INFO ProcessInvokerWrapper]   Arguments: '"C:\Users\krish\Documents\BITS\mlops-project\actions-runner\_work\_actions\actions\checkout\v4\dist/index.js"'
[2026-08-30 10:24:45Z INFO ProcessInvokerWrapper]   Working directory: 'C:\Users\krish\Documents\BITS\mlops-project\actions-runner\_work\assignment2\assignment2'
[2026-08-30 10:24:45Z INFO ProcessInvokerWrapper]   Require exit code zero: 'False'
[2026-08-30 10:24:45Z INFO ProcessInvokerWrapper]   Encoding web name: utf-8 ; code page: '65001'
[2026-08-30 10:24:45Z INFO ProcessInvokerWrapper]   Force kill process on cancellation: 'False'
[2026-08-30 10:24:45Z INFO ProcessInvokerWrapper]   Redirected STDIN: 'False'
[2026-08-30 10:24:45Z INFO ProcessInvokerWrapper]   Persist current code page: 'True'
[2026-08-30 10:24:45Z INFO ProcessInvokerWrapper]   Keep redirected STDIN open: 'False'
[2026-08-30 10:24:45Z INFO ProcessInvokerWrapper]   High priority process: 'False'
[2026-08-30 10:24:45Z INFO JobServerQueue] Try to append 1 batches web console lines for record 'd5243d8e-4c13-490f-b286-7bdb0b64e62b', success rate: 1/1.
[2026-08-30 10:24:46Z INFO JobServerQueue] Tried to upload 1 file(s) to results, success rate: 1/1.
[2026-08-30 10:24:47Z INFO JobServerQueue] Got a step log file to send to results service.
[2026-08-30 10:24:47Z INFO JobServerQueue] Starting upload of step log file to results service ResultsLog, C:\Users\krish\Documents\BITS\mlops-project\actions-runner\_diag\blocks\3934f28b-e857-4e02-92c2-014b7327ae39_d5d643b6-624a-44c1-8d21-eb1d8993f6c5.1
[2026-08-30 10:24:48Z INFO JobServerQueue] Tried to upload 1 file(s) to results, success rate: 1/1.
[2026-08-30 10:24:51Z INFO ProcessInvokerWrapper] Process started with process id 17948, waiting for process exit.
[2026-08-30 10:24:52Z INFO JobServerQueue] Try to append 1 batches web console lines for record 'd5243d8e-4c13-490f-b286-7bdb0b64e62b', success rate: 1/1.
[2026-08-30 10:24:52Z INFO AddMaskCommandExtension] Add new secret mask with length of 32
[2026-08-30 10:24:52Z INFO JobServerQueue] Try to append 1 batches web console lines for record 'd5243d8e-4c13-490f-b286-7bdb0b64e62b', success rate: 1/1.
[2026-08-30 10:24:52Z INFO HostContext] Well known directory 'Bin': 'C:\Users\krish\Documents\BITS\mlops-project\actions-runner\bin'
[2026-08-30 10:24:52Z INFO HostContext] Well known directory 'Root': 'C:\Users\krish\Documents\BITS\mlops-project\actions-runner'
[2026-08-30 10:24:52Z INFO HostContext] Well known directory 'Work': 'C:\Users\krish\Documents\BITS\mlops-project\actions-runner\_work'
[2026-08-30 10:24:55Z INFO JobServerQueue] Try to append 1 batches web console lines for record 'd5243d8e-4c13-490f-b286-7bdb0b64e62b', success rate: 1/1.
[2026-08-30 10:24:57Z INFO JobServerQueue] Try to append 1 batches web console lines for record 'd5243d8e-4c13-490f-b286-7bdb0b64e62b', success rate: 1/1.
[2026-08-30 10:24:57Z INFO JobServerQueue] Try to append 1 batches web console lines for record 'd5243d8e-4c13-490f-b286-7bdb0b64e62b', success rate: 1/1.
[2026-08-30 10:24:59Z INFO ProcessInvokerWrapper] STDOUT/STDERR stream read finished.
[2026-08-30 10:24:59Z INFO ProcessInvokerWrapper] STDOUT/STDERR stream read finished.
[2026-08-30 10:24:59Z INFO ProcessInvokerWrapper] Finished process 17948 with exit code 0, and elapsed time 00:00:13.6991004.
[2026-08-30 10:24:59Z INFO CreateStepSummaryCommand] Step Summary file (C:\Users\krish\Documents\BITS\mlops-project\actions-runner\_work\_temp\_runner_file_commands\step_summary_e9d1fcfc-271d-4070-b4b8-2f1f56bf9d09) is empty; skipping attachment upload
[2026-08-30 10:24:59Z INFO StepsRunner] Step result: 
[2026-08-30 10:24:59Z INFO ExecutionContext] Publish step telemetry for current step {
  "action": "actions/checkout",
  "ref": "v4",
  "type": "node24",
  "stage": "Post",
  "stepId": "d5243d8e-4c13-490f-b286-7bdb0b64e62b",
  "result": "succeeded",
  "errorMessages": [],
  "executionTimeInSeconds": 14,
  "startTime": "2026-08-30T10:24:45.2489855Z",
  "finishTime": "2026-08-30T10:24:59.1164112Z"
}.
[2026-08-30 10:24:59Z INFO StepsRunner] No need for updating job result with current step result 'Succeeded'.
[2026-08-30 10:24:59Z INFO StepsRunner] Current state: job state = 'Failed'
[2026-08-30 10:24:59Z INFO JobRunner] Finalize job.
[2026-08-30 10:24:59Z INFO HostContext] Well known directory 'Bin': 'C:\Users\krish\Documents\BITS\mlops-project\actions-runner\bin'
[2026-08-30 10:24:59Z INFO HostContext] Well known directory 'Root': 'C:\Users\krish\Documents\BITS\mlops-project\actions-runner'
[2026-08-30 10:24:59Z INFO HostContext] Well known directory 'Diag': 'C:\Users\krish\Documents\BITS\mlops-project\actions-runner\_diag'
[2026-08-30 10:24:59Z INFO HostContext] Well known directory 'Bin': 'C:\Users\krish\Documents\BITS\mlops-project\actions-runner\bin'
[2026-08-30 10:24:59Z INFO HostContext] Well known directory 'Root': 'C:\Users\krish\Documents\BITS\mlops-project\actions-runner'
[2026-08-30 10:24:59Z INFO HostContext] Well known directory 'Diag': 'C:\Users\krish\Documents\BITS\mlops-project\actions-runner\_diag'
[2026-08-30 10:24:59Z INFO JobExtension] Initialize Env context
[2026-08-30 10:24:59Z INFO JobExtension] Initialize steps context
[2026-08-30 10:24:59Z INFO JobExtension] Total accessible running process: 317.
[2026-08-30 10:24:59Z INFO JobServerQueue] Try to append 1 batches web console lines for record '0bd6b441-e6c5-4478-ab68-6f0a22d4e24d', success rate: 1/1.
[2026-08-30 10:24:59Z INFO JobExtension] Inspecting process environment variables. PID: 18548 (FileCoAuth)
[2026-08-30 10:24:59Z INFO JobExtension] Inspecting process environment variables. PID: 18592 (chrome)
[2026-08-30 10:24:59Z INFO JobServerQueue] Try to upload 1 log files or attachments, success rate: 1/1.
[2026-08-30 10:24:59Z INFO JobExtension] Inspecting process environment variables. PID: 16352 (chrome)
[2026-08-30 10:24:59Z INFO JobExtension] Inspecting process environment variables. PID: 19076 (backgroundTaskHost)
[2026-08-30 10:24:59Z INFO JobExtension] Inspecting process environment variables. PID: 17376 (backgroundTaskHost)
[2026-08-30 10:24:59Z INFO JobExtension] Inspecting process environment variables. PID: 15332 (svchost)
[2026-08-30 10:24:59Z WARN JobExtension] Ignore exception during read process environment variables: Access is denied.
[2026-08-30 10:24:59Z INFO JobExtension] Inspecting process environment variables. PID: 19828 (svchost)
[2026-08-30 10:24:59Z WARN JobExtension] Ignore exception during read process environment variables: Access is denied.
[2026-08-30 10:24:59Z INFO JobExtension] Inspecting process environment variables. PID: 20888 (WmiApSrv)
[2026-08-30 10:24:59Z WARN JobExtension] Ignore exception during read process environment variables: Access is denied.
[2026-08-30 10:24:59Z INFO JobExtension] Inspecting process environment variables. PID: 21280 (svchost)
[2026-08-30 10:24:59Z WARN JobExtension] Ignore exception during read process environment variables: Access is denied.
[2026-08-30 10:24:59Z INFO JobExtension] Inspecting process environment variables. PID: 22748 (msedgewebview2)
[2026-08-30 10:24:59Z INFO JobExtension] Inspecting process environment variables. PID: 10156 (smartscreen)
[2026-08-30 10:24:59Z INFO JobExtension] Inspecting process environment variables. PID: 1808 (msedge)
[2026-08-30 10:24:59Z INFO JobExtension] Inspecting process environment variables. PID: 16792 (msedge)
[2026-08-30 10:24:59Z INFO JobExtension] Inspecting process environment variables. PID: 21256 (msedge)
[2026-08-30 10:24:59Z INFO JobExtension] Inspecting process environment variables. PID: 11032 (msedge)
[2026-08-30 10:24:59Z INFO JobExtension] Inspecting process environment variables. PID: 18960 (msedge)
[2026-08-30 10:24:59Z INFO JobExtension] Inspecting process environment variables. PID: 14556 (svchost)
[2026-08-30 10:24:59Z WARN JobExtension] Ignore exception during read process environment variables: Access is denied.
[2026-08-30 10:24:59Z INFO JobExtension] Inspecting process environment variables. PID: 10644 (WMIC)
[2026-08-30 10:24:59Z WARN JobExtension] Ignore exception during read process environment variables: Cannot process request because the process (10644) has exited.
[2026-08-30 10:24:59Z INFO JobExtension] Inspecting process environment variables. PID: 9072 (conhost)
[2026-08-30 10:24:59Z WARN JobExtension] Ignore exception during read process environment variables: Cannot process request because the process (9072) has exited.
[2026-08-30 10:24:59Z INFO JobExtension] Wait for all connectivity checks to finish.
[2026-08-30 10:24:59Z INFO JobExtension] Connectivity check result: {
  "endpointUrl": "https://broker.actions.githubusercontent.com/health",
  "endpointIPs": null,
  "startTime": "2026-08-30T09:50:39.1376777Z",
  "statusCode": "http_OK",
  "requestId": "C884:25E557:1445132:14C3F14:6A93FCF0",
  "httpRequestDurationInMs": 1269,
  "dnsResolutionDurationInMs": 0,
  "dnsError": null
}
[2026-08-30 10:24:59Z INFO JobExtension] Connectivity check result: {
  "endpointUrl": "https://token.actions.githubusercontent.com/ready",
  "endpointIPs": null,
  "startTime": "2026-08-30T09:50:39.1955706Z",
  "statusCode": "http_NoContent",
  "requestId": "C885:1E8F:CF9960:1372A26:6A93FCF0",
  "httpRequestDurationInMs": 1980,
  "dnsResolutionDurationInMs": 0,
  "dnsError": null
}
[2026-08-30 10:24:59Z INFO JobExtension] Connectivity check result: {
  "endpointUrl": "https://run.actions.githubusercontent.com/health",
  "endpointIPs": null,
  "startTime": "2026-08-30T09:50:39.1961073Z",
  "statusCode": "http_OK",
  "requestId": "C886:2BD43E:147DDA9:14FC988:6A93FCF0",
  "httpRequestDurationInMs": 1490,
  "dnsResolutionDurationInMs": 0,
  "dnsError": null
}
[2026-08-30 10:24:59Z INFO ExecutionContext] Publish step telemetry for current step {
  "action": "complete_job",
  "type": "runner",
  "stage": "Post",
  "stepId": "0bd6b441-e6c5-4478-ab68-6f0a22d4e24d",
  "result": "succeeded",
  "errorMessages": [
    "Node.js 20 is deprecated. The following actions target Node.js 20 but are being forced to run on Node.js 24: actions/checkout@v4. For more information see: https://github.blog/changelog/2025-09-19-deprecation-of-node-20-on-github-actions-runners/"
  ],
  "executionTimeInSeconds": 1,
  "startTime": "2026-08-30T10:24:59.167842Z",
  "finishTime": "2026-08-30T10:24:59.8177286Z"
}.
[2026-08-30 10:24:59Z INFO JobRunner] Job result after all job steps finish: Failed
[2026-08-30 10:24:59Z INFO JobRunner] Completing the job execution context.
[2026-08-30 10:24:59Z INFO JobRunner] Shutting down the job server queue.
[2026-08-30 10:24:59Z INFO JobServerQueue] Fire signal to shutdown all queues.
[2026-08-30 10:24:59Z INFO JobServerQueue] Got a step log file to send to results service.
[2026-08-30 10:24:59Z INFO JobServerQueue] Starting upload of step log file to results service ResultsLog, C:\Users\krish\Documents\BITS\mlops-project\actions-runner\_diag\blocks\3934f28b-e857-4e02-92c2-014b7327ae39_d5243d8e-4c13-490f-b286-7bdb0b64e62b.1
[2026-08-30 10:25:00Z INFO JobServerQueue] Got a step log file to send to results service.
[2026-08-30 10:25:00Z INFO JobServerQueue] Starting upload of step log file to results service ResultsLog, C:\Users\krish\Documents\BITS\mlops-project\actions-runner\_diag\blocks\3934f28b-e857-4e02-92c2-014b7327ae39_0bd6b441-e6c5-4478-ab68-6f0a22d4e24d.1
[2026-08-30 10:25:01Z INFO JobServerQueue] Got a job log file to send to results service.
[2026-08-30 10:25:01Z INFO JobServerQueue] Starting upload of job log file to results service ResultsLog, C:\Users\krish\Documents\BITS\mlops-project\actions-runner\_diag\blocks\3934f28b-e857-4e02-92c2-014b7327ae39_a167d782-99cc-5e08-b6b0-3f72bc94aad0.1
[2026-08-30 10:25:04Z INFO JobServerQueue] Tried to upload 3 file(s) to results, success rate: 3/3.
[2026-08-30 10:25:05Z INFO JobServerQueue] All queue process task stopped.
[2026-08-30 10:25:05Z INFO JobServerQueue] Try to append 1 batches web console lines for record '0bd6b441-e6c5-4478-ab68-6f0a22d4e24d', success rate: 1/1.
[2026-08-30 10:25:05Z INFO JobServerQueue] Web console line queue drained.
[2026-08-30 10:25:05Z INFO JobServerQueue] Uploading 2 files in one shot.
[2026-08-30 10:25:05Z INFO JobServerQueue] Try to upload 2 log files or attachments, success rate: 2/2.
[2026-08-30 10:25:05Z INFO JobServerQueue] File upload queue drained.
[2026-08-30 10:25:05Z INFO JobServerQueue] Starting results-based upload queue...
[2026-08-30 10:25:05Z INFO JobServerQueue] Results upload queue drained.
[2026-08-30 10:25:05Z INFO JobServerQueue] Timeline update queue drained.
[2026-08-30 10:25:05Z INFO JobServerQueue] Disposing job server ...
[2026-08-30 10:25:05Z INFO JobServerQueue] Disposing results server ...
[2026-08-30 10:25:05Z INFO JobServerQueue] All queue process tasks have been stopped, and all queues are drained.
[2026-08-30 10:25:05Z INFO TempDirectoryManager] Cleaning runner temp folder: C:\Users\krish\Documents\BITS\mlops-project\actions-runner\_work\_temp
[2026-08-30 10:25:05Z INFO HostContext] Well known directory 'Bin': 'C:\Users\krish\Documents\BITS\mlops-project\actions-runner\bin'
[2026-08-30 10:25:05Z INFO HostContext] Well known directory 'Root': 'C:\Users\krish\Documents\BITS\mlops-project\actions-runner'
[2026-08-30 10:25:05Z INFO HostContext] Well known directory 'Diag': 'C:\Users\krish\Documents\BITS\mlops-project\actions-runner\_diag'
[2026-08-30 10:25:05Z INFO HostContext] Well known config file 'Telemetry': 'C:\Users\krish\Documents\BITS\mlops-project\actions-runner\_diag\.telemetry'
[2026-08-30 10:25:05Z INFO JobRunner] Raising job completed against run service
[2026-08-30 10:25:06Z INFO Worker] Job completed.
