[2026-08-30 10:41:45Z INFO HostContext] No proxy settings were found based on environmental variables (http_proxy/https_proxy/HTTP_PROXY/HTTPS_PROXY)
[2026-08-30 10:41:45Z INFO HostContext] Well known directory 'Bin': 'C:\Users\krish\Documents\BITS\mlops-project\actions-runner\bin'
[2026-08-30 10:41:45Z INFO HostContext] Well known directory 'Root': 'C:\Users\krish\Documents\BITS\mlops-project\actions-runner'
[2026-08-30 10:41:45Z INFO HostContext] Well known config file 'Credentials': 'C:\Users\krish\Documents\BITS\mlops-project\actions-runner\.credentials'
[2026-08-30 10:41:45Z INFO HostContext] Well known directory 'Bin': 'C:\Users\krish\Documents\BITS\mlops-project\actions-runner\bin'
[2026-08-30 10:41:45Z INFO HostContext] Well known directory 'Root': 'C:\Users\krish\Documents\BITS\mlops-project\actions-runner'
[2026-08-30 10:41:45Z INFO HostContext] Well known config file 'Runner': 'C:\Users\krish\Documents\BITS\mlops-project\actions-runner\.runner'
[2026-08-30 10:41:45Z INFO Worker] Version: 2.336.0
[2026-08-30 10:41:45Z INFO Worker] Commit: 98aabcd429c4e8402406c56ce2d26387fed3b9ce
[2026-08-30 10:41:45Z INFO Worker] Culture: en-IN
[2026-08-30 10:41:45Z INFO Worker] UI Culture: en-US
[2026-08-30 10:41:45Z INFO Worker] Waiting to receive the job message from the channel.
[2026-08-30 10:41:45Z INFO ProcessChannel] Receiving message of length 24158, with hash 'df531902230ecc0deca2c4aa22f08efae6d9436b22af038007b3d53b48475320'
[2026-08-30 10:41:45Z INFO Worker] Message received.
[2026-08-30 10:41:45Z INFO Worker] Job message:
 {
  "defaults": [
    {
      "type": 2,
      "file": 1,
      "line": 14,
      "col": 7,
      "map": [
        {
          "key": {
            "type": 0,
            "file": 1,
            "line": 14,
            "col": 7,
            "lit": "run"
          },
          "value": {
            "type": 2,
            "file": 1,
            "line": 15,
            "col": 9,
            "map": [
              {
                "key": {
                  "type": 0,
                  "file": 1,
                  "line": 15,
                  "col": 9,
                  "lit": "shell"
                },
                "value": {
                  "type": 0,
                  "file": 1,
                  "line": 15,
                  "col": 16,
                  "lit": "cmd"
                }
              }
            ]
          }
        }
      ]
    }
  ],
  "fileTable": [
    ".github/workflows/cd.yml"
  ],
  "mask": [
    {
      "type": "regex",
      "value": "***"
    },
    {
      "type": "regex",
      "value": "***"
    },
    {
      "type": "regex",
      "value": "***"
    },
    {
      "type": "regex",
      "value": "***"
    },
    {
      "type": "regex",
      "value": "***"
    },
    {
      "type": "regex",
      "value": "***"
    },
    {
      "type": "regex",
      "value": "***"
    },
    {
      "type": "regex",
      "value": "***"
    },
    {
      "type": "regex",
      "value": "***"
    },
    {
      "type": "regex",
      "value": "***"
    },
    {
      "type": "regex",
      "value": "***"
    },
    {
      "type": "regex",
      "value": "***"
    },
    {
      "type": "regex",
      "value": "***"
    },
    {
      "type": "regex",
      "value": "***"
    },
    {
      "type": "regex",
      "value": "***"
    },
    {
      "type": "regex",
      "value": "***"
    },
    {
      "type": "regex",
      "value": "***"
    },
    {
      "type": "regex",
      "value": "***"
    },
    {
      "type": "regex",
      "value": "***"
    },
    {
      "type": "regex",
      "value": "***"
    },
    {
      "type": "regex",
      "value": "***"
    },
    {
      "type": "regex",
      "value": "***"
    },
    {
      "type": "regex",
      "value": "***"
    },
    {
      "type": "regex",
      "value": "***"
    }
  ],
  "steps": [
    {
      "type": "action",
      "reference": {
        "type": "repository",
        "name": "actions/checkout",
        "ref": "v4",
        "repositoryType": "GitHub"
      },
      "displayNameToken": {
        "type": 0,
        "file": 1,
        "line": 19,
        "col": 15,
        "lit": "Checkout repository"
      },
      "contextName": "__actions_checkout",
      "condition": "success()",
      "id": "3e1e6b76-1cc7-4105-900b-2b2adb27303a",
      "name": "__actions_checkout"
    },
    {
      "type": "action",
      "reference": {
        "type": "script"
      },
      "displayNameToken": {
        "type": 0,
        "file": 1,
        "line": 22,
        "col": 15,
        "lit": "Pull latest Docker image"
      },
      "contextName": "__run",
      "inputs": {
        "type": 2,
        "map": [
          {
            "key": "script",
            "value": {
              "type": 0,
              "file": 1,
              "line": 23,
              "col": 14,
              "lit": "docker compose pull\n"
            }
          }
        ]
      },
      "condition": "success()",
      "id": "cfde8a34-cd00-4241-b8b9-ebd28cc2695e",
      "name": "__run"
    },
    {
      "type": "action",
      "reference": {
        "type": "script"
      },
      "displayNameToken": {
        "type": 0,
        "file": 1,
        "line": 26,
        "col": 15,
        "lit": "Deploy application"
      },
      "contextName": "__run_2",
      "inputs": {
        "type": 2,
        "map": [
          {
            "key": "script",
            "value": {
              "type": 0,
              "file": 1,
              "line": 27,
              "col": 14,
              "lit": "docker compose down\ndocker compose pull\ndocker compose up -d\n"
            }
          }
        ]
      },
      "condition": "success()",
      "id": "cfb3228f-a40e-406c-96b6-b8c6d92c1d14",
      "name": "__run_2"
    },
    {
      "type": "action",
      "reference": {
        "type": "script"
      },
      "displayNameToken": {
        "type": 0,
        "file": 1,
        "line": 32,
        "col": 15,
        "lit": "Check deployment"
      },
      "contextName": "__run_3",
      "inputs": {
        "type": 2,
        "map": [
          {
            "key": "script",
            "value": {
              "type": 0,
              "file": 1,
              "line": 33,
              "col": 14,
              "lit": "docker compose ps\n"
            }
          }
        ]
      },
      "condition": "success()",
      "id": "a14dd407-be0e-4ff9-85a9-f59df808ed01",
      "name": "__run_3"
    },
    {
      "type": "action",
      "reference": {
        "type": "script"
      },
      "displayNameToken": {
        "type": 0,
        "file": 1,
        "line": 36,
        "col": 15,
        "lit": "Wait for application"
      },
      "contextName": "__run_4",
      "inputs": {
        "type": 2,
        "map": [
          {
            "key": "script",
            "value": {
              "type": 0,
              "file": 1,
              "line": 37,
              "col": 14,
              "lit": "timeout /t 10 /nobreak\n"
            }
          }
        ]
      },
      "condition": "success()",
      "id": "6e4da4bb-5353-41c9-9c83-c94ad849a779",
      "name": "__run_4"
    },
    {
      "type": "action",
      "reference": {
        "type": "script"
      },
      "displayNameToken": {
        "type": 0,
        "file": 1,
        "line": 40,
        "col": 15,
        "lit": "Run smoke tests"
      },
      "contextName": "__run_5",
      "inputs": {
        "type": 2,
        "map": [
          {
            "key": "script",
            "value": {
              "type": 0,
              "file": 1,
              "line": 41,
              "col": 14,
              "lit": "python smoke_tests.py\n"
            }
          }
        ]
      },
      "condition": "success()",
      "id": "82060237-d465-454d-9c11-8429b1793fca",
      "name": "__run_5"
    }
  ],
  "variables": {
    "Actions.EnableHttpRedirects": {
      "value": "true"
    },
    "DistributedTask.AddWarningToNode12Action": {
      "value": "true"
    },
    "DistributedTask.AddWarningToNode16Action": {
      "value": "true"
    },
    "DistributedTask.AllowRunnerContainerHooks": {
      "value": "true"
    },
    "DistributedTask.DeprecateStepOutputCommands": {
      "value": "true"
    },
    "DistributedTask.DetailUntarFailure": {
      "value": "true"
    },
    "DistributedTask.EnableCompositeActions": {
      "value": "true"
    },
    "DistributedTask.EnableJobServerQueueTelemetry": {
      "value": "true"
    },
    "DistributedTask.EnhancedAnnotations": {
      "value": "true"
    },
    "DistributedTask.ForceGithubJavascriptActionsToNode16": {
      "value": "true"
    },
    "DistributedTask.ForceGithubJavascriptActionsToNode20": {
      "value": "true"
    },
    "DistributedTask.LogTemplateErrorsAsDebugMessages": {
      "value": "true"
    },
    "DistributedTask.MarkJobAsFailedOnWorkerCrash": {
      "value": "true"
    },
    "DistributedTask.NewActionMetadata": {
      "value": "true"
    },
    "DistributedTask.UploadStepSummary": {
      "value": "true"
    },
    "DistributedTask.UseActionArchiveCache": {
      "value": "true"
    },
    "DistributedTask.UseWhich2": {
      "value": "true"
    },
    "RunService.FixEmbeddedIssues": {
      "value": "true"
    },
    "actions.runner.requirenode24": {
      "value": "false"
    },
    "actions.runner.usenode24bydefault": {
      "value": "true"
    },
    "actions.runner.warnonnode20": {
      "value": "true"
    },
    "actions_add_check_run_id_to_job_context": {
      "value": "true"
    },
    "actions_batch_action_resolution": {
      "value": "false"
    },
    "actions_container_action_runner_temp": {
      "value": "true"
    },
    "actions_display_helpful_actions_download_errors": {
      "value": "true"
    },
    "actions_runner_allow_artifacts_file": {
      "value": "false"
    },
    "actions_runner_compare_workflow_parser": {
      "value": "false"
    },
    "actions_runner_deprecate_linux_arm32": {
      "value": "true"
    },
    "actions_runner_emit_composite_markers": {
      "value": "true"
    },
    "actions_runner_kill_linux_arm32": {
      "value": "false"
    },
    "actions_runner_node20_removal_date": {
      "value": ""
    },
    "actions_runner_node24_default_date": {
      "value": "June 16th, 2026"
    },
    "actions_self_repository": {
      "value": "true"
    },
    "actions_service_container_command": {
      "value": "true"
    },
    "actions_set_orchestration_id_env_for_actions": {
      "value": "true"
    },
    "actions_skip_retry_complete_job_upon_known_errors": {
      "value": "true"
    },
    "actions_snapshot_preflight_hosted_runner_check": {
      "value": "false"
    },
    "actions_snapshot_preflight_image_gen_pool_check": {
      "value": "false"
    },
    "actions_use_bearer_token_for_codeload": {
      "value": "false"
    },
    "actions_uses_cache_service_v2": {
      "value": "true"
    },
    "github_token": {
      "value": "***",
      "isSecret": true
    },
    "system.from_run_service": {
      "value": "true"
    },
    "system.github.job": {
      "value": "deploy"
    },
    "system.github.launch_endpoint": {
      "value": "https://launch.actions.githubusercontent.com"
    },
    "system.github.results_endpoint": {
      "value": "https://results-receiver.actions.githubusercontent.com/"
    },
    "system.github.results_upload_with_sdk": {
      "value": "true"
    },
    "system.github.token": {
      "value": "***",
      "isSecret": true
    },
    "system.github.token.permissions": {
      "value": "{\"Contents\":\"read\",\"Metadata\":\"read\",\"Packages\":\"read\"}"
    },
    "system.orchestrationId": {
      "value": "4ef10336-b47b-4cbe-85c1-fdab51f09491.deploy.__default"
    },
    "system.phaseDisplayName": {
      "value": "deploy"
    },
    "system.runner.lowdiskspacethreshold": {
      "value": "100"
    },
    "system.runnerEnvironment": {
      "value": "self-hosted"
    },
    "system.runnerGroupName": {
      "value": "Default"
    }
  },
  "messageType": "RunnerJobRequest",
  "plan": {
    "scopeIdentifier": "00000000-0000-0000-0000-000000000000",
    "planType": "actions",
    "version": 0,
    "planId": "4ef10336-b47b-4cbe-85c1-fdab51f09491",
    "planGroup": null,
    "artifactUri": null,
    "artifactLocation": null,
    "definition": null,
    "owner": null
  },
  "timeline": {
    "id": "4ef10336-b47b-4cbe-85c1-fdab51f09491",
    "changeId": 0,
    "location": null
  },
  "jobId": "17ab98fa-c08a-544f-88fe-d5aa03307ea7",
  "jobDisplayName": "deploy",
  "jobName": "__default",
  "requestId": 0,
  "lockedUntil": "0001-01-01T00:00:00",
  "resources": {
    "endpoints": [
      {
        "data": {
          "ServerId": "",
          "ServerName": "",
          "CacheServerUrl": "https://artifactcache.actions.githubusercontent.com/HYuKmglMQMl7trVwvnqxtOY8iQZGcBLZase1hxQ2xSLdHe4AJJ/",
          "FeedStreamUrl": "wss://results-receiver.actions.githubusercontent.com/_ws/ingest.sock",
          "ResultsServiceUrl": "https://results-receiver.actions.githubusercontent.com/",
          "PipelinesServiceUrl": "https://pipelinesghubeus11.actions.githubusercontent.com/HYuKmglMQMl7trVwvnqxtOY8iQZGcBLZase1hxQ2xSLdHe4AJJ/",
          "GenerateIdTokenUrl": "",
          "ConnectivityChecks": "[\"https://broker.actions.githubusercontent.com/health\",\"https://token.actions.githubusercontent.com/ready\",\"https://run.actions.githubusercontent.com/health\"]",
          "ConnectivityAndDNSChecks": ""
        },
        "name": "SystemVssConnection",
        "url": "https://run-actions-1-azure-eastus.actions.githubusercontent.com/105/",
        "authorization": {
          "parameters": {
            "AccessToken": "***"
          },
          "scheme": "OAuth"
        },
        "isShared": false,
        "isReady": true
      }
    ]
  },
  "contextData": {
    "github": {
      "t": 2,
      "d": [
        {
          "k": "ref",
          "v": "refs/heads/main"
        },
        {
          "k": "sha",
          "v": "7bcf2e0d4974438501e239fc0583935647678759"
        },
        {
          "k": "repository",
          "v": "2024ac05127-tech/assignment2"
        },
        {
          "k": "repository_owner",
          "v": "2024ac05127-tech"
        },
        {
          "k": "repository_owner_id",
          "v": "299813098"
        },
        {
          "k": "repositoryUrl",
          "v": "git://github.com/2024ac05127-tech/assignment2.git"
        },
        {
          "k": "run_id",
          "v": "33307097860"
        },
        {
          "k": "run_number",
          "v": "5"
        },
        {
          "k": "retention_days",
          "v": "90"
        },
        {
          "k": "run_attempt",
          "v": "1"
        },
        {
          "k": "artifact_cache_size_limit",
          "v": "10"
        },
        {
          "k": "repository_visibility",
          "v": "public"
        },
        {
          "k": "actor_id",
          "v": "299813098"
        },
        {
          "k": "actor",
          "v": "2024ac05127-tech"
        },
        {
          "k": "workflow",
          "v": "M4 CD Pipeline"
        },
        {
          "k": "head_ref",
          "v": ""
        },
        {
          "k": "base_ref",
          "v": ""
        },
        {
          "k": "event_name",
          "v": "push"
        },
        {
          "k": "server_url",
          "v": "https://github.com"
        },
        {
          "k": "api_url",
          "v": "https://api.github.com"
        },
        {
          "k": "graphql_url",
          "v": "https://api.github.com/graphql"
        },
        {
          "k": "ref_name",
          "v": "main"
        },
        {
          "k": "ref_protected",
          "v": false
        },
        {
          "k": "ref_type",
          "v": "branch"
        },
        {
          "k": "secret_source",
          "v": "Actions"
        },
        {
          "k": "event",
          "v": {
            "t": 2,
            "d": [
              {
                "k": "after",
                "v": "7bcf2e0d4974438501e239fc0583935647678759"
              },
              {
                "k": "base_ref",
                "v": null
              },
              {
                "k": "before",
                "v": "29228a51f2817cb29d09d5feba6dc309b0840414"
              },
              {
                "k": "commits",
                "v": {
                  "t": 1,
                  "a": [
                    {
                      "t": 2,
                      "d": [
                        {
                          "k": "author",
                          "v": {
                            "t": 2,
                            "d": [
                              {
                                "k": "email",
                                "v": "krishnareghu2018@gmail.com"
                              },
                              {
                                "k": "name",
                                "v": "Krishna Priya R"
                              },
                              {
                                "k": "username",
                                "v": "krishnapriya5"
                              }
                            ]
                          }
                        },
                        {
                          "k": "committer",
                          "v": {
                            "t": 2,
                            "d": [
                              {
                                "k": "email",
                                "v": "krishnareghu2018@gmail.com"
                              },
                              {
                                "k": "name",
                                "v": "Krishna Priya R"
                              },
                              {
                                "k": "username",
                                "v": "krishnapriya5"
                              }
                            ]
                          }
                        },
                        {
                          "k": "distinct",
                          "v": true
                        },
                        {
                          "k": "id",
                          "v": "7bcf2e0d4974438501e239fc0583935647678759"
                        },
                        {
                          "k": "message",
                          "v": "Add M4 continuous deployment"
                        },
                        {
                          "k": "timestamp",
                          "v": "2026-08-30T16:11:33+05:30"
                        },
                        {
                          "k": "tree_id",
                          "v": "06b21f7975f7aefcdc63d6db63bf205d9a6ece29"
                        },
                        {
                          "k": "url",
                          "v": "https://github.com/2024ac05127-tech/assignment2/commit/7bcf2e0d4974438501e239fc0583935647678759"
                        }
                      ]
                    }
                  ]
                }
              },
              {
                "k": "compare",
                "v": "https://github.com/2024ac05127-tech/assignment2/compare/29228a51f281...7bcf2e0d4974"
              },
              {
                "k": "created",
                "v": false
              },
              {
                "k": "deleted",
                "v": false
              },
              {
                "k": "forced",
                "v": false
              },
              {
                "k": "head_commit",
                "v": {
                  "t": 2,
                  "d": [
                    {
                      "k": "author",
                      "v": {
                        "t": 2,
                        "d": [
                          {
                            "k": "email",
                            "v": "krishnareghu2018@gmail.com"
                          },
                          {
                            "k": "name",
                            "v": "Krishna Priya R"
                          },
                          {
                            "k": "username",
                            "v": "krishnapriya5"
                          }
                        ]
                      }
                    },
                    {
                      "k": "committer",
                      "v": {
                        "t": 2,
                        "d": [
                          {
                            "k": "email",
                            "v": "krishnareghu2018@gmail.com"
                          },
                          {
                            "k": "name",
                            "v": "Krishna Priya R"
                          },
                          {
                            "k": "username",
                            "v": "krishnapriya5"
                          }
                        ]
                      }
                    },
                    {
                      "k": "distinct",
                      "v": true
                    },
                    {
                      "k": "id",
                      "v": "7bcf2e0d4974438501e239fc0583935647678759"
                    },
                    {
                      "k": "message",
                      "v": "Add M4 continuous deployment"
                    },
                    {
                      "k": "timestamp",
                      "v": "2026-08-30T16:11:33+05:30"
                    },
                    {
                      "k": "tree_id",
                      "v": "06b21f7975f7aefcdc63d6db63bf205d9a6ece29"
                    },
                    {
                      "k": "url",
                      "v": "https://github.com/2024ac05127-tech/assignment2/commit/7bcf2e0d4974438501e239fc0583935647678759"
                    }
                  ]
                }
              },
              {
                "k": "pusher",
                "v": {
                  "t": 2,
                  "d": [
                    {
                      "k": "email",
                      "v": "2024ac05127@wilp.bits-pilani.ac.in"
                    },
                    {
                      "k": "name",
                      "v": "2024ac05127-tech"
                    }
                  ]
                }
              },
              {
                "k": "ref",
                "v": "refs/heads/main"
              },
              {
                "k": "repository",
                "v": {
                  "t": 2,
                  "d": [
                    {
                      "k": "allow_forking",
                      "v": true
                    },
                    {
                      "k": "archive_url",
                      "v": "https://api.github.com/repos/2024ac05127-tech/assignment2/{archive_format}{/ref}"
                    },
                    {
                      "k": "archived",
                      "v": false
                    },
                    {
                      "k": "assignees_url",
                      "v": "https://api.github.com/repos/2024ac05127-tech/assignment2/assignees{/user}"
                    },
                    {
                      "k": "blobs_url",
                      "v": "https://api.github.com/repos/2024ac05127-tech/assignment2/git/blobs{/sha}"
                    },
                    {
                      "k": "branches_url",
                      "v": "https://api.github.com/repos/2024ac05127-tech/assignment2/branches{/branch}"
                    },
                    {
                      "k": "clone_url",
                      "v": "https://github.com/2024ac05127-tech/assignment2.git"
                    },
                    {
                      "k": "collaborators_url",
                      "v": "https://api.github.com/repos/2024ac05127-tech/assignment2/collaborators{/collaborator}"
                    },
                    {
                      "k": "comments_url",
                      "v": "https://api.github.com/repos/2024ac05127-tech/assignment2/comments{/number}"
                    },
                    {
                      "k": "commits_url",
                      "v": "https://api.github.com/repos/2024ac05127-tech/assignment2/commits{/sha}"
                    },
                    {
                      "k": "compare_url",
                      "v": "https://api.github.com/repos/2024ac05127-tech/assignment2/compare/{base}...{head}"
                    },
                    {
                      "k": "contents_url",
                      "v": "https://api.github.com/repos/2024ac05127-tech/assignment2/contents/{+path}"
                    },
                    {
                      "k": "contributors_url",
                      "v": "https://api.github.com/repos/2024ac05127-tech/assignment2/contributors"
                    },
                    {
                      "k": "created_at",
                      "v": 1787839779.0
                    },
                    {
                      "k": "default_branch",
                      "v": "main"
                    },
                    {
                      "k": "deployments_url",
                      "v": "https://api.github.com/repos/2024ac05127-tech/assignment2/deployments"
                    },
                    {
                      "k": "description",
                      "v": null
                    },
                    {
                      "k": "disabled",
                      "v": false
                    },
                    {
                      "k": "downloads_url",
                      "v": "https://api.github.com/repos/2024ac05127-tech/assignment2/downloads"
                    },
                    {
                      "k": "events_url",
                      "v": "https://api.github.com/repos/2024ac05127-tech/assignment2/events"
                    },
                    {
                      "k": "fork",
                      "v": false
                    },
                    {
                      "k": "forks",
                      "v": 0.0
                    },
                    {
                      "k": "forks_count",
                      "v": 0.0
                    },
                    {
                      "k": "forks_url",
                      "v": "https://api.github.com/repos/2024ac05127-tech/assignment2/forks"
                    },
                    {
                      "k": "full_name",
                      "v": "2024ac05127-tech/assignment2"
                    },
                    {
                      "k": "git_commits_url",
                      "v": "https://api.github.com/repos/2024ac05127-tech/assignment2/git/commits{/sha}"
                    },
                    {
                      "k": "git_refs_url",
                      "v": "https://api.github.com/repos/2024ac05127-tech/assignment2/git/refs{/sha}"
                    },
                    {
                      "k": "git_tags_url",
                      "v": "https://api.github.com/repos/2024ac05127-tech/assignment2/git/tags{/sha}"
                    },
                    {
                      "k": "git_url",
                      "v": "git://github.com/2024ac05127-tech/assignment2.git"
                    },
                    {
                      "k": "has_discussions",
                      "v": false
                    },
                    {
                      "k": "has_downloads",
                      "v": true
                    },
                    {
                      "k": "has_issues",
                      "v": true
                    },
                    {
                      "k": "has_pages",
                      "v": false
                    },
                    {
                      "k": "has_projects",
                      "v": true
                    },
                    {
                      "k": "has_pull_requests",
                      "v": true
                    },
                    {
                      "k": "has_wiki",
                      "v": true
                    },
                    {
                      "k": "homepage",
                      "v": null
                    },
                    {
                      "k": "hooks_url",
                      "v": "https://api.github.com/repos/2024ac05127-tech/assignment2/hooks"
                    },
                    {
                      "k": "html_url",
                      "v": "https://github.com/2024ac05127-tech/assignment2"
                    },
                    {
                      "k": "id",
                      "v": 1348565472.0
                    },
                    {
                      "k": "is_template",
                      "v": false
                    },
                    {
                      "k": "issue_comment_url",
                      "v": "https://api.github.com/repos/2024ac05127-tech/assignment2/issues/comments{/number}"
                    },
                    {
                      "k": "issue_events_url",
                      "v": "https://api.github.com/repos/2024ac05127-tech/assignment2/issues/events{/number}"
                    },
                    {
                      "k": "issues_url",
                      "v": "https://api.github.com/repos/2024ac05127-tech/assignment2/issues{/number}"
                    },
                    {
                      "k": "keys_url",
                      "v": "https://api.github.com/repos/2024ac05127-tech/assignment2/keys{/key_id}"
                    },
                    {
                      "k": "labels_url",
                      "v": "https://api.github.com/repos/2024ac05127-tech/assignment2/labels{/name}"
                    },
                    {
                      "k": "language",
                      "v": "Python"
                    },
                    {
                      "k": "languages_url",
                      "v": "https://api.github.com/repos/2024ac05127-tech/assignment2/languages"
                    },
                    {
                      "k": "license",
                      "v": null
                    },
                    {
                      "k": "master_branch",
                      "v": "main"
                    },
                    {
                      "k": "merges_url",
                      "v": "https://api.github.com/repos/2024ac05127-tech/assignment2/merges"
                    },
                    {
                      "k": "milestones_url",
                      "v": "https://api.github.com/repos/2024ac05127-tech/assignment2/milestones{/number}"
                    },
                    {
                      "k": "mirror_url",
                      "v": null
                    },
                    {
                      "k": "name",
                      "v": "assignment2"
                    },
                    {
                      "k": "node_id",
                      "v": "R_kgDOUGF54A"
                    },
                    {
                      "k": "notifications_url",
                      "v": "https://api.github.com/repos/2024ac05127-tech/assignment2/notifications{?since,all,participating}"
                    },
                    {
                      "k": "open_issues",
                      "v": 0.0
                    },
                    {
                      "k": "open_issues_count",
                      "v": 0.0
                    },
                    {
                      "k": "owner",
                      "v": {
                        "t": 2,
                        "d": [
                          {
                            "k": "avatar_url",
                            "v": "https://avatars.githubusercontent.com/u/299813098?v=4"
                          },
                          {
                            "k": "email",
                            "v": "2024ac05127@wilp.bits-pilani.ac.in"
                          },
                          {
                            "k": "events_url",
                            "v": "https://api.github.com/users/2024ac05127-tech/events{/privacy}"
                          },
                          {
                            "k": "followers_url",
                            "v": "https://api.github.com/users/2024ac05127-tech/followers"
                          },
                          {
                            "k": "following_url",
                            "v": "https://api.github.com/users/2024ac05127-tech/following{/other_user}"
                          },
                          {
                            "k": "gists_url",
                            "v": "https://api.github.com/users/2024ac05127-tech/gists{/gist_id}"
                          },
                          {
                            "k": "gravatar_id",
                            "v": ""
                          },
                          {
                            "k": "html_url",
                            "v": "https://github.com/2024ac05127-tech"
                          },
                          {
                            "k": "id",
                            "v": 299813098.0
                          },
                          {
                            "k": "login",
                            "v": "2024ac05127-tech"
                          },
                          {
                            "k": "name",
                            "v": "2024ac05127-tech"
                          },
                          {
                            "k": "node_id",
                            "v": "U_kgDOEd7I6g"
                          },
                          {
                            "k": "organizations_url",
                            "v": "https://api.github.com/users/2024ac05127-tech/orgs"
                          },
                          {
                            "k": "received_events_url",
                            "v": "https://api.github.com/users/2024ac05127-tech/received_events"
                          },
                          {
                            "k": "repos_url",
                            "v": "https://api.github.com/users/2024ac05127-tech/repos"
                          },
                          {
                            "k": "site_admin",
                            "v": false
                          },
                          {
                            "k": "starred_url",
                            "v": "https://api.github.com/users/2024ac05127-tech/starred{/owner}{/repo}"
                          },
                          {
                            "k": "subscriptions_url",
                            "v": "https://api.github.com/users/2024ac05127-tech/subscriptions"
                          },
                          {
                            "k": "type",
                            "v": "User"
                          },
                          {
                            "k": "url",
                            "v": "https://api.github.com/users/2024ac05127-tech"
                          },
                          {
                            "k": "user_view_type",
                            "v": "public"
                          }
                        ]
                      }
                    },
                    {
                      "k": "private",
                      "v": false
                    },
                    {
                      "k": "pull_request_creation_policy",
                      "v": "all"
                    },
                    {
                      "k": "pulls_url",
                      "v": "https://api.github.com/repos/2024ac05127-tech/assignment2/pulls{/number}"
                    },
                    {
                      "k": "pushed_at",
                      "v": 1788086499.0
                    },
                    {
                      "k": "releases_url",
                      "v": "https://api.github.com/repos/2024ac05127-tech/assignment2/releases{/id}"
                    },
                    {
                      "k": "size",
                      "v": 72.0
                    },
                    {
                      "k": "ssh_url",
                      "v": "git@github.com:2024ac05127-tech/assignment2.git"
                    },
                    {
                      "k": "stargazers",
                      "v": 0.0
                    },
                    {
                      "k": "stargazers_count",
                      "v": 0.0
                    },
                    {
                      "k": "stargazers_url",
                      "v": "https://api.github.com/repos/2024ac05127-tech/assignment2/stargazers"
                    },
                    {
                      "k": "statuses_url",
                      "v": "https://api.github.com/repos/2024ac05127-tech/assignment2/statuses/{sha}"
                    },
                    {
                      "k": "subscribers_url",
                      "v": "https://api.github.com/repos/2024ac05127-tech/assignment2/subscribers"
                    },
                    {
                      "k": "subscription_url",
                      "v": "https://api.github.com/repos/2024ac05127-tech/assignment2/subscription"
                    },
                    {
                      "k": "svn_url",
                      "v": "https://github.com/2024ac05127-tech/assignment2"
                    },
                    {
                      "k": "tags_url",
                      "v": "https://api.github.com/repos/2024ac05127-tech/assignment2/tags"
                    },
                    {
                      "k": "teams_url",
                      "v": "https://api.github.com/repos/2024ac05127-tech/assignment2/teams"
                    },
                    {
                      "k": "topics",
                      "v": {
                        "t": 1
                      }
                    },
                    {
                      "k": "trees_url",
                      "v": "https://api.github.com/repos/2024ac05127-tech/assignment2/git/trees{/sha}"
                    },
                    {
                      "k": "updated_at",
                      "v": "2026-08-30T10:38:43Z"
                    },
                    {
                      "k": "url",
                      "v": "https://api.github.com/repos/2024ac05127-tech/assignment2"
                    },
                    {
                      "k": "visibility",
                      "v": "public"
                    },
                    {
                      "k": "watchers",
                      "v": 0.0
                    },
                    {
                      "k": "watchers_count",
                      "v": 0.0
                    },
                    {
                      "k": "web_commit_signoff_required",
                      "v": false
                    }
                  ]
                }
              },
              {
                "k": "sender",
                "v": {
                  "t": 2,
                  "d": [
                    {
                      "k": "avatar_url",
                      "v": "https://avatars.githubusercontent.com/u/299813098?v=4"
                    },
                    {
                      "k": "events_url",
                      "v": "https://api.github.com/users/2024ac05127-tech/events{/privacy}"
                    },
                    {
                      "k": "followers_url",
                      "v": "https://api.github.com/users/2024ac05127-tech/followers"
                    },
                    {
                      "k": "following_url",
                      "v": "https://api.github.com/users/2024ac05127-tech/following{/other_user}"
                    },
                    {
                      "k": "gists_url",
                      "v": "https://api.github.com/users/2024ac05127-tech/gists{/gist_id}"
                    },
                    {
                      "k": "gravatar_id",
                      "v": ""
                    },
                    {
                      "k": "html_url",
                      "v": "https://github.com/2024ac05127-tech"
                    },
                    {
                      "k": "id",
                      "v": 299813098.0
                    },
                    {
                      "k": "login",
                      "v": "2024ac05127-tech"
                    },
                    {
                      "k": "node_id",
                      "v": "U_kgDOEd7I6g"
                    },
                    {
                      "k": "organizations_url",
                      "v": "https://api.github.com/users/2024ac05127-tech/orgs"
                    },
                    {
                      "k": "received_events_url",
                      "v": "https://api.github.com/users/2024ac05127-tech/received_events"
                    },
                    {
                      "k": "repos_url",
                      "v": "https://api.github.com/users/2024ac05127-tech/repos"
                    },
                    {
                      "k": "site_admin",
                      "v": false
                    },
                    {
                      "k": "starred_url",
                      "v": "https://api.github.com/users/2024ac05127-tech/starred{/owner}{/repo}"
                    },
                    {
                      "k": "subscriptions_url",
                      "v": "https://api.github.com/users/2024ac05127-tech/subscriptions"
                    },
                    {
                      "k": "type",
                      "v": "User"
                    },
                    {
                      "k": "url",
                      "v": "https://api.github.com/users/2024ac05127-tech"
                    },
                    {
                      "k": "user_view_type",
                      "v": "public"
                    }
                  ]
                }
              }
            ]
          }
        },
        {
          "k": "workflow_ref",
          "v": "2024ac05127-tech/assignment2/.github/workflows/cd.yml@refs/heads/main"
        },
        {
          "k": "workflow_sha",
          "v": "7bcf2e0d4974438501e239fc0583935647678759"
        },
        {
          "k": "repository_id",
          "v": "1348565472"
        },
        {
          "k": "triggering_actor",
          "v": "2024ac05127-tech"
        }
      ]
    },
    "inputs": {
      "t": 2
    },
    "job": {
      "t": 2,
      "d": [
        {
          "k": "check_run_id",
          "v": 99245456247.0
        },
        {
          "k": "workflow_ref",
          "v": "2024ac05127-tech/assignment2/.github/workflows/cd.yml@refs/heads/main"
        },
        {
          "k": "workflow_sha",
          "v": "7bcf2e0d4974438501e239fc0583935647678759"
        },
        {
          "k": "workflow_repository",
          "v": "2024ac05127-tech/assignment2"
        },
        {
          "k": "workflow_file_path",
          "v": ".github/workflows/cd.yml"
        }
      ]
    },
    "matrix": null,
    "needs": {
      "t": 2
    },
    "strategy": {
      "t": 2,
      "d": [
        {
          "k": "fail-fast",
          "v": true
        },
        {
          "k": "job-index",
          "v": 0.0
        },
        {
          "k": "job-total",
          "v": 1.0
        },
        {
          "k": "max-parallel",
          "v": 1.0
        }
      ]
    },
    "vars": {
      "t": 2
    }
  },
  "billingOwnerId": "U_kgDOEd7I6g"
}
[2026-08-30 10:41:46Z INFO JobRunner] Job ID 17ab98fa-c08a-544f-88fe-d5aa03307ea7
[2026-08-30 10:41:46Z INFO ConfigurationStore] currentAssemblyLocation: C:\Users\krish\Documents\BITS\mlops-project\actions-runner\bin\Runner.Worker.dll
[2026-08-30 10:41:46Z INFO HostContext] Well known directory 'Bin': 'C:\Users\krish\Documents\BITS\mlops-project\actions-runner\bin'
[2026-08-30 10:41:46Z INFO ConfigurationStore] binPath: C:\Users\krish\Documents\BITS\mlops-project\actions-runner\bin
[2026-08-30 10:41:46Z INFO HostContext] Well known directory 'Bin': 'C:\Users\krish\Documents\BITS\mlops-project\actions-runner\bin'
[2026-08-30 10:41:46Z INFO HostContext] Well known directory 'Root': 'C:\Users\krish\Documents\BITS\mlops-project\actions-runner'
[2026-08-30 10:41:46Z INFO ConfigurationStore] RootFolder: C:\Users\krish\Documents\BITS\mlops-project\actions-runner
[2026-08-30 10:41:46Z INFO HostContext] Well known directory 'Bin': 'C:\Users\krish\Documents\BITS\mlops-project\actions-runner\bin'
[2026-08-30 10:41:46Z INFO HostContext] Well known directory 'Root': 'C:\Users\krish\Documents\BITS\mlops-project\actions-runner'
[2026-08-30 10:41:46Z INFO HostContext] Well known config file 'Runner': 'C:\Users\krish\Documents\BITS\mlops-project\actions-runner\.runner'
[2026-08-30 10:41:46Z INFO ConfigurationStore] ConfigFilePath: C:\Users\krish\Documents\BITS\mlops-project\actions-runner\.runner
[2026-08-30 10:41:46Z INFO HostContext] Well known directory 'Bin': 'C:\Users\krish\Documents\BITS\mlops-project\actions-runner\bin'
[2026-08-30 10:41:46Z INFO HostContext] Well known directory 'Root': 'C:\Users\krish\Documents\BITS\mlops-project\actions-runner'
[2026-08-30 10:41:46Z INFO HostContext] Well known config file 'MigratedRunner': 'C:\Users\krish\Documents\BITS\mlops-project\actions-runner\.runner_migrated'
[2026-08-30 10:41:46Z INFO ConfigurationStore] MigratedConfigFilePath: C:\Users\krish\Documents\BITS\mlops-project\actions-runner\.runner_migrated
[2026-08-30 10:41:46Z INFO HostContext] Well known directory 'Bin': 'C:\Users\krish\Documents\BITS\mlops-project\actions-runner\bin'
[2026-08-30 10:41:46Z INFO HostContext] Well known directory 'Root': 'C:\Users\krish\Documents\BITS\mlops-project\actions-runner'
[2026-08-30 10:41:46Z INFO HostContext] Well known config file 'Credentials': 'C:\Users\krish\Documents\BITS\mlops-project\actions-runner\.credentials'
[2026-08-30 10:41:46Z INFO ConfigurationStore] CredFilePath: C:\Users\krish\Documents\BITS\mlops-project\actions-runner\.credentials
[2026-08-30 10:41:46Z INFO HostContext] Well known directory 'Bin': 'C:\Users\krish\Documents\BITS\mlops-project\actions-runner\bin'
[2026-08-30 10:41:46Z INFO HostContext] Well known directory 'Root': 'C:\Users\krish\Documents\BITS\mlops-project\actions-runner'
[2026-08-30 10:41:46Z INFO HostContext] Well known config file 'MigratedCredentials': 'C:\Users\krish\Documents\BITS\mlops-project\actions-runner\.credentials_migrated'
[2026-08-30 10:41:46Z INFO ConfigurationStore] MigratedCredFilePath: C:\Users\krish\Documents\BITS\mlops-project\actions-runner\.credentials_migrated
[2026-08-30 10:41:46Z INFO HostContext] Well known directory 'Bin': 'C:\Users\krish\Documents\BITS\mlops-project\actions-runner\bin'
[2026-08-30 10:41:46Z INFO HostContext] Well known directory 'Root': 'C:\Users\krish\Documents\BITS\mlops-project\actions-runner'
[2026-08-30 10:41:46Z INFO HostContext] Well known config file 'Service': 'C:\Users\krish\Documents\BITS\mlops-project\actions-runner\.service'
[2026-08-30 10:41:46Z INFO ConfigurationStore] ServiceConfigFilePath: C:\Users\krish\Documents\BITS\mlops-project\actions-runner\.service
[2026-08-30 10:41:46Z INFO ConfigurationStore] Read setting file: 408 chars
[2026-08-30 10:41:46Z INFO JobRunner] Initializing launch client
[2026-08-30 10:41:46Z INFO JobServerQueue] Initializing results client
[2026-08-30 10:41:46Z INFO ResultServer] Creating websocket client ...wss://results-receiver.actions.githubusercontent.com/_ws/ingest.sock
[2026-08-30 10:41:46Z INFO ResultServer] Attempting to start websocket client with delay 00:00:00.
[2026-08-30 10:41:46Z INFO JobServerQueue] Start process web console line queue.
[2026-08-30 10:41:46Z INFO JobServerQueue] Start process file upload queue.
[2026-08-30 10:41:46Z INFO JobServerQueue] Start results file upload queue.
[2026-08-30 10:41:46Z INFO JobServerQueue] Starting results-based upload queue...
[2026-08-30 10:41:46Z INFO JobServerQueue] Start process timeline update queue.
[2026-08-30 10:41:46Z INFO ExecutionContext] Initializing Job context
[2026-08-30 10:41:46Z INFO ExecutionContext] Initialize GitHub context
[2026-08-30 10:41:46Z INFO ExecutionContext] Initialize Env context
[2026-08-30 10:41:46Z INFO HostContext] Well known directory 'Bin': 'C:\Users\krish\Documents\BITS\mlops-project\actions-runner\bin'
[2026-08-30 10:41:46Z INFO HostContext] Well known directory 'Root': 'C:\Users\krish\Documents\BITS\mlops-project\actions-runner'
[2026-08-30 10:41:46Z INFO HostContext] Well known directory 'Diag': 'C:\Users\krish\Documents\BITS\mlops-project\actions-runner\_diag'
[2026-08-30 10:41:46Z INFO HostContext] Well known directory 'Bin': 'C:\Users\krish\Documents\BITS\mlops-project\actions-runner\bin'
[2026-08-30 10:41:46Z INFO HostContext] Well known directory 'Root': 'C:\Users\krish\Documents\BITS\mlops-project\actions-runner'
[2026-08-30 10:41:46Z INFO HostContext] Well known directory 'Diag': 'C:\Users\krish\Documents\BITS\mlops-project\actions-runner\_diag'
[2026-08-30 10:41:46Z INFO JobRunner] Starting the job execution context.
[2026-08-30 10:41:46Z INFO HostContext] Well known directory 'Bin': 'C:\Users\krish\Documents\BITS\mlops-project\actions-runner\bin'
[2026-08-30 10:41:46Z INFO HostContext] Well known directory 'Root': 'C:\Users\krish\Documents\BITS\mlops-project\actions-runner'
[2026-08-30 10:41:46Z INFO HostContext] Well known directory 'Work': 'C:\Users\krish\Documents\BITS\mlops-project\actions-runner\_work'
[2026-08-30 10:41:46Z INFO JobRunner] Validating directory permissions for: 'C:\Users\krish\Documents\BITS\mlops-project\actions-runner\_work'
[2026-08-30 10:41:46Z INFO HostContext] Well known directory 'Bin': 'C:\Users\krish\Documents\BITS\mlops-project\actions-runner\bin'
[2026-08-30 10:41:46Z INFO HostContext] Well known directory 'Root': 'C:\Users\krish\Documents\BITS\mlops-project\actions-runner'
[2026-08-30 10:41:46Z INFO HostContext] Well known directory 'Work': 'C:\Users\krish\Documents\BITS\mlops-project\actions-runner\_work'
[2026-08-30 10:41:46Z INFO HostContext] Well known directory 'Tools': 'C:\Users\krish\Documents\BITS\mlops-project\actions-runner\_work\_tool'
[2026-08-30 10:41:46Z INFO HostContext] Well known directory 'Bin': 'C:\Users\krish\Documents\BITS\mlops-project\actions-runner\bin'
[2026-08-30 10:41:46Z INFO HostContext] Well known directory 'Root': 'C:\Users\krish\Documents\BITS\mlops-project\actions-runner'
[2026-08-30 10:41:46Z INFO HostContext] Well known directory 'Work': 'C:\Users\krish\Documents\BITS\mlops-project\actions-runner\_work'
[2026-08-30 10:41:46Z INFO HostContext] Well known directory 'Temp': 'C:\Users\krish\Documents\BITS\mlops-project\actions-runner\_work\_temp'
[2026-08-30 10:41:46Z INFO JobRunner] Getting job extension.
[2026-08-30 10:41:46Z INFO JobRunner] Initialize job. Getting all job steps.
[2026-08-30 10:41:46Z INFO HostContext] Well known directory 'Bin': 'C:\Users\krish\Documents\BITS\mlops-project\actions-runner\bin'
[2026-08-30 10:41:46Z INFO HostContext] Well known directory 'Root': 'C:\Users\krish\Documents\BITS\mlops-project\actions-runner'
[2026-08-30 10:41:46Z INFO HostContext] Well known directory 'Diag': 'C:\Users\krish\Documents\BITS\mlops-project\actions-runner\_diag'
[2026-08-30 10:41:46Z INFO HostContext] Well known directory 'Bin': 'C:\Users\krish\Documents\BITS\mlops-project\actions-runner\bin'
[2026-08-30 10:41:46Z INFO HostContext] Well known directory 'Root': 'C:\Users\krish\Documents\BITS\mlops-project\actions-runner'
[2026-08-30 10:41:46Z INFO HostContext] Well known directory 'Diag': 'C:\Users\krish\Documents\BITS\mlops-project\actions-runner\_diag'
[2026-08-30 10:41:46Z INFO HostContext] Well known directory 'Bin': 'C:\Users\krish\Documents\BITS\mlops-project\actions-runner\bin'
[2026-08-30 10:41:46Z INFO HostContext] Well known directory 'Root': 'C:\Users\krish\Documents\BITS\mlops-project\actions-runner'
[2026-08-30 10:41:46Z INFO HostContext] Well known config file 'Credentials': 'C:\Users\krish\Documents\BITS\mlops-project\actions-runner\.credentials'
[2026-08-30 10:41:46Z INFO HostContext] Well known directory 'Bin': 'C:\Users\krish\Documents\BITS\mlops-project\actions-runner\bin'
[2026-08-30 10:41:46Z INFO HostContext] Well known directory 'Root': 'C:\Users\krish\Documents\BITS\mlops-project\actions-runner'
[2026-08-30 10:41:46Z INFO HostContext] Well known config file 'SetupInfo': 'C:\Users\krish\Documents\BITS\mlops-project\actions-runner\.setup_info'
[2026-08-30 10:41:46Z INFO HostContext] Well known directory 'Bin': 'C:\Users\krish\Documents\BITS\mlops-project\actions-runner\bin'
[2026-08-30 10:41:46Z INFO HostContext] Well known directory 'Root': 'C:\Users\krish\Documents\BITS\mlops-project\actions-runner'
[2026-08-30 10:41:46Z INFO HostContext] Well known directory 'Work': 'C:\Users\krish\Documents\BITS\mlops-project\actions-runner\_work'
[2026-08-30 10:41:46Z INFO PipelineDirectoryManager] Loading tracking config if exists: C:\Users\krish\Documents\BITS\mlops-project\actions-runner\_work\_PipelineMapping\2024ac05127-tech/assignment2\PipelineFolder.json
[2026-08-30 10:41:46Z INFO PipelineDirectoryManager] Updating job run properties.
[2026-08-30 10:41:46Z INFO HostContext] Well known directory 'Bin': 'C:\Users\krish\Documents\BITS\mlops-project\actions-runner\bin'
[2026-08-30 10:41:46Z INFO HostContext] Well known directory 'Root': 'C:\Users\krish\Documents\BITS\mlops-project\actions-runner'
[2026-08-30 10:41:46Z INFO HostContext] Well known directory 'Work': 'C:\Users\krish\Documents\BITS\mlops-project\actions-runner\_work'
[2026-08-30 10:41:46Z INFO HostContext] Well known directory 'Bin': 'C:\Users\krish\Documents\BITS\mlops-project\actions-runner\bin'
[2026-08-30 10:41:46Z INFO HostContext] Well known directory 'Root': 'C:\Users\krish\Documents\BITS\mlops-project\actions-runner'
[2026-08-30 10:41:46Z INFO HostContext] Well known directory 'Work': 'C:\Users\krish\Documents\BITS\mlops-project\actions-runner\_work'
[2026-08-30 10:41:46Z INFO HostContext] Well known directory 'Bin': 'C:\Users\krish\Documents\BITS\mlops-project\actions-runner\bin'
[2026-08-30 10:41:46Z INFO HostContext] Well known directory 'Root': 'C:\Users\krish\Documents\BITS\mlops-project\actions-runner'
[2026-08-30 10:41:46Z INFO HostContext] Well known directory 'Work': 'C:\Users\krish\Documents\BITS\mlops-project\actions-runner\_work'
[2026-08-30 10:41:46Z INFO JobExtension] Downloading actions
[2026-08-30 10:41:46Z INFO HostContext] Well known directory 'Bin': 'C:\Users\krish\Documents\BITS\mlops-project\actions-runner\bin'
[2026-08-30 10:41:46Z INFO HostContext] Well known directory 'Root': 'C:\Users\krish\Documents\BITS\mlops-project\actions-runner'
[2026-08-30 10:41:46Z INFO HostContext] Well known directory 'Work': 'C:\Users\krish\Documents\BITS\mlops-project\actions-runner\_work'
[2026-08-30 10:41:46Z INFO HostContext] Well known directory 'Actions': 'C:\Users\krish\Documents\BITS\mlops-project\actions-runner\_work\_actions'
[2026-08-30 10:41:46Z INFO Worker] Listening for cancel message from the channel.
[2026-08-30 10:41:46Z INFO Worker] Waiting for the job to complete or for a cancel message from the channel.
[2026-08-30 10:41:47Z INFO ResultServer] Successfully started websocket client.
[2026-08-30 10:41:47Z INFO JobServerQueue] Try to append 1 batches web console lines for record 'd66e3bae-a518-42de-bb60-99476e4c30ed', success rate: 1/1.
[2026-08-30 10:41:47Z INFO HostContext] Well known directory 'Bin': 'C:\Users\krish\Documents\BITS\mlops-project\actions-runner\bin'
[2026-08-30 10:41:47Z INFO HostContext] Well known directory 'Root': 'C:\Users\krish\Documents\BITS\mlops-project\actions-runner'
[2026-08-30 10:41:47Z INFO HostContext] Well known directory 'Work': 'C:\Users\krish\Documents\BITS\mlops-project\actions-runner\_work'
[2026-08-30 10:41:47Z INFO HostContext] Well known directory 'Actions': 'C:\Users\krish\Documents\BITS\mlops-project\actions-runner\_work\_actions'
[2026-08-30 10:41:47Z INFO HostContext] Well known directory 'Bin': 'C:\Users\krish\Documents\BITS\mlops-project\actions-runner\bin'
[2026-08-30 10:41:47Z INFO HostContext] Well known directory 'Root': 'C:\Users\krish\Documents\BITS\mlops-project\actions-runner'
[2026-08-30 10:41:47Z INFO HostContext] Well known directory 'Work': 'C:\Users\krish\Documents\BITS\mlops-project\actions-runner\_work'
[2026-08-30 10:41:47Z INFO HostContext] Well known directory 'Actions': 'C:\Users\krish\Documents\BITS\mlops-project\actions-runner\_work\_actions'
[2026-08-30 10:41:47Z INFO ActionManager] Save archive 'https://codeload.github.com/actions/checkout/zip/11d5960a326750d5838078e36cf38b85af677262' into C:\Users\krish\Documents\BITS\mlops-project\actions-runner\_work\_actions\_temp_a8483be1-fc8b-49a2-b924-22a79360c3cd\dcf7d0a2-689e-4a84-870e-da3bfa6259c9.zip.
[2026-08-30 10:41:47Z INFO ActionManager] Using Basic token for action archive download.
[2026-08-30 10:41:47Z INFO JobServerQueue] Job timeline record has been updated for the first time.
[2026-08-30 10:41:47Z INFO JobServerQueue] Try to append 1 batches web console lines for record 'd66e3bae-a518-42de-bb60-99476e4c30ed', success rate: 1/1.
[2026-08-30 10:41:48Z INFO ActionManager] Request URL: https://codeload.github.com/actions/checkout/zip/11d5960a326750d5838078e36cf38b85af677262 X-GitHub-Request-Id: D275:3A7A4D:301A0:3B5017:6A9408EB Http Status: OK
[2026-08-30 10:41:49Z INFO ActionManager] Finished getting action repository.
[2026-08-30 10:41:49Z INFO HostContext] Well known directory 'Bin': 'C:\Users\krish\Documents\BITS\mlops-project\actions-runner\bin'
[2026-08-30 10:41:49Z INFO HostContext] Well known directory 'Root': 'C:\Users\krish\Documents\BITS\mlops-project\actions-runner'
[2026-08-30 10:41:49Z INFO HostContext] Well known directory 'Work': 'C:\Users\krish\Documents\BITS\mlops-project\actions-runner\_work'
[2026-08-30 10:41:49Z INFO HostContext] Well known directory 'Actions': 'C:\Users\krish\Documents\BITS\mlops-project\actions-runner\_work\_actions'
[2026-08-30 10:41:49Z INFO ActionManifestManagerLegacy] Load schema file with definitions: [
  "null",
  "boolean",
  "number",
  "string",
  "sequence",
  "mapping",
  "any",
  "action-root",
  "inputs",
  "input",
  "outputs",
  "output-definition",
  "runs",
  "container-runs",
  "container-runs-args",
  "container-runs-env",
  "node-runs",
  "plugin-runs",
  "composite-runs",
  "composite-steps",
  "composite-step",
  "run-step",
  "uses-step",
  "container-runs-context",
  "output-value",
  "input-default-context",
  "non-empty-string",
  "string-steps-context",
  "boolean-steps-context",
  "step-env",
  "step-if",
  "step-with"
]
[2026-08-30 10:41:49Z INFO ActionManifestManager] Load schema file with definitions: [
  "null",
  "boolean",
  "number",
  "string",
  "sequence",
  "mapping",
  "any",
  "action-root",
  "inputs",
  "input",
  "outputs",
  "output-definition",
  "runs",
  "container-runs",
  "container-runs-args",
  "container-runs-env",
  "node-runs",
  "plugin-runs",
  "composite-runs",
  "composite-steps",
  "composite-step",
  "run-step",
  "uses-step",
  "container-runs-context",
  "output-value",
  "input-default-context",
  "non-empty-string",
  "string-steps-context",
  "boolean-steps-context",
  "step-env",
  "step-if",
  "step-with"
]
[2026-08-30 10:41:49Z INFO HostContext] Well known directory 'Bin': 'C:\Users\krish\Documents\BITS\mlops-project\actions-runner\bin'
[2026-08-30 10:41:49Z INFO HostContext] Well known directory 'Root': 'C:\Users\krish\Documents\BITS\mlops-project\actions-runner'
[2026-08-30 10:41:49Z INFO HostContext] Well known directory 'Work': 'C:\Users\krish\Documents\BITS\mlops-project\actions-runner\_work'
[2026-08-30 10:41:49Z INFO HostContext] Well known directory 'Actions': 'C:\Users\krish\Documents\BITS\mlops-project\actions-runner\_work\_actions'
[2026-08-30 10:41:50Z INFO ActionManifestManagerLegacy] Loaded action.yml file: {
  "name": "Checkout",
  "description": "Checkout a Git repository at a particular version",
  "inputs": {
    "type": 2,
    "map": [
      {
        "key": {
          "type": 0,
          "file": 2,
          "line": 4,
          "col": 3,
          "lit": "repository"
        },
        "value": {
          "type": 3,
          "file": 2,
          "line": 6,
          "col": 14,
          "expr": "github.repository"
        }
      },
      {
        "key": {
          "type": 0,
          "file": 2,
          "line": 7,
          "col": 3,
          "lit": "ref"
        },
        "value": ""
      },
      {
        "key": {
          "type": 0,
          "file": 2,
          "line": 12,
          "col": 3,
          "lit": "token"
        },
        "value": {
          "type": 3,
          "file": 2,
          "line": 24,
          "col": 14,
          "expr": "github.token"
        }
      },
      {
        "key": {
          "type": 0,
          "file": 2,
          "line": 25,
          "col": 3,
          "lit": "ssh-key"
        },
        "value": ""
      },
      {
        "key": {
          "type": 0,
          "file": 2,
          "line": 37,
          "col": 3,
          "lit": "ssh-known-hosts"
        },
        "value": ""
      },
      {
        "key": {
          "type": 0,
          "file": 2,
          "line": 42,
          "col": 3,
          "lit": "ssh-strict"
        },
        "value": {
          "type": 0,
          "file": 2,
          "line": 47,
          "col": 14,
          "lit": "true"
        }
      },
      {
        "key": {
          "type": 0,
          "file": 2,
          "line": 48,
          "col": 3,
          "lit": "ssh-user"
        },
        "value": {
          "type": 0,
          "file": 2,
          "line": 51,
          "col": 14,
          "lit": "git"
        }
      },
      {
        "key": {
          "type": 0,
          "file": 2,
          "line": 52,
          "col": 3,
          "lit": "persist-credentials"
        },
        "value": {
          "type": 0,
          "file": 2,
          "line": 54,
          "col": 14,
          "lit": "true"
        }
      },
      {
        "key": {
          "type": 0,
          "file": 2,
          "line": 55,
          "col": 3,
          "lit": "path"
        },
        "value": ""
      },
      {
        "key": {
          "type": 0,
          "file": 2,
          "line": 57,
          "col": 3,
          "lit": "clean"
        },
        "value": {
          "type": 0,
          "file": 2,
          "line": 59,
          "col": 14,
          "lit": "true"
        }
      },
      {
        "key": {
          "type": 0,
          "file": 2,
          "line": 60,
          "col": 3,
          "lit": "filter"
        },
        "value": {
          "type": 0,
          "file": 2,
          "line": 64,
          "col": 14,
          "lit": ""
        }
      },
      {
        "key": {
          "type": 0,
          "file": 2,
          "line": 65,
          "col": 3,
          "lit": "sparse-checkout"
        },
        "value": {
          "type": 0,
          "file": 2,
          "line": 69,
          "col": 14,
          "lit": ""
        }
      },
      {
        "key": {
          "type": 0,
          "file": 2,
          "line": 70,
          "col": 3,
          "lit": "sparse-checkout-cone-mode"
        },
        "value": {
          "type": 0,
          "file": 2,
          "line": 73,
          "col": 14,
          "lit": "true"
        }
      },
      {
        "key": {
          "type": 0,
          "file": 2,
          "line": 74,
          "col": 3,
          "lit": "fetch-depth"
        },
        "value": {
          "type": 0,
          "file": 2,
          "line": 76,
          "col": 14,
          "lit": "1"
        }
      },
      {
        "key": {
          "type": 0,
          "file": 2,
          "line": 77,
          "col": 3,
          "lit": "fetch-tags"
        },
        "value": {
          "type": 0,
          "file": 2,
          "line": 79,
          "col": 14,
          "lit": "false"
        }
      },
      {
        "key": {
          "type": 0,
          "file": 2,
          "line": 80,
          "col": 3,
          "lit": "show-progress"
        },
        "value": {
          "type": 0,
          "file": 2,
          "line": 82,
          "col": 14,
          "lit": "true"
        }
      },
      {
        "key": {
          "type": 0,
          "file": 2,
          "line": 83,
          "col": 3,
          "lit": "lfs"
        },
        "value": {
          "type": 0,
          "file": 2,
          "line": 85,
          "col": 14,
          "lit": "false"
        }
      },
      {
        "key": {
          "type": 0,
          "file": 2,
          "line": 86,
          "col": 3,
          "lit": "submodules"
        },
        "value": {
          "type": 0,
          "file": 2,
          "line": 94,
          "col": 14,
          "lit": "false"
        }
      },
      {
        "key": {
          "type": 0,
          "file": 2,
          "line": 95,
          "col": 3,
          "lit": "set-safe-directory"
        },
        "value": {
          "type": 0,
          "file": 2,
          "line": 97,
          "col": 14,
          "lit": "true"
        }
      },
      {
        "key": {
          "type": 0,
          "file": 2,
          "line": 98,
          "col": 3,
          "lit": "github-server-url"
        },
        "value": ""
      },
      {
        "key": {
          "type": 0,
          "file": 2,
          "line": 101,
          "col": 3,
          "lit": "allow-unsafe-pr-checkout"
        },
        "value": {
          "type": 0,
          "file": 2,
          "line": 109,
          "col": 14,
          "lit": "false"
        }
      }
    ]
  },
  "execution": {
    "executionType": "nodeJS",
    "hasPre": false,
    "hasPost": true,
    "script": "dist/index.js",
    "pre": null,
    "post": "dist/index.js",
    "nodeVersion": "node20",
    "cleanupCondition": "always()",
    "initCondition": "always()"
  },
  "deprecated": null
}
[2026-08-30 10:41:50Z INFO ActionManager] Action node.js file: dist/index.js, no more preparation.
[2026-08-30 10:41:50Z INFO HostContext] Well known directory 'Bin': 'C:\Users\krish\Documents\BITS\mlops-project\actions-runner\bin'
[2026-08-30 10:41:50Z INFO HostContext] Well known directory 'Root': 'C:\Users\krish\Documents\BITS\mlops-project\actions-runner'
[2026-08-30 10:41:50Z INFO HostContext] Well known directory 'Work': 'C:\Users\krish\Documents\BITS\mlops-project\actions-runner\_work'
[2026-08-30 10:41:50Z INFO HostContext] Well known directory 'Actions': 'C:\Users\krish\Documents\BITS\mlops-project\actions-runner\_work\_actions'
[2026-08-30 10:41:50Z INFO ActionManager] Load action that reference repository from 'C:\Users\krish\Documents\BITS\mlops-project\actions-runner\_work\_actions\actions\checkout\v4'
[2026-08-30 10:41:50Z INFO HostContext] Well known directory 'Bin': 'C:\Users\krish\Documents\BITS\mlops-project\actions-runner\bin'
[2026-08-30 10:41:50Z INFO HostContext] Well known directory 'Root': 'C:\Users\krish\Documents\BITS\mlops-project\actions-runner'
[2026-08-30 10:41:50Z INFO HostContext] Well known directory 'Work': 'C:\Users\krish\Documents\BITS\mlops-project\actions-runner\_work'
[2026-08-30 10:41:50Z INFO HostContext] Well known directory 'Actions': 'C:\Users\krish\Documents\BITS\mlops-project\actions-runner\_work\_actions'
[2026-08-30 10:41:50Z INFO ActionManifestManagerLegacy] Loaded action.yml file: {
  "name": "Checkout",
  "description": "Checkout a Git repository at a particular version",
  "inputs": {
    "type": 2,
    "map": [
      {
        "key": {
          "type": 0,
          "file": 2,
          "line": 4,
          "col": 3,
          "lit": "repository"
        },
        "value": {
          "type": 3,
          "file": 2,
          "line": 6,
          "col": 14,
          "expr": "github.repository"
        }
      },
      {
        "key": {
          "type": 0,
          "file": 2,
          "line": 7,
          "col": 3,
          "lit": "ref"
        },
        "value": ""
      },
      {
        "key": {
          "type": 0,
          "file": 2,
          "line": 12,
          "col": 3,
          "lit": "token"
        },
        "value": {
          "type": 3,
          "file": 2,
          "line": 24,
          "col": 14,
          "expr": "github.token"
        }
      },
      {
        "key": {
          "type": 0,
          "file": 2,
          "line": 25,
          "col": 3,
          "lit": "ssh-key"
        },
        "value": ""
      },
      {
        "key": {
          "type": 0,
          "file": 2,
          "line": 37,
          "col": 3,
          "lit": "ssh-known-hosts"
        },
        "value": ""
      },
      {
        "key": {
          "type": 0,
          "file": 2,
          "line": 42,
          "col": 3,
          "lit": "ssh-strict"
        },
        "value": {
          "type": 0,
          "file": 2,
          "line": 47,
          "col": 14,
          "lit": "true"
        }
      },
      {
        "key": {
          "type": 0,
          "file": 2,
          "line": 48,
          "col": 3,
          "lit": "ssh-user"
        },
        "value": {
          "type": 0,
          "file": 2,
          "line": 51,
          "col": 14,
          "lit": "git"
        }
      },
      {
        "key": {
          "type": 0,
          "file": 2,
          "line": 52,
          "col": 3,
          "lit": "persist-credentials"
        },
        "value": {
          "type": 0,
          "file": 2,
          "line": 54,
          "col": 14,
          "lit": "true"
        }
      },
      {
        "key": {
          "type": 0,
          "file": 2,
          "line": 55,
          "col": 3,
          "lit": "path"
        },
        "value": ""
      },
      {
        "key": {
          "type": 0,
          "file": 2,
          "line": 57,
          "col": 3,
          "lit": "clean"
        },
        "value": {
          "type": 0,
          "file": 2,
          "line": 59,
          "col": 14,
          "lit": "true"
        }
      },
      {
        "key": {
          "type": 0,
          "file": 2,
          "line": 60,
          "col": 3,
          "lit": "filter"
        },
        "value": {
          "type": 0,
          "file": 2,
          "line": 64,
          "col": 14,
          "lit": ""
        }
      },
      {
        "key": {
          "type": 0,
          "file": 2,
          "line": 65,
          "col": 3,
          "lit": "sparse-checkout"
        },
        "value": {
          "type": 0,
          "file": 2,
          "line": 69,
          "col": 14,
          "lit": ""
        }
      },
      {
        "key": {
          "type": 0,
          "file": 2,
          "line": 70,
          "col": 3,
          "lit": "sparse-checkout-cone-mode"
        },
        "value": {
          "type": 0,
          "file": 2,
          "line": 73,
          "col": 14,
          "lit": "true"
        }
      },
      {
        "key": {
          "type": 0,
          "file": 2,
          "line": 74,
          "col": 3,
          "lit": "fetch-depth"
        },
        "value": {
          "type": 0,
          "file": 2,
          "line": 76,
          "col": 14,
          "lit": "1"
        }
      },
      {
        "key": {
          "type": 0,
          "file": 2,
          "line": 77,
          "col": 3,
          "lit": "fetch-tags"
        },
        "value": {
          "type": 0,
          "file": 2,
          "line": 79,
          "col": 14,
          "lit": "false"
        }
      },
      {
        "key": {
          "type": 0,
          "file": 2,
          "line": 80,
          "col": 3,
          "lit": "show-progress"
        },
        "value": {
          "type": 0,
          "file": 2,
          "line": 82,
          "col": 14,
          "lit": "true"
        }
      },
      {
        "key": {
          "type": 0,
          "file": 2,
          "line": 83,
          "col": 3,
          "lit": "lfs"
        },
        "value": {
          "type": 0,
          "file": 2,
          "line": 85,
          "col": 14,
          "lit": "false"
        }
      },
      {
        "key": {
          "type": 0,
          "file": 2,
          "line": 86,
          "col": 3,
          "lit": "submodules"
        },
        "value": {
          "type": 0,
          "file": 2,
          "line": 94,
          "col": 14,
          "lit": "false"
        }
      },
      {
        "key": {
          "type": 0,
          "file": 2,
          "line": 95,
          "col": 3,
          "lit": "set-safe-directory"
        },
        "value": {
          "type": 0,
          "file": 2,
          "line": 97,
          "col": 14,
          "lit": "true"
        }
      },
      {
        "key": {
          "type": 0,
          "file": 2,
          "line": 98,
          "col": 3,
          "lit": "github-server-url"
        },
        "value": ""
      },
      {
        "key": {
          "type": 0,
          "file": 2,
          "line": 101,
          "col": 3,
          "lit": "allow-unsafe-pr-checkout"
        },
        "value": {
          "type": 0,
          "file": 2,
          "line": 109,
          "col": 14,
          "lit": "false"
        }
      }
    ]
  },
  "execution": {
    "executionType": "nodeJS",
    "hasPre": false,
    "hasPost": true,
    "script": "dist/index.js",
    "pre": null,
    "post": "dist/index.js",
    "nodeVersion": "node20",
    "cleanupCondition": "always()",
    "initCondition": "always()"
  },
  "deprecated": null
}
[2026-08-30 10:41:50Z INFO ActionManager] Action pre node.js file: N/A.
[2026-08-30 10:41:50Z INFO ActionManager] Action node.js file: dist/index.js.
[2026-08-30 10:41:50Z INFO ActionManager] Action post node.js file: dist/index.js.
[2026-08-30 10:41:50Z INFO JobExtension] Adding .
[2026-08-30 10:41:50Z INFO JobExtension] Adding .
[2026-08-30 10:41:50Z INFO JobExtension] Adding .
[2026-08-30 10:41:50Z INFO JobExtension] Adding .
[2026-08-30 10:41:50Z INFO JobExtension] Adding .
[2026-08-30 10:41:50Z INFO JobExtension] Adding .
[2026-08-30 10:41:50Z INFO HostContext] Well known directory 'Bin': 'C:\Users\krish\Documents\BITS\mlops-project\actions-runner\bin'
[2026-08-30 10:41:50Z INFO HostContext] Well known directory 'Root': 'C:\Users\krish\Documents\BITS\mlops-project\actions-runner'
[2026-08-30 10:41:50Z INFO HostContext] Well known directory 'Diag': 'C:\Users\krish\Documents\BITS\mlops-project\actions-runner\_diag'
[2026-08-30 10:41:50Z INFO HostContext] Well known directory 'Bin': 'C:\Users\krish\Documents\BITS\mlops-project\actions-runner\bin'
[2026-08-30 10:41:50Z INFO HostContext] Well known directory 'Root': 'C:\Users\krish\Documents\BITS\mlops-project\actions-runner'
[2026-08-30 10:41:50Z INFO HostContext] Well known directory 'Diag': 'C:\Users\krish\Documents\BITS\mlops-project\actions-runner\_diag'
[2026-08-30 10:41:50Z INFO HostContext] Well known directory 'Bin': 'C:\Users\krish\Documents\BITS\mlops-project\actions-runner\bin'
[2026-08-30 10:41:50Z INFO HostContext] Well known directory 'Root': 'C:\Users\krish\Documents\BITS\mlops-project\actions-runner'
[2026-08-30 10:41:50Z INFO HostContext] Well known directory 'Diag': 'C:\Users\krish\Documents\BITS\mlops-project\actions-runner\_diag'
[2026-08-30 10:41:50Z INFO HostContext] Well known directory 'Bin': 'C:\Users\krish\Documents\BITS\mlops-project\actions-runner\bin'
[2026-08-30 10:41:50Z INFO HostContext] Well known directory 'Root': 'C:\Users\krish\Documents\BITS\mlops-project\actions-runner'
[2026-08-30 10:41:50Z INFO HostContext] Well known directory 'Diag': 'C:\Users\krish\Documents\BITS\mlops-project\actions-runner\_diag'
[2026-08-30 10:41:50Z INFO HostContext] Well known directory 'Bin': 'C:\Users\krish\Documents\BITS\mlops-project\actions-runner\bin'
[2026-08-30 10:41:50Z INFO HostContext] Well known directory 'Root': 'C:\Users\krish\Documents\BITS\mlops-project\actions-runner'
[2026-08-30 10:41:50Z INFO HostContext] Well known directory 'Diag': 'C:\Users\krish\Documents\BITS\mlops-project\actions-runner\_diag'
[2026-08-30 10:41:50Z INFO HostContext] Well known directory 'Bin': 'C:\Users\krish\Documents\BITS\mlops-project\actions-runner\bin'
[2026-08-30 10:41:50Z INFO HostContext] Well known directory 'Root': 'C:\Users\krish\Documents\BITS\mlops-project\actions-runner'
[2026-08-30 10:41:50Z INFO HostContext] Well known directory 'Diag': 'C:\Users\krish\Documents\BITS\mlops-project\actions-runner\_diag'
[2026-08-30 10:41:50Z INFO HostContext] Well known directory 'Bin': 'C:\Users\krish\Documents\BITS\mlops-project\actions-runner\bin'
[2026-08-30 10:41:50Z INFO HostContext] Well known directory 'Root': 'C:\Users\krish\Documents\BITS\mlops-project\actions-runner'
[2026-08-30 10:41:50Z INFO HostContext] Well known directory 'Diag': 'C:\Users\krish\Documents\BITS\mlops-project\actions-runner\_diag'
[2026-08-30 10:41:50Z INFO HostContext] Well known directory 'Bin': 'C:\Users\krish\Documents\BITS\mlops-project\actions-runner\bin'
[2026-08-30 10:41:50Z INFO HostContext] Well known directory 'Root': 'C:\Users\krish\Documents\BITS\mlops-project\actions-runner'
[2026-08-30 10:41:50Z INFO HostContext] Well known directory 'Diag': 'C:\Users\krish\Documents\BITS\mlops-project\actions-runner\_diag'
[2026-08-30 10:41:50Z INFO HostContext] Well known directory 'Bin': 'C:\Users\krish\Documents\BITS\mlops-project\actions-runner\bin'
[2026-08-30 10:41:50Z INFO HostContext] Well known directory 'Root': 'C:\Users\krish\Documents\BITS\mlops-project\actions-runner'
[2026-08-30 10:41:50Z INFO HostContext] Well known directory 'Diag': 'C:\Users\krish\Documents\BITS\mlops-project\actions-runner\_diag'
[2026-08-30 10:41:50Z INFO HostContext] Well known directory 'Bin': 'C:\Users\krish\Documents\BITS\mlops-project\actions-runner\bin'
[2026-08-30 10:41:50Z INFO HostContext] Well known directory 'Root': 'C:\Users\krish\Documents\BITS\mlops-project\actions-runner'
[2026-08-30 10:41:50Z INFO HostContext] Well known directory 'Diag': 'C:\Users\krish\Documents\BITS\mlops-project\actions-runner\_diag'
[2026-08-30 10:41:50Z INFO HostContext] Well known directory 'Bin': 'C:\Users\krish\Documents\BITS\mlops-project\actions-runner\bin'
[2026-08-30 10:41:50Z INFO HostContext] Well known directory 'Root': 'C:\Users\krish\Documents\BITS\mlops-project\actions-runner'
[2026-08-30 10:41:50Z INFO HostContext] Well known directory 'Diag': 'C:\Users\krish\Documents\BITS\mlops-project\actions-runner\_diag'
[2026-08-30 10:41:50Z INFO HostContext] Well known directory 'Bin': 'C:\Users\krish\Documents\BITS\mlops-project\actions-runner\bin'
[2026-08-30 10:41:50Z INFO HostContext] Well known directory 'Root': 'C:\Users\krish\Documents\BITS\mlops-project\actions-runner'
[2026-08-30 10:41:50Z INFO HostContext] Well known directory 'Diag': 'C:\Users\krish\Documents\BITS\mlops-project\actions-runner\_diag'
[2026-08-30 10:41:50Z INFO JobExtension] Total accessible running process: 311.
[2026-08-30 10:41:50Z INFO HostContext] Well known directory 'Bin': 'C:\Users\krish\Documents\BITS\mlops-project\actions-runner\bin'
[2026-08-30 10:41:50Z INFO HostContext] Well known directory 'Root': 'C:\Users\krish\Documents\BITS\mlops-project\actions-runner'
[2026-08-30 10:41:50Z INFO HostContext] Well known directory 'Work': 'C:\Users\krish\Documents\BITS\mlops-project\actions-runner\_work'
[2026-08-30 10:41:50Z INFO JobExtension] Start checking server connectivity.
[2026-08-30 10:41:50Z INFO JobExtension] Check server connectivity for https://broker.actions.githubusercontent.com/health.
[2026-08-30 10:41:50Z INFO JobExtension] Check server connectivity for https://token.actions.githubusercontent.com/ready.
[2026-08-30 10:41:50Z INFO JobExtension] Check server connectivity for https://run.actions.githubusercontent.com/health.
[2026-08-30 10:41:50Z INFO JobExtension] Start checking service connectivity in background.
[2026-08-30 10:41:50Z INFO ExecutionContext] Publish step telemetry for current step {
  "action": "setup_job",
  "type": "runner",
  "stage": "Pre",
  "stepId": "d66e3bae-a518-42de-bb60-99476e4c30ed",
  "result": "succeeded",
  "errorMessages": [],
  "executionTimeInSeconds": 5,
  "startTime": "2026-08-30T10:41:46.2001048Z",
  "finishTime": "2026-08-30T10:41:50.2503067Z"
}.
[2026-08-30 10:41:50Z INFO JobRunner] Total job steps: 6.
[2026-08-30 10:41:50Z INFO JobRunner] Run all job steps.
[2026-08-30 10:41:50Z INFO DapDebugger] DapDebugger initialized
[2026-08-30 10:41:50Z INFO StepsRunner] Processing step: DisplayName='Checkout repository'
[2026-08-30 10:41:50Z INFO StepsRunner] Evaluating: success()
[2026-08-30 10:41:50Z INFO StepsRunner] Result: true
[2026-08-30 10:41:50Z INFO JobServerQueue] Try to append 1 batches web console lines for record 'd66e3bae-a518-42de-bb60-99476e4c30ed', success rate: 1/1.
[2026-08-30 10:41:50Z INFO StepsRunner] Starting the step.
[2026-08-30 10:41:50Z INFO HostContext] Well known directory 'Bin': 'C:\Users\krish\Documents\BITS\mlops-project\actions-runner\bin'
[2026-08-30 10:41:50Z INFO HostContext] Well known directory 'Root': 'C:\Users\krish\Documents\BITS\mlops-project\actions-runner'
[2026-08-30 10:41:50Z INFO HostContext] Well known directory 'Work': 'C:\Users\krish\Documents\BITS\mlops-project\actions-runner\_work'
[2026-08-30 10:41:50Z INFO StepsRunner] Which2: 'chcp'
[2026-08-30 10:41:50Z INFO StepsRunner] Location: 'C:\WINDOWS\system32\chcp.COM'
[2026-08-30 10:41:50Z INFO ProcessInvokerWrapper] Starting process:
[2026-08-30 10:41:50Z INFO ProcessInvokerWrapper]   File name: 'C:\WINDOWS\system32\chcp.COM'
[2026-08-30 10:41:50Z INFO ProcessInvokerWrapper]   Arguments: '65001'
[2026-08-30 10:41:50Z INFO ProcessInvokerWrapper]   Working directory: 'C:\Users\krish\Documents\BITS\mlops-project\actions-runner\_work'
[2026-08-30 10:41:50Z INFO ProcessInvokerWrapper]   Require exit code zero: 'False'
[2026-08-30 10:41:50Z INFO ProcessInvokerWrapper]   Encoding web name:  ; code page: ''
[2026-08-30 10:41:50Z INFO ProcessInvokerWrapper]   Force kill process on cancellation: 'False'
[2026-08-30 10:41:50Z INFO ProcessInvokerWrapper]   Redirected STDIN: 'False'
[2026-08-30 10:41:50Z INFO ProcessInvokerWrapper]   Persist current code page: 'True'
[2026-08-30 10:41:50Z INFO ProcessInvokerWrapper]   Keep redirected STDIN open: 'False'
[2026-08-30 10:41:50Z INFO ProcessInvokerWrapper]   High priority process: 'False'
[2026-08-30 10:41:50Z INFO ProcessInvokerWrapper] Process started with process id 9440, waiting for process exit.
[2026-08-30 10:41:50Z INFO ProcessInvokerWrapper] STDOUT/STDERR stream read finished.
[2026-08-30 10:41:50Z INFO ProcessInvokerWrapper] STDOUT/STDERR stream read finished.
[2026-08-30 10:41:50Z INFO ProcessInvokerWrapper] Finished process 9440 with exit code 0, and elapsed time 00:00:00.0421454.
[2026-08-30 10:41:50Z INFO StepsRunner] Successfully returned to code page 65001 (UTF8)
[2026-08-30 10:41:50Z INFO HostContext] Well known directory 'Bin': 'C:\Users\krish\Documents\BITS\mlops-project\actions-runner\bin'
[2026-08-30 10:41:50Z INFO HostContext] Well known directory 'Root': 'C:\Users\krish\Documents\BITS\mlops-project\actions-runner'
[2026-08-30 10:41:50Z INFO HostContext] Well known directory 'Work': 'C:\Users\krish\Documents\BITS\mlops-project\actions-runner\_work'
[2026-08-30 10:41:50Z INFO HostContext] Well known directory 'Actions': 'C:\Users\krish\Documents\BITS\mlops-project\actions-runner\_work\_actions'
[2026-08-30 10:41:50Z INFO ActionManager] Load action that reference repository from 'C:\Users\krish\Documents\BITS\mlops-project\actions-runner\_work\_actions\actions\checkout\v4'
[2026-08-30 10:41:50Z INFO HostContext] Well known directory 'Bin': 'C:\Users\krish\Documents\BITS\mlops-project\actions-runner\bin'
[2026-08-30 10:41:50Z INFO HostContext] Well known directory 'Root': 'C:\Users\krish\Documents\BITS\mlops-project\actions-runner'
[2026-08-30 10:41:50Z INFO HostContext] Well known directory 'Work': 'C:\Users\krish\Documents\BITS\mlops-project\actions-runner\_work'
[2026-08-30 10:41:50Z INFO HostContext] Well known directory 'Actions': 'C:\Users\krish\Documents\BITS\mlops-project\actions-runner\_work\_actions'
[2026-08-30 10:41:50Z INFO ActionManifestManagerLegacy] Loaded action.yml file: {
  "name": "Checkout",
  "description": "Checkout a Git repository at a particular version",
  "inputs": {
    "type": 2,
    "map": [
      {
        "key": {
          "type": 0,
          "file": 2,
          "line": 4,
          "col": 3,
          "lit": "repository"
        },
        "value": {
          "type": 3,
          "file": 2,
          "line": 6,
          "col": 14,
          "expr": "github.repository"
        }
      },
      {
        "key": {
          "type": 0,
          "file": 2,
          "line": 7,
          "col": 3,
          "lit": "ref"
        },
        "value": ""
      },
      {
        "key": {
          "type": 0,
          "file": 2,
          "line": 12,
          "col": 3,
          "lit": "token"
        },
        "value": {
          "type": 3,
          "file": 2,
          "line": 24,
          "col": 14,
          "expr": "github.token"
        }
      },
      {
        "key": {
          "type": 0,
          "file": 2,
          "line": 25,
          "col": 3,
          "lit": "ssh-key"
        },
        "value": ""
      },
      {
        "key": {
          "type": 0,
          "file": 2,
          "line": 37,
          "col": 3,
          "lit": "ssh-known-hosts"
        },
        "value": ""
      },
      {
        "key": {
          "type": 0,
          "file": 2,
          "line": 42,
          "col": 3,
          "lit": "ssh-strict"
        },
        "value": {
          "type": 0,
          "file": 2,
          "line": 47,
          "col": 14,
          "lit": "true"
        }
      },
      {
        "key": {
          "type": 0,
          "file": 2,
          "line": 48,
          "col": 3,
          "lit": "ssh-user"
        },
        "value": {
          "type": 0,
          "file": 2,
          "line": 51,
          "col": 14,
          "lit": "git"
        }
      },
      {
        "key": {
          "type": 0,
          "file": 2,
          "line": 52,
          "col": 3,
          "lit": "persist-credentials"
        },
        "value": {
          "type": 0,
          "file": 2,
          "line": 54,
          "col": 14,
          "lit": "true"
        }
      },
      {
        "key": {
          "type": 0,
          "file": 2,
          "line": 55,
          "col": 3,
          "lit": "path"
        },
        "value": ""
      },
      {
        "key": {
          "type": 0,
          "file": 2,
          "line": 57,
          "col": 3,
          "lit": "clean"
        },
        "value": {
          "type": 0,
          "file": 2,
          "line": 59,
          "col": 14,
          "lit": "true"
        }
      },
      {
        "key": {
          "type": 0,
          "file": 2,
          "line": 60,
          "col": 3,
          "lit": "filter"
        },
        "value": {
          "type": 0,
          "file": 2,
          "line": 64,
          "col": 14,
          "lit": ""
        }
      },
      {
        "key": {
          "type": 0,
          "file": 2,
          "line": 65,
          "col": 3,
          "lit": "sparse-checkout"
        },
        "value": {
          "type": 0,
          "file": 2,
          "line": 69,
          "col": 14,
          "lit": ""
        }
      },
      {
        "key": {
          "type": 0,
          "file": 2,
          "line": 70,
          "col": 3,
          "lit": "sparse-checkout-cone-mode"
        },
        "value": {
          "type": 0,
          "file": 2,
          "line": 73,
          "col": 14,
          "lit": "true"
        }
      },
      {
        "key": {
          "type": 0,
          "file": 2,
          "line": 74,
          "col": 3,
          "lit": "fetch-depth"
        },
        "value": {
          "type": 0,
          "file": 2,
          "line": 76,
          "col": 14,
          "lit": "1"
        }
      },
      {
        "key": {
          "type": 0,
          "file": 2,
          "line": 77,
          "col": 3,
          "lit": "fetch-tags"
        },
        "value": {
          "type": 0,
          "file": 2,
          "line": 79,
          "col": 14,
          "lit": "false"
        }
      },
      {
        "key": {
          "type": 0,
          "file": 2,
          "line": 80,
          "col": 3,
          "lit": "show-progress"
        },
        "value": {
          "type": 0,
          "file": 2,
          "line": 82,
          "col": 14,
          "lit": "true"
        }
      },
      {
        "key": {
          "type": 0,
          "file": 2,
          "line": 83,
          "col": 3,
          "lit": "lfs"
        },
        "value": {
          "type": 0,
          "file": 2,
          "line": 85,
          "col": 14,
          "lit": "false"
        }
      },
      {
        "key": {
          "type": 0,
          "file": 2,
          "line": 86,
          "col": 3,
          "lit": "submodules"
        },
        "value": {
          "type": 0,
          "file": 2,
          "line": 94,
          "col": 14,
          "lit": "false"
        }
      },
      {
        "key": {
          "type": 0,
          "file": 2,
          "line": 95,
          "col": 3,
          "lit": "set-safe-directory"
        },
        "value": {
          "type": 0,
          "file": 2,
          "line": 97,
          "col": 14,
          "lit": "true"
        }
      },
      {
        "key": {
          "type": 0,
          "file": 2,
          "line": 98,
          "col": 3,
          "lit": "github-server-url"
        },
        "value": ""
      },
      {
        "key": {
          "type": 0,
          "file": 2,
          "line": 101,
          "col": 3,
          "lit": "allow-unsafe-pr-checkout"
        },
        "value": {
          "type": 0,
          "file": 2,
          "line": 109,
          "col": 14,
          "lit": "false"
        }
      }
    ]
  },
  "execution": {
    "executionType": "nodeJS",
    "hasPre": false,
    "hasPost": true,
    "script": "dist/index.js",
    "pre": null,
    "post": "dist/index.js",
    "nodeVersion": "node20",
    "cleanupCondition": "always()",
    "initCondition": "always()"
  },
  "deprecated": null
}
[2026-08-30 10:41:50Z INFO ActionManager] Action pre node.js file: N/A.
[2026-08-30 10:41:50Z INFO ActionManager] Action node.js file: dist/index.js.
[2026-08-30 10:41:50Z INFO ActionManager] Action post node.js file: dist/index.js.
[2026-08-30 10:41:50Z INFO ExecutionContext] Reserve record order 8 to 14 for post job actions.
[2026-08-30 10:41:50Z INFO HostContext] Well known directory 'Bin': 'C:\Users\krish\Documents\BITS\mlops-project\actions-runner\bin'
[2026-08-30 10:41:50Z INFO HostContext] Well known directory 'Root': 'C:\Users\krish\Documents\BITS\mlops-project\actions-runner'
[2026-08-30 10:41:50Z INFO HostContext] Well known directory 'Diag': 'C:\Users\krish\Documents\BITS\mlops-project\actions-runner\_diag'
[2026-08-30 10:41:50Z INFO HostContext] Well known directory 'Bin': 'C:\Users\krish\Documents\BITS\mlops-project\actions-runner\bin'
[2026-08-30 10:41:50Z INFO HostContext] Well known directory 'Root': 'C:\Users\krish\Documents\BITS\mlops-project\actions-runner'
[2026-08-30 10:41:50Z INFO HostContext] Well known directory 'Diag': 'C:\Users\krish\Documents\BITS\mlops-project\actions-runner\_diag'
[2026-08-30 10:41:50Z INFO HostContext] Well known directory 'Bin': 'C:\Users\krish\Documents\BITS\mlops-project\actions-runner\bin'
[2026-08-30 10:41:50Z INFO HostContext] Well known directory 'Root': 'C:\Users\krish\Documents\BITS\mlops-project\actions-runner'
[2026-08-30 10:41:50Z INFO HostContext] Well known directory 'Work': 'C:\Users\krish\Documents\BITS\mlops-project\actions-runner\_work'
[2026-08-30 10:41:50Z INFO HostContext] Well known directory 'Temp': 'C:\Users\krish\Documents\BITS\mlops-project\actions-runner\_work\_temp'
[2026-08-30 10:41:50Z INFO ExecutionContext] Write event payload to C:\Users\krish\Documents\BITS\mlops-project\actions-runner\_work\_temp\_github_workflow\event.json
[2026-08-30 10:41:50Z INFO HostContext] Well known directory 'Bin': 'C:\Users\krish\Documents\BITS\mlops-project\actions-runner\bin'
[2026-08-30 10:41:50Z INFO HostContext] Well known directory 'Root': 'C:\Users\krish\Documents\BITS\mlops-project\actions-runner'
[2026-08-30 10:41:50Z INFO HostContext] Well known directory 'Work': 'C:\Users\krish\Documents\BITS\mlops-project\actions-runner\_work'
[2026-08-30 10:41:50Z INFO HostContext] Well known directory 'Temp': 'C:\Users\krish\Documents\BITS\mlops-project\actions-runner\_work\_temp'
[2026-08-30 10:41:50Z INFO ExtensionManager] Getting extensions for interface: 'GitHub.Runner.Worker.IFileCommandExtension'
[2026-08-30 10:41:50Z INFO ExtensionManager] Creating instance: GitHub.Runner.Worker.AddPathFileCommand, Runner.Worker
[2026-08-30 10:41:50Z INFO ExtensionManager] Creating instance: GitHub.Runner.Worker.SetEnvFileCommand, Runner.Worker
[2026-08-30 10:41:50Z INFO ExtensionManager] Creating instance: GitHub.Runner.Worker.CreateStepSummaryCommand, Runner.Worker
[2026-08-30 10:41:50Z INFO ExtensionManager] Creating instance: GitHub.Runner.Worker.SaveStateFileCommand, Runner.Worker
[2026-08-30 10:41:50Z INFO ExtensionManager] Creating instance: GitHub.Runner.Worker.SetOutputFileCommand, Runner.Worker
[2026-08-30 10:41:50Z INFO ExtensionManager] Creating instance: GitHub.Runner.Worker.CreateArtifactsFileCommand, Runner.Worker
[2026-08-30 10:41:50Z INFO ExtensionManager] Creating instance: GitHub.Runner.Worker.ArtifactsListFileCommand, Runner.Worker
[2026-08-30 10:41:50Z INFO ActionManifestManagerLegacy] Input 'repository': default value evaluate result: {
  "type": 0,
  "file": 2,
  "line": 6,
  "col": 14,
  "lit": "2024ac05127-tech/assignment2"
}
[2026-08-30 10:41:50Z INFO ActionManifestManagerLegacy] Input 'ref': default value evaluate result: ""
[2026-08-30 10:41:50Z INFO ActionManifestManagerLegacy] Input 'token': default value evaluate result: {
  "type": 0,
  "file": 2,
  "line": 24,
  "col": 14,
  "lit": "***"
}
[2026-08-30 10:41:50Z INFO ActionManifestManagerLegacy] Input 'ssh-key': default value evaluate result: ""
[2026-08-30 10:41:50Z INFO ActionManifestManagerLegacy] Input 'ssh-known-hosts': default value evaluate result: ""
[2026-08-30 10:41:50Z INFO ActionManifestManagerLegacy] Input 'ssh-strict': default value evaluate result: {
  "type": 0,
  "file": 2,
  "line": 47,
  "col": 14,
  "lit": "true"
}
[2026-08-30 10:41:50Z INFO ActionManifestManagerLegacy] Input 'ssh-user': default value evaluate result: {
  "type": 0,
  "file": 2,
  "line": 51,
  "col": 14,
  "lit": "git"
}
[2026-08-30 10:41:50Z INFO ActionManifestManagerLegacy] Input 'persist-credentials': default value evaluate result: {
  "type": 0,
  "file": 2,
  "line": 54,
  "col": 14,
  "lit": "true"
}
[2026-08-30 10:41:50Z INFO ActionManifestManagerLegacy] Input 'path': default value evaluate result: ""
[2026-08-30 10:41:50Z INFO ActionManifestManagerLegacy] Input 'clean': default value evaluate result: {
  "type": 0,
  "file": 2,
  "line": 59,
  "col": 14,
  "lit": "true"
}
[2026-08-30 10:41:50Z INFO ActionManifestManagerLegacy] Input 'filter': default value evaluate result: {
  "type": 0,
  "file": 2,
  "line": 64,
  "col": 14,
  "lit": ""
}
[2026-08-30 10:41:50Z INFO ActionManifestManagerLegacy] Input 'sparse-checkout': default value evaluate result: {
  "type": 0,
  "file": 2,
  "line": 69,
  "col": 14,
  "lit": ""
}
[2026-08-30 10:41:50Z INFO ActionManifestManagerLegacy] Input 'sparse-checkout-cone-mode': default value evaluate result: {
  "type": 0,
  "file": 2,
  "line": 73,
  "col": 14,
  "lit": "true"
}
[2026-08-30 10:41:50Z INFO ActionManifestManagerLegacy] Input 'fetch-depth': default value evaluate result: {
  "type": 0,
  "file": 2,
  "line": 76,
  "col": 14,
  "lit": "1"
}
[2026-08-30 10:41:50Z INFO ActionManifestManagerLegacy] Input 'fetch-tags': default value evaluate result: {
  "type": 0,
  "file": 2,
  "line": 79,
  "col": 14,
  "lit": "false"
}
[2026-08-30 10:41:50Z INFO ActionManifestManagerLegacy] Input 'show-progress': default value evaluate result: {
  "type": 0,
  "file": 2,
  "line": 82,
  "col": 14,
  "lit": "true"
}
[2026-08-30 10:41:50Z INFO ActionManifestManagerLegacy] Input 'lfs': default value evaluate result: {
  "type": 0,
  "file": 2,
  "line": 85,
  "col": 14,
  "lit": "false"
}
[2026-08-30 10:41:50Z INFO ActionManifestManagerLegacy] Input 'submodules': default value evaluate result: {
  "type": 0,
  "file": 2,
  "line": 94,
  "col": 14,
  "lit": "false"
}
[2026-08-30 10:41:50Z INFO ActionManifestManagerLegacy] Input 'set-safe-directory': default value evaluate result: {
  "type": 0,
  "file": 2,
  "line": 97,
  "col": 14,
  "lit": "true"
}
[2026-08-30 10:41:50Z INFO ActionManifestManagerLegacy] Input 'github-server-url': default value evaluate result: ""
[2026-08-30 10:41:50Z INFO ActionManifestManagerLegacy] Input 'allow-unsafe-pr-checkout': default value evaluate result: {
  "type": 0,
  "file": 2,
  "line": 109,
  "col": 14,
  "lit": "false"
}
[2026-08-30 10:41:50Z INFO ExtensionManager] Getting extensions for interface: 'GitHub.Runner.Worker.IActionCommandExtension'
[2026-08-30 10:41:50Z INFO ExtensionManager] Creating instance: GitHub.Runner.Worker.InternalPluginSetRepoPathCommandExtension, Runner.Worker
[2026-08-30 10:41:50Z INFO ExtensionManager] Creating instance: GitHub.Runner.Worker.SetEnvCommandExtension, Runner.Worker
[2026-08-30 10:41:50Z INFO ExtensionManager] Creating instance: GitHub.Runner.Worker.SetOutputCommandExtension, Runner.Worker
[2026-08-30 10:41:50Z INFO ExtensionManager] Creating instance: GitHub.Runner.Worker.SaveStateCommandExtension, Runner.Worker
[2026-08-30 10:41:50Z INFO ExtensionManager] Creating instance: GitHub.Runner.Worker.AddPathCommandExtension, Runner.Worker
[2026-08-30 10:41:50Z INFO ExtensionManager] Creating instance: GitHub.Runner.Worker.AddMaskCommandExtension, Runner.Worker
[2026-08-30 10:41:50Z INFO ExtensionManager] Creating instance: GitHub.Runner.Worker.AddMatcherCommandExtension, Runner.Worker
[2026-08-30 10:41:50Z INFO ExtensionManager] Creating instance: GitHub.Runner.Worker.RemoveMatcherCommandExtension, Runner.Worker
[2026-08-30 10:41:50Z INFO ExtensionManager] Creating instance: GitHub.Runner.Worker.WarningCommandExtension, Runner.Worker
[2026-08-30 10:41:50Z INFO ExtensionManager] Creating instance: GitHub.Runner.Worker.ErrorCommandExtension, Runner.Worker
[2026-08-30 10:41:50Z INFO ExtensionManager] Creating instance: GitHub.Runner.Worker.NoticeCommandExtension, Runner.Worker
[2026-08-30 10:41:50Z INFO ExtensionManager] Creating instance: GitHub.Runner.Worker.DebugCommandExtension, Runner.Worker
[2026-08-30 10:41:50Z INFO ExtensionManager] Creating instance: GitHub.Runner.Worker.GroupCommandExtension, Runner.Worker
[2026-08-30 10:41:50Z INFO ExtensionManager] Creating instance: GitHub.Runner.Worker.EndGroupCommandExtension, Runner.Worker
[2026-08-30 10:41:50Z INFO ExtensionManager] Creating instance: GitHub.Runner.Worker.EchoCommandExtension, Runner.Worker
[2026-08-30 10:41:50Z INFO ActionCommandManager] Register action command extension for command internal-set-repo-path
[2026-08-30 10:41:50Z INFO ActionCommandManager] Register action command extension for command set-env
[2026-08-30 10:41:50Z INFO ActionCommandManager] Register action command extension for command set-output
[2026-08-30 10:41:50Z INFO ActionCommandManager] Register action command extension for command save-state
[2026-08-30 10:41:50Z INFO ActionCommandManager] Register action command extension for command add-path
[2026-08-30 10:41:50Z INFO ActionCommandManager] Register action command extension for command add-mask
[2026-08-30 10:41:50Z INFO ActionCommandManager] Register action command extension for command add-matcher
[2026-08-30 10:41:50Z INFO ActionCommandManager] Register action command extension for command remove-matcher
[2026-08-30 10:41:50Z INFO ActionCommandManager] Register action command extension for command warning
[2026-08-30 10:41:50Z INFO ActionCommandManager] Register action command extension for command error
[2026-08-30 10:41:50Z INFO ActionCommandManager] Register action command extension for command notice
[2026-08-30 10:41:50Z INFO ActionCommandManager] Register action command extension for command debug
[2026-08-30 10:41:50Z INFO ActionCommandManager] Register action command extension for command group
[2026-08-30 10:41:50Z INFO ActionCommandManager] Register action command extension for command endgroup
[2026-08-30 10:41:50Z INFO ActionCommandManager] Register action command extension for command echo
[2026-08-30 10:41:50Z INFO JobServerQueue] Try to append 1 batches web console lines for record '3e1e6b76-1cc7-4105-900b-2b2adb27303a', success rate: 1/1.
[2026-08-30 10:41:50Z INFO HostContext] Well known directory 'Bin': 'C:\Users\krish\Documents\BITS\mlops-project\actions-runner\bin'
[2026-08-30 10:41:50Z INFO HostContext] Well known directory 'Root': 'C:\Users\krish\Documents\BITS\mlops-project\actions-runner'
[2026-08-30 10:41:50Z INFO HostContext] Well known directory 'Externals': 'C:\Users\krish\Documents\BITS\mlops-project\actions-runner\externals'
[2026-08-30 10:41:50Z INFO ProcessInvokerWrapper] Starting process:
[2026-08-30 10:41:50Z INFO ProcessInvokerWrapper]   File name: 'C:\Users\krish\Documents\BITS\mlops-project\actions-runner\externals\node24\bin\node.exe'
[2026-08-30 10:41:50Z INFO ProcessInvokerWrapper]   Arguments: '"C:\Users\krish\Documents\BITS\mlops-project\actions-runner\_work\_actions\actions\checkout\v4\dist/index.js"'
[2026-08-30 10:41:50Z INFO ProcessInvokerWrapper]   Working directory: 'C:\Users\krish\Documents\BITS\mlops-project\actions-runner\_work\assignment2\assignment2'
[2026-08-30 10:41:50Z INFO ProcessInvokerWrapper]   Require exit code zero: 'False'
[2026-08-30 10:41:50Z INFO ProcessInvokerWrapper]   Encoding web name: utf-8 ; code page: '65001'
[2026-08-30 10:41:50Z INFO ProcessInvokerWrapper]   Force kill process on cancellation: 'False'
[2026-08-30 10:41:50Z INFO ProcessInvokerWrapper]   Redirected STDIN: 'False'
[2026-08-30 10:41:50Z INFO ProcessInvokerWrapper]   Persist current code page: 'True'
[2026-08-30 10:41:50Z INFO ProcessInvokerWrapper]   Keep redirected STDIN open: 'False'
[2026-08-30 10:41:50Z INFO ProcessInvokerWrapper]   High priority process: 'False'
[2026-08-30 10:41:50Z INFO ProcessInvokerWrapper] Process started with process id 22840, waiting for process exit.
[2026-08-30 10:41:51Z INFO JobServerQueue] Got a step log file to send to results service.
[2026-08-30 10:41:51Z INFO JobServerQueue] Starting upload of step log file to results service ResultsLog, C:\Users\krish\Documents\BITS\mlops-project\actions-runner\_diag\blocks\4ef10336-b47b-4cbe-85c1-fdab51f09491_d66e3bae-a518-42de-bb60-99476e4c30ed.1
[2026-08-30 10:41:51Z INFO JobServerQueue] Try to upload 1 log files or attachments, success rate: 1/1.
[2026-08-30 10:41:51Z INFO JobServerQueue] Try to append 1 batches web console lines for record '3e1e6b76-1cc7-4105-900b-2b2adb27303a', success rate: 1/1.
[2026-08-30 10:41:51Z INFO AddMaskCommandExtension] Add new secret mask with length of 524
[2026-08-30 10:41:51Z INFO JobServerQueue] Try to append 1 batches web console lines for record '3e1e6b76-1cc7-4105-900b-2b2adb27303a', success rate: 1/1.
[2026-08-30 10:41:52Z INFO JobServerQueue] Try to append 1 batches web console lines for record '3e1e6b76-1cc7-4105-900b-2b2adb27303a', success rate: 1/1.
[2026-08-30 10:41:52Z INFO JobServerQueue] Try to append 1 batches web console lines for record '3e1e6b76-1cc7-4105-900b-2b2adb27303a', success rate: 1/1.
[2026-08-30 10:41:53Z INFO JobServerQueue] Tried to upload 1 file(s) to results, success rate: 1/1.
[2026-08-30 10:41:54Z INFO JobServerQueue] Try to append 1 batches web console lines for record '3e1e6b76-1cc7-4105-900b-2b2adb27303a', success rate: 1/1.
[2026-08-30 10:41:54Z INFO JobServerQueue] Try to append 1 batches web console lines for record '3e1e6b76-1cc7-4105-900b-2b2adb27303a', success rate: 1/1.
[2026-08-30 10:41:54Z INFO JobServerQueue] Try to append 1 batches web console lines for record '3e1e6b76-1cc7-4105-900b-2b2adb27303a', success rate: 1/1.
[2026-08-30 10:41:56Z INFO JobServerQueue] Try to append 1 batches web console lines for record '3e1e6b76-1cc7-4105-900b-2b2adb27303a', success rate: 1/1.
[2026-08-30 10:41:58Z INFO JobServerQueue] Try to append 1 batches web console lines for record '3e1e6b76-1cc7-4105-900b-2b2adb27303a', success rate: 1/1.
[2026-08-30 10:41:59Z INFO JobServerQueue] Try to append 1 batches web console lines for record '3e1e6b76-1cc7-4105-900b-2b2adb27303a', success rate: 1/1.
[2026-08-30 10:42:00Z INFO HostContext] Well known directory 'Bin': 'C:\Users\krish\Documents\BITS\mlops-project\actions-runner\bin'
[2026-08-30 10:42:00Z INFO HostContext] Well known directory 'Root': 'C:\Users\krish\Documents\BITS\mlops-project\actions-runner'
[2026-08-30 10:42:00Z INFO HostContext] Well known directory 'Work': 'C:\Users\krish\Documents\BITS\mlops-project\actions-runner\_work'
[2026-08-30 10:42:00Z INFO JobServerQueue] Try to append 1 batches web console lines for record '3e1e6b76-1cc7-4105-900b-2b2adb27303a', success rate: 1/1.
[2026-08-30 10:42:01Z INFO JobServerQueue] Try to append 1 batches web console lines for record '3e1e6b76-1cc7-4105-900b-2b2adb27303a', success rate: 1/1.
[2026-08-30 10:42:01Z INFO ProcessInvokerWrapper] STDOUT/STDERR stream read finished.
[2026-08-30 10:42:01Z INFO ProcessInvokerWrapper] STDOUT/STDERR stream read finished.
[2026-08-30 10:42:01Z INFO ProcessInvokerWrapper] Finished process 22840 with exit code 0, and elapsed time 00:00:10.5864886.
[2026-08-30 10:42:01Z INFO CreateStepSummaryCommand] Step Summary file (C:\Users\krish\Documents\BITS\mlops-project\actions-runner\_work\_temp\_runner_file_commands\step_summary_d0ba2dc7-b855-4540-b67d-142cacee4db0) is empty; skipping attachment upload
[2026-08-30 10:42:01Z INFO StepsRunner] Step result: 
[2026-08-30 10:42:01Z INFO ExecutionContext] Publish step telemetry for current step {
  "action": "actions/checkout",
  "ref": "v4",
  "type": "node24",
  "stage": "Main",
  "stepId": "3e1e6b76-1cc7-4105-900b-2b2adb27303a",
  "stepContextName": "__actions_checkout",
  "hasPreStep": false,
  "hasPostStep": true,
  "result": "succeeded",
  "errorMessages": [],
  "executionTimeInSeconds": 11,
  "startTime": "2026-08-30T10:41:50.2941652Z",
  "finishTime": "2026-08-30T10:42:01.2140721Z"
}.
[2026-08-30 10:42:01Z INFO StepsRunner] No need for updating job result with current step result 'Succeeded'.
[2026-08-30 10:42:01Z INFO StepsRunner] Current state: job state = ''
[2026-08-30 10:42:01Z INFO StepsRunner] Processing step: DisplayName='Pull latest Docker image'
[2026-08-30 10:42:01Z INFO StepsRunner] Evaluating: success()
[2026-08-30 10:42:01Z INFO StepsRunner] Result: true
[2026-08-30 10:42:01Z INFO StepsRunner] Starting the step.
[2026-08-30 10:42:01Z INFO HostContext] Well known directory 'Bin': 'C:\Users\krish\Documents\BITS\mlops-project\actions-runner\bin'
[2026-08-30 10:42:01Z INFO HostContext] Well known directory 'Root': 'C:\Users\krish\Documents\BITS\mlops-project\actions-runner'
[2026-08-30 10:42:01Z INFO HostContext] Well known directory 'Work': 'C:\Users\krish\Documents\BITS\mlops-project\actions-runner\_work'
[2026-08-30 10:42:01Z INFO StepsRunner] Which2: 'chcp'
[2026-08-30 10:42:01Z INFO StepsRunner] Location: 'C:\WINDOWS\system32\chcp.COM'
[2026-08-30 10:42:01Z INFO ProcessInvokerWrapper] Starting process:
[2026-08-30 10:42:01Z INFO ProcessInvokerWrapper]   File name: 'C:\WINDOWS\system32\chcp.COM'
[2026-08-30 10:42:01Z INFO ProcessInvokerWrapper]   Arguments: '65001'
[2026-08-30 10:42:01Z INFO ProcessInvokerWrapper]   Working directory: 'C:\Users\krish\Documents\BITS\mlops-project\actions-runner\_work'
[2026-08-30 10:42:01Z INFO ProcessInvokerWrapper]   Require exit code zero: 'False'
[2026-08-30 10:42:01Z INFO ProcessInvokerWrapper]   Encoding web name:  ; code page: ''
[2026-08-30 10:42:01Z INFO ProcessInvokerWrapper]   Force kill process on cancellation: 'False'
[2026-08-30 10:42:01Z INFO ProcessInvokerWrapper]   Redirected STDIN: 'False'
[2026-08-30 10:42:01Z INFO ProcessInvokerWrapper]   Persist current code page: 'True'
[2026-08-30 10:42:01Z INFO ProcessInvokerWrapper]   Keep redirected STDIN open: 'False'
[2026-08-30 10:42:01Z INFO ProcessInvokerWrapper]   High priority process: 'False'
[2026-08-30 10:42:01Z INFO ProcessInvokerWrapper] Process started with process id 18556, waiting for process exit.
[2026-08-30 10:42:01Z INFO JobServerQueue] Got a step log file to send to results service.
[2026-08-30 10:42:01Z INFO JobServerQueue] Starting upload of step log file to results service ResultsLog, C:\Users\krish\Documents\BITS\mlops-project\actions-runner\_diag\blocks\4ef10336-b47b-4cbe-85c1-fdab51f09491_3e1e6b76-1cc7-4105-900b-2b2adb27303a.1
[2026-08-30 10:42:01Z INFO JobServerQueue] Try to upload 1 log files or attachments, success rate: 1/1.
[2026-08-30 10:42:01Z INFO ProcessInvokerWrapper] STDOUT/STDERR stream read finished.
[2026-08-30 10:42:01Z INFO ProcessInvokerWrapper] STDOUT/STDERR stream read finished.
[2026-08-30 10:42:01Z INFO ProcessInvokerWrapper] Finished process 18556 with exit code 0, and elapsed time 00:00:00.0390606.
[2026-08-30 10:42:01Z INFO StepsRunner] Successfully returned to code page 65001 (UTF8)
[2026-08-30 10:42:01Z INFO HostContext] Well known directory 'Bin': 'C:\Users\krish\Documents\BITS\mlops-project\actions-runner\bin'
[2026-08-30 10:42:01Z INFO HostContext] Well known directory 'Root': 'C:\Users\krish\Documents\BITS\mlops-project\actions-runner'
[2026-08-30 10:42:01Z INFO HostContext] Well known directory 'Work': 'C:\Users\krish\Documents\BITS\mlops-project\actions-runner\_work'
[2026-08-30 10:42:01Z INFO HostContext] Well known directory 'Temp': 'C:\Users\krish\Documents\BITS\mlops-project\actions-runner\_work\_temp'
[2026-08-30 10:42:01Z INFO ExecutionContext] Write event payload to C:\Users\krish\Documents\BITS\mlops-project\actions-runner\_work\_temp\_github_workflow\event.json
[2026-08-30 10:42:01Z INFO HostContext] Well known directory 'Bin': 'C:\Users\krish\Documents\BITS\mlops-project\actions-runner\bin'
[2026-08-30 10:42:01Z INFO HostContext] Well known directory 'Root': 'C:\Users\krish\Documents\BITS\mlops-project\actions-runner'
[2026-08-30 10:42:01Z INFO HostContext] Well known directory 'Work': 'C:\Users\krish\Documents\BITS\mlops-project\actions-runner\_work'
[2026-08-30 10:42:01Z INFO HostContext] Well known directory 'Temp': 'C:\Users\krish\Documents\BITS\mlops-project\actions-runner\_work\_temp'
[2026-08-30 10:42:01Z INFO ExtensionManager] Getting extensions for interface: 'GitHub.Runner.Worker.IFileCommandExtension'
[2026-08-30 10:42:01Z INFO ExtensionManager] Getting extensions for interface: 'GitHub.Runner.Worker.IActionCommandExtension'
[2026-08-30 10:42:01Z INFO ActionCommandManager] Register action command extension for command internal-set-repo-path
[2026-08-30 10:42:01Z INFO ActionCommandManager] Register action command extension for command set-env
[2026-08-30 10:42:01Z INFO ActionCommandManager] Register action command extension for command set-output
[2026-08-30 10:42:01Z INFO ActionCommandManager] Register action command extension for command save-state
[2026-08-30 10:42:01Z INFO ActionCommandManager] Register action command extension for command add-path
[2026-08-30 10:42:01Z INFO ActionCommandManager] Register action command extension for command add-mask
[2026-08-30 10:42:01Z INFO ActionCommandManager] Register action command extension for command add-matcher
[2026-08-30 10:42:01Z INFO ActionCommandManager] Register action command extension for command remove-matcher
[2026-08-30 10:42:01Z INFO ActionCommandManager] Register action command extension for command warning
[2026-08-30 10:42:01Z INFO ActionCommandManager] Register action command extension for command error
[2026-08-30 10:42:01Z INFO ActionCommandManager] Register action command extension for command notice
[2026-08-30 10:42:01Z INFO ActionCommandManager] Register action command extension for command debug
[2026-08-30 10:42:01Z INFO ActionCommandManager] Register action command extension for command group
[2026-08-30 10:42:01Z INFO ActionCommandManager] Register action command extension for command endgroup
[2026-08-30 10:42:01Z INFO ActionCommandManager] Register action command extension for command echo
[2026-08-30 10:42:01Z INFO ScriptHandler] Which2: 'cmd'
[2026-08-30 10:42:01Z INFO ScriptHandler] Location: 'C:\WINDOWS\system32\cmd.EXE'
[2026-08-30 10:42:01Z INFO HostContext] Well known directory 'Bin': 'C:\Users\krish\Documents\BITS\mlops-project\actions-runner\bin'
[2026-08-30 10:42:01Z INFO HostContext] Well known directory 'Root': 'C:\Users\krish\Documents\BITS\mlops-project\actions-runner'
[2026-08-30 10:42:01Z INFO HostContext] Well known directory 'Work': 'C:\Users\krish\Documents\BITS\mlops-project\actions-runner\_work'
[2026-08-30 10:42:01Z INFO HostContext] Well known directory 'Temp': 'C:\Users\krish\Documents\BITS\mlops-project\actions-runner\_work\_temp'
[2026-08-30 10:42:01Z INFO ScriptHandler] Which2: 'cmd'
[2026-08-30 10:42:01Z INFO ScriptHandler] Location: 'C:\WINDOWS\system32\cmd.EXE'
[2026-08-30 10:42:01Z INFO ProcessInvokerWrapper] Starting process:
[2026-08-30 10:42:01Z INFO ProcessInvokerWrapper]   File name: 'C:\WINDOWS\system32\cmd.EXE'
[2026-08-30 10:42:01Z INFO ProcessInvokerWrapper]   Arguments: '/D /E:ON /V:OFF /S /C "CALL "C:\Users\krish\Documents\BITS\mlops-project\actions-runner\_work\_temp\58f11c11-a4e6-4f50-91e2-557e62d0eb5b.cmd""'
[2026-08-30 10:42:01Z INFO ProcessInvokerWrapper]   Working directory: 'C:\Users\krish\Documents\BITS\mlops-project\actions-runner\_work\assignment2\assignment2'
[2026-08-30 10:42:01Z INFO ProcessInvokerWrapper]   Require exit code zero: 'False'
[2026-08-30 10:42:01Z INFO ProcessInvokerWrapper]   Encoding web name:  ; code page: ''
[2026-08-30 10:42:01Z INFO ProcessInvokerWrapper]   Force kill process on cancellation: 'False'
[2026-08-30 10:42:01Z INFO ProcessInvokerWrapper]   Redirected STDIN: 'False'
[2026-08-30 10:42:01Z INFO ProcessInvokerWrapper]   Persist current code page: 'True'
[2026-08-30 10:42:01Z INFO ProcessInvokerWrapper]   Keep redirected STDIN open: 'False'
[2026-08-30 10:42:01Z INFO ProcessInvokerWrapper]   High priority process: 'False'
[2026-08-30 10:42:01Z INFO ProcessInvokerWrapper] Process started with process id 21936, waiting for process exit.
[2026-08-30 10:42:01Z INFO JobServerQueue] Try to append 1 batches web console lines for record '3e1e6b76-1cc7-4105-900b-2b2adb27303a', success rate: 1/1.
[2026-08-30 10:42:01Z INFO JobServerQueue] Try to append 1 batches web console lines for record 'cfde8a34-cd00-4241-b8b9-ebd28cc2695e', success rate: 1/1.
[2026-08-30 10:42:02Z INFO JobServerQueue] Try to append 1 batches web console lines for record 'cfde8a34-cd00-4241-b8b9-ebd28cc2695e', success rate: 1/1.
[2026-08-30 10:42:02Z INFO JobServerQueue] Tried to upload 1 file(s) to results, success rate: 1/1.
[2026-08-30 10:42:07Z INFO JobServerQueue] Try to append 1 batches web console lines for record 'cfde8a34-cd00-4241-b8b9-ebd28cc2695e', success rate: 1/1.
[2026-08-30 10:42:08Z INFO JobServerQueue] Try to append 1 batches web console lines for record 'cfde8a34-cd00-4241-b8b9-ebd28cc2695e', success rate: 1/1.
[2026-08-30 10:42:09Z INFO JobServerQueue] Try to append 1 batches web console lines for record 'cfde8a34-cd00-4241-b8b9-ebd28cc2695e', success rate: 1/1.
[2026-08-30 10:42:09Z INFO JobServerQueue] Try to append 1 batches web console lines for record 'cfde8a34-cd00-4241-b8b9-ebd28cc2695e', success rate: 1/1.
[2026-08-30 10:42:10Z INFO HostContext] Well known directory 'Bin': 'C:\Users\krish\Documents\BITS\mlops-project\actions-runner\bin'
[2026-08-30 10:42:10Z INFO HostContext] Well known directory 'Root': 'C:\Users\krish\Documents\BITS\mlops-project\actions-runner'
[2026-08-30 10:42:10Z INFO HostContext] Well known directory 'Work': 'C:\Users\krish\Documents\BITS\mlops-project\actions-runner\_work'
[2026-08-30 10:42:10Z INFO JobServerQueue] Try to append 1 batches web console lines for record 'cfde8a34-cd00-4241-b8b9-ebd28cc2695e', success rate: 1/1.
[2026-08-30 10:42:10Z INFO JobServerQueue] Try to append 1 batches web console lines for record 'cfde8a34-cd00-4241-b8b9-ebd28cc2695e', success rate: 1/1.
[2026-08-30 10:42:11Z INFO JobServerQueue] Try to append 1 batches web console lines for record 'cfde8a34-cd00-4241-b8b9-ebd28cc2695e', success rate: 1/1.
[2026-08-30 10:42:11Z INFO JobServerQueue] Try to append 1 batches web console lines for record 'cfde8a34-cd00-4241-b8b9-ebd28cc2695e', success rate: 1/1.
[2026-08-30 10:42:11Z INFO JobServerQueue] Try to append 1 batches web console lines for record 'cfde8a34-cd00-4241-b8b9-ebd28cc2695e', success rate: 1/1.
[2026-08-30 10:42:11Z INFO JobServerQueue] Try to append 1 batches web console lines for record 'cfde8a34-cd00-4241-b8b9-ebd28cc2695e', success rate: 1/1.
[2026-08-30 10:42:12Z INFO JobServerQueue] Try to append 1 batches web console lines for record 'cfde8a34-cd00-4241-b8b9-ebd28cc2695e', success rate: 1/1.
[2026-08-30 10:42:12Z INFO JobServerQueue] Try to append 1 batches web console lines for record 'cfde8a34-cd00-4241-b8b9-ebd28cc2695e', success rate: 1/1.
[2026-08-30 10:42:12Z INFO JobServerQueue] Try to append 1 batches web console lines for record 'cfde8a34-cd00-4241-b8b9-ebd28cc2695e', success rate: 1/1.
[2026-08-30 10:42:12Z INFO JobServerQueue] Try to append 1 batches web console lines for record 'cfde8a34-cd00-4241-b8b9-ebd28cc2695e', success rate: 1/1.
[2026-08-30 10:42:13Z INFO JobServerQueue] Try to append 1 batches web console lines for record 'cfde8a34-cd00-4241-b8b9-ebd28cc2695e', success rate: 1/1.
[2026-08-30 10:42:13Z INFO JobServerQueue] Try to append 1 batches web console lines for record 'cfde8a34-cd00-4241-b8b9-ebd28cc2695e', success rate: 1/1.
[2026-08-30 10:42:13Z INFO JobServerQueue] Try to append 1 batches web console lines for record 'cfde8a34-cd00-4241-b8b9-ebd28cc2695e', success rate: 1/1.
[2026-08-30 10:42:13Z INFO JobServerQueue] Try to append 1 batches web console lines for record 'cfde8a34-cd00-4241-b8b9-ebd28cc2695e', success rate: 1/1.
[2026-08-30 10:42:14Z INFO JobServerQueue] Try to append 1 batches web console lines for record 'cfde8a34-cd00-4241-b8b9-ebd28cc2695e', success rate: 1/1.
[2026-08-30 10:42:14Z INFO JobServerQueue] Try to append 1 batches web console lines for record 'cfde8a34-cd00-4241-b8b9-ebd28cc2695e', success rate: 1/1.
[2026-08-30 10:42:14Z INFO JobServerQueue] Try to append 1 batches web console lines for record 'cfde8a34-cd00-4241-b8b9-ebd28cc2695e', success rate: 1/1.
[2026-08-30 10:42:14Z INFO JobServerQueue] Try to append 1 batches web console lines for record 'cfde8a34-cd00-4241-b8b9-ebd28cc2695e', success rate: 1/1.
[2026-08-30 10:42:15Z INFO JobServerQueue] Try to append 1 batches web console lines for record 'cfde8a34-cd00-4241-b8b9-ebd28cc2695e', success rate: 1/1.
[2026-08-30 10:42:15Z INFO JobServerQueue] Try to append 1 batches web console lines for record 'cfde8a34-cd00-4241-b8b9-ebd28cc2695e', success rate: 1/1.
[2026-08-30 10:42:15Z INFO JobServerQueue] Try to append 1 batches web console lines for record 'cfde8a34-cd00-4241-b8b9-ebd28cc2695e', success rate: 1/1.
[2026-08-30 10:42:15Z INFO JobServerQueue] Try to append 1 batches web console lines for record 'cfde8a34-cd00-4241-b8b9-ebd28cc2695e', success rate: 1/1.
[2026-08-30 10:42:16Z INFO JobServerQueue] Try to append 1 batches web console lines for record 'cfde8a34-cd00-4241-b8b9-ebd28cc2695e', success rate: 1/1.
[2026-08-30 10:42:16Z INFO JobServerQueue] Try to append 1 batches web console lines for record 'cfde8a34-cd00-4241-b8b9-ebd28cc2695e', success rate: 1/1.
[2026-08-30 10:42:16Z INFO JobServerQueue] Try to append 1 batches web console lines for record 'cfde8a34-cd00-4241-b8b9-ebd28cc2695e', success rate: 1/1.
[2026-08-30 10:42:17Z INFO JobServerQueue] Try to append 1 batches web console lines for record 'cfde8a34-cd00-4241-b8b9-ebd28cc2695e', success rate: 1/1.
[2026-08-30 10:42:17Z INFO JobServerQueue] Try to append 1 batches web console lines for record 'cfde8a34-cd00-4241-b8b9-ebd28cc2695e', success rate: 1/1.
[2026-08-30 10:42:17Z INFO JobServerQueue] Try to append 1 batches web console lines for record 'cfde8a34-cd00-4241-b8b9-ebd28cc2695e', success rate: 1/1.
[2026-08-30 10:42:17Z INFO JobServerQueue] Try to append 1 batches web console lines for record 'cfde8a34-cd00-4241-b8b9-ebd28cc2695e', success rate: 1/1.
[2026-08-30 10:42:18Z INFO JobServerQueue] Try to append 1 batches web console lines for record 'cfde8a34-cd00-4241-b8b9-ebd28cc2695e', success rate: 1/1.
[2026-08-30 10:42:18Z INFO JobServerQueue] Try to append 1 batches web console lines for record 'cfde8a34-cd00-4241-b8b9-ebd28cc2695e', success rate: 1/1.
[2026-08-30 10:42:18Z INFO JobServerQueue] Try to append 1 batches web console lines for record 'cfde8a34-cd00-4241-b8b9-ebd28cc2695e', success rate: 1/1.
[2026-08-30 10:42:18Z INFO JobServerQueue] Try to append 1 batches web console lines for record 'cfde8a34-cd00-4241-b8b9-ebd28cc2695e', success rate: 1/1.
[2026-08-30 10:42:19Z INFO JobServerQueue] Try to append 1 batches web console lines for record 'cfde8a34-cd00-4241-b8b9-ebd28cc2695e', success rate: 1/1.
[2026-08-30 10:42:19Z INFO JobServerQueue] Try to append 1 batches web console lines for record 'cfde8a34-cd00-4241-b8b9-ebd28cc2695e', success rate: 1/1.
[2026-08-30 10:42:19Z INFO JobServerQueue] Try to append 1 batches web console lines for record 'cfde8a34-cd00-4241-b8b9-ebd28cc2695e', success rate: 1/1.
[2026-08-30 10:42:19Z INFO JobServerQueue] Try to append 1 batches web console lines for record 'cfde8a34-cd00-4241-b8b9-ebd28cc2695e', success rate: 1/1.
[2026-08-30 10:42:20Z INFO JobServerQueue] Try to append 1 batches web console lines for record 'cfde8a34-cd00-4241-b8b9-ebd28cc2695e', success rate: 1/1.
[2026-08-30 10:42:20Z INFO HostContext] Well known directory 'Bin': 'C:\Users\krish\Documents\BITS\mlops-project\actions-runner\bin'
[2026-08-30 10:42:20Z INFO HostContext] Well known directory 'Root': 'C:\Users\krish\Documents\BITS\mlops-project\actions-runner'
[2026-08-30 10:42:20Z INFO HostContext] Well known directory 'Work': 'C:\Users\krish\Documents\BITS\mlops-project\actions-runner\_work'
[2026-08-30 10:42:20Z INFO JobServerQueue] Try to append 1 batches web console lines for record 'cfde8a34-cd00-4241-b8b9-ebd28cc2695e', success rate: 1/1.
[2026-08-30 10:42:20Z INFO JobServerQueue] Try to append 1 batches web console lines for record 'cfde8a34-cd00-4241-b8b9-ebd28cc2695e', success rate: 1/1.
[2026-08-30 10:42:20Z INFO JobServerQueue] Try to append 1 batches web console lines for record 'cfde8a34-cd00-4241-b8b9-ebd28cc2695e', success rate: 1/1.
[2026-08-30 10:42:21Z INFO JobServerQueue] Try to append 1 batches web console lines for record 'cfde8a34-cd00-4241-b8b9-ebd28cc2695e', success rate: 1/1.
[2026-08-30 10:42:21Z INFO JobServerQueue] Try to append 1 batches web console lines for record 'cfde8a34-cd00-4241-b8b9-ebd28cc2695e', success rate: 1/1.
[2026-08-30 10:42:21Z INFO JobServerQueue] Try to append 1 batches web console lines for record 'cfde8a34-cd00-4241-b8b9-ebd28cc2695e', success rate: 1/1.
[2026-08-30 10:42:22Z INFO JobServerQueue] Try to append 1 batches web console lines for record 'cfde8a34-cd00-4241-b8b9-ebd28cc2695e', success rate: 1/1.
[2026-08-30 10:42:22Z INFO JobServerQueue] Try to append 1 batches web console lines for record 'cfde8a34-cd00-4241-b8b9-ebd28cc2695e', success rate: 1/1.
[2026-08-30 10:42:22Z INFO JobServerQueue] Try to append 1 batches web console lines for record 'cfde8a34-cd00-4241-b8b9-ebd28cc2695e', success rate: 1/1.
[2026-08-30 10:42:22Z INFO JobServerQueue] Try to append 1 batches web console lines for record 'cfde8a34-cd00-4241-b8b9-ebd28cc2695e', success rate: 1/1.
[2026-08-30 10:42:23Z INFO JobServerQueue] Try to append 1 batches web console lines for record 'cfde8a34-cd00-4241-b8b9-ebd28cc2695e', success rate: 1/1.
[2026-08-30 10:42:23Z INFO JobServerQueue] Try to append 1 batches web console lines for record 'cfde8a34-cd00-4241-b8b9-ebd28cc2695e', success rate: 1/1.
[2026-08-30 10:42:23Z INFO JobServerQueue] Try to append 1 batches web console lines for record 'cfde8a34-cd00-4241-b8b9-ebd28cc2695e', success rate: 1/1.
[2026-08-30 10:42:23Z INFO JobServerQueue] Try to append 1 batches web console lines for record 'cfde8a34-cd00-4241-b8b9-ebd28cc2695e', success rate: 1/1.
[2026-08-30 10:42:24Z INFO JobServerQueue] Try to append 1 batches web console lines for record 'cfde8a34-cd00-4241-b8b9-ebd28cc2695e', success rate: 1/1.
[2026-08-30 10:42:24Z INFO JobServerQueue] Try to append 1 batches web console lines for record 'cfde8a34-cd00-4241-b8b9-ebd28cc2695e', success rate: 1/1.
[2026-08-30 10:42:24Z INFO JobServerQueue] Try to append 1 batches web console lines for record 'cfde8a34-cd00-4241-b8b9-ebd28cc2695e', success rate: 1/1.
[2026-08-30 10:42:24Z INFO JobServerQueue] Try to append 1 batches web console lines for record 'cfde8a34-cd00-4241-b8b9-ebd28cc2695e', success rate: 1/1.
[2026-08-30 10:42:25Z INFO JobServerQueue] Try to append 1 batches web console lines for record 'cfde8a34-cd00-4241-b8b9-ebd28cc2695e', success rate: 1/1.
[2026-08-30 10:42:25Z INFO JobServerQueue] Try to append 1 batches web console lines for record 'cfde8a34-cd00-4241-b8b9-ebd28cc2695e', success rate: 1/1.
[2026-08-30 10:42:25Z INFO JobServerQueue] Try to append 1 batches web console lines for record 'cfde8a34-cd00-4241-b8b9-ebd28cc2695e', success rate: 1/1.
[2026-08-30 10:42:25Z INFO JobServerQueue] Try to append 1 batches web console lines for record 'cfde8a34-cd00-4241-b8b9-ebd28cc2695e', success rate: 1/1.
[2026-08-30 10:42:26Z INFO JobServerQueue] Try to append 1 batches web console lines for record 'cfde8a34-cd00-4241-b8b9-ebd28cc2695e', success rate: 1/1.
[2026-08-30 10:42:26Z INFO JobServerQueue] Try to append 1 batches web console lines for record 'cfde8a34-cd00-4241-b8b9-ebd28cc2695e', success rate: 1/1.
[2026-08-30 10:42:26Z INFO JobServerQueue] Try to append 1 batches web console lines for record 'cfde8a34-cd00-4241-b8b9-ebd28cc2695e', success rate: 1/1.
[2026-08-30 10:42:26Z INFO JobServerQueue] Try to append 1 batches web console lines for record 'cfde8a34-cd00-4241-b8b9-ebd28cc2695e', success rate: 1/1.
[2026-08-30 10:42:27Z INFO JobServerQueue] Try to append 1 batches web console lines for record 'cfde8a34-cd00-4241-b8b9-ebd28cc2695e', success rate: 1/1.
[2026-08-30 10:42:27Z INFO JobServerQueue] Try to append 1 batches web console lines for record 'cfde8a34-cd00-4241-b8b9-ebd28cc2695e', success rate: 1/1.
[2026-08-30 10:42:27Z INFO JobServerQueue] Try to append 1 batches web console lines for record 'cfde8a34-cd00-4241-b8b9-ebd28cc2695e', success rate: 1/1.
[2026-08-30 10:42:28Z INFO JobServerQueue] Try to append 1 batches web console lines for record 'cfde8a34-cd00-4241-b8b9-ebd28cc2695e', success rate: 1/1.
[2026-08-30 10:42:28Z INFO JobServerQueue] Try to append 1 batches web console lines for record 'cfde8a34-cd00-4241-b8b9-ebd28cc2695e', success rate: 1/1.
[2026-08-30 10:42:28Z INFO JobServerQueue] Try to append 1 batches web console lines for record 'cfde8a34-cd00-4241-b8b9-ebd28cc2695e', success rate: 1/1.
[2026-08-30 10:42:28Z INFO JobServerQueue] Try to append 1 batches web console lines for record 'cfde8a34-cd00-4241-b8b9-ebd28cc2695e', success rate: 1/1.
[2026-08-30 10:42:29Z INFO JobServerQueue] Try to append 1 batches web console lines for record 'cfde8a34-cd00-4241-b8b9-ebd28cc2695e', success rate: 1/1.
[2026-08-30 10:42:29Z INFO JobServerQueue] Try to append 1 batches web console lines for record 'cfde8a34-cd00-4241-b8b9-ebd28cc2695e', success rate: 1/1.
[2026-08-30 10:42:29Z INFO JobServerQueue] Try to append 1 batches web console lines for record 'cfde8a34-cd00-4241-b8b9-ebd28cc2695e', success rate: 1/1.
[2026-08-30 10:42:29Z INFO JobServerQueue] Try to append 1 batches web console lines for record 'cfde8a34-cd00-4241-b8b9-ebd28cc2695e', success rate: 1/1.
[2026-08-30 10:42:30Z INFO JobServerQueue] Try to append 1 batches web console lines for record 'cfde8a34-cd00-4241-b8b9-ebd28cc2695e', success rate: 1/1.
[2026-08-30 10:42:30Z INFO HostContext] Well known directory 'Bin': 'C:\Users\krish\Documents\BITS\mlops-project\actions-runner\bin'
[2026-08-30 10:42:30Z INFO HostContext] Well known directory 'Root': 'C:\Users\krish\Documents\BITS\mlops-project\actions-runner'
[2026-08-30 10:42:30Z INFO HostContext] Well known directory 'Work': 'C:\Users\krish\Documents\BITS\mlops-project\actions-runner\_work'
[2026-08-30 10:42:30Z INFO JobServerQueue] Try to append 1 batches web console lines for record 'cfde8a34-cd00-4241-b8b9-ebd28cc2695e', success rate: 1/1.
[2026-08-30 10:42:30Z INFO JobServerQueue] Try to append 1 batches web console lines for record 'cfde8a34-cd00-4241-b8b9-ebd28cc2695e', success rate: 1/1.
[2026-08-30 10:42:31Z INFO JobServerQueue] Try to append 1 batches web console lines for record 'cfde8a34-cd00-4241-b8b9-ebd28cc2695e', success rate: 1/1.
[2026-08-30 10:42:31Z INFO JobServerQueue] Try to append 1 batches web console lines for record 'cfde8a34-cd00-4241-b8b9-ebd28cc2695e', success rate: 1/1.
[2026-08-30 10:42:31Z INFO JobServerQueue] Try to append 1 batches web console lines for record 'cfde8a34-cd00-4241-b8b9-ebd28cc2695e', success rate: 1/1.
[2026-08-30 10:42:31Z INFO JobServerQueue] Try to append 1 batches web console lines for record 'cfde8a34-cd00-4241-b8b9-ebd28cc2695e', success rate: 1/1.
[2026-08-30 10:42:32Z INFO JobServerQueue] Try to append 1 batches web console lines for record 'cfde8a34-cd00-4241-b8b9-ebd28cc2695e', success rate: 1/1.
[2026-08-30 10:42:32Z INFO JobServerQueue] Try to append 1 batches web console lines for record 'cfde8a34-cd00-4241-b8b9-ebd28cc2695e', success rate: 1/1.
[2026-08-30 10:42:32Z INFO JobServerQueue] Try to append 1 batches web console lines for record 'cfde8a34-cd00-4241-b8b9-ebd28cc2695e', success rate: 1/1.
[2026-08-30 10:42:32Z INFO JobServerQueue] Try to append 1 batches web console lines for record 'cfde8a34-cd00-4241-b8b9-ebd28cc2695e', success rate: 1/1.
[2026-08-30 10:42:33Z INFO JobServerQueue] Try to append 1 batches web console lines for record 'cfde8a34-cd00-4241-b8b9-ebd28cc2695e', success rate: 1/1.
[2026-08-30 10:42:33Z INFO JobServerQueue] Try to append 1 batches web console lines for record 'cfde8a34-cd00-4241-b8b9-ebd28cc2695e', success rate: 1/1.
[2026-08-30 10:42:33Z INFO JobServerQueue] Try to append 1 batches web console lines for record 'cfde8a34-cd00-4241-b8b9-ebd28cc2695e', success rate: 1/1.
[2026-08-30 10:42:33Z INFO JobServerQueue] Try to append 1 batches web console lines for record 'cfde8a34-cd00-4241-b8b9-ebd28cc2695e', success rate: 1/1.
[2026-08-30 10:42:34Z INFO JobServerQueue] Try to append 1 batches web console lines for record 'cfde8a34-cd00-4241-b8b9-ebd28cc2695e', success rate: 1/1.
[2026-08-30 10:42:34Z INFO JobServerQueue] Try to append 1 batches web console lines for record 'cfde8a34-cd00-4241-b8b9-ebd28cc2695e', success rate: 1/1.
[2026-08-30 10:42:34Z INFO JobServerQueue] Try to append 1 batches web console lines for record 'cfde8a34-cd00-4241-b8b9-ebd28cc2695e', success rate: 1/1.
[2026-08-30 10:42:34Z INFO JobServerQueue] Try to append 1 batches web console lines for record 'cfde8a34-cd00-4241-b8b9-ebd28cc2695e', success rate: 1/1.
[2026-08-30 10:42:35Z INFO JobServerQueue] Try to append 1 batches web console lines for record 'cfde8a34-cd00-4241-b8b9-ebd28cc2695e', success rate: 1/1.
[2026-08-30 10:42:35Z INFO JobServerQueue] Try to append 1 batches web console lines for record 'cfde8a34-cd00-4241-b8b9-ebd28cc2695e', success rate: 1/1.
[2026-08-30 10:42:35Z INFO JobServerQueue] Try to append 1 batches web console lines for record 'cfde8a34-cd00-4241-b8b9-ebd28cc2695e', success rate: 1/1.
[2026-08-30 10:42:35Z INFO JobServerQueue] Try to append 1 batches web console lines for record 'cfde8a34-cd00-4241-b8b9-ebd28cc2695e', success rate: 1/1.
[2026-08-30 10:42:36Z INFO JobServerQueue] Try to append 1 batches web console lines for record 'cfde8a34-cd00-4241-b8b9-ebd28cc2695e', success rate: 1/1.
[2026-08-30 10:42:36Z INFO JobServerQueue] Try to append 1 batches web console lines for record 'cfde8a34-cd00-4241-b8b9-ebd28cc2695e', success rate: 1/1.
[2026-08-30 10:42:36Z INFO JobServerQueue] Try to append 1 batches web console lines for record 'cfde8a34-cd00-4241-b8b9-ebd28cc2695e', success rate: 1/1.
[2026-08-30 10:42:37Z INFO JobServerQueue] Try to append 1 batches web console lines for record 'cfde8a34-cd00-4241-b8b9-ebd28cc2695e', success rate: 1/1.
[2026-08-30 10:42:37Z INFO JobServerQueue] Try to append 1 batches web console lines for record 'cfde8a34-cd00-4241-b8b9-ebd28cc2695e', success rate: 1/1.
[2026-08-30 10:42:37Z INFO JobServerQueue] Try to append 1 batches web console lines for record 'cfde8a34-cd00-4241-b8b9-ebd28cc2695e', success rate: 1/1.
[2026-08-30 10:42:37Z INFO JobServerQueue] Try to append 1 batches web console lines for record 'cfde8a34-cd00-4241-b8b9-ebd28cc2695e', success rate: 1/1.
[2026-08-30 10:42:38Z INFO JobServerQueue] Try to append 1 batches web console lines for record 'cfde8a34-cd00-4241-b8b9-ebd28cc2695e', success rate: 1/1.
[2026-08-30 10:42:38Z INFO JobServerQueue] Try to append 1 batches web console lines for record 'cfde8a34-cd00-4241-b8b9-ebd28cc2695e', success rate: 1/1.
[2026-08-30 10:42:38Z INFO JobServerQueue] Try to append 1 batches web console lines for record 'cfde8a34-cd00-4241-b8b9-ebd28cc2695e', success rate: 1/1.
[2026-08-30 10:42:38Z INFO JobServerQueue] Try to append 1 batches web console lines for record 'cfde8a34-cd00-4241-b8b9-ebd28cc2695e', success rate: 1/1.
[2026-08-30 10:42:39Z INFO JobServerQueue] Try to append 1 batches web console lines for record 'cfde8a34-cd00-4241-b8b9-ebd28cc2695e', success rate: 1/1.
[2026-08-30 10:42:39Z INFO JobServerQueue] Try to append 1 batches web console lines for record 'cfde8a34-cd00-4241-b8b9-ebd28cc2695e', success rate: 1/1.
[2026-08-30 10:42:39Z INFO JobServerQueue] Try to append 1 batches web console lines for record 'cfde8a34-cd00-4241-b8b9-ebd28cc2695e', success rate: 1/1.
[2026-08-30 10:42:39Z INFO JobServerQueue] Try to append 1 batches web console lines for record 'cfde8a34-cd00-4241-b8b9-ebd28cc2695e', success rate: 1/1.
[2026-08-30 10:42:40Z INFO JobServerQueue] Try to append 1 batches web console lines for record 'cfde8a34-cd00-4241-b8b9-ebd28cc2695e', success rate: 1/1.
[2026-08-30 10:42:40Z INFO HostContext] Well known directory 'Bin': 'C:\Users\krish\Documents\BITS\mlops-project\actions-runner\bin'
[2026-08-30 10:42:40Z INFO HostContext] Well known directory 'Root': 'C:\Users\krish\Documents\BITS\mlops-project\actions-runner'
[2026-08-30 10:42:40Z INFO HostContext] Well known directory 'Work': 'C:\Users\krish\Documents\BITS\mlops-project\actions-runner\_work'
[2026-08-30 10:42:40Z INFO JobServerQueue] Try to append 1 batches web console lines for record 'cfde8a34-cd00-4241-b8b9-ebd28cc2695e', success rate: 1/1.
[2026-08-30 10:42:40Z INFO JobServerQueue] Try to append 1 batches web console lines for record 'cfde8a34-cd00-4241-b8b9-ebd28cc2695e', success rate: 1/1.
[2026-08-30 10:42:40Z INFO JobServerQueue] Try to append 1 batches web console lines for record 'cfde8a34-cd00-4241-b8b9-ebd28cc2695e', success rate: 1/1.
[2026-08-30 10:42:41Z INFO JobServerQueue] Try to append 1 batches web console lines for record 'cfde8a34-cd00-4241-b8b9-ebd28cc2695e', success rate: 1/1.
[2026-08-30 10:42:41Z INFO JobServerQueue] Try to append 1 batches web console lines for record 'cfde8a34-cd00-4241-b8b9-ebd28cc2695e', success rate: 1/1.
[2026-08-30 10:42:41Z INFO JobServerQueue] Try to append 1 batches web console lines for record 'cfde8a34-cd00-4241-b8b9-ebd28cc2695e', success rate: 1/1.
[2026-08-30 10:42:42Z INFO JobServerQueue] Try to append 1 batches web console lines for record 'cfde8a34-cd00-4241-b8b9-ebd28cc2695e', success rate: 1/1.
[2026-08-30 10:42:42Z INFO JobServerQueue] Try to append 1 batches web console lines for record 'cfde8a34-cd00-4241-b8b9-ebd28cc2695e', success rate: 1/1.
[2026-08-30 10:42:42Z INFO JobServerQueue] Try to append 1 batches web console lines for record 'cfde8a34-cd00-4241-b8b9-ebd28cc2695e', success rate: 1/1.
[2026-08-30 10:42:42Z INFO JobServerQueue] Try to append 1 batches web console lines for record 'cfde8a34-cd00-4241-b8b9-ebd28cc2695e', success rate: 1/1.
[2026-08-30 10:42:43Z INFO JobServerQueue] Try to append 1 batches web console lines for record 'cfde8a34-cd00-4241-b8b9-ebd28cc2695e', success rate: 1/1.
[2026-08-30 10:42:43Z INFO JobServerQueue] Try to append 1 batches web console lines for record 'cfde8a34-cd00-4241-b8b9-ebd28cc2695e', success rate: 1/1.
[2026-08-30 10:42:43Z INFO JobServerQueue] Try to append 1 batches web console lines for record 'cfde8a34-cd00-4241-b8b9-ebd28cc2695e', success rate: 1/1.
[2026-08-30 10:42:43Z INFO JobServerQueue] Try to append 1 batches web console lines for record 'cfde8a34-cd00-4241-b8b9-ebd28cc2695e', success rate: 1/1.
[2026-08-30 10:42:44Z INFO JobServerQueue] Try to append 1 batches web console lines for record 'cfde8a34-cd00-4241-b8b9-ebd28cc2695e', success rate: 1/1.
[2026-08-30 10:42:44Z INFO JobServerQueue] Try to append 1 batches web console lines for record 'cfde8a34-cd00-4241-b8b9-ebd28cc2695e', success rate: 1/1.
[2026-08-30 10:42:44Z INFO JobServerQueue] Try to append 1 batches web console lines for record 'cfde8a34-cd00-4241-b8b9-ebd28cc2695e', success rate: 1/1.
[2026-08-30 10:42:44Z INFO JobServerQueue] Try to append 1 batches web console lines for record 'cfde8a34-cd00-4241-b8b9-ebd28cc2695e', success rate: 1/1.
[2026-08-30 10:42:45Z INFO JobServerQueue] Try to append 1 batches web console lines for record 'cfde8a34-cd00-4241-b8b9-ebd28cc2695e', success rate: 1/1.
[2026-08-30 10:42:45Z INFO JobServerQueue] Try to append 1 batches web console lines for record 'cfde8a34-cd00-4241-b8b9-ebd28cc2695e', success rate: 1/1.
[2026-08-30 10:42:45Z INFO JobServerQueue] Try to append 1 batches web console lines for record 'cfde8a34-cd00-4241-b8b9-ebd28cc2695e', success rate: 1/1.
[2026-08-30 10:42:45Z INFO JobServerQueue] Try to append 1 batches web console lines for record 'cfde8a34-cd00-4241-b8b9-ebd28cc2695e', success rate: 1/1.
[2026-08-30 10:42:46Z INFO JobServerQueue] Try to append 1 batches web console lines for record 'cfde8a34-cd00-4241-b8b9-ebd28cc2695e', success rate: 1/1.
[2026-08-30 10:42:46Z INFO JobServerQueue] Try to append 1 batches web console lines for record 'cfde8a34-cd00-4241-b8b9-ebd28cc2695e', success rate: 1/1.
[2026-08-30 10:42:46Z INFO JobServerQueue] Try to append 1 batches web console lines for record 'cfde8a34-cd00-4241-b8b9-ebd28cc2695e', success rate: 1/1.
[2026-08-30 10:42:46Z INFO JobServerQueue] Try to append 1 batches web console lines for record 'cfde8a34-cd00-4241-b8b9-ebd28cc2695e', success rate: 1/1.
[2026-08-30 10:42:47Z INFO JobServerQueue] Try to append 1 batches web console lines for record 'cfde8a34-cd00-4241-b8b9-ebd28cc2695e', success rate: 1/1.
[2026-08-30 10:42:47Z INFO JobServerQueue] Try to append 1 batches web console lines for record 'cfde8a34-cd00-4241-b8b9-ebd28cc2695e', success rate: 1/1.
[2026-08-30 10:42:47Z INFO JobServerQueue] Try to append 1 batches web console lines for record 'cfde8a34-cd00-4241-b8b9-ebd28cc2695e', success rate: 1/1.
[2026-08-30 10:42:48Z INFO JobServerQueue] Try to append 1 batches web console lines for record 'cfde8a34-cd00-4241-b8b9-ebd28cc2695e', success rate: 1/1.
[2026-08-30 10:42:48Z INFO JobServerQueue] Try to append 1 batches web console lines for record 'cfde8a34-cd00-4241-b8b9-ebd28cc2695e', success rate: 1/1.
[2026-08-30 10:42:48Z INFO JobServerQueue] Try to append 1 batches web console lines for record 'cfde8a34-cd00-4241-b8b9-ebd28cc2695e', success rate: 1/1.
[2026-08-30 10:42:48Z INFO JobServerQueue] Try to append 1 batches web console lines for record 'cfde8a34-cd00-4241-b8b9-ebd28cc2695e', success rate: 1/1.
[2026-08-30 10:42:49Z INFO JobServerQueue] Try to append 1 batches web console lines for record 'cfde8a34-cd00-4241-b8b9-ebd28cc2695e', success rate: 1/1.
[2026-08-30 10:42:49Z INFO JobServerQueue] Try to append 1 batches web console lines for record 'cfde8a34-cd00-4241-b8b9-ebd28cc2695e', success rate: 1/1.
[2026-08-30 10:42:49Z INFO JobServerQueue] Try to append 1 batches web console lines for record 'cfde8a34-cd00-4241-b8b9-ebd28cc2695e', success rate: 1/1.
[2026-08-30 10:42:49Z INFO JobServerQueue] Try to append 1 batches web console lines for record 'cfde8a34-cd00-4241-b8b9-ebd28cc2695e', success rate: 1/1.
[2026-08-30 10:42:50Z INFO JobServerQueue] Try to append 1 batches web console lines for record 'cfde8a34-cd00-4241-b8b9-ebd28cc2695e', success rate: 1/1.
[2026-08-30 10:42:50Z INFO HostContext] Well known directory 'Bin': 'C:\Users\krish\Documents\BITS\mlops-project\actions-runner\bin'
[2026-08-30 10:42:50Z INFO HostContext] Well known directory 'Root': 'C:\Users\krish\Documents\BITS\mlops-project\actions-runner'
[2026-08-30 10:42:50Z INFO HostContext] Well known directory 'Work': 'C:\Users\krish\Documents\BITS\mlops-project\actions-runner\_work'
[2026-08-30 10:42:50Z INFO JobServerQueue] Try to append 1 batches web console lines for record 'cfde8a34-cd00-4241-b8b9-ebd28cc2695e', success rate: 1/1.
[2026-08-30 10:42:50Z INFO JobServerQueue] Stop aggressive process web console line queue.
[2026-08-30 10:42:50Z INFO JobServerQueue] Try to append 1 batches web console lines for record 'cfde8a34-cd00-4241-b8b9-ebd28cc2695e', success rate: 1/1.
[2026-08-30 10:42:51Z INFO JobServerQueue] Try to append 1 batches web console lines for record 'cfde8a34-cd00-4241-b8b9-ebd28cc2695e', success rate: 1/1.
[2026-08-30 10:42:51Z INFO JobServerQueue] Try to append 1 batches web console lines for record 'cfde8a34-cd00-4241-b8b9-ebd28cc2695e', success rate: 1/1.
[2026-08-30 10:42:52Z INFO JobServerQueue] Try to append 1 batches web console lines for record 'cfde8a34-cd00-4241-b8b9-ebd28cc2695e', success rate: 1/1.
[2026-08-30 10:42:52Z INFO JobServerQueue] Try to append 1 batches web console lines for record 'cfde8a34-cd00-4241-b8b9-ebd28cc2695e', success rate: 1/1.
[2026-08-30 10:42:53Z INFO JobServerQueue] Try to append 1 batches web console lines for record 'cfde8a34-cd00-4241-b8b9-ebd28cc2695e', success rate: 1/1.
[2026-08-30 10:42:53Z INFO JobServerQueue] Try to append 1 batches web console lines for record 'cfde8a34-cd00-4241-b8b9-ebd28cc2695e', success rate: 1/1.
[2026-08-30 10:42:54Z INFO JobServerQueue] Try to append 1 batches web console lines for record 'cfde8a34-cd00-4241-b8b9-ebd28cc2695e', success rate: 1/1.
[2026-08-30 10:42:54Z INFO JobServerQueue] Try to append 1 batches web console lines for record 'cfde8a34-cd00-4241-b8b9-ebd28cc2695e', success rate: 1/1.
[2026-08-30 10:42:55Z INFO JobServerQueue] Try to append 1 batches web console lines for record 'cfde8a34-cd00-4241-b8b9-ebd28cc2695e', success rate: 1/1.
[2026-08-30 10:42:55Z INFO JobServerQueue] Try to append 1 batches web console lines for record 'cfde8a34-cd00-4241-b8b9-ebd28cc2695e', success rate: 1/1.
[2026-08-30 10:42:56Z INFO JobServerQueue] Try to append 1 batches web console lines for record 'cfde8a34-cd00-4241-b8b9-ebd28cc2695e', success rate: 1/1.
[2026-08-30 10:42:57Z INFO JobServerQueue] Try to append 1 batches web console lines for record 'cfde8a34-cd00-4241-b8b9-ebd28cc2695e', success rate: 1/1.
[2026-08-30 10:42:57Z INFO JobServerQueue] Try to append 1 batches web console lines for record 'cfde8a34-cd00-4241-b8b9-ebd28cc2695e', success rate: 1/1.
[2026-08-30 10:42:58Z INFO JobServerQueue] Try to append 1 batches web console lines for record 'cfde8a34-cd00-4241-b8b9-ebd28cc2695e', success rate: 1/1.
[2026-08-30 10:42:58Z INFO JobServerQueue] Try to append 1 batches web console lines for record 'cfde8a34-cd00-4241-b8b9-ebd28cc2695e', success rate: 1/1.
[2026-08-30 10:42:59Z INFO JobServerQueue] Try to append 1 batches web console lines for record 'cfde8a34-cd00-4241-b8b9-ebd28cc2695e', success rate: 1/1.
[2026-08-30 10:42:59Z INFO JobServerQueue] Try to append 1 batches web console lines for record 'cfde8a34-cd00-4241-b8b9-ebd28cc2695e', success rate: 1/1.
[2026-08-30 10:43:00Z INFO HostContext] Well known directory 'Bin': 'C:\Users\krish\Documents\BITS\mlops-project\actions-runner\bin'
[2026-08-30 10:43:00Z INFO HostContext] Well known directory 'Root': 'C:\Users\krish\Documents\BITS\mlops-project\actions-runner'
[2026-08-30 10:43:00Z INFO HostContext] Well known directory 'Work': 'C:\Users\krish\Documents\BITS\mlops-project\actions-runner\_work'
[2026-08-30 10:43:00Z INFO JobServerQueue] Try to append 1 batches web console lines for record 'cfde8a34-cd00-4241-b8b9-ebd28cc2695e', success rate: 1/1.
[2026-08-30 10:43:00Z INFO JobServerQueue] Try to append 1 batches web console lines for record 'cfde8a34-cd00-4241-b8b9-ebd28cc2695e', success rate: 1/1.
[2026-08-30 10:43:01Z INFO JobServerQueue] Try to append 1 batches web console lines for record 'cfde8a34-cd00-4241-b8b9-ebd28cc2695e', success rate: 1/1.
[2026-08-30 10:43:01Z INFO JobServerQueue] Try to append 1 batches web console lines for record 'cfde8a34-cd00-4241-b8b9-ebd28cc2695e', success rate: 1/1.
[2026-08-30 10:43:02Z INFO JobServerQueue] Try to append 1 batches web console lines for record 'cfde8a34-cd00-4241-b8b9-ebd28cc2695e', success rate: 1/1.
[2026-08-30 10:43:02Z INFO JobServerQueue] Try to append 1 batches web console lines for record 'cfde8a34-cd00-4241-b8b9-ebd28cc2695e', success rate: 1/1.
[2026-08-30 10:43:03Z INFO JobServerQueue] Try to append 1 batches web console lines for record 'cfde8a34-cd00-4241-b8b9-ebd28cc2695e', success rate: 1/1.
[2026-08-30 10:43:03Z INFO JobServerQueue] Try to append 1 batches web console lines for record 'cfde8a34-cd00-4241-b8b9-ebd28cc2695e', success rate: 1/1.
[2026-08-30 10:43:04Z INFO JobServerQueue] Try to append 1 batches web console lines for record 'cfde8a34-cd00-4241-b8b9-ebd28cc2695e', success rate: 1/1.
[2026-08-30 10:43:05Z INFO JobServerQueue] Try to append 1 batches web console lines for record 'cfde8a34-cd00-4241-b8b9-ebd28cc2695e', success rate: 1/1.
[2026-08-30 10:43:05Z INFO JobServerQueue] Try to append 1 batches web console lines for record 'cfde8a34-cd00-4241-b8b9-ebd28cc2695e', success rate: 1/1.
[2026-08-30 10:43:06Z INFO JobServerQueue] Try to append 1 batches web console lines for record 'cfde8a34-cd00-4241-b8b9-ebd28cc2695e', success rate: 1/1.
[2026-08-30 10:43:06Z INFO JobServerQueue] Try to append 1 batches web console lines for record 'cfde8a34-cd00-4241-b8b9-ebd28cc2695e', success rate: 1/1.
[2026-08-30 10:43:07Z INFO JobServerQueue] Try to append 1 batches web console lines for record 'cfde8a34-cd00-4241-b8b9-ebd28cc2695e', success rate: 1/1.
[2026-08-30 10:43:07Z INFO JobServerQueue] Try to append 1 batches web console lines for record 'cfde8a34-cd00-4241-b8b9-ebd28cc2695e', success rate: 1/1.
[2026-08-30 10:43:08Z INFO JobServerQueue] Try to append 1 batches web console lines for record 'cfde8a34-cd00-4241-b8b9-ebd28cc2695e', success rate: 1/1.
[2026-08-30 10:43:08Z INFO JobServerQueue] Try to append 1 batches web console lines for record 'cfde8a34-cd00-4241-b8b9-ebd28cc2695e', success rate: 1/1.
[2026-08-30 10:43:09Z INFO JobServerQueue] Try to append 1 batches web console lines for record 'cfde8a34-cd00-4241-b8b9-ebd28cc2695e', success rate: 1/1.
[2026-08-30 10:43:09Z INFO JobServerQueue] Try to append 1 batches web console lines for record 'cfde8a34-cd00-4241-b8b9-ebd28cc2695e', success rate: 1/1.
[2026-08-30 10:43:10Z INFO JobServerQueue] Try to append 1 batches web console lines for record 'cfde8a34-cd00-4241-b8b9-ebd28cc2695e', success rate: 1/1.
[2026-08-30 10:43:10Z INFO HostContext] Well known directory 'Bin': 'C:\Users\krish\Documents\BITS\mlops-project\actions-runner\bin'
[2026-08-30 10:43:10Z INFO HostContext] Well known directory 'Root': 'C:\Users\krish\Documents\BITS\mlops-project\actions-runner'
[2026-08-30 10:43:10Z INFO HostContext] Well known directory 'Work': 'C:\Users\krish\Documents\BITS\mlops-project\actions-runner\_work'
[2026-08-30 10:43:10Z INFO JobServerQueue] Try to append 1 batches web console lines for record 'cfde8a34-cd00-4241-b8b9-ebd28cc2695e', success rate: 1/1.
[2026-08-30 10:43:11Z INFO JobServerQueue] Try to append 1 batches web console lines for record 'cfde8a34-cd00-4241-b8b9-ebd28cc2695e', success rate: 1/1.
[2026-08-30 10:43:11Z INFO JobServerQueue] Try to append 1 batches web console lines for record 'cfde8a34-cd00-4241-b8b9-ebd28cc2695e', success rate: 1/1.
[2026-08-30 10:43:12Z INFO JobServerQueue] Try to append 1 batches web console lines for record 'cfde8a34-cd00-4241-b8b9-ebd28cc2695e', success rate: 1/1.
[2026-08-30 10:43:12Z INFO JobServerQueue] Try to append 1 batches web console lines for record 'cfde8a34-cd00-4241-b8b9-ebd28cc2695e', success rate: 1/1.
[2026-08-30 10:43:13Z INFO JobServerQueue] Try to append 1 batches web console lines for record 'cfde8a34-cd00-4241-b8b9-ebd28cc2695e', success rate: 1/1.
[2026-08-30 10:43:13Z INFO JobServerQueue] Try to append 1 batches web console lines for record 'cfde8a34-cd00-4241-b8b9-ebd28cc2695e', success rate: 1/1.
[2026-08-30 10:43:14Z INFO JobServerQueue] Try to append 1 batches web console lines for record 'cfde8a34-cd00-4241-b8b9-ebd28cc2695e', success rate: 1/1.
[2026-08-30 10:43:14Z INFO JobServerQueue] Try to append 1 batches web console lines for record 'cfde8a34-cd00-4241-b8b9-ebd28cc2695e', success rate: 1/1.
[2026-08-30 10:43:15Z INFO JobServerQueue] Try to append 1 batches web console lines for record 'cfde8a34-cd00-4241-b8b9-ebd28cc2695e', success rate: 1/1.
[2026-08-30 10:43:15Z INFO JobServerQueue] Try to append 1 batches web console lines for record 'cfde8a34-cd00-4241-b8b9-ebd28cc2695e', success rate: 1/1.
[2026-08-30 10:43:16Z INFO JobServerQueue] Try to append 1 batches web console lines for record 'cfde8a34-cd00-4241-b8b9-ebd28cc2695e', success rate: 1/1.
[2026-08-30 10:43:16Z INFO JobServerQueue] Try to append 1 batches web console lines for record 'cfde8a34-cd00-4241-b8b9-ebd28cc2695e', success rate: 1/1.
[2026-08-30 10:43:17Z INFO JobServerQueue] Try to append 1 batches web console lines for record 'cfde8a34-cd00-4241-b8b9-ebd28cc2695e', success rate: 1/1.
[2026-08-30 10:43:17Z INFO JobServerQueue] Try to append 1 batches web console lines for record 'cfde8a34-cd00-4241-b8b9-ebd28cc2695e', success rate: 1/1.
[2026-08-30 10:43:18Z INFO JobServerQueue] Try to append 1 batches web console lines for record 'cfde8a34-cd00-4241-b8b9-ebd28cc2695e', success rate: 1/1.
[2026-08-30 10:43:18Z INFO JobServerQueue] Try to append 1 batches web console lines for record 'cfde8a34-cd00-4241-b8b9-ebd28cc2695e', success rate: 1/1.
[2026-08-30 10:43:19Z INFO JobServerQueue] Try to append 1 batches web console lines for record 'cfde8a34-cd00-4241-b8b9-ebd28cc2695e', success rate: 1/1.
[2026-08-30 10:43:19Z INFO JobServerQueue] Try to append 1 batches web console lines for record 'cfde8a34-cd00-4241-b8b9-ebd28cc2695e', success rate: 1/1.
[2026-08-30 10:43:20Z INFO HostContext] Well known directory 'Bin': 'C:\Users\krish\Documents\BITS\mlops-project\actions-runner\bin'
[2026-08-30 10:43:20Z INFO HostContext] Well known directory 'Root': 'C:\Users\krish\Documents\BITS\mlops-project\actions-runner'
[2026-08-30 10:43:20Z INFO HostContext] Well known directory 'Work': 'C:\Users\krish\Documents\BITS\mlops-project\actions-runner\_work'
[2026-08-30 10:43:20Z INFO JobServerQueue] Try to append 1 batches web console lines for record 'cfde8a34-cd00-4241-b8b9-ebd28cc2695e', success rate: 1/1.
[2026-08-30 10:43:20Z INFO JobServerQueue] Try to append 1 batches web console lines for record 'cfde8a34-cd00-4241-b8b9-ebd28cc2695e', success rate: 1/1.
[2026-08-30 10:43:21Z INFO JobServerQueue] Try to append 1 batches web console lines for record 'cfde8a34-cd00-4241-b8b9-ebd28cc2695e', success rate: 1/1.
[2026-08-30 10:43:22Z INFO JobServerQueue] Try to append 1 batches web console lines for record 'cfde8a34-cd00-4241-b8b9-ebd28cc2695e', success rate: 1/1.
[2026-08-30 10:43:22Z INFO JobServerQueue] Try to append 1 batches web console lines for record 'cfde8a34-cd00-4241-b8b9-ebd28cc2695e', success rate: 1/1.
[2026-08-30 10:43:23Z INFO JobServerQueue] Try to append 1 batches web console lines for record 'cfde8a34-cd00-4241-b8b9-ebd28cc2695e', success rate: 1/1.
[2026-08-30 10:43:23Z INFO JobServerQueue] Try to append 1 batches web console lines for record 'cfde8a34-cd00-4241-b8b9-ebd28cc2695e', success rate: 1/1.
[2026-08-30 10:43:24Z INFO JobServerQueue] Try to append 1 batches web console lines for record 'cfde8a34-cd00-4241-b8b9-ebd28cc2695e', success rate: 1/1.
[2026-08-30 10:43:24Z INFO JobServerQueue] Try to append 1 batches web console lines for record 'cfde8a34-cd00-4241-b8b9-ebd28cc2695e', success rate: 1/1.
[2026-08-30 10:43:25Z INFO JobServerQueue] Try to append 1 batches web console lines for record 'cfde8a34-cd00-4241-b8b9-ebd28cc2695e', success rate: 1/1.
[2026-08-30 10:43:25Z INFO JobServerQueue] Try to append 1 batches web console lines for record 'cfde8a34-cd00-4241-b8b9-ebd28cc2695e', success rate: 1/1.
[2026-08-30 10:43:26Z INFO JobServerQueue] Try to append 1 batches web console lines for record 'cfde8a34-cd00-4241-b8b9-ebd28cc2695e', success rate: 1/1.
[2026-08-30 10:43:26Z INFO JobServerQueue] Try to append 1 batches web console lines for record 'cfde8a34-cd00-4241-b8b9-ebd28cc2695e', success rate: 1/1.
[2026-08-30 10:43:27Z INFO JobServerQueue] Try to append 1 batches web console lines for record 'cfde8a34-cd00-4241-b8b9-ebd28cc2695e', success rate: 1/1.
[2026-08-30 10:43:27Z INFO JobServerQueue] Try to append 1 batches web console lines for record 'cfde8a34-cd00-4241-b8b9-ebd28cc2695e', success rate: 1/1.
[2026-08-30 10:43:28Z INFO JobServerQueue] Try to append 1 batches web console lines for record 'cfde8a34-cd00-4241-b8b9-ebd28cc2695e', success rate: 1/1.
[2026-08-30 10:43:28Z INFO JobServerQueue] Try to append 1 batches web console lines for record 'cfde8a34-cd00-4241-b8b9-ebd28cc2695e', success rate: 1/1.
[2026-08-30 10:43:29Z INFO JobServerQueue] Try to append 1 batches web console lines for record 'cfde8a34-cd00-4241-b8b9-ebd28cc2695e', success rate: 1/1.
[2026-08-30 10:43:29Z INFO JobServerQueue] Try to append 1 batches web console lines for record 'cfde8a34-cd00-4241-b8b9-ebd28cc2695e', success rate: 1/1.
[2026-08-30 10:43:30Z INFO JobServerQueue] Try to append 1 batches web console lines for record 'cfde8a34-cd00-4241-b8b9-ebd28cc2695e', success rate: 1/1.
[2026-08-30 10:43:30Z INFO HostContext] Well known directory 'Bin': 'C:\Users\krish\Documents\BITS\mlops-project\actions-runner\bin'
[2026-08-30 10:43:30Z INFO HostContext] Well known directory 'Root': 'C:\Users\krish\Documents\BITS\mlops-project\actions-runner'
[2026-08-30 10:43:30Z INFO HostContext] Well known directory 'Work': 'C:\Users\krish\Documents\BITS\mlops-project\actions-runner\_work'
[2026-08-30 10:43:30Z INFO JobServerQueue] Try to append 1 batches web console lines for record 'cfde8a34-cd00-4241-b8b9-ebd28cc2695e', success rate: 1/1.
[2026-08-30 10:43:31Z INFO JobServerQueue] Try to append 1 batches web console lines for record 'cfde8a34-cd00-4241-b8b9-ebd28cc2695e', success rate: 1/1.
[2026-08-30 10:43:31Z INFO JobServerQueue] Try to append 1 batches web console lines for record 'cfde8a34-cd00-4241-b8b9-ebd28cc2695e', success rate: 1/1.
[2026-08-30 10:43:32Z INFO JobServerQueue] Try to append 1 batches web console lines for record 'cfde8a34-cd00-4241-b8b9-ebd28cc2695e', success rate: 1/1.
[2026-08-30 10:43:32Z INFO JobServerQueue] Try to append 1 batches web console lines for record 'cfde8a34-cd00-4241-b8b9-ebd28cc2695e', success rate: 1/1.
[2026-08-30 10:43:33Z INFO JobServerQueue] Try to append 1 batches web console lines for record 'cfde8a34-cd00-4241-b8b9-ebd28cc2695e', success rate: 1/1.
[2026-08-30 10:43:33Z INFO JobServerQueue] Try to append 1 batches web console lines for record 'cfde8a34-cd00-4241-b8b9-ebd28cc2695e', success rate: 1/1.
[2026-08-30 10:43:34Z INFO JobServerQueue] Try to append 1 batches web console lines for record 'cfde8a34-cd00-4241-b8b9-ebd28cc2695e', success rate: 1/1.
[2026-08-30 10:43:34Z INFO JobServerQueue] Try to append 1 batches web console lines for record 'cfde8a34-cd00-4241-b8b9-ebd28cc2695e', success rate: 1/1.
[2026-08-30 10:43:35Z INFO JobServerQueue] Try to append 1 batches web console lines for record 'cfde8a34-cd00-4241-b8b9-ebd28cc2695e', success rate: 1/1.
[2026-08-30 10:43:35Z INFO JobServerQueue] Try to append 1 batches web console lines for record 'cfde8a34-cd00-4241-b8b9-ebd28cc2695e', success rate: 1/1.
[2026-08-30 10:43:36Z INFO JobServerQueue] Try to append 1 batches web console lines for record 'cfde8a34-cd00-4241-b8b9-ebd28cc2695e', success rate: 1/1.
[2026-08-30 10:43:36Z INFO JobServerQueue] Try to append 1 batches web console lines for record 'cfde8a34-cd00-4241-b8b9-ebd28cc2695e', success rate: 1/1.
[2026-08-30 10:43:37Z INFO JobServerQueue] Try to append 1 batches web console lines for record 'cfde8a34-cd00-4241-b8b9-ebd28cc2695e', success rate: 1/1.
[2026-08-30 10:43:38Z INFO JobServerQueue] Try to append 1 batches web console lines for record 'cfde8a34-cd00-4241-b8b9-ebd28cc2695e', success rate: 1/1.
[2026-08-30 10:43:38Z INFO JobServerQueue] Try to append 1 batches web console lines for record 'cfde8a34-cd00-4241-b8b9-ebd28cc2695e', success rate: 1/1.
[2026-08-30 10:43:39Z INFO JobServerQueue] Try to append 1 batches web console lines for record 'cfde8a34-cd00-4241-b8b9-ebd28cc2695e', success rate: 1/1.
[2026-08-30 10:43:39Z INFO JobServerQueue] Try to append 1 batches web console lines for record 'cfde8a34-cd00-4241-b8b9-ebd28cc2695e', success rate: 1/1.
[2026-08-30 10:43:40Z INFO JobServerQueue] Try to append 1 batches web console lines for record 'cfde8a34-cd00-4241-b8b9-ebd28cc2695e', success rate: 1/1.
[2026-08-30 10:43:40Z INFO HostContext] Well known directory 'Bin': 'C:\Users\krish\Documents\BITS\mlops-project\actions-runner\bin'
[2026-08-30 10:43:40Z INFO HostContext] Well known directory 'Root': 'C:\Users\krish\Documents\BITS\mlops-project\actions-runner'
[2026-08-30 10:43:40Z INFO HostContext] Well known directory 'Work': 'C:\Users\krish\Documents\BITS\mlops-project\actions-runner\_work'
[2026-08-30 10:43:40Z INFO JobServerQueue] Try to append 1 batches web console lines for record 'cfde8a34-cd00-4241-b8b9-ebd28cc2695e', success rate: 1/1.
[2026-08-30 10:43:41Z INFO JobServerQueue] Try to append 1 batches web console lines for record 'cfde8a34-cd00-4241-b8b9-ebd28cc2695e', success rate: 1/1.
[2026-08-30 10:43:42Z INFO JobServerQueue] Try to append 1 batches web console lines for record 'cfde8a34-cd00-4241-b8b9-ebd28cc2695e', success rate: 1/1.
[2026-08-30 10:43:42Z INFO JobServerQueue] Try to append 1 batches web console lines for record 'cfde8a34-cd00-4241-b8b9-ebd28cc2695e', success rate: 1/1.
[2026-08-30 10:43:43Z INFO JobServerQueue] Try to append 1 batches web console lines for record 'cfde8a34-cd00-4241-b8b9-ebd28cc2695e', success rate: 1/1.
[2026-08-30 10:43:43Z INFO JobServerQueue] Try to append 1 batches web console lines for record 'cfde8a34-cd00-4241-b8b9-ebd28cc2695e', success rate: 1/1.
[2026-08-30 10:43:44Z INFO JobServerQueue] Try to append 1 batches web console lines for record 'cfde8a34-cd00-4241-b8b9-ebd28cc2695e', success rate: 1/1.
[2026-08-30 10:43:44Z INFO JobServerQueue] Try to append 1 batches web console lines for record 'cfde8a34-cd00-4241-b8b9-ebd28cc2695e', success rate: 1/1.
[2026-08-30 10:43:45Z INFO JobServerQueue] Try to append 1 batches web console lines for record 'cfde8a34-cd00-4241-b8b9-ebd28cc2695e', success rate: 1/1.
[2026-08-30 10:43:45Z INFO JobServerQueue] Try to append 1 batches web console lines for record 'cfde8a34-cd00-4241-b8b9-ebd28cc2695e', success rate: 1/1.
[2026-08-30 10:43:46Z INFO JobServerQueue] Try to append 1 batches web console lines for record 'cfde8a34-cd00-4241-b8b9-ebd28cc2695e', success rate: 1/1.
[2026-08-30 10:43:46Z INFO JobServerQueue] Try to append 1 batches web console lines for record 'cfde8a34-cd00-4241-b8b9-ebd28cc2695e', success rate: 1/1.
[2026-08-30 10:43:47Z INFO JobServerQueue] Try to append 1 batches web console lines for record 'cfde8a34-cd00-4241-b8b9-ebd28cc2695e', success rate: 1/1.
[2026-08-30 10:43:47Z INFO JobServerQueue] Try to append 1 batches web console lines for record 'cfde8a34-cd00-4241-b8b9-ebd28cc2695e', success rate: 1/1.
[2026-08-30 10:43:48Z INFO JobServerQueue] Try to append 1 batches web console lines for record 'cfde8a34-cd00-4241-b8b9-ebd28cc2695e', success rate: 1/1.
[2026-08-30 10:43:48Z INFO JobServerQueue] Try to append 1 batches web console lines for record 'cfde8a34-cd00-4241-b8b9-ebd28cc2695e', success rate: 1/1.
[2026-08-30 10:43:49Z INFO JobServerQueue] Try to append 1 batches web console lines for record 'cfde8a34-cd00-4241-b8b9-ebd28cc2695e', success rate: 1/1.
[2026-08-30 10:43:49Z INFO JobServerQueue] Try to append 1 batches web console lines for record 'cfde8a34-cd00-4241-b8b9-ebd28cc2695e', success rate: 1/1.
[2026-08-30 10:43:50Z INFO HostContext] Well known directory 'Bin': 'C:\Users\krish\Documents\BITS\mlops-project\actions-runner\bin'
[2026-08-30 10:43:50Z INFO HostContext] Well known directory 'Root': 'C:\Users\krish\Documents\BITS\mlops-project\actions-runner'
[2026-08-30 10:43:50Z INFO HostContext] Well known directory 'Work': 'C:\Users\krish\Documents\BITS\mlops-project\actions-runner\_work'
[2026-08-30 10:43:50Z INFO JobServerQueue] Try to append 1 batches web console lines for record 'cfde8a34-cd00-4241-b8b9-ebd28cc2695e', success rate: 1/1.
[2026-08-30 10:43:50Z INFO JobServerQueue] Try to append 1 batches web console lines for record 'cfde8a34-cd00-4241-b8b9-ebd28cc2695e', success rate: 1/1.
[2026-08-30 10:43:51Z INFO JobServerQueue] Try to append 1 batches web console lines for record 'cfde8a34-cd00-4241-b8b9-ebd28cc2695e', success rate: 1/1.
[2026-08-30 10:43:52Z INFO JobServerQueue] Try to append 1 batches web console lines for record 'cfde8a34-cd00-4241-b8b9-ebd28cc2695e', success rate: 1/1.
[2026-08-30 10:43:52Z INFO JobServerQueue] Try to append 1 batches web console lines for record 'cfde8a34-cd00-4241-b8b9-ebd28cc2695e', success rate: 1/1.
[2026-08-30 10:43:53Z INFO JobServerQueue] Try to append 1 batches web console lines for record 'cfde8a34-cd00-4241-b8b9-ebd28cc2695e', success rate: 1/1.
[2026-08-30 10:43:53Z INFO JobServerQueue] Try to append 1 batches web console lines for record 'cfde8a34-cd00-4241-b8b9-ebd28cc2695e', success rate: 1/1.
[2026-08-30 10:43:54Z INFO JobServerQueue] Try to append 1 batches web console lines for record 'cfde8a34-cd00-4241-b8b9-ebd28cc2695e', success rate: 1/1.
[2026-08-30 10:43:54Z INFO JobServerQueue] Try to append 1 batches web console lines for record 'cfde8a34-cd00-4241-b8b9-ebd28cc2695e', success rate: 1/1.
[2026-08-30 10:43:55Z INFO JobServerQueue] Try to append 1 batches web console lines for record 'cfde8a34-cd00-4241-b8b9-ebd28cc2695e', success rate: 1/1.
[2026-08-30 10:43:55Z INFO JobServerQueue] Try to append 1 batches web console lines for record 'cfde8a34-cd00-4241-b8b9-ebd28cc2695e', success rate: 1/1.
[2026-08-30 10:43:56Z INFO JobServerQueue] Try to append 1 batches web console lines for record 'cfde8a34-cd00-4241-b8b9-ebd28cc2695e', success rate: 1/1.
[2026-08-30 10:43:56Z INFO JobServerQueue] Try to append 1 batches web console lines for record 'cfde8a34-cd00-4241-b8b9-ebd28cc2695e', success rate: 1/1.
[2026-08-30 10:43:57Z INFO JobServerQueue] Try to append 1 batches web console lines for record 'cfde8a34-cd00-4241-b8b9-ebd28cc2695e', success rate: 1/1.
[2026-08-30 10:43:57Z INFO JobServerQueue] Try to append 1 batches web console lines for record 'cfde8a34-cd00-4241-b8b9-ebd28cc2695e', success rate: 1/1.
[2026-08-30 10:43:58Z INFO JobServerQueue] Try to append 1 batches web console lines for record 'cfde8a34-cd00-4241-b8b9-ebd28cc2695e', success rate: 1/1.
[2026-08-30 10:43:58Z INFO JobServerQueue] Try to append 1 batches web console lines for record 'cfde8a34-cd00-4241-b8b9-ebd28cc2695e', success rate: 1/1.
[2026-08-30 10:43:59Z INFO JobServerQueue] Try to append 1 batches web console lines for record 'cfde8a34-cd00-4241-b8b9-ebd28cc2695e', success rate: 1/1.
[2026-08-30 10:44:00Z INFO JobServerQueue] Try to append 1 batches web console lines for record 'cfde8a34-cd00-4241-b8b9-ebd28cc2695e', success rate: 1/1.
[2026-08-30 10:44:00Z INFO HostContext] Well known directory 'Bin': 'C:\Users\krish\Documents\BITS\mlops-project\actions-runner\bin'
[2026-08-30 10:44:00Z INFO HostContext] Well known directory 'Root': 'C:\Users\krish\Documents\BITS\mlops-project\actions-runner'
[2026-08-30 10:44:00Z INFO HostContext] Well known directory 'Work': 'C:\Users\krish\Documents\BITS\mlops-project\actions-runner\_work'
[2026-08-30 10:44:00Z INFO JobServerQueue] Try to append 1 batches web console lines for record 'cfde8a34-cd00-4241-b8b9-ebd28cc2695e', success rate: 1/1.
[2026-08-30 10:44:01Z INFO JobServerQueue] Try to append 1 batches web console lines for record 'cfde8a34-cd00-4241-b8b9-ebd28cc2695e', success rate: 1/1.
[2026-08-30 10:44:01Z INFO JobServerQueue] Try to append 1 batches web console lines for record 'cfde8a34-cd00-4241-b8b9-ebd28cc2695e', success rate: 1/1.
[2026-08-30 10:44:02Z INFO JobServerQueue] Try to append 1 batches web console lines for record 'cfde8a34-cd00-4241-b8b9-ebd28cc2695e', success rate: 1/1.
[2026-08-30 10:44:02Z INFO JobServerQueue] Try to append 1 batches web console lines for record 'cfde8a34-cd00-4241-b8b9-ebd28cc2695e', success rate: 1/1.
[2026-08-30 10:44:03Z INFO JobServerQueue] Try to append 1 batches web console lines for record 'cfde8a34-cd00-4241-b8b9-ebd28cc2695e', success rate: 1/1.
[2026-08-30 10:44:03Z INFO JobServerQueue] Try to append 1 batches web console lines for record 'cfde8a34-cd00-4241-b8b9-ebd28cc2695e', success rate: 1/1.
[2026-08-30 10:44:04Z INFO JobServerQueue] Try to append 1 batches web console lines for record 'cfde8a34-cd00-4241-b8b9-ebd28cc2695e', success rate: 1/1.
[2026-08-30 10:44:04Z INFO JobServerQueue] Try to append 1 batches web console lines for record 'cfde8a34-cd00-4241-b8b9-ebd28cc2695e', success rate: 1/1.
[2026-08-30 10:44:05Z INFO JobServerQueue] Try to append 1 batches web console lines for record 'cfde8a34-cd00-4241-b8b9-ebd28cc2695e', success rate: 1/1.
[2026-08-30 10:44:05Z INFO JobServerQueue] Try to append 1 batches web console lines for record 'cfde8a34-cd00-4241-b8b9-ebd28cc2695e', success rate: 1/1.
[2026-08-30 10:44:06Z INFO JobServerQueue] Try to append 1 batches web console lines for record 'cfde8a34-cd00-4241-b8b9-ebd28cc2695e', success rate: 1/1.
[2026-08-30 10:44:06Z INFO JobServerQueue] Try to append 1 batches web console lines for record 'cfde8a34-cd00-4241-b8b9-ebd28cc2695e', success rate: 1/1.
[2026-08-30 10:44:07Z INFO JobServerQueue] Try to append 1 batches web console lines for record 'cfde8a34-cd00-4241-b8b9-ebd28cc2695e', success rate: 1/1.
[2026-08-30 10:44:07Z INFO JobServerQueue] Try to append 1 batches web console lines for record 'cfde8a34-cd00-4241-b8b9-ebd28cc2695e', success rate: 1/1.
[2026-08-30 10:44:08Z INFO JobServerQueue] Try to append 1 batches web console lines for record 'cfde8a34-cd00-4241-b8b9-ebd28cc2695e', success rate: 1/1.
[2026-08-30 10:44:08Z INFO JobServerQueue] Try to append 1 batches web console lines for record 'cfde8a34-cd00-4241-b8b9-ebd28cc2695e', success rate: 1/1.
[2026-08-30 10:44:09Z INFO JobServerQueue] Try to append 1 batches web console lines for record 'cfde8a34-cd00-4241-b8b9-ebd28cc2695e', success rate: 1/1.
[2026-08-30 10:44:09Z INFO JobServerQueue] Try to append 1 batches web console lines for record 'cfde8a34-cd00-4241-b8b9-ebd28cc2695e', success rate: 1/1.
[2026-08-30 10:44:10Z INFO JobServerQueue] Try to append 1 batches web console lines for record 'cfde8a34-cd00-4241-b8b9-ebd28cc2695e', success rate: 1/1.
[2026-08-30 10:44:10Z INFO HostContext] Well known directory 'Bin': 'C:\Users\krish\Documents\BITS\mlops-project\actions-runner\bin'
[2026-08-30 10:44:10Z INFO HostContext] Well known directory 'Root': 'C:\Users\krish\Documents\BITS\mlops-project\actions-runner'
[2026-08-30 10:44:10Z INFO HostContext] Well known directory 'Work': 'C:\Users\krish\Documents\BITS\mlops-project\actions-runner\_work'
[2026-08-30 10:44:10Z INFO JobServerQueue] Try to append 1 batches web console lines for record 'cfde8a34-cd00-4241-b8b9-ebd28cc2695e', success rate: 1/1.
[2026-08-30 10:44:11Z INFO JobServerQueue] Try to append 1 batches web console lines for record 'cfde8a34-cd00-4241-b8b9-ebd28cc2695e', success rate: 1/1.
[2026-08-30 10:44:11Z INFO JobServerQueue] Try to append 1 batches web console lines for record 'cfde8a34-cd00-4241-b8b9-ebd28cc2695e', success rate: 1/1.
[2026-08-30 10:44:12Z INFO JobServerQueue] Try to append 1 batches web console lines for record 'cfde8a34-cd00-4241-b8b9-ebd28cc2695e', success rate: 1/1.
[2026-08-30 10:44:12Z INFO JobServerQueue] Try to append 1 batches web console lines for record 'cfde8a34-cd00-4241-b8b9-ebd28cc2695e', success rate: 1/1.
[2026-08-30 10:44:13Z INFO JobServerQueue] Try to append 1 batches web console lines for record 'cfde8a34-cd00-4241-b8b9-ebd28cc2695e', success rate: 1/1.
[2026-08-30 10:44:13Z INFO JobServerQueue] Try to append 1 batches web console lines for record 'cfde8a34-cd00-4241-b8b9-ebd28cc2695e', success rate: 1/1.
[2026-08-30 10:44:14Z INFO JobServerQueue] Try to append 1 batches web console lines for record 'cfde8a34-cd00-4241-b8b9-ebd28cc2695e', success rate: 1/1.
[2026-08-30 10:44:15Z INFO JobServerQueue] Try to append 1 batches web console lines for record 'cfde8a34-cd00-4241-b8b9-ebd28cc2695e', success rate: 1/1.
[2026-08-30 10:44:15Z INFO JobServerQueue] Try to append 1 batches web console lines for record 'cfde8a34-cd00-4241-b8b9-ebd28cc2695e', success rate: 1/1.
[2026-08-30 10:44:16Z INFO JobServerQueue] Try to append 1 batches web console lines for record 'cfde8a34-cd00-4241-b8b9-ebd28cc2695e', success rate: 1/1.
[2026-08-30 10:44:16Z INFO JobServerQueue] Try to append 1 batches web console lines for record 'cfde8a34-cd00-4241-b8b9-ebd28cc2695e', success rate: 1/1.
[2026-08-30 10:44:17Z INFO JobServerQueue] Try to append 1 batches web console lines for record 'cfde8a34-cd00-4241-b8b9-ebd28cc2695e', success rate: 1/1.
[2026-08-30 10:44:17Z INFO JobServerQueue] Try to append 1 batches web console lines for record 'cfde8a34-cd00-4241-b8b9-ebd28cc2695e', success rate: 1/1.
[2026-08-30 10:44:18Z INFO JobServerQueue] Try to append 1 batches web console lines for record 'cfde8a34-cd00-4241-b8b9-ebd28cc2695e', success rate: 1/1.
[2026-08-30 10:44:18Z INFO JobServerQueue] Try to append 1 batches web console lines for record 'cfde8a34-cd00-4241-b8b9-ebd28cc2695e', success rate: 1/1.
[2026-08-30 10:44:19Z INFO JobServerQueue] Try to append 1 batches web console lines for record 'cfde8a34-cd00-4241-b8b9-ebd28cc2695e', success rate: 1/1.
[2026-08-30 10:44:19Z INFO JobServerQueue] Try to append 1 batches web console lines for record 'cfde8a34-cd00-4241-b8b9-ebd28cc2695e', success rate: 1/1.
[2026-08-30 10:44:20Z INFO JobServerQueue] Try to append 1 batches web console lines for record 'cfde8a34-cd00-4241-b8b9-ebd28cc2695e', success rate: 1/1.
[2026-08-30 10:44:20Z INFO HostContext] Well known directory 'Bin': 'C:\Users\krish\Documents\BITS\mlops-project\actions-runner\bin'
[2026-08-30 10:44:20Z INFO HostContext] Well known directory 'Root': 'C:\Users\krish\Documents\BITS\mlops-project\actions-runner'
[2026-08-30 10:44:20Z INFO HostContext] Well known directory 'Work': 'C:\Users\krish\Documents\BITS\mlops-project\actions-runner\_work'
[2026-08-30 10:44:20Z INFO JobServerQueue] Try to append 1 batches web console lines for record 'cfde8a34-cd00-4241-b8b9-ebd28cc2695e', success rate: 1/1.
[2026-08-30 10:44:21Z INFO JobServerQueue] Try to append 1 batches web console lines for record 'cfde8a34-cd00-4241-b8b9-ebd28cc2695e', success rate: 1/1.
[2026-08-30 10:44:21Z INFO JobServerQueue] Try to append 1 batches web console lines for record 'cfde8a34-cd00-4241-b8b9-ebd28cc2695e', success rate: 1/1.
[2026-08-30 10:44:22Z INFO JobServerQueue] Try to append 1 batches web console lines for record 'cfde8a34-cd00-4241-b8b9-ebd28cc2695e', success rate: 1/1.
[2026-08-30 10:44:22Z INFO JobServerQueue] Try to append 1 batches web console lines for record 'cfde8a34-cd00-4241-b8b9-ebd28cc2695e', success rate: 1/1.
[2026-08-30 10:44:23Z INFO JobServerQueue] Try to append 1 batches web console lines for record 'cfde8a34-cd00-4241-b8b9-ebd28cc2695e', success rate: 1/1.
[2026-08-30 10:44:23Z INFO JobServerQueue] Try to append 1 batches web console lines for record 'cfde8a34-cd00-4241-b8b9-ebd28cc2695e', success rate: 1/1.
[2026-08-30 10:44:24Z INFO JobServerQueue] Try to append 1 batches web console lines for record 'cfde8a34-cd00-4241-b8b9-ebd28cc2695e', success rate: 1/1.
[2026-08-30 10:44:24Z INFO JobServerQueue] Try to append 1 batches web console lines for record 'cfde8a34-cd00-4241-b8b9-ebd28cc2695e', success rate: 1/1.
[2026-08-30 10:44:25Z INFO JobServerQueue] Try to append 1 batches web console lines for record 'cfde8a34-cd00-4241-b8b9-ebd28cc2695e', success rate: 1/1.
[2026-08-30 10:44:26Z INFO JobServerQueue] Try to append 1 batches web console lines for record 'cfde8a34-cd00-4241-b8b9-ebd28cc2695e', success rate: 1/1.
[2026-08-30 10:44:26Z INFO JobServerQueue] Try to append 1 batches web console lines for record 'cfde8a34-cd00-4241-b8b9-ebd28cc2695e', success rate: 1/1.
[2026-08-30 10:44:27Z INFO JobServerQueue] Try to append 1 batches web console lines for record 'cfde8a34-cd00-4241-b8b9-ebd28cc2695e', success rate: 1/1.
[2026-08-30 10:44:27Z INFO JobServerQueue] Try to append 1 batches web console lines for record 'cfde8a34-cd00-4241-b8b9-ebd28cc2695e', success rate: 1/1.
[2026-08-30 10:44:28Z INFO JobServerQueue] Try to append 1 batches web console lines for record 'cfde8a34-cd00-4241-b8b9-ebd28cc2695e', success rate: 1/1.
[2026-08-30 10:44:28Z INFO JobServerQueue] Try to append 1 batches web console lines for record 'cfde8a34-cd00-4241-b8b9-ebd28cc2695e', success rate: 1/1.
[2026-08-30 10:44:29Z INFO JobServerQueue] Try to append 1 batches web console lines for record 'cfde8a34-cd00-4241-b8b9-ebd28cc2695e', success rate: 1/1.
[2026-08-30 10:44:29Z INFO JobServerQueue] Try to append 1 batches web console lines for record 'cfde8a34-cd00-4241-b8b9-ebd28cc2695e', success rate: 1/1.
[2026-08-30 10:44:30Z INFO JobServerQueue] Try to append 1 batches web console lines for record 'cfde8a34-cd00-4241-b8b9-ebd28cc2695e', success rate: 1/1.
[2026-08-30 10:44:30Z INFO HostContext] Well known directory 'Bin': 'C:\Users\krish\Documents\BITS\mlops-project\actions-runner\bin'
[2026-08-30 10:44:30Z INFO HostContext] Well known directory 'Root': 'C:\Users\krish\Documents\BITS\mlops-project\actions-runner'
[2026-08-30 10:44:30Z INFO HostContext] Well known directory 'Work': 'C:\Users\krish\Documents\BITS\mlops-project\actions-runner\_work'
[2026-08-30 10:44:31Z INFO JobServerQueue] Try to append 1 batches web console lines for record 'cfde8a34-cd00-4241-b8b9-ebd28cc2695e', success rate: 1/1.
[2026-08-30 10:44:31Z INFO JobServerQueue] Try to append 1 batches web console lines for record 'cfde8a34-cd00-4241-b8b9-ebd28cc2695e', success rate: 1/1.
[2026-08-30 10:44:32Z INFO JobServerQueue] Try to append 1 batches web console lines for record 'cfde8a34-cd00-4241-b8b9-ebd28cc2695e', success rate: 1/1.
[2026-08-30 10:44:32Z INFO JobServerQueue] Try to append 1 batches web console lines for record 'cfde8a34-cd00-4241-b8b9-ebd28cc2695e', success rate: 1/1.
[2026-08-30 10:44:33Z INFO JobServerQueue] Try to append 1 batches web console lines for record 'cfde8a34-cd00-4241-b8b9-ebd28cc2695e', success rate: 1/1.
[2026-08-30 10:44:33Z INFO JobServerQueue] Try to append 1 batches web console lines for record 'cfde8a34-cd00-4241-b8b9-ebd28cc2695e', success rate: 1/1.
[2026-08-30 10:44:34Z INFO JobServerQueue] Try to append 1 batches web console lines for record 'cfde8a34-cd00-4241-b8b9-ebd28cc2695e', success rate: 1/1.
[2026-08-30 10:44:34Z INFO JobServerQueue] Try to append 1 batches web console lines for record 'cfde8a34-cd00-4241-b8b9-ebd28cc2695e', success rate: 1/1.
[2026-08-30 10:44:35Z INFO JobServerQueue] Try to append 1 batches web console lines for record 'cfde8a34-cd00-4241-b8b9-ebd28cc2695e', success rate: 1/1.
[2026-08-30 10:44:35Z INFO JobServerQueue] Try to append 1 batches web console lines for record 'cfde8a34-cd00-4241-b8b9-ebd28cc2695e', success rate: 1/1.
[2026-08-30 10:44:36Z INFO JobServerQueue] Try to append 1 batches web console lines for record 'cfde8a34-cd00-4241-b8b9-ebd28cc2695e', success rate: 1/1.
[2026-08-30 10:44:36Z INFO JobServerQueue] Try to append 1 batches web console lines for record 'cfde8a34-cd00-4241-b8b9-ebd28cc2695e', success rate: 1/1.
[2026-08-30 10:44:37Z INFO JobServerQueue] Try to append 1 batches web console lines for record 'cfde8a34-cd00-4241-b8b9-ebd28cc2695e', success rate: 1/1.
[2026-08-30 10:44:38Z INFO JobServerQueue] Try to append 1 batches web console lines for record 'cfde8a34-cd00-4241-b8b9-ebd28cc2695e', success rate: 1/1.
[2026-08-30 10:44:38Z INFO JobServerQueue] Try to append 1 batches web console lines for record 'cfde8a34-cd00-4241-b8b9-ebd28cc2695e', success rate: 1/1.
[2026-08-30 10:44:39Z INFO JobServerQueue] Try to append 1 batches web console lines for record 'cfde8a34-cd00-4241-b8b9-ebd28cc2695e', success rate: 1/1.
[2026-08-30 10:44:39Z INFO JobServerQueue] Try to append 1 batches web console lines for record 'cfde8a34-cd00-4241-b8b9-ebd28cc2695e', success rate: 1/1.
[2026-08-30 10:44:40Z INFO JobServerQueue] Try to append 1 batches web console lines for record 'cfde8a34-cd00-4241-b8b9-ebd28cc2695e', success rate: 1/1.
[2026-08-30 10:44:40Z INFO HostContext] Well known directory 'Bin': 'C:\Users\krish\Documents\BITS\mlops-project\actions-runner\bin'
[2026-08-30 10:44:40Z INFO HostContext] Well known directory 'Root': 'C:\Users\krish\Documents\BITS\mlops-project\actions-runner'
[2026-08-30 10:44:40Z INFO HostContext] Well known directory 'Work': 'C:\Users\krish\Documents\BITS\mlops-project\actions-runner\_work'
[2026-08-30 10:44:40Z INFO JobServerQueue] Try to append 1 batches web console lines for record 'cfde8a34-cd00-4241-b8b9-ebd28cc2695e', success rate: 1/1.
[2026-08-30 10:44:41Z INFO JobServerQueue] Try to append 1 batches web console lines for record 'cfde8a34-cd00-4241-b8b9-ebd28cc2695e', success rate: 1/1.
[2026-08-30 10:44:41Z INFO JobServerQueue] Try to append 1 batches web console lines for record 'cfde8a34-cd00-4241-b8b9-ebd28cc2695e', success rate: 1/1.
[2026-08-30 10:44:42Z INFO JobServerQueue] Try to append 1 batches web console lines for record 'cfde8a34-cd00-4241-b8b9-ebd28cc2695e', success rate: 1/1.
[2026-08-30 10:44:43Z INFO JobServerQueue] Try to append 1 batches web console lines for record 'cfde8a34-cd00-4241-b8b9-ebd28cc2695e', success rate: 1/1.
[2026-08-30 10:44:43Z INFO JobServerQueue] Try to append 1 batches web console lines for record 'cfde8a34-cd00-4241-b8b9-ebd28cc2695e', success rate: 1/1.
[2026-08-30 10:44:44Z INFO JobServerQueue] Try to append 1 batches web console lines for record 'cfde8a34-cd00-4241-b8b9-ebd28cc2695e', success rate: 1/1.
[2026-08-30 10:44:44Z INFO JobServerQueue] Try to append 1 batches web console lines for record 'cfde8a34-cd00-4241-b8b9-ebd28cc2695e', success rate: 1/1.
[2026-08-30 10:44:45Z INFO JobServerQueue] Try to append 1 batches web console lines for record 'cfde8a34-cd00-4241-b8b9-ebd28cc2695e', success rate: 1/1.
[2026-08-30 10:44:45Z INFO JobServerQueue] Try to append 1 batches web console lines for record 'cfde8a34-cd00-4241-b8b9-ebd28cc2695e', success rate: 1/1.
[2026-08-30 10:44:46Z INFO JobServerQueue] Try to append 1 batches web console lines for record 'cfde8a34-cd00-4241-b8b9-ebd28cc2695e', success rate: 1/1.
[2026-08-30 10:44:46Z INFO JobServerQueue] Try to append 1 batches web console lines for record 'cfde8a34-cd00-4241-b8b9-ebd28cc2695e', success rate: 1/1.
[2026-08-30 10:44:47Z INFO JobServerQueue] Try to append 1 batches web console lines for record 'cfde8a34-cd00-4241-b8b9-ebd28cc2695e', success rate: 1/1.
[2026-08-30 10:44:47Z INFO JobServerQueue] Try to append 1 batches web console lines for record 'cfde8a34-cd00-4241-b8b9-ebd28cc2695e', success rate: 1/1.
[2026-08-30 10:44:48Z INFO JobServerQueue] Try to append 1 batches web console lines for record 'cfde8a34-cd00-4241-b8b9-ebd28cc2695e', success rate: 1/1.
[2026-08-30 10:44:48Z INFO JobServerQueue] Try to append 1 batches web console lines for record 'cfde8a34-cd00-4241-b8b9-ebd28cc2695e', success rate: 1/1.
[2026-08-30 10:44:49Z INFO JobServerQueue] Try to append 1 batches web console lines for record 'cfde8a34-cd00-4241-b8b9-ebd28cc2695e', success rate: 1/1.
[2026-08-30 10:44:49Z INFO JobServerQueue] Try to append 1 batches web console lines for record 'cfde8a34-cd00-4241-b8b9-ebd28cc2695e', success rate: 1/1.
[2026-08-30 10:44:50Z INFO JobServerQueue] Try to append 1 batches web console lines for record 'cfde8a34-cd00-4241-b8b9-ebd28cc2695e', success rate: 1/1.
[2026-08-30 10:44:50Z INFO HostContext] Well known directory 'Bin': 'C:\Users\krish\Documents\BITS\mlops-project\actions-runner\bin'
[2026-08-30 10:44:50Z INFO HostContext] Well known directory 'Root': 'C:\Users\krish\Documents\BITS\mlops-project\actions-runner'
[2026-08-30 10:44:50Z INFO HostContext] Well known directory 'Work': 'C:\Users\krish\Documents\BITS\mlops-project\actions-runner\_work'
[2026-08-30 10:44:51Z INFO JobServerQueue] Try to append 1 batches web console lines for record 'cfde8a34-cd00-4241-b8b9-ebd28cc2695e', success rate: 1/1.
[2026-08-30 10:44:51Z INFO JobServerQueue] Try to append 1 batches web console lines for record 'cfde8a34-cd00-4241-b8b9-ebd28cc2695e', success rate: 1/1.
[2026-08-30 10:44:52Z INFO JobServerQueue] Try to append 1 batches web console lines for record 'cfde8a34-cd00-4241-b8b9-ebd28cc2695e', success rate: 1/1.
[2026-08-30 10:44:52Z INFO JobServerQueue] Try to append 1 batches web console lines for record 'cfde8a34-cd00-4241-b8b9-ebd28cc2695e', success rate: 1/1.
[2026-08-30 10:44:53Z INFO JobServerQueue] Try to append 1 batches web console lines for record 'cfde8a34-cd00-4241-b8b9-ebd28cc2695e', success rate: 1/1.
[2026-08-30 10:44:53Z INFO JobServerQueue] Try to append 1 batches web console lines for record 'cfde8a34-cd00-4241-b8b9-ebd28cc2695e', success rate: 1/1.
[2026-08-30 10:44:54Z INFO JobServerQueue] Try to append 1 batches web console lines for record 'cfde8a34-cd00-4241-b8b9-ebd28cc2695e', success rate: 1/1.
[2026-08-30 10:44:54Z INFO JobServerQueue] Try to append 1 batches web console lines for record 'cfde8a34-cd00-4241-b8b9-ebd28cc2695e', success rate: 1/1.
[2026-08-30 10:44:55Z INFO JobServerQueue] Try to append 1 batches web console lines for record 'cfde8a34-cd00-4241-b8b9-ebd28cc2695e', success rate: 1/1.
[2026-08-30 10:44:55Z INFO JobServerQueue] Try to append 1 batches web console lines for record 'cfde8a34-cd00-4241-b8b9-ebd28cc2695e', success rate: 1/1.
[2026-08-30 10:44:56Z INFO JobServerQueue] Try to append 1 batches web console lines for record 'cfde8a34-cd00-4241-b8b9-ebd28cc2695e', success rate: 1/1.
[2026-08-30 10:44:56Z INFO JobServerQueue] Try to append 1 batches web console lines for record 'cfde8a34-cd00-4241-b8b9-ebd28cc2695e', success rate: 1/1.
[2026-08-30 10:44:58Z INFO JobServerQueue] Try to append 1 batches web console lines for record 'cfde8a34-cd00-4241-b8b9-ebd28cc2695e', success rate: 1/1.
[2026-08-30 10:44:58Z INFO JobServerQueue] Try to append 1 batches web console lines for record 'cfde8a34-cd00-4241-b8b9-ebd28cc2695e', success rate: 1/1.
[2026-08-30 10:44:59Z INFO JobServerQueue] Try to append 1 batches web console lines for record 'cfde8a34-cd00-4241-b8b9-ebd28cc2695e', success rate: 1/1.
[2026-08-30 10:45:00Z INFO JobServerQueue] Try to append 1 batches web console lines for record 'cfde8a34-cd00-4241-b8b9-ebd28cc2695e', success rate: 1/1.
[2026-08-30 10:45:00Z INFO HostContext] Well known directory 'Bin': 'C:\Users\krish\Documents\BITS\mlops-project\actions-runner\bin'
[2026-08-30 10:45:00Z INFO HostContext] Well known directory 'Root': 'C:\Users\krish\Documents\BITS\mlops-project\actions-runner'
[2026-08-30 10:45:00Z INFO HostContext] Well known directory 'Work': 'C:\Users\krish\Documents\BITS\mlops-project\actions-runner\_work'
[2026-08-30 10:45:01Z INFO JobServerQueue] Try to append 1 batches web console lines for record 'cfde8a34-cd00-4241-b8b9-ebd28cc2695e', success rate: 1/1.
[2026-08-30 10:45:01Z INFO JobServerQueue] Try to append 1 batches web console lines for record 'cfde8a34-cd00-4241-b8b9-ebd28cc2695e', success rate: 1/1.
[2026-08-30 10:45:02Z INFO JobServerQueue] Try to append 1 batches web console lines for record 'cfde8a34-cd00-4241-b8b9-ebd28cc2695e', success rate: 1/1.
[2026-08-30 10:45:03Z INFO JobServerQueue] Try to append 1 batches web console lines for record 'cfde8a34-cd00-4241-b8b9-ebd28cc2695e', success rate: 1/1.
[2026-08-30 10:45:03Z INFO JobServerQueue] Try to append 1 batches web console lines for record 'cfde8a34-cd00-4241-b8b9-ebd28cc2695e', success rate: 1/1.
[2026-08-30 10:45:04Z INFO JobServerQueue] Try to append 1 batches web console lines for record 'cfde8a34-cd00-4241-b8b9-ebd28cc2695e', success rate: 1/1.
[2026-08-30 10:45:05Z INFO JobServerQueue] Try to append 1 batches web console lines for record 'cfde8a34-cd00-4241-b8b9-ebd28cc2695e', success rate: 1/1.
[2026-08-30 10:45:05Z INFO JobServerQueue] Try to append 1 batches web console lines for record 'cfde8a34-cd00-4241-b8b9-ebd28cc2695e', success rate: 1/1.
[2026-08-30 10:45:06Z INFO JobServerQueue] Try to append 1 batches web console lines for record 'cfde8a34-cd00-4241-b8b9-ebd28cc2695e', success rate: 1/1.
[2026-08-30 10:45:06Z INFO JobServerQueue] Try to append 1 batches web console lines for record 'cfde8a34-cd00-4241-b8b9-ebd28cc2695e', success rate: 1/1.
[2026-08-30 10:45:07Z INFO JobServerQueue] Try to append 1 batches web console lines for record 'cfde8a34-cd00-4241-b8b9-ebd28cc2695e', success rate: 1/1.
[2026-08-30 10:45:07Z INFO JobServerQueue] Try to append 1 batches web console lines for record 'cfde8a34-cd00-4241-b8b9-ebd28cc2695e', success rate: 1/1.
[2026-08-30 10:45:08Z INFO JobServerQueue] Try to append 1 batches web console lines for record 'cfde8a34-cd00-4241-b8b9-ebd28cc2695e', success rate: 1/1.
[2026-08-30 10:45:09Z INFO JobServerQueue] Try to append 1 batches web console lines for record 'cfde8a34-cd00-4241-b8b9-ebd28cc2695e', success rate: 1/1.
[2026-08-30 10:45:09Z INFO JobServerQueue] Try to append 1 batches web console lines for record 'cfde8a34-cd00-4241-b8b9-ebd28cc2695e', success rate: 1/1.
[2026-08-30 10:45:10Z INFO JobServerQueue] Try to append 1 batches web console lines for record 'cfde8a34-cd00-4241-b8b9-ebd28cc2695e', success rate: 1/1.
[2026-08-30 10:45:10Z INFO JobServerQueue] Try to append 1 batches web console lines for record 'cfde8a34-cd00-4241-b8b9-ebd28cc2695e', success rate: 1/1.
[2026-08-30 10:45:10Z INFO HostContext] Well known directory 'Bin': 'C:\Users\krish\Documents\BITS\mlops-project\actions-runner\bin'
[2026-08-30 10:45:10Z INFO HostContext] Well known directory 'Root': 'C:\Users\krish\Documents\BITS\mlops-project\actions-runner'
[2026-08-30 10:45:10Z INFO HostContext] Well known directory 'Work': 'C:\Users\krish\Documents\BITS\mlops-project\actions-runner\_work'
[2026-08-30 10:45:11Z INFO JobServerQueue] Try to append 1 batches web console lines for record 'cfde8a34-cd00-4241-b8b9-ebd28cc2695e', success rate: 1/1.
[2026-08-30 10:45:11Z INFO JobServerQueue] Try to append 1 batches web console lines for record 'cfde8a34-cd00-4241-b8b9-ebd28cc2695e', success rate: 1/1.
[2026-08-30 10:45:12Z INFO JobServerQueue] Try to append 1 batches web console lines for record 'cfde8a34-cd00-4241-b8b9-ebd28cc2695e', success rate: 1/1.
[2026-08-30 10:45:12Z INFO JobServerQueue] Try to append 1 batches web console lines for record 'cfde8a34-cd00-4241-b8b9-ebd28cc2695e', success rate: 1/1.
[2026-08-30 10:45:13Z INFO JobServerQueue] Try to append 1 batches web console lines for record 'cfde8a34-cd00-4241-b8b9-ebd28cc2695e', success rate: 1/1.
[2026-08-30 10:45:13Z INFO JobServerQueue] Try to append 1 batches web console lines for record 'cfde8a34-cd00-4241-b8b9-ebd28cc2695e', success rate: 1/1.
[2026-08-30 10:45:14Z INFO JobServerQueue] Try to append 1 batches web console lines for record 'cfde8a34-cd00-4241-b8b9-ebd28cc2695e', success rate: 1/1.
[2026-08-30 10:45:14Z INFO JobServerQueue] Try to append 1 batches web console lines for record 'cfde8a34-cd00-4241-b8b9-ebd28cc2695e', success rate: 1/1.
[2026-08-30 10:45:15Z INFO JobServerQueue] Try to append 1 batches web console lines for record 'cfde8a34-cd00-4241-b8b9-ebd28cc2695e', success rate: 1/1.
[2026-08-30 10:45:16Z INFO JobServerQueue] Try to append 1 batches web console lines for record 'cfde8a34-cd00-4241-b8b9-ebd28cc2695e', success rate: 1/1.
[2026-08-30 10:45:16Z INFO JobServerQueue] Try to append 1 batches web console lines for record 'cfde8a34-cd00-4241-b8b9-ebd28cc2695e', success rate: 1/1.
[2026-08-30 10:45:17Z INFO JobServerQueue] Try to append 1 batches web console lines for record 'cfde8a34-cd00-4241-b8b9-ebd28cc2695e', success rate: 1/1.
[2026-08-30 10:45:17Z INFO JobServerQueue] Try to append 1 batches web console lines for record 'cfde8a34-cd00-4241-b8b9-ebd28cc2695e', success rate: 1/1.
[2026-08-30 10:45:18Z INFO JobServerQueue] Try to append 1 batches web console lines for record 'cfde8a34-cd00-4241-b8b9-ebd28cc2695e', success rate: 1/1.
[2026-08-30 10:45:18Z INFO JobServerQueue] Try to append 1 batches web console lines for record 'cfde8a34-cd00-4241-b8b9-ebd28cc2695e', success rate: 1/1.
[2026-08-30 10:45:19Z INFO JobServerQueue] Try to append 1 batches web console lines for record 'cfde8a34-cd00-4241-b8b9-ebd28cc2695e', success rate: 1/1.
[2026-08-30 10:45:19Z INFO JobServerQueue] Try to append 1 batches web console lines for record 'cfde8a34-cd00-4241-b8b9-ebd28cc2695e', success rate: 1/1.
[2026-08-30 10:45:20Z INFO JobServerQueue] Try to append 1 batches web console lines for record 'cfde8a34-cd00-4241-b8b9-ebd28cc2695e', success rate: 1/1.
[2026-08-30 10:45:20Z INFO JobServerQueue] Try to append 1 batches web console lines for record 'cfde8a34-cd00-4241-b8b9-ebd28cc2695e', success rate: 1/1.
[2026-08-30 10:45:20Z INFO HostContext] Well known directory 'Bin': 'C:\Users\krish\Documents\BITS\mlops-project\actions-runner\bin'
[2026-08-30 10:45:20Z INFO HostContext] Well known directory 'Root': 'C:\Users\krish\Documents\BITS\mlops-project\actions-runner'
[2026-08-30 10:45:20Z INFO HostContext] Well known directory 'Work': 'C:\Users\krish\Documents\BITS\mlops-project\actions-runner\_work'
[2026-08-30 10:45:21Z INFO JobServerQueue] Try to append 1 batches web console lines for record 'cfde8a34-cd00-4241-b8b9-ebd28cc2695e', success rate: 1/1.
[2026-08-30 10:45:21Z INFO JobServerQueue] Try to append 1 batches web console lines for record 'cfde8a34-cd00-4241-b8b9-ebd28cc2695e', success rate: 1/1.
[2026-08-30 10:45:22Z INFO JobServerQueue] Try to append 1 batches web console lines for record 'cfde8a34-cd00-4241-b8b9-ebd28cc2695e', success rate: 1/1.
[2026-08-30 10:45:22Z INFO JobServerQueue] Try to append 1 batches web console lines for record 'cfde8a34-cd00-4241-b8b9-ebd28cc2695e', success rate: 1/1.
[2026-08-30 10:45:23Z INFO JobServerQueue] Try to append 1 batches web console lines for record 'cfde8a34-cd00-4241-b8b9-ebd28cc2695e', success rate: 1/1.
[2026-08-30 10:45:23Z INFO JobServerQueue] Try to append 1 batches web console lines for record 'cfde8a34-cd00-4241-b8b9-ebd28cc2695e', success rate: 1/1.
[2026-08-30 10:45:24Z INFO JobServerQueue] Try to append 1 batches web console lines for record 'cfde8a34-cd00-4241-b8b9-ebd28cc2695e', success rate: 1/1.
[2026-08-30 10:45:24Z INFO JobServerQueue] Try to append 1 batches web console lines for record 'cfde8a34-cd00-4241-b8b9-ebd28cc2695e', success rate: 1/1.
[2026-08-30 10:45:25Z INFO JobServerQueue] Try to append 1 batches web console lines for record 'cfde8a34-cd00-4241-b8b9-ebd28cc2695e', success rate: 1/1.
[2026-08-30 10:45:26Z INFO JobServerQueue] Try to append 1 batches web console lines for record 'cfde8a34-cd00-4241-b8b9-ebd28cc2695e', success rate: 1/1.
[2026-08-30 10:45:26Z INFO JobServerQueue] Try to append 1 batches web console lines for record 'cfde8a34-cd00-4241-b8b9-ebd28cc2695e', success rate: 1/1.
[2026-08-30 10:45:27Z INFO JobServerQueue] Try to append 1 batches web console lines for record 'cfde8a34-cd00-4241-b8b9-ebd28cc2695e', success rate: 1/1.
[2026-08-30 10:45:27Z INFO JobServerQueue] Try to append 1 batches web console lines for record 'cfde8a34-cd00-4241-b8b9-ebd28cc2695e', success rate: 1/1.
[2026-08-30 10:45:28Z INFO JobServerQueue] Try to append 1 batches web console lines for record 'cfde8a34-cd00-4241-b8b9-ebd28cc2695e', success rate: 1/1.
[2026-08-30 10:45:29Z INFO JobServerQueue] Try to append 1 batches web console lines for record 'cfde8a34-cd00-4241-b8b9-ebd28cc2695e', success rate: 1/1.
[2026-08-30 10:45:29Z INFO ProcessInvokerWrapper] STDOUT/STDERR stream read finished.
[2026-08-30 10:45:29Z INFO ProcessInvokerWrapper] STDOUT/STDERR stream read finished.
[2026-08-30 10:45:29Z INFO ProcessInvokerWrapper] Finished process 21936 with exit code 0, and elapsed time 00:03:28.6643720.
[2026-08-30 10:45:29Z INFO CreateStepSummaryCommand] Step Summary file (C:\Users\krish\Documents\BITS\mlops-project\actions-runner\_work\_temp\_runner_file_commands\step_summary_429384a5-9b6e-4859-81a1-0db91b822e7d) is empty; skipping attachment upload
[2026-08-30 10:45:30Z INFO StepsRunner] Step result: 
[2026-08-30 10:45:30Z INFO ExecutionContext] Publish step telemetry for current step {
  "action": "cmd",
  "type": "run",
  "stage": "Main",
  "stepId": "cfde8a34-cd00-4241-b8b9-ebd28cc2695e",
  "stepContextName": "__run",
  "result": "succeeded",
  "errorMessages": [],
  "executionTimeInSeconds": 209,
  "startTime": "2026-08-30T10:42:01.2166146Z",
  "finishTime": "2026-08-30T10:45:30.0077353Z"
}.
[2026-08-30 10:45:30Z INFO StepsRunner] No need for updating job result with current step result 'Succeeded'.
[2026-08-30 10:45:30Z INFO StepsRunner] Current state: job state = ''
[2026-08-30 10:45:30Z INFO StepsRunner] Processing step: DisplayName='Deploy application'
[2026-08-30 10:45:30Z INFO StepsRunner] Evaluating: success()
[2026-08-30 10:45:30Z INFO StepsRunner] Result: true
[2026-08-30 10:45:30Z INFO StepsRunner] Starting the step.
[2026-08-30 10:45:30Z INFO HostContext] Well known directory 'Bin': 'C:\Users\krish\Documents\BITS\mlops-project\actions-runner\bin'
[2026-08-30 10:45:30Z INFO HostContext] Well known directory 'Root': 'C:\Users\krish\Documents\BITS\mlops-project\actions-runner'
[2026-08-30 10:45:30Z INFO HostContext] Well known directory 'Work': 'C:\Users\krish\Documents\BITS\mlops-project\actions-runner\_work'
[2026-08-30 10:45:30Z INFO StepsRunner] Which2: 'chcp'
[2026-08-30 10:45:30Z INFO StepsRunner] Location: 'C:\WINDOWS\system32\chcp.COM'
[2026-08-30 10:45:30Z INFO ProcessInvokerWrapper] Starting process:
[2026-08-30 10:45:30Z INFO ProcessInvokerWrapper]   File name: 'C:\WINDOWS\system32\chcp.COM'
[2026-08-30 10:45:30Z INFO ProcessInvokerWrapper]   Arguments: '65001'
[2026-08-30 10:45:30Z INFO ProcessInvokerWrapper]   Working directory: 'C:\Users\krish\Documents\BITS\mlops-project\actions-runner\_work'
[2026-08-30 10:45:30Z INFO ProcessInvokerWrapper]   Require exit code zero: 'False'
[2026-08-30 10:45:30Z INFO ProcessInvokerWrapper]   Encoding web name:  ; code page: ''
[2026-08-30 10:45:30Z INFO ProcessInvokerWrapper]   Force kill process on cancellation: 'False'
[2026-08-30 10:45:30Z INFO ProcessInvokerWrapper]   Redirected STDIN: 'False'
[2026-08-30 10:45:30Z INFO ProcessInvokerWrapper]   Persist current code page: 'True'
[2026-08-30 10:45:30Z INFO ProcessInvokerWrapper]   Keep redirected STDIN open: 'False'
[2026-08-30 10:45:30Z INFO ProcessInvokerWrapper]   High priority process: 'False'
[2026-08-30 10:45:30Z INFO ProcessInvokerWrapper] Process started with process id 19672, waiting for process exit.
[2026-08-30 10:45:30Z INFO ProcessInvokerWrapper] STDOUT/STDERR stream read finished.
[2026-08-30 10:45:30Z INFO ProcessInvokerWrapper] STDOUT/STDERR stream read finished.
[2026-08-30 10:45:30Z INFO ProcessInvokerWrapper] Finished process 19672 with exit code 0, and elapsed time 00:00:00.0906475.
[2026-08-30 10:45:30Z INFO StepsRunner] Successfully returned to code page 65001 (UTF8)
[2026-08-30 10:45:30Z INFO HostContext] Well known directory 'Bin': 'C:\Users\krish\Documents\BITS\mlops-project\actions-runner\bin'
[2026-08-30 10:45:30Z INFO HostContext] Well known directory 'Root': 'C:\Users\krish\Documents\BITS\mlops-project\actions-runner'
[2026-08-30 10:45:30Z INFO HostContext] Well known directory 'Work': 'C:\Users\krish\Documents\BITS\mlops-project\actions-runner\_work'
[2026-08-30 10:45:30Z INFO HostContext] Well known directory 'Temp': 'C:\Users\krish\Documents\BITS\mlops-project\actions-runner\_work\_temp'
[2026-08-30 10:45:30Z INFO ExecutionContext] Write event payload to C:\Users\krish\Documents\BITS\mlops-project\actions-runner\_work\_temp\_github_workflow\event.json
[2026-08-30 10:45:30Z INFO HostContext] Well known directory 'Bin': 'C:\Users\krish\Documents\BITS\mlops-project\actions-runner\bin'
[2026-08-30 10:45:30Z INFO HostContext] Well known directory 'Root': 'C:\Users\krish\Documents\BITS\mlops-project\actions-runner'
[2026-08-30 10:45:30Z INFO HostContext] Well known directory 'Work': 'C:\Users\krish\Documents\BITS\mlops-project\actions-runner\_work'
[2026-08-30 10:45:30Z INFO HostContext] Well known directory 'Temp': 'C:\Users\krish\Documents\BITS\mlops-project\actions-runner\_work\_temp'
[2026-08-30 10:45:30Z INFO ExtensionManager] Getting extensions for interface: 'GitHub.Runner.Worker.IFileCommandExtension'
[2026-08-30 10:45:30Z INFO ExtensionManager] Getting extensions for interface: 'GitHub.Runner.Worker.IActionCommandExtension'
[2026-08-30 10:45:30Z INFO ActionCommandManager] Register action command extension for command internal-set-repo-path
[2026-08-30 10:45:30Z INFO ActionCommandManager] Register action command extension for command set-env
[2026-08-30 10:45:30Z INFO ActionCommandManager] Register action command extension for command set-output
[2026-08-30 10:45:30Z INFO ActionCommandManager] Register action command extension for command save-state
[2026-08-30 10:45:30Z INFO ActionCommandManager] Register action command extension for command add-path
[2026-08-30 10:45:30Z INFO ActionCommandManager] Register action command extension for command add-mask
[2026-08-30 10:45:30Z INFO ActionCommandManager] Register action command extension for command add-matcher
[2026-08-30 10:45:30Z INFO ActionCommandManager] Register action command extension for command remove-matcher
[2026-08-30 10:45:30Z INFO ActionCommandManager] Register action command extension for command warning
[2026-08-30 10:45:30Z INFO ActionCommandManager] Register action command extension for command error
[2026-08-30 10:45:30Z INFO ActionCommandManager] Register action command extension for command notice
[2026-08-30 10:45:30Z INFO ActionCommandManager] Register action command extension for command debug
[2026-08-30 10:45:30Z INFO ActionCommandManager] Register action command extension for command group
[2026-08-30 10:45:30Z INFO ActionCommandManager] Register action command extension for command endgroup
[2026-08-30 10:45:30Z INFO ActionCommandManager] Register action command extension for command echo
[2026-08-30 10:45:30Z INFO ScriptHandler] Which2: 'cmd'
[2026-08-30 10:45:30Z INFO ScriptHandler] Location: 'C:\WINDOWS\system32\cmd.EXE'
[2026-08-30 10:45:30Z INFO HostContext] Well known directory 'Bin': 'C:\Users\krish\Documents\BITS\mlops-project\actions-runner\bin'
[2026-08-30 10:45:30Z INFO HostContext] Well known directory 'Root': 'C:\Users\krish\Documents\BITS\mlops-project\actions-runner'
[2026-08-30 10:45:30Z INFO HostContext] Well known directory 'Work': 'C:\Users\krish\Documents\BITS\mlops-project\actions-runner\_work'
[2026-08-30 10:45:30Z INFO HostContext] Well known directory 'Temp': 'C:\Users\krish\Documents\BITS\mlops-project\actions-runner\_work\_temp'
[2026-08-30 10:45:30Z INFO ScriptHandler] Which2: 'cmd'
[2026-08-30 10:45:30Z INFO ScriptHandler] Location: 'C:\WINDOWS\system32\cmd.EXE'
[2026-08-30 10:45:30Z INFO ProcessInvokerWrapper] Starting process:
[2026-08-30 10:45:30Z INFO ProcessInvokerWrapper]   File name: 'C:\WINDOWS\system32\cmd.EXE'
[2026-08-30 10:45:30Z INFO ProcessInvokerWrapper]   Arguments: '/D /E:ON /V:OFF /S /C "CALL "C:\Users\krish\Documents\BITS\mlops-project\actions-runner\_work\_temp\7ca864cd-a379-4c97-9935-8879099cc2aa.cmd""'
[2026-08-30 10:45:30Z INFO ProcessInvokerWrapper]   Working directory: 'C:\Users\krish\Documents\BITS\mlops-project\actions-runner\_work\assignment2\assignment2'
[2026-08-30 10:45:30Z INFO ProcessInvokerWrapper]   Require exit code zero: 'False'
[2026-08-30 10:45:30Z INFO ProcessInvokerWrapper]   Encoding web name:  ; code page: ''
[2026-08-30 10:45:30Z INFO ProcessInvokerWrapper]   Force kill process on cancellation: 'False'
[2026-08-30 10:45:30Z INFO ProcessInvokerWrapper]   Redirected STDIN: 'False'
[2026-08-30 10:45:30Z INFO ProcessInvokerWrapper]   Persist current code page: 'True'
[2026-08-30 10:45:30Z INFO ProcessInvokerWrapper]   Keep redirected STDIN open: 'False'
[2026-08-30 10:45:30Z INFO ProcessInvokerWrapper]   High priority process: 'False'
[2026-08-30 10:45:30Z INFO ProcessInvokerWrapper] Process started with process id 14120, waiting for process exit.
[2026-08-30 10:45:30Z INFO JobServerQueue] Got a step log file to send to results service.
[2026-08-30 10:45:30Z INFO JobServerQueue] Starting upload of step log file to results service ResultsLog, C:\Users\krish\Documents\BITS\mlops-project\actions-runner\_diag\blocks\4ef10336-b47b-4cbe-85c1-fdab51f09491_cfde8a34-cd00-4241-b8b9-ebd28cc2695e.1
[2026-08-30 10:45:30Z INFO JobServerQueue] Try to upload 1 log files or attachments, success rate: 1/1.
[2026-08-30 10:45:30Z INFO JobServerQueue] Try to append 1 batches web console lines for record 'cfb3228f-a40e-406c-96b6-b8c6d92c1d14', success rate: 1/1.
[2026-08-30 10:45:30Z INFO HostContext] Well known directory 'Bin': 'C:\Users\krish\Documents\BITS\mlops-project\actions-runner\bin'
[2026-08-30 10:45:30Z INFO HostContext] Well known directory 'Root': 'C:\Users\krish\Documents\BITS\mlops-project\actions-runner'
[2026-08-30 10:45:30Z INFO HostContext] Well known directory 'Work': 'C:\Users\krish\Documents\BITS\mlops-project\actions-runner\_work'
[2026-08-30 10:45:33Z INFO JobServerQueue] Try to append 1 batches web console lines for record 'cfb3228f-a40e-406c-96b6-b8c6d92c1d14', success rate: 1/1.
[2026-08-30 10:45:33Z INFO JobServerQueue] Tried to upload 1 file(s) to results, success rate: 1/1.
[2026-08-30 10:45:35Z INFO JobServerQueue] Try to append 1 batches web console lines for record 'cfb3228f-a40e-406c-96b6-b8c6d92c1d14', success rate: 1/1.
[2026-08-30 10:45:36Z INFO JobServerQueue] Try to append 1 batches web console lines for record 'cfb3228f-a40e-406c-96b6-b8c6d92c1d14', success rate: 1/1.
[2026-08-30 10:45:40Z INFO HostContext] Well known directory 'Bin': 'C:\Users\krish\Documents\BITS\mlops-project\actions-runner\bin'
[2026-08-30 10:45:40Z INFO HostContext] Well known directory 'Root': 'C:\Users\krish\Documents\BITS\mlops-project\actions-runner'
[2026-08-30 10:45:40Z INFO HostContext] Well known directory 'Work': 'C:\Users\krish\Documents\BITS\mlops-project\actions-runner\_work'
[2026-08-30 10:45:42Z INFO JobServerQueue] Try to append 1 batches web console lines for record 'cfb3228f-a40e-406c-96b6-b8c6d92c1d14', success rate: 1/1.
[2026-08-30 10:45:44Z INFO JobServerQueue] Try to append 1 batches web console lines for record 'cfb3228f-a40e-406c-96b6-b8c6d92c1d14', success rate: 1/1.
[2026-08-30 10:45:44Z INFO JobServerQueue] Try to append 1 batches web console lines for record 'cfb3228f-a40e-406c-96b6-b8c6d92c1d14', success rate: 1/1.
[2026-08-30 10:45:45Z INFO JobServerQueue] Try to append 1 batches web console lines for record 'cfb3228f-a40e-406c-96b6-b8c6d92c1d14', success rate: 1/1.
[2026-08-30 10:45:46Z INFO JobServerQueue] Try to append 1 batches web console lines for record 'cfb3228f-a40e-406c-96b6-b8c6d92c1d14', success rate: 1/1.
[2026-08-30 10:45:47Z INFO JobServerQueue] Try to append 1 batches web console lines for record 'cfb3228f-a40e-406c-96b6-b8c6d92c1d14', success rate: 1/1.
[2026-08-30 10:45:47Z INFO JobServerQueue] Try to append 1 batches web console lines for record 'cfb3228f-a40e-406c-96b6-b8c6d92c1d14', success rate: 1/1.
[2026-08-30 10:45:48Z INFO JobServerQueue] Try to append 1 batches web console lines for record 'cfb3228f-a40e-406c-96b6-b8c6d92c1d14', success rate: 1/1.
[2026-08-30 10:45:48Z INFO JobServerQueue] Try to append 1 batches web console lines for record 'cfb3228f-a40e-406c-96b6-b8c6d92c1d14', success rate: 1/1.
[2026-08-30 10:45:49Z INFO JobServerQueue] Try to append 1 batches web console lines for record 'cfb3228f-a40e-406c-96b6-b8c6d92c1d14', success rate: 1/1.
[2026-08-30 10:45:49Z INFO JobServerQueue] Try to append 1 batches web console lines for record 'cfb3228f-a40e-406c-96b6-b8c6d92c1d14', success rate: 1/1.
[2026-08-30 10:45:50Z INFO JobServerQueue] Try to append 1 batches web console lines for record 'cfb3228f-a40e-406c-96b6-b8c6d92c1d14', success rate: 1/1.
[2026-08-30 10:45:50Z INFO JobServerQueue] Try to append 1 batches web console lines for record 'cfb3228f-a40e-406c-96b6-b8c6d92c1d14', success rate: 1/1.
[2026-08-30 10:45:50Z INFO HostContext] Well known directory 'Bin': 'C:\Users\krish\Documents\BITS\mlops-project\actions-runner\bin'
[2026-08-30 10:45:50Z INFO HostContext] Well known directory 'Root': 'C:\Users\krish\Documents\BITS\mlops-project\actions-runner'
[2026-08-30 10:45:50Z INFO HostContext] Well known directory 'Work': 'C:\Users\krish\Documents\BITS\mlops-project\actions-runner\_work'
[2026-08-30 10:45:51Z INFO JobServerQueue] Try to append 1 batches web console lines for record 'cfb3228f-a40e-406c-96b6-b8c6d92c1d14', success rate: 1/1.
[2026-08-30 10:45:51Z INFO JobServerQueue] Try to append 1 batches web console lines for record 'cfb3228f-a40e-406c-96b6-b8c6d92c1d14', success rate: 1/1.
[2026-08-30 10:45:52Z INFO JobServerQueue] Try to append 1 batches web console lines for record 'cfb3228f-a40e-406c-96b6-b8c6d92c1d14', success rate: 1/1.
[2026-08-30 10:45:52Z INFO JobServerQueue] Try to append 1 batches web console lines for record 'cfb3228f-a40e-406c-96b6-b8c6d92c1d14', success rate: 1/1.
[2026-08-30 10:45:53Z INFO JobServerQueue] Try to append 1 batches web console lines for record 'cfb3228f-a40e-406c-96b6-b8c6d92c1d14', success rate: 1/1.
[2026-08-30 10:45:54Z INFO JobServerQueue] Try to append 1 batches web console lines for record 'cfb3228f-a40e-406c-96b6-b8c6d92c1d14', success rate: 1/1.
[2026-08-30 10:45:55Z INFO JobServerQueue] Try to append 1 batches web console lines for record 'cfb3228f-a40e-406c-96b6-b8c6d92c1d14', success rate: 1/1.
[2026-08-30 10:45:55Z INFO JobServerQueue] Try to append 1 batches web console lines for record 'cfb3228f-a40e-406c-96b6-b8c6d92c1d14', success rate: 1/1.
[2026-08-30 10:45:56Z INFO JobServerQueue] Try to append 1 batches web console lines for record 'cfb3228f-a40e-406c-96b6-b8c6d92c1d14', success rate: 1/1.
[2026-08-30 10:45:56Z INFO JobServerQueue] Try to append 1 batches web console lines for record 'cfb3228f-a40e-406c-96b6-b8c6d92c1d14', success rate: 1/1.
[2026-08-30 10:45:57Z INFO JobServerQueue] Try to append 1 batches web console lines for record 'cfb3228f-a40e-406c-96b6-b8c6d92c1d14', success rate: 1/1.
[2026-08-30 10:45:57Z INFO JobServerQueue] Try to append 1 batches web console lines for record 'cfb3228f-a40e-406c-96b6-b8c6d92c1d14', success rate: 1/1.
[2026-08-30 10:45:58Z INFO JobServerQueue] Try to append 1 batches web console lines for record 'cfb3228f-a40e-406c-96b6-b8c6d92c1d14', success rate: 1/1.
[2026-08-30 10:45:59Z INFO JobServerQueue] Try to append 1 batches web console lines for record 'cfb3228f-a40e-406c-96b6-b8c6d92c1d14', success rate: 1/1.
[2026-08-30 10:45:59Z INFO JobServerQueue] Try to append 1 batches web console lines for record 'cfb3228f-a40e-406c-96b6-b8c6d92c1d14', success rate: 1/1.
[2026-08-30 10:46:00Z INFO JobServerQueue] Try to append 1 batches web console lines for record 'cfb3228f-a40e-406c-96b6-b8c6d92c1d14', success rate: 1/1.
[2026-08-30 10:46:00Z INFO JobServerQueue] Try to append 1 batches web console lines for record 'cfb3228f-a40e-406c-96b6-b8c6d92c1d14', success rate: 1/1.
[2026-08-30 10:46:00Z INFO HostContext] Well known directory 'Bin': 'C:\Users\krish\Documents\BITS\mlops-project\actions-runner\bin'
[2026-08-30 10:46:00Z INFO HostContext] Well known directory 'Root': 'C:\Users\krish\Documents\BITS\mlops-project\actions-runner'
[2026-08-30 10:46:00Z INFO HostContext] Well known directory 'Work': 'C:\Users\krish\Documents\BITS\mlops-project\actions-runner\_work'
[2026-08-30 10:46:01Z INFO JobServerQueue] Try to append 1 batches web console lines for record 'cfb3228f-a40e-406c-96b6-b8c6d92c1d14', success rate: 1/1.
[2026-08-30 10:46:01Z INFO JobServerQueue] Try to append 1 batches web console lines for record 'cfb3228f-a40e-406c-96b6-b8c6d92c1d14', success rate: 1/1.
[2026-08-30 10:46:02Z INFO JobServerQueue] Try to append 1 batches web console lines for record 'cfb3228f-a40e-406c-96b6-b8c6d92c1d14', success rate: 1/1.
[2026-08-30 10:46:02Z INFO JobServerQueue] Try to append 1 batches web console lines for record 'cfb3228f-a40e-406c-96b6-b8c6d92c1d14', success rate: 1/1.
[2026-08-30 10:46:03Z INFO JobServerQueue] Try to append 1 batches web console lines for record 'cfb3228f-a40e-406c-96b6-b8c6d92c1d14', success rate: 1/1.
[2026-08-30 10:46:03Z INFO JobServerQueue] Try to append 1 batches web console lines for record 'cfb3228f-a40e-406c-96b6-b8c6d92c1d14', success rate: 1/1.
[2026-08-30 10:46:04Z INFO JobServerQueue] Try to append 1 batches web console lines for record 'cfb3228f-a40e-406c-96b6-b8c6d92c1d14', success rate: 1/1.
[2026-08-30 10:46:04Z INFO JobServerQueue] Try to append 1 batches web console lines for record 'cfb3228f-a40e-406c-96b6-b8c6d92c1d14', success rate: 1/1.
[2026-08-30 10:46:05Z INFO JobServerQueue] Try to append 1 batches web console lines for record 'cfb3228f-a40e-406c-96b6-b8c6d92c1d14', success rate: 1/1.
[2026-08-30 10:46:05Z INFO JobServerQueue] Try to append 1 batches web console lines for record 'cfb3228f-a40e-406c-96b6-b8c6d92c1d14', success rate: 1/1.
[2026-08-30 10:46:06Z INFO JobServerQueue] Try to append 1 batches web console lines for record 'cfb3228f-a40e-406c-96b6-b8c6d92c1d14', success rate: 1/1.
[2026-08-30 10:46:06Z INFO JobServerQueue] Try to append 1 batches web console lines for record 'cfb3228f-a40e-406c-96b6-b8c6d92c1d14', success rate: 1/1.
[2026-08-30 10:46:07Z INFO JobServerQueue] Try to append 1 batches web console lines for record 'cfb3228f-a40e-406c-96b6-b8c6d92c1d14', success rate: 1/1.
[2026-08-30 10:46:07Z INFO JobServerQueue] Try to append 1 batches web console lines for record 'cfb3228f-a40e-406c-96b6-b8c6d92c1d14', success rate: 1/1.
[2026-08-30 10:46:08Z INFO JobServerQueue] Try to append 1 batches web console lines for record 'cfb3228f-a40e-406c-96b6-b8c6d92c1d14', success rate: 1/1.
[2026-08-30 10:46:09Z INFO JobServerQueue] Try to append 1 batches web console lines for record 'cfb3228f-a40e-406c-96b6-b8c6d92c1d14', success rate: 1/1.
[2026-08-30 10:46:09Z INFO JobServerQueue] Try to append 1 batches web console lines for record 'cfb3228f-a40e-406c-96b6-b8c6d92c1d14', success rate: 1/1.
[2026-08-30 10:46:10Z INFO JobServerQueue] Try to append 1 batches web console lines for record 'cfb3228f-a40e-406c-96b6-b8c6d92c1d14', success rate: 1/1.
[2026-08-30 10:46:10Z INFO JobServerQueue] Try to append 1 batches web console lines for record 'cfb3228f-a40e-406c-96b6-b8c6d92c1d14', success rate: 1/1.
[2026-08-30 10:46:10Z INFO HostContext] Well known directory 'Bin': 'C:\Users\krish\Documents\BITS\mlops-project\actions-runner\bin'
[2026-08-30 10:46:10Z INFO HostContext] Well known directory 'Root': 'C:\Users\krish\Documents\BITS\mlops-project\actions-runner'
[2026-08-30 10:46:10Z INFO HostContext] Well known directory 'Work': 'C:\Users\krish\Documents\BITS\mlops-project\actions-runner\_work'
[2026-08-30 10:46:11Z INFO JobServerQueue] Try to append 1 batches web console lines for record 'cfb3228f-a40e-406c-96b6-b8c6d92c1d14', success rate: 1/1.
[2026-08-30 10:46:11Z INFO JobServerQueue] Try to append 1 batches web console lines for record 'cfb3228f-a40e-406c-96b6-b8c6d92c1d14', success rate: 1/1.
[2026-08-30 10:46:12Z INFO JobServerQueue] Try to append 1 batches web console lines for record 'cfb3228f-a40e-406c-96b6-b8c6d92c1d14', success rate: 1/1.
[2026-08-30 10:46:12Z INFO JobServerQueue] Try to append 1 batches web console lines for record 'cfb3228f-a40e-406c-96b6-b8c6d92c1d14', success rate: 1/1.
[2026-08-30 10:46:13Z INFO JobServerQueue] Try to append 1 batches web console lines for record 'cfb3228f-a40e-406c-96b6-b8c6d92c1d14', success rate: 1/1.
[2026-08-30 10:46:13Z INFO JobServerQueue] Try to append 1 batches web console lines for record 'cfb3228f-a40e-406c-96b6-b8c6d92c1d14', success rate: 1/1.
[2026-08-30 10:46:14Z INFO JobServerQueue] Try to append 1 batches web console lines for record 'cfb3228f-a40e-406c-96b6-b8c6d92c1d14', success rate: 1/1.
[2026-08-30 10:46:14Z INFO JobServerQueue] Try to append 1 batches web console lines for record 'cfb3228f-a40e-406c-96b6-b8c6d92c1d14', success rate: 1/1.
[2026-08-30 10:46:15Z INFO JobServerQueue] Try to append 1 batches web console lines for record 'cfb3228f-a40e-406c-96b6-b8c6d92c1d14', success rate: 1/1.
[2026-08-30 10:46:15Z INFO JobServerQueue] Try to append 1 batches web console lines for record 'cfb3228f-a40e-406c-96b6-b8c6d92c1d14', success rate: 1/1.
[2026-08-30 10:46:16Z INFO JobServerQueue] Try to append 1 batches web console lines for record 'cfb3228f-a40e-406c-96b6-b8c6d92c1d14', success rate: 1/1.
[2026-08-30 10:46:16Z INFO JobServerQueue] Try to append 1 batches web console lines for record 'cfb3228f-a40e-406c-96b6-b8c6d92c1d14', success rate: 1/1.
[2026-08-30 10:46:17Z INFO JobServerQueue] Try to append 1 batches web console lines for record 'cfb3228f-a40e-406c-96b6-b8c6d92c1d14', success rate: 1/1.
[2026-08-30 10:46:17Z INFO JobServerQueue] Try to append 1 batches web console lines for record 'cfb3228f-a40e-406c-96b6-b8c6d92c1d14', success rate: 1/1.
[2026-08-30 10:46:18Z INFO JobServerQueue] Try to append 1 batches web console lines for record 'cfb3228f-a40e-406c-96b6-b8c6d92c1d14', success rate: 1/1.
[2026-08-30 10:46:18Z INFO JobServerQueue] Try to append 1 batches web console lines for record 'cfb3228f-a40e-406c-96b6-b8c6d92c1d14', success rate: 1/1.
[2026-08-30 10:46:19Z INFO JobServerQueue] Try to append 1 batches web console lines for record 'cfb3228f-a40e-406c-96b6-b8c6d92c1d14', success rate: 1/1.
[2026-08-30 10:46:19Z INFO JobServerQueue] Try to append 1 batches web console lines for record 'cfb3228f-a40e-406c-96b6-b8c6d92c1d14', success rate: 1/1.
[2026-08-30 10:46:20Z INFO JobServerQueue] Try to append 1 batches web console lines for record 'cfb3228f-a40e-406c-96b6-b8c6d92c1d14', success rate: 1/1.
[2026-08-30 10:46:20Z INFO JobServerQueue] Try to append 1 batches web console lines for record 'cfb3228f-a40e-406c-96b6-b8c6d92c1d14', success rate: 1/1.
[2026-08-30 10:46:20Z INFO HostContext] Well known directory 'Bin': 'C:\Users\krish\Documents\BITS\mlops-project\actions-runner\bin'
[2026-08-30 10:46:20Z INFO HostContext] Well known directory 'Root': 'C:\Users\krish\Documents\BITS\mlops-project\actions-runner'
[2026-08-30 10:46:20Z INFO HostContext] Well known directory 'Work': 'C:\Users\krish\Documents\BITS\mlops-project\actions-runner\_work'
[2026-08-30 10:46:21Z INFO JobServerQueue] Try to append 1 batches web console lines for record 'cfb3228f-a40e-406c-96b6-b8c6d92c1d14', success rate: 1/1.
[2026-08-30 10:46:21Z INFO JobServerQueue] Try to append 1 batches web console lines for record 'cfb3228f-a40e-406c-96b6-b8c6d92c1d14', success rate: 1/1.
[2026-08-30 10:46:22Z INFO JobServerQueue] Try to append 1 batches web console lines for record 'cfb3228f-a40e-406c-96b6-b8c6d92c1d14', success rate: 1/1.
[2026-08-30 10:46:22Z INFO JobServerQueue] Try to append 1 batches web console lines for record 'cfb3228f-a40e-406c-96b6-b8c6d92c1d14', success rate: 1/1.
[2026-08-30 10:46:23Z INFO JobServerQueue] Try to append 1 batches web console lines for record 'cfb3228f-a40e-406c-96b6-b8c6d92c1d14', success rate: 1/1.
[2026-08-30 10:46:23Z INFO JobServerQueue] Try to append 1 batches web console lines for record 'cfb3228f-a40e-406c-96b6-b8c6d92c1d14', success rate: 1/1.
[2026-08-30 10:46:24Z INFO JobServerQueue] Try to append 1 batches web console lines for record 'cfb3228f-a40e-406c-96b6-b8c6d92c1d14', success rate: 1/1.
[2026-08-30 10:46:25Z INFO JobServerQueue] Try to append 1 batches web console lines for record 'cfb3228f-a40e-406c-96b6-b8c6d92c1d14', success rate: 1/1.
[2026-08-30 10:46:25Z INFO JobServerQueue] Try to append 1 batches web console lines for record 'cfb3228f-a40e-406c-96b6-b8c6d92c1d14', success rate: 1/1.
[2026-08-30 10:46:26Z INFO JobServerQueue] Try to append 1 batches web console lines for record 'cfb3228f-a40e-406c-96b6-b8c6d92c1d14', success rate: 1/1.
[2026-08-30 10:46:26Z INFO JobServerQueue] Try to append 1 batches web console lines for record 'cfb3228f-a40e-406c-96b6-b8c6d92c1d14', success rate: 1/1.
[2026-08-30 10:46:27Z INFO JobServerQueue] Try to append 1 batches web console lines for record 'cfb3228f-a40e-406c-96b6-b8c6d92c1d14', success rate: 1/1.
[2026-08-30 10:46:27Z INFO JobServerQueue] Try to append 1 batches web console lines for record 'cfb3228f-a40e-406c-96b6-b8c6d92c1d14', success rate: 1/1.
[2026-08-30 10:46:28Z INFO JobServerQueue] Try to append 1 batches web console lines for record 'cfb3228f-a40e-406c-96b6-b8c6d92c1d14', success rate: 1/1.
[2026-08-30 10:46:28Z INFO JobServerQueue] Try to append 1 batches web console lines for record 'cfb3228f-a40e-406c-96b6-b8c6d92c1d14', success rate: 1/1.
[2026-08-30 10:46:29Z INFO JobServerQueue] Try to append 1 batches web console lines for record 'cfb3228f-a40e-406c-96b6-b8c6d92c1d14', success rate: 1/1.
[2026-08-30 10:46:29Z INFO JobServerQueue] Try to append 1 batches web console lines for record 'cfb3228f-a40e-406c-96b6-b8c6d92c1d14', success rate: 1/1.
[2026-08-30 10:46:30Z INFO JobServerQueue] Try to append 1 batches web console lines for record 'cfb3228f-a40e-406c-96b6-b8c6d92c1d14', success rate: 1/1.
[2026-08-30 10:46:30Z INFO JobServerQueue] Try to append 1 batches web console lines for record 'cfb3228f-a40e-406c-96b6-b8c6d92c1d14', success rate: 1/1.
[2026-08-30 10:46:30Z INFO HostContext] Well known directory 'Bin': 'C:\Users\krish\Documents\BITS\mlops-project\actions-runner\bin'
[2026-08-30 10:46:30Z INFO HostContext] Well known directory 'Root': 'C:\Users\krish\Documents\BITS\mlops-project\actions-runner'
[2026-08-30 10:46:30Z INFO HostContext] Well known directory 'Work': 'C:\Users\krish\Documents\BITS\mlops-project\actions-runner\_work'
[2026-08-30 10:46:31Z INFO JobServerQueue] Try to append 1 batches web console lines for record 'cfb3228f-a40e-406c-96b6-b8c6d92c1d14', success rate: 1/1.
[2026-08-30 10:46:31Z INFO JobServerQueue] Try to append 1 batches web console lines for record 'cfb3228f-a40e-406c-96b6-b8c6d92c1d14', success rate: 1/1.
[2026-08-30 10:46:32Z INFO JobServerQueue] Try to append 1 batches web console lines for record 'cfb3228f-a40e-406c-96b6-b8c6d92c1d14', success rate: 1/1.
[2026-08-30 10:46:32Z INFO JobServerQueue] Try to append 1 batches web console lines for record 'cfb3228f-a40e-406c-96b6-b8c6d92c1d14', success rate: 1/1.
[2026-08-30 10:46:33Z INFO JobServerQueue] Try to append 1 batches web console lines for record 'cfb3228f-a40e-406c-96b6-b8c6d92c1d14', success rate: 1/1.
[2026-08-30 10:46:33Z INFO JobServerQueue] Try to append 1 batches web console lines for record 'cfb3228f-a40e-406c-96b6-b8c6d92c1d14', success rate: 1/1.
[2026-08-30 10:46:34Z INFO JobServerQueue] Try to append 1 batches web console lines for record 'cfb3228f-a40e-406c-96b6-b8c6d92c1d14', success rate: 1/1.
[2026-08-30 10:46:34Z INFO JobServerQueue] Try to append 1 batches web console lines for record 'cfb3228f-a40e-406c-96b6-b8c6d92c1d14', success rate: 1/1.
[2026-08-30 10:46:35Z INFO JobServerQueue] Try to append 1 batches web console lines for record 'cfb3228f-a40e-406c-96b6-b8c6d92c1d14', success rate: 1/1.
[2026-08-30 10:46:35Z INFO JobServerQueue] Try to append 1 batches web console lines for record 'cfb3228f-a40e-406c-96b6-b8c6d92c1d14', success rate: 1/1.
[2026-08-30 10:46:36Z INFO JobServerQueue] Try to append 1 batches web console lines for record 'cfb3228f-a40e-406c-96b6-b8c6d92c1d14', success rate: 1/1.
[2026-08-30 10:46:37Z INFO JobServerQueue] Try to append 1 batches web console lines for record 'cfb3228f-a40e-406c-96b6-b8c6d92c1d14', success rate: 1/1.
[2026-08-30 10:46:37Z INFO JobServerQueue] Try to append 1 batches web console lines for record 'cfb3228f-a40e-406c-96b6-b8c6d92c1d14', success rate: 1/1.
[2026-08-30 10:46:38Z INFO JobServerQueue] Try to append 1 batches web console lines for record 'cfb3228f-a40e-406c-96b6-b8c6d92c1d14', success rate: 1/1.
[2026-08-30 10:46:39Z INFO JobServerQueue] Try to append 1 batches web console lines for record 'cfb3228f-a40e-406c-96b6-b8c6d92c1d14', success rate: 1/1.
[2026-08-30 10:46:39Z INFO JobServerQueue] Try to append 1 batches web console lines for record 'cfb3228f-a40e-406c-96b6-b8c6d92c1d14', success rate: 1/1.
[2026-08-30 10:46:40Z INFO JobServerQueue] Try to append 1 batches web console lines for record 'cfb3228f-a40e-406c-96b6-b8c6d92c1d14', success rate: 1/1.
[2026-08-30 10:46:40Z INFO JobServerQueue] Try to append 1 batches web console lines for record 'cfb3228f-a40e-406c-96b6-b8c6d92c1d14', success rate: 1/1.
[2026-08-30 10:46:41Z INFO HostContext] Well known directory 'Bin': 'C:\Users\krish\Documents\BITS\mlops-project\actions-runner\bin'
[2026-08-30 10:46:41Z INFO HostContext] Well known directory 'Root': 'C:\Users\krish\Documents\BITS\mlops-project\actions-runner'
[2026-08-30 10:46:41Z INFO HostContext] Well known directory 'Work': 'C:\Users\krish\Documents\BITS\mlops-project\actions-runner\_work'
[2026-08-30 10:46:41Z INFO JobServerQueue] Try to append 1 batches web console lines for record 'cfb3228f-a40e-406c-96b6-b8c6d92c1d14', success rate: 1/1.
[2026-08-30 10:46:41Z INFO JobServerQueue] Try to append 1 batches web console lines for record 'cfb3228f-a40e-406c-96b6-b8c6d92c1d14', success rate: 1/1.
[2026-08-30 10:46:42Z INFO JobServerQueue] Try to append 1 batches web console lines for record 'cfb3228f-a40e-406c-96b6-b8c6d92c1d14', success rate: 1/1.
[2026-08-30 10:46:43Z INFO JobServerQueue] Try to append 1 batches web console lines for record 'cfb3228f-a40e-406c-96b6-b8c6d92c1d14', success rate: 1/1.
[2026-08-30 10:46:43Z INFO JobServerQueue] Try to append 1 batches web console lines for record 'cfb3228f-a40e-406c-96b6-b8c6d92c1d14', success rate: 1/1.
[2026-08-30 10:46:44Z INFO JobServerQueue] Try to append 1 batches web console lines for record 'cfb3228f-a40e-406c-96b6-b8c6d92c1d14', success rate: 1/1.
[2026-08-30 10:46:44Z INFO JobServerQueue] Try to append 1 batches web console lines for record 'cfb3228f-a40e-406c-96b6-b8c6d92c1d14', success rate: 1/1.
[2026-08-30 10:46:45Z INFO JobServerQueue] Try to append 1 batches web console lines for record 'cfb3228f-a40e-406c-96b6-b8c6d92c1d14', success rate: 1/1.
[2026-08-30 10:46:46Z INFO JobServerQueue] Try to append 1 batches web console lines for record 'cfb3228f-a40e-406c-96b6-b8c6d92c1d14', success rate: 1/1.
[2026-08-30 10:46:46Z INFO JobServerQueue] Try to append 1 batches web console lines for record 'cfb3228f-a40e-406c-96b6-b8c6d92c1d14', success rate: 1/1.
[2026-08-30 10:46:47Z INFO JobServerQueue] Try to append 1 batches web console lines for record 'cfb3228f-a40e-406c-96b6-b8c6d92c1d14', success rate: 1/1.
[2026-08-30 10:46:47Z INFO JobServerQueue] Try to append 1 batches web console lines for record 'cfb3228f-a40e-406c-96b6-b8c6d92c1d14', success rate: 1/1.
[2026-08-30 10:46:48Z INFO JobServerQueue] Try to append 1 batches web console lines for record 'cfb3228f-a40e-406c-96b6-b8c6d92c1d14', success rate: 1/1.
[2026-08-30 10:46:48Z INFO JobServerQueue] Try to append 1 batches web console lines for record 'cfb3228f-a40e-406c-96b6-b8c6d92c1d14', success rate: 1/1.
[2026-08-30 10:46:49Z INFO JobServerQueue] Try to append 1 batches web console lines for record 'cfb3228f-a40e-406c-96b6-b8c6d92c1d14', success rate: 1/1.
[2026-08-30 10:46:49Z INFO JobServerQueue] Try to append 1 batches web console lines for record 'cfb3228f-a40e-406c-96b6-b8c6d92c1d14', success rate: 1/1.
[2026-08-30 10:46:50Z INFO JobServerQueue] Try to append 1 batches web console lines for record 'cfb3228f-a40e-406c-96b6-b8c6d92c1d14', success rate: 1/1.
[2026-08-30 10:46:50Z INFO JobServerQueue] Try to append 1 batches web console lines for record 'cfb3228f-a40e-406c-96b6-b8c6d92c1d14', success rate: 1/1.
[2026-08-30 10:46:51Z INFO HostContext] Well known directory 'Bin': 'C:\Users\krish\Documents\BITS\mlops-project\actions-runner\bin'
[2026-08-30 10:46:51Z INFO HostContext] Well known directory 'Root': 'C:\Users\krish\Documents\BITS\mlops-project\actions-runner'
[2026-08-30 10:46:51Z INFO HostContext] Well known directory 'Work': 'C:\Users\krish\Documents\BITS\mlops-project\actions-runner\_work'
[2026-08-30 10:46:51Z INFO JobServerQueue] Try to append 1 batches web console lines for record 'cfb3228f-a40e-406c-96b6-b8c6d92c1d14', success rate: 1/1.
[2026-08-30 10:46:51Z INFO JobServerQueue] Try to append 1 batches web console lines for record 'cfb3228f-a40e-406c-96b6-b8c6d92c1d14', success rate: 1/1.
[2026-08-30 10:46:52Z INFO JobServerQueue] Try to append 1 batches web console lines for record 'cfb3228f-a40e-406c-96b6-b8c6d92c1d14', success rate: 1/1.
[2026-08-30 10:46:53Z INFO JobServerQueue] Try to append 1 batches web console lines for record 'cfb3228f-a40e-406c-96b6-b8c6d92c1d14', success rate: 1/1.
[2026-08-30 10:46:53Z INFO JobServerQueue] Try to append 1 batches web console lines for record 'cfb3228f-a40e-406c-96b6-b8c6d92c1d14', success rate: 1/1.
[2026-08-30 10:46:54Z INFO JobServerQueue] Try to append 1 batches web console lines for record 'cfb3228f-a40e-406c-96b6-b8c6d92c1d14', success rate: 1/1.
[2026-08-30 10:46:54Z INFO JobServerQueue] Try to append 1 batches web console lines for record 'cfb3228f-a40e-406c-96b6-b8c6d92c1d14', success rate: 1/1.
[2026-08-30 10:46:55Z INFO JobServerQueue] Try to append 1 batches web console lines for record 'cfb3228f-a40e-406c-96b6-b8c6d92c1d14', success rate: 1/1.
[2026-08-30 10:46:55Z INFO JobServerQueue] Try to append 1 batches web console lines for record 'cfb3228f-a40e-406c-96b6-b8c6d92c1d14', success rate: 1/1.
[2026-08-30 10:46:56Z INFO JobServerQueue] Try to append 1 batches web console lines for record 'cfb3228f-a40e-406c-96b6-b8c6d92c1d14', success rate: 1/1.
[2026-08-30 10:46:56Z INFO JobServerQueue] Try to append 1 batches web console lines for record 'cfb3228f-a40e-406c-96b6-b8c6d92c1d14', success rate: 1/1.
[2026-08-30 10:46:57Z INFO JobServerQueue] Try to append 1 batches web console lines for record 'cfb3228f-a40e-406c-96b6-b8c6d92c1d14', success rate: 1/1.
[2026-08-30 10:46:57Z INFO JobServerQueue] Try to append 1 batches web console lines for record 'cfb3228f-a40e-406c-96b6-b8c6d92c1d14', success rate: 1/1.
[2026-08-30 10:46:58Z INFO JobServerQueue] Try to append 1 batches web console lines for record 'cfb3228f-a40e-406c-96b6-b8c6d92c1d14', success rate: 1/1.
[2026-08-30 10:46:58Z INFO JobServerQueue] Try to append 1 batches web console lines for record 'cfb3228f-a40e-406c-96b6-b8c6d92c1d14', success rate: 1/1.
[2026-08-30 10:46:59Z INFO JobServerQueue] Try to append 1 batches web console lines for record 'cfb3228f-a40e-406c-96b6-b8c6d92c1d14', success rate: 1/1.
[2026-08-30 10:46:59Z INFO JobServerQueue] Try to append 1 batches web console lines for record 'cfb3228f-a40e-406c-96b6-b8c6d92c1d14', success rate: 1/1.
[2026-08-30 10:47:00Z INFO JobServerQueue] Try to append 1 batches web console lines for record 'cfb3228f-a40e-406c-96b6-b8c6d92c1d14', success rate: 1/1.
[2026-08-30 10:47:01Z INFO JobServerQueue] Try to append 1 batches web console lines for record 'cfb3228f-a40e-406c-96b6-b8c6d92c1d14', success rate: 1/1.
[2026-08-30 10:47:01Z INFO HostContext] Well known directory 'Bin': 'C:\Users\krish\Documents\BITS\mlops-project\actions-runner\bin'
[2026-08-30 10:47:01Z INFO HostContext] Well known directory 'Root': 'C:\Users\krish\Documents\BITS\mlops-project\actions-runner'
[2026-08-30 10:47:01Z INFO HostContext] Well known directory 'Work': 'C:\Users\krish\Documents\BITS\mlops-project\actions-runner\_work'
[2026-08-30 10:47:01Z INFO JobServerQueue] Try to append 1 batches web console lines for record 'cfb3228f-a40e-406c-96b6-b8c6d92c1d14', success rate: 1/1.
[2026-08-30 10:47:02Z INFO JobServerQueue] Try to append 1 batches web console lines for record 'cfb3228f-a40e-406c-96b6-b8c6d92c1d14', success rate: 1/1.
[2026-08-30 10:47:02Z INFO JobServerQueue] Try to append 1 batches web console lines for record 'cfb3228f-a40e-406c-96b6-b8c6d92c1d14', success rate: 1/1.
[2026-08-30 10:47:03Z INFO JobServerQueue] Try to append 1 batches web console lines for record 'cfb3228f-a40e-406c-96b6-b8c6d92c1d14', success rate: 1/1.
[2026-08-30 10:47:03Z INFO JobServerQueue] Try to append 1 batches web console lines for record 'cfb3228f-a40e-406c-96b6-b8c6d92c1d14', success rate: 1/1.
[2026-08-30 10:47:04Z INFO JobServerQueue] Try to append 1 batches web console lines for record 'cfb3228f-a40e-406c-96b6-b8c6d92c1d14', success rate: 1/1.
[2026-08-30 10:47:04Z INFO JobServerQueue] Try to append 1 batches web console lines for record 'cfb3228f-a40e-406c-96b6-b8c6d92c1d14', success rate: 1/1.
[2026-08-30 10:47:05Z INFO JobServerQueue] Try to append 1 batches web console lines for record 'cfb3228f-a40e-406c-96b6-b8c6d92c1d14', success rate: 1/1.
[2026-08-30 10:47:05Z INFO JobServerQueue] Try to append 1 batches web console lines for record 'cfb3228f-a40e-406c-96b6-b8c6d92c1d14', success rate: 1/1.
[2026-08-30 10:47:06Z INFO JobServerQueue] Try to append 1 batches web console lines for record 'cfb3228f-a40e-406c-96b6-b8c6d92c1d14', success rate: 1/1.
[2026-08-30 10:47:07Z INFO JobServerQueue] Try to append 1 batches web console lines for record 'cfb3228f-a40e-406c-96b6-b8c6d92c1d14', success rate: 1/1.
[2026-08-30 10:47:07Z INFO JobServerQueue] Try to append 1 batches web console lines for record 'cfb3228f-a40e-406c-96b6-b8c6d92c1d14', success rate: 1/1.
[2026-08-30 10:47:08Z INFO JobServerQueue] Try to append 1 batches web console lines for record 'cfb3228f-a40e-406c-96b6-b8c6d92c1d14', success rate: 1/1.
[2026-08-30 10:47:08Z INFO JobServerQueue] Try to append 1 batches web console lines for record 'cfb3228f-a40e-406c-96b6-b8c6d92c1d14', success rate: 1/1.
[2026-08-30 10:47:09Z INFO JobServerQueue] Try to append 1 batches web console lines for record 'cfb3228f-a40e-406c-96b6-b8c6d92c1d14', success rate: 1/1.
[2026-08-30 10:47:09Z INFO JobServerQueue] Try to append 1 batches web console lines for record 'cfb3228f-a40e-406c-96b6-b8c6d92c1d14', success rate: 1/1.
[2026-08-30 10:47:10Z INFO JobServerQueue] Try to append 1 batches web console lines for record 'cfb3228f-a40e-406c-96b6-b8c6d92c1d14', success rate: 1/1.
[2026-08-30 10:47:10Z INFO JobServerQueue] Try to append 1 batches web console lines for record 'cfb3228f-a40e-406c-96b6-b8c6d92c1d14', success rate: 1/1.
[2026-08-30 10:47:11Z INFO JobServerQueue] Try to append 1 batches web console lines for record 'cfb3228f-a40e-406c-96b6-b8c6d92c1d14', success rate: 1/1.
[2026-08-30 10:47:11Z INFO HostContext] Well known directory 'Bin': 'C:\Users\krish\Documents\BITS\mlops-project\actions-runner\bin'
[2026-08-30 10:47:11Z INFO HostContext] Well known directory 'Root': 'C:\Users\krish\Documents\BITS\mlops-project\actions-runner'
[2026-08-30 10:47:11Z INFO HostContext] Well known directory 'Work': 'C:\Users\krish\Documents\BITS\mlops-project\actions-runner\_work'
[2026-08-30 10:47:11Z INFO JobServerQueue] Try to append 1 batches web console lines for record 'cfb3228f-a40e-406c-96b6-b8c6d92c1d14', success rate: 1/1.
[2026-08-30 10:47:12Z INFO JobServerQueue] Try to append 1 batches web console lines for record 'cfb3228f-a40e-406c-96b6-b8c6d92c1d14', success rate: 1/1.
[2026-08-30 10:47:12Z INFO JobServerQueue] Try to append 1 batches web console lines for record 'cfb3228f-a40e-406c-96b6-b8c6d92c1d14', success rate: 1/1.
[2026-08-30 10:47:13Z INFO JobServerQueue] Try to append 1 batches web console lines for record 'cfb3228f-a40e-406c-96b6-b8c6d92c1d14', success rate: 1/1.
[2026-08-30 10:47:13Z INFO JobServerQueue] Try to append 1 batches web console lines for record 'cfb3228f-a40e-406c-96b6-b8c6d92c1d14', success rate: 1/1.
[2026-08-30 10:47:14Z INFO JobServerQueue] Try to append 1 batches web console lines for record 'cfb3228f-a40e-406c-96b6-b8c6d92c1d14', success rate: 1/1.
[2026-08-30 10:47:14Z INFO JobServerQueue] Try to append 1 batches web console lines for record 'cfb3228f-a40e-406c-96b6-b8c6d92c1d14', success rate: 1/1.
[2026-08-30 10:47:15Z INFO JobServerQueue] Try to append 1 batches web console lines for record 'cfb3228f-a40e-406c-96b6-b8c6d92c1d14', success rate: 1/1.
[2026-08-30 10:47:15Z INFO JobServerQueue] Try to append 1 batches web console lines for record 'cfb3228f-a40e-406c-96b6-b8c6d92c1d14', success rate: 1/1.
[2026-08-30 10:47:16Z INFO JobServerQueue] Try to append 1 batches web console lines for record 'cfb3228f-a40e-406c-96b6-b8c6d92c1d14', success rate: 1/1.
[2026-08-30 10:47:16Z INFO JobServerQueue] Try to append 1 batches web console lines for record 'cfb3228f-a40e-406c-96b6-b8c6d92c1d14', success rate: 1/1.
[2026-08-30 10:47:17Z INFO JobServerQueue] Try to append 1 batches web console lines for record 'cfb3228f-a40e-406c-96b6-b8c6d92c1d14', success rate: 1/1.
[2026-08-30 10:47:17Z INFO JobServerQueue] Try to append 1 batches web console lines for record 'cfb3228f-a40e-406c-96b6-b8c6d92c1d14', success rate: 1/1.
[2026-08-30 10:47:18Z INFO JobServerQueue] Try to append 1 batches web console lines for record 'cfb3228f-a40e-406c-96b6-b8c6d92c1d14', success rate: 1/1.
[2026-08-30 10:47:18Z INFO JobServerQueue] Try to append 1 batches web console lines for record 'cfb3228f-a40e-406c-96b6-b8c6d92c1d14', success rate: 1/1.
[2026-08-30 10:47:19Z INFO JobServerQueue] Try to append 1 batches web console lines for record 'cfb3228f-a40e-406c-96b6-b8c6d92c1d14', success rate: 1/1.
[2026-08-30 10:47:20Z INFO JobServerQueue] Try to append 1 batches web console lines for record 'cfb3228f-a40e-406c-96b6-b8c6d92c1d14', success rate: 1/1.
[2026-08-30 10:47:20Z INFO JobServerQueue] Try to append 1 batches web console lines for record 'cfb3228f-a40e-406c-96b6-b8c6d92c1d14', success rate: 1/1.
[2026-08-30 10:47:21Z INFO HostContext] Well known directory 'Bin': 'C:\Users\krish\Documents\BITS\mlops-project\actions-runner\bin'
[2026-08-30 10:47:21Z INFO HostContext] Well known directory 'Root': 'C:\Users\krish\Documents\BITS\mlops-project\actions-runner'
[2026-08-30 10:47:21Z INFO HostContext] Well known directory 'Work': 'C:\Users\krish\Documents\BITS\mlops-project\actions-runner\_work'
[2026-08-30 10:47:21Z INFO JobServerQueue] Try to append 1 batches web console lines for record 'cfb3228f-a40e-406c-96b6-b8c6d92c1d14', success rate: 1/1.
[2026-08-30 10:47:21Z INFO JobServerQueue] Try to append 1 batches web console lines for record 'cfb3228f-a40e-406c-96b6-b8c6d92c1d14', success rate: 1/1.
[2026-08-30 10:47:22Z INFO JobServerQueue] Try to append 1 batches web console lines for record 'cfb3228f-a40e-406c-96b6-b8c6d92c1d14', success rate: 1/1.
[2026-08-30 10:47:22Z INFO JobServerQueue] Try to append 1 batches web console lines for record 'cfb3228f-a40e-406c-96b6-b8c6d92c1d14', success rate: 1/1.
[2026-08-30 10:47:23Z INFO JobServerQueue] Try to append 1 batches web console lines for record 'cfb3228f-a40e-406c-96b6-b8c6d92c1d14', success rate: 1/1.
[2026-08-30 10:47:24Z INFO JobServerQueue] Try to append 1 batches web console lines for record 'cfb3228f-a40e-406c-96b6-b8c6d92c1d14', success rate: 1/1.
[2026-08-30 10:47:24Z INFO JobServerQueue] Try to append 1 batches web console lines for record 'cfb3228f-a40e-406c-96b6-b8c6d92c1d14', success rate: 1/1.
[2026-08-30 10:47:25Z INFO JobServerQueue] Try to append 1 batches web console lines for record 'cfb3228f-a40e-406c-96b6-b8c6d92c1d14', success rate: 1/1.
[2026-08-30 10:47:25Z INFO JobServerQueue] Try to append 1 batches web console lines for record 'cfb3228f-a40e-406c-96b6-b8c6d92c1d14', success rate: 1/1.
[2026-08-30 10:47:26Z INFO JobServerQueue] Try to append 1 batches web console lines for record 'cfb3228f-a40e-406c-96b6-b8c6d92c1d14', success rate: 1/1.
[2026-08-30 10:47:26Z INFO JobServerQueue] Try to append 1 batches web console lines for record 'cfb3228f-a40e-406c-96b6-b8c6d92c1d14', success rate: 1/1.
[2026-08-30 10:47:27Z INFO JobServerQueue] Try to append 1 batches web console lines for record 'cfb3228f-a40e-406c-96b6-b8c6d92c1d14', success rate: 1/1.
[2026-08-30 10:47:27Z INFO JobServerQueue] Try to append 1 batches web console lines for record 'cfb3228f-a40e-406c-96b6-b8c6d92c1d14', success rate: 1/1.
[2026-08-30 10:47:28Z INFO JobServerQueue] Try to append 1 batches web console lines for record 'cfb3228f-a40e-406c-96b6-b8c6d92c1d14', success rate: 1/1.
[2026-08-30 10:47:28Z INFO JobServerQueue] Try to append 1 batches web console lines for record 'cfb3228f-a40e-406c-96b6-b8c6d92c1d14', success rate: 1/1.
[2026-08-30 10:47:29Z INFO JobServerQueue] Try to append 1 batches web console lines for record 'cfb3228f-a40e-406c-96b6-b8c6d92c1d14', success rate: 1/1.
[2026-08-30 10:47:29Z INFO JobServerQueue] Try to append 1 batches web console lines for record 'cfb3228f-a40e-406c-96b6-b8c6d92c1d14', success rate: 1/1.
[2026-08-30 10:47:30Z INFO JobServerQueue] Try to append 1 batches web console lines for record 'cfb3228f-a40e-406c-96b6-b8c6d92c1d14', success rate: 1/1.
[2026-08-30 10:47:30Z INFO JobServerQueue] Try to append 1 batches web console lines for record 'cfb3228f-a40e-406c-96b6-b8c6d92c1d14', success rate: 1/1.
[2026-08-30 10:47:31Z INFO JobServerQueue] Try to append 1 batches web console lines for record 'cfb3228f-a40e-406c-96b6-b8c6d92c1d14', success rate: 1/1.
[2026-08-30 10:47:31Z INFO HostContext] Well known directory 'Bin': 'C:\Users\krish\Documents\BITS\mlops-project\actions-runner\bin'
[2026-08-30 10:47:31Z INFO HostContext] Well known directory 'Root': 'C:\Users\krish\Documents\BITS\mlops-project\actions-runner'
[2026-08-30 10:47:31Z INFO HostContext] Well known directory 'Work': 'C:\Users\krish\Documents\BITS\mlops-project\actions-runner\_work'
[2026-08-30 10:47:31Z INFO JobServerQueue] Try to append 1 batches web console lines for record 'cfb3228f-a40e-406c-96b6-b8c6d92c1d14', success rate: 1/1.
[2026-08-30 10:47:32Z INFO JobServerQueue] Try to append 1 batches web console lines for record 'cfb3228f-a40e-406c-96b6-b8c6d92c1d14', success rate: 1/1.
[2026-08-30 10:47:32Z INFO JobServerQueue] Try to append 1 batches web console lines for record 'cfb3228f-a40e-406c-96b6-b8c6d92c1d14', success rate: 1/1.
[2026-08-30 10:47:33Z INFO JobServerQueue] Try to append 1 batches web console lines for record 'cfb3228f-a40e-406c-96b6-b8c6d92c1d14', success rate: 1/1.
[2026-08-30 10:47:33Z INFO JobServerQueue] Try to append 1 batches web console lines for record 'cfb3228f-a40e-406c-96b6-b8c6d92c1d14', success rate: 1/1.
[2026-08-30 10:47:34Z INFO JobServerQueue] Try to append 1 batches web console lines for record 'cfb3228f-a40e-406c-96b6-b8c6d92c1d14', success rate: 1/1.
[2026-08-30 10:47:34Z INFO JobServerQueue] Try to append 1 batches web console lines for record 'cfb3228f-a40e-406c-96b6-b8c6d92c1d14', success rate: 1/1.
[2026-08-30 10:47:35Z INFO JobServerQueue] Try to append 1 batches web console lines for record 'cfb3228f-a40e-406c-96b6-b8c6d92c1d14', success rate: 1/1.
[2026-08-30 10:47:35Z INFO JobServerQueue] Try to append 1 batches web console lines for record 'cfb3228f-a40e-406c-96b6-b8c6d92c1d14', success rate: 1/1.
[2026-08-30 10:47:36Z INFO JobServerQueue] Try to append 1 batches web console lines for record 'cfb3228f-a40e-406c-96b6-b8c6d92c1d14', success rate: 1/1.
[2026-08-30 10:47:37Z INFO JobServerQueue] Try to append 1 batches web console lines for record 'cfb3228f-a40e-406c-96b6-b8c6d92c1d14', success rate: 1/1.
[2026-08-30 10:47:37Z INFO JobServerQueue] Try to append 1 batches web console lines for record 'cfb3228f-a40e-406c-96b6-b8c6d92c1d14', success rate: 1/1.
[2026-08-30 10:47:38Z INFO JobServerQueue] Try to append 1 batches web console lines for record 'cfb3228f-a40e-406c-96b6-b8c6d92c1d14', success rate: 1/1.
[2026-08-30 10:47:38Z INFO JobServerQueue] Try to append 1 batches web console lines for record 'cfb3228f-a40e-406c-96b6-b8c6d92c1d14', success rate: 1/1.
[2026-08-30 10:47:39Z INFO JobServerQueue] Try to append 1 batches web console lines for record 'cfb3228f-a40e-406c-96b6-b8c6d92c1d14', success rate: 1/1.
[2026-08-30 10:47:39Z INFO JobServerQueue] Try to append 1 batches web console lines for record 'cfb3228f-a40e-406c-96b6-b8c6d92c1d14', success rate: 1/1.
[2026-08-30 10:47:40Z INFO JobServerQueue] Try to append 1 batches web console lines for record 'cfb3228f-a40e-406c-96b6-b8c6d92c1d14', success rate: 1/1.
[2026-08-30 10:47:40Z INFO JobServerQueue] Try to append 1 batches web console lines for record 'cfb3228f-a40e-406c-96b6-b8c6d92c1d14', success rate: 1/1.
[2026-08-30 10:47:41Z INFO JobServerQueue] Try to append 1 batches web console lines for record 'cfb3228f-a40e-406c-96b6-b8c6d92c1d14', success rate: 1/1.
[2026-08-30 10:47:41Z INFO HostContext] Well known directory 'Bin': 'C:\Users\krish\Documents\BITS\mlops-project\actions-runner\bin'
[2026-08-30 10:47:41Z INFO HostContext] Well known directory 'Root': 'C:\Users\krish\Documents\BITS\mlops-project\actions-runner'
[2026-08-30 10:47:41Z INFO HostContext] Well known directory 'Work': 'C:\Users\krish\Documents\BITS\mlops-project\actions-runner\_work'
[2026-08-30 10:47:41Z INFO JobServerQueue] Try to append 1 batches web console lines for record 'cfb3228f-a40e-406c-96b6-b8c6d92c1d14', success rate: 1/1.
[2026-08-30 10:47:42Z INFO JobServerQueue] Try to append 1 batches web console lines for record 'cfb3228f-a40e-406c-96b6-b8c6d92c1d14', success rate: 1/1.
[2026-08-30 10:47:42Z INFO JobServerQueue] Try to append 1 batches web console lines for record 'cfb3228f-a40e-406c-96b6-b8c6d92c1d14', success rate: 1/1.
[2026-08-30 10:47:43Z INFO JobServerQueue] Try to append 1 batches web console lines for record 'cfb3228f-a40e-406c-96b6-b8c6d92c1d14', success rate: 1/1.
[2026-08-30 10:47:43Z INFO JobServerQueue] Try to append 1 batches web console lines for record 'cfb3228f-a40e-406c-96b6-b8c6d92c1d14', success rate: 1/1.
[2026-08-30 10:47:44Z INFO JobServerQueue] Try to append 1 batches web console lines for record 'cfb3228f-a40e-406c-96b6-b8c6d92c1d14', success rate: 1/1.
[2026-08-30 10:47:44Z INFO JobServerQueue] Try to append 1 batches web console lines for record 'cfb3228f-a40e-406c-96b6-b8c6d92c1d14', success rate: 1/1.
[2026-08-30 10:47:45Z INFO JobServerQueue] Try to append 1 batches web console lines for record 'cfb3228f-a40e-406c-96b6-b8c6d92c1d14', success rate: 1/1.
[2026-08-30 10:47:45Z INFO JobServerQueue] Try to append 1 batches web console lines for record 'cfb3228f-a40e-406c-96b6-b8c6d92c1d14', success rate: 1/1.
[2026-08-30 10:47:46Z INFO JobServerQueue] Try to append 1 batches web console lines for record 'cfb3228f-a40e-406c-96b6-b8c6d92c1d14', success rate: 1/1.
[2026-08-30 10:47:46Z INFO JobServerQueue] Try to append 1 batches web console lines for record 'cfb3228f-a40e-406c-96b6-b8c6d92c1d14', success rate: 1/1.
[2026-08-30 10:47:47Z INFO JobServerQueue] Try to append 1 batches web console lines for record 'cfb3228f-a40e-406c-96b6-b8c6d92c1d14', success rate: 1/1.
[2026-08-30 10:47:48Z INFO JobServerQueue] Try to append 1 batches web console lines for record 'cfb3228f-a40e-406c-96b6-b8c6d92c1d14', success rate: 1/1.
[2026-08-30 10:47:48Z INFO JobServerQueue] Try to append 1 batches web console lines for record 'cfb3228f-a40e-406c-96b6-b8c6d92c1d14', success rate: 1/1.
[2026-08-30 10:47:49Z INFO JobServerQueue] Try to append 1 batches web console lines for record 'cfb3228f-a40e-406c-96b6-b8c6d92c1d14', success rate: 1/1.
[2026-08-30 10:47:49Z INFO JobServerQueue] Try to append 1 batches web console lines for record 'cfb3228f-a40e-406c-96b6-b8c6d92c1d14', success rate: 1/1.
[2026-08-30 10:47:50Z INFO JobServerQueue] Try to append 1 batches web console lines for record 'cfb3228f-a40e-406c-96b6-b8c6d92c1d14', success rate: 1/1.
[2026-08-30 10:47:50Z INFO JobServerQueue] Try to append 1 batches web console lines for record 'cfb3228f-a40e-406c-96b6-b8c6d92c1d14', success rate: 1/1.
[2026-08-30 10:47:51Z INFO JobServerQueue] Try to append 1 batches web console lines for record 'cfb3228f-a40e-406c-96b6-b8c6d92c1d14', success rate: 1/1.
[2026-08-30 10:47:51Z INFO HostContext] Well known directory 'Bin': 'C:\Users\krish\Documents\BITS\mlops-project\actions-runner\bin'
[2026-08-30 10:47:51Z INFO HostContext] Well known directory 'Root': 'C:\Users\krish\Documents\BITS\mlops-project\actions-runner'
[2026-08-30 10:47:51Z INFO HostContext] Well known directory 'Work': 'C:\Users\krish\Documents\BITS\mlops-project\actions-runner\_work'
[2026-08-30 10:47:51Z INFO JobServerQueue] Try to append 1 batches web console lines for record 'cfb3228f-a40e-406c-96b6-b8c6d92c1d14', success rate: 1/1.
[2026-08-30 10:47:52Z INFO JobServerQueue] Try to append 1 batches web console lines for record 'cfb3228f-a40e-406c-96b6-b8c6d92c1d14', success rate: 1/1.
[2026-08-30 10:47:52Z INFO JobServerQueue] Try to append 1 batches web console lines for record 'cfb3228f-a40e-406c-96b6-b8c6d92c1d14', success rate: 1/1.
[2026-08-30 10:47:53Z INFO JobServerQueue] Try to append 1 batches web console lines for record 'cfb3228f-a40e-406c-96b6-b8c6d92c1d14', success rate: 1/1.
[2026-08-30 10:47:53Z INFO JobServerQueue] Try to append 1 batches web console lines for record 'cfb3228f-a40e-406c-96b6-b8c6d92c1d14', success rate: 1/1.
[2026-08-30 10:47:54Z INFO JobServerQueue] Try to append 1 batches web console lines for record 'cfb3228f-a40e-406c-96b6-b8c6d92c1d14', success rate: 1/1.
[2026-08-30 10:47:54Z INFO JobServerQueue] Try to append 1 batches web console lines for record 'cfb3228f-a40e-406c-96b6-b8c6d92c1d14', success rate: 1/1.
[2026-08-30 10:47:55Z INFO JobServerQueue] Try to append 1 batches web console lines for record 'cfb3228f-a40e-406c-96b6-b8c6d92c1d14', success rate: 1/1.
[2026-08-30 10:47:55Z INFO JobServerQueue] Try to append 1 batches web console lines for record 'cfb3228f-a40e-406c-96b6-b8c6d92c1d14', success rate: 1/1.
[2026-08-30 10:47:56Z INFO JobServerQueue] Try to append 1 batches web console lines for record 'cfb3228f-a40e-406c-96b6-b8c6d92c1d14', success rate: 1/1.
[2026-08-30 10:47:56Z INFO JobServerQueue] Try to append 1 batches web console lines for record 'cfb3228f-a40e-406c-96b6-b8c6d92c1d14', success rate: 1/1.
[2026-08-30 10:47:57Z INFO JobServerQueue] Try to append 1 batches web console lines for record 'cfb3228f-a40e-406c-96b6-b8c6d92c1d14', success rate: 1/1.
[2026-08-30 10:47:57Z INFO JobServerQueue] Try to append 1 batches web console lines for record 'cfb3228f-a40e-406c-96b6-b8c6d92c1d14', success rate: 1/1.
[2026-08-30 10:47:58Z INFO JobServerQueue] Try to append 1 batches web console lines for record 'cfb3228f-a40e-406c-96b6-b8c6d92c1d14', success rate: 1/1.
[2026-08-30 10:47:59Z INFO JobServerQueue] Try to append 1 batches web console lines for record 'cfb3228f-a40e-406c-96b6-b8c6d92c1d14', success rate: 1/1.
[2026-08-30 10:47:59Z INFO JobServerQueue] Try to append 1 batches web console lines for record 'cfb3228f-a40e-406c-96b6-b8c6d92c1d14', success rate: 1/1.
[2026-08-30 10:48:00Z INFO JobServerQueue] Try to append 1 batches web console lines for record 'cfb3228f-a40e-406c-96b6-b8c6d92c1d14', success rate: 1/1.
[2026-08-30 10:48:00Z INFO JobServerQueue] Try to append 1 batches web console lines for record 'cfb3228f-a40e-406c-96b6-b8c6d92c1d14', success rate: 1/1.
[2026-08-30 10:48:01Z INFO JobServerQueue] Try to append 1 batches web console lines for record 'cfb3228f-a40e-406c-96b6-b8c6d92c1d14', success rate: 1/1.
[2026-08-30 10:48:01Z INFO HostContext] Well known directory 'Bin': 'C:\Users\krish\Documents\BITS\mlops-project\actions-runner\bin'
[2026-08-30 10:48:01Z INFO HostContext] Well known directory 'Root': 'C:\Users\krish\Documents\BITS\mlops-project\actions-runner'
[2026-08-30 10:48:01Z INFO HostContext] Well known directory 'Work': 'C:\Users\krish\Documents\BITS\mlops-project\actions-runner\_work'
[2026-08-30 10:48:01Z INFO JobServerQueue] Try to append 1 batches web console lines for record 'cfb3228f-a40e-406c-96b6-b8c6d92c1d14', success rate: 1/1.
[2026-08-30 10:48:02Z INFO JobServerQueue] Try to append 1 batches web console lines for record 'cfb3228f-a40e-406c-96b6-b8c6d92c1d14', success rate: 1/1.
[2026-08-30 10:48:02Z INFO JobServerQueue] Try to append 1 batches web console lines for record 'cfb3228f-a40e-406c-96b6-b8c6d92c1d14', success rate: 1/1.
[2026-08-30 10:48:03Z INFO JobServerQueue] Try to append 1 batches web console lines for record 'cfb3228f-a40e-406c-96b6-b8c6d92c1d14', success rate: 1/1.
[2026-08-30 10:48:03Z INFO JobServerQueue] Try to append 1 batches web console lines for record 'cfb3228f-a40e-406c-96b6-b8c6d92c1d14', success rate: 1/1.
[2026-08-30 10:48:04Z INFO JobServerQueue] Try to append 1 batches web console lines for record 'cfb3228f-a40e-406c-96b6-b8c6d92c1d14', success rate: 1/1.
[2026-08-30 10:48:04Z INFO JobServerQueue] Try to append 1 batches web console lines for record 'cfb3228f-a40e-406c-96b6-b8c6d92c1d14', success rate: 1/1.
[2026-08-30 10:48:05Z INFO JobServerQueue] Try to append 1 batches web console lines for record 'cfb3228f-a40e-406c-96b6-b8c6d92c1d14', success rate: 1/1.
[2026-08-30 10:48:05Z INFO JobServerQueue] Try to append 1 batches web console lines for record 'cfb3228f-a40e-406c-96b6-b8c6d92c1d14', success rate: 1/1.
[2026-08-30 10:48:06Z INFO JobServerQueue] Try to append 1 batches web console lines for record 'cfb3228f-a40e-406c-96b6-b8c6d92c1d14', success rate: 1/1.
[2026-08-30 10:48:06Z INFO JobServerQueue] Try to append 1 batches web console lines for record 'cfb3228f-a40e-406c-96b6-b8c6d92c1d14', success rate: 1/1.
[2026-08-30 10:48:07Z INFO JobServerQueue] Try to append 1 batches web console lines for record 'cfb3228f-a40e-406c-96b6-b8c6d92c1d14', success rate: 1/1.
[2026-08-30 10:48:07Z INFO JobServerQueue] Try to append 1 batches web console lines for record 'cfb3228f-a40e-406c-96b6-b8c6d92c1d14', success rate: 1/1.
[2026-08-30 10:48:08Z INFO JobServerQueue] Try to append 1 batches web console lines for record 'cfb3228f-a40e-406c-96b6-b8c6d92c1d14', success rate: 1/1.
[2026-08-30 10:48:08Z INFO JobServerQueue] Try to append 1 batches web console lines for record 'cfb3228f-a40e-406c-96b6-b8c6d92c1d14', success rate: 1/1.
[2026-08-30 10:48:09Z INFO JobServerQueue] Try to append 1 batches web console lines for record 'cfb3228f-a40e-406c-96b6-b8c6d92c1d14', success rate: 1/1.
[2026-08-30 10:48:09Z INFO JobServerQueue] Try to append 1 batches web console lines for record 'cfb3228f-a40e-406c-96b6-b8c6d92c1d14', success rate: 1/1.
[2026-08-30 10:48:10Z INFO JobServerQueue] Try to append 1 batches web console lines for record 'cfb3228f-a40e-406c-96b6-b8c6d92c1d14', success rate: 1/1.
[2026-08-30 10:48:11Z INFO JobServerQueue] Try to append 1 batches web console lines for record 'cfb3228f-a40e-406c-96b6-b8c6d92c1d14', success rate: 1/1.
[2026-08-30 10:48:11Z INFO HostContext] Well known directory 'Bin': 'C:\Users\krish\Documents\BITS\mlops-project\actions-runner\bin'
[2026-08-30 10:48:11Z INFO HostContext] Well known directory 'Root': 'C:\Users\krish\Documents\BITS\mlops-project\actions-runner'
[2026-08-30 10:48:11Z INFO HostContext] Well known directory 'Work': 'C:\Users\krish\Documents\BITS\mlops-project\actions-runner\_work'
[2026-08-30 10:48:11Z INFO JobServerQueue] Try to append 1 batches web console lines for record 'cfb3228f-a40e-406c-96b6-b8c6d92c1d14', success rate: 1/1.
[2026-08-30 10:48:12Z INFO JobServerQueue] Try to append 1 batches web console lines for record 'cfb3228f-a40e-406c-96b6-b8c6d92c1d14', success rate: 1/1.
[2026-08-30 10:48:12Z INFO JobServerQueue] Try to append 1 batches web console lines for record 'cfb3228f-a40e-406c-96b6-b8c6d92c1d14', success rate: 1/1.
[2026-08-30 10:48:13Z INFO JobServerQueue] Try to append 1 batches web console lines for record 'cfb3228f-a40e-406c-96b6-b8c6d92c1d14', success rate: 1/1.
[2026-08-30 10:48:13Z INFO JobServerQueue] Try to append 1 batches web console lines for record 'cfb3228f-a40e-406c-96b6-b8c6d92c1d14', success rate: 1/1.
[2026-08-30 10:48:14Z INFO JobServerQueue] Try to append 1 batches web console lines for record 'cfb3228f-a40e-406c-96b6-b8c6d92c1d14', success rate: 1/1.
[2026-08-30 10:48:14Z INFO JobServerQueue] Try to append 1 batches web console lines for record 'cfb3228f-a40e-406c-96b6-b8c6d92c1d14', success rate: 1/1.
[2026-08-30 10:48:15Z INFO JobServerQueue] Try to append 1 batches web console lines for record 'cfb3228f-a40e-406c-96b6-b8c6d92c1d14', success rate: 1/1.
[2026-08-30 10:48:15Z INFO JobServerQueue] Try to append 1 batches web console lines for record 'cfb3228f-a40e-406c-96b6-b8c6d92c1d14', success rate: 1/1.
[2026-08-30 10:48:16Z INFO JobServerQueue] Try to append 1 batches web console lines for record 'cfb3228f-a40e-406c-96b6-b8c6d92c1d14', success rate: 1/1.
[2026-08-30 10:48:16Z INFO JobServerQueue] Try to append 1 batches web console lines for record 'cfb3228f-a40e-406c-96b6-b8c6d92c1d14', success rate: 1/1.
[2026-08-30 10:48:17Z INFO JobServerQueue] Try to append 1 batches web console lines for record 'cfb3228f-a40e-406c-96b6-b8c6d92c1d14', success rate: 1/1.
[2026-08-30 10:48:17Z INFO JobServerQueue] Try to append 1 batches web console lines for record 'cfb3228f-a40e-406c-96b6-b8c6d92c1d14', success rate: 1/1.
[2026-08-30 10:48:18Z INFO JobServerQueue] Try to append 1 batches web console lines for record 'cfb3228f-a40e-406c-96b6-b8c6d92c1d14', success rate: 1/1.
[2026-08-30 10:48:18Z INFO JobServerQueue] Try to append 1 batches web console lines for record 'cfb3228f-a40e-406c-96b6-b8c6d92c1d14', success rate: 1/1.
[2026-08-30 10:48:19Z INFO JobServerQueue] Try to append 1 batches web console lines for record 'cfb3228f-a40e-406c-96b6-b8c6d92c1d14', success rate: 1/1.
[2026-08-30 10:48:19Z INFO JobServerQueue] Try to append 1 batches web console lines for record 'cfb3228f-a40e-406c-96b6-b8c6d92c1d14', success rate: 1/1.
[2026-08-30 10:48:20Z INFO JobServerQueue] Try to append 1 batches web console lines for record 'cfb3228f-a40e-406c-96b6-b8c6d92c1d14', success rate: 1/1.
[2026-08-30 10:48:20Z INFO JobServerQueue] Try to append 1 batches web console lines for record 'cfb3228f-a40e-406c-96b6-b8c6d92c1d14', success rate: 1/1.
[2026-08-30 10:48:21Z INFO JobServerQueue] Try to append 1 batches web console lines for record 'cfb3228f-a40e-406c-96b6-b8c6d92c1d14', success rate: 1/1.
[2026-08-30 10:48:21Z INFO HostContext] Well known directory 'Bin': 'C:\Users\krish\Documents\BITS\mlops-project\actions-runner\bin'
[2026-08-30 10:48:21Z INFO HostContext] Well known directory 'Root': 'C:\Users\krish\Documents\BITS\mlops-project\actions-runner'
[2026-08-30 10:48:21Z INFO HostContext] Well known directory 'Work': 'C:\Users\krish\Documents\BITS\mlops-project\actions-runner\_work'
[2026-08-30 10:48:21Z INFO JobServerQueue] Try to append 1 batches web console lines for record 'cfb3228f-a40e-406c-96b6-b8c6d92c1d14', success rate: 1/1.
[2026-08-30 10:48:22Z INFO JobServerQueue] Try to append 1 batches web console lines for record 'cfb3228f-a40e-406c-96b6-b8c6d92c1d14', success rate: 1/1.
[2026-08-30 10:48:22Z INFO JobServerQueue] Try to append 1 batches web console lines for record 'cfb3228f-a40e-406c-96b6-b8c6d92c1d14', success rate: 1/1.
[2026-08-30 10:48:23Z INFO JobServerQueue] Try to append 1 batches web console lines for record 'cfb3228f-a40e-406c-96b6-b8c6d92c1d14', success rate: 1/1.
[2026-08-30 10:48:23Z INFO JobServerQueue] Try to append 1 batches web console lines for record 'cfb3228f-a40e-406c-96b6-b8c6d92c1d14', success rate: 1/1.
[2026-08-30 10:48:24Z INFO JobServerQueue] Try to append 1 batches web console lines for record 'cfb3228f-a40e-406c-96b6-b8c6d92c1d14', success rate: 1/1.
[2026-08-30 10:48:24Z INFO JobServerQueue] Try to append 1 batches web console lines for record 'cfb3228f-a40e-406c-96b6-b8c6d92c1d14', success rate: 1/1.
[2026-08-30 10:48:25Z INFO JobServerQueue] Try to append 1 batches web console lines for record 'cfb3228f-a40e-406c-96b6-b8c6d92c1d14', success rate: 1/1.
[2026-08-30 10:48:25Z INFO JobServerQueue] Try to append 1 batches web console lines for record 'cfb3228f-a40e-406c-96b6-b8c6d92c1d14', success rate: 1/1.
[2026-08-30 10:48:26Z INFO JobServerQueue] Try to append 1 batches web console lines for record 'cfb3228f-a40e-406c-96b6-b8c6d92c1d14', success rate: 1/1.
[2026-08-30 10:48:26Z INFO JobServerQueue] Try to append 1 batches web console lines for record 'cfb3228f-a40e-406c-96b6-b8c6d92c1d14', success rate: 1/1.
[2026-08-30 10:48:27Z INFO JobServerQueue] Try to append 1 batches web console lines for record 'cfb3228f-a40e-406c-96b6-b8c6d92c1d14', success rate: 1/1.
[2026-08-30 10:48:28Z INFO JobServerQueue] Try to append 1 batches web console lines for record 'cfb3228f-a40e-406c-96b6-b8c6d92c1d14', success rate: 1/1.
[2026-08-30 10:48:28Z INFO JobServerQueue] Try to append 1 batches web console lines for record 'cfb3228f-a40e-406c-96b6-b8c6d92c1d14', success rate: 1/1.
[2026-08-30 10:48:29Z INFO JobServerQueue] Try to append 1 batches web console lines for record 'cfb3228f-a40e-406c-96b6-b8c6d92c1d14', success rate: 1/1.
[2026-08-30 10:48:29Z INFO JobServerQueue] Try to append 1 batches web console lines for record 'cfb3228f-a40e-406c-96b6-b8c6d92c1d14', success rate: 1/1.
[2026-08-30 10:48:30Z INFO JobServerQueue] Try to append 1 batches web console lines for record 'cfb3228f-a40e-406c-96b6-b8c6d92c1d14', success rate: 1/1.
[2026-08-30 10:48:30Z INFO JobServerQueue] Try to append 1 batches web console lines for record 'cfb3228f-a40e-406c-96b6-b8c6d92c1d14', success rate: 1/1.
[2026-08-30 10:48:31Z INFO JobServerQueue] Try to append 1 batches web console lines for record 'cfb3228f-a40e-406c-96b6-b8c6d92c1d14', success rate: 1/1.
[2026-08-30 10:48:31Z INFO HostContext] Well known directory 'Bin': 'C:\Users\krish\Documents\BITS\mlops-project\actions-runner\bin'
[2026-08-30 10:48:31Z INFO HostContext] Well known directory 'Root': 'C:\Users\krish\Documents\BITS\mlops-project\actions-runner'
[2026-08-30 10:48:31Z INFO HostContext] Well known directory 'Work': 'C:\Users\krish\Documents\BITS\mlops-project\actions-runner\_work'
[2026-08-30 10:48:31Z INFO JobServerQueue] Try to append 1 batches web console lines for record 'cfb3228f-a40e-406c-96b6-b8c6d92c1d14', success rate: 1/1.
[2026-08-30 10:48:32Z INFO JobServerQueue] Try to append 1 batches web console lines for record 'cfb3228f-a40e-406c-96b6-b8c6d92c1d14', success rate: 1/1.
[2026-08-30 10:48:32Z INFO JobServerQueue] Try to append 1 batches web console lines for record 'cfb3228f-a40e-406c-96b6-b8c6d92c1d14', success rate: 1/1.
[2026-08-30 10:48:33Z INFO JobServerQueue] Try to append 1 batches web console lines for record 'cfb3228f-a40e-406c-96b6-b8c6d92c1d14', success rate: 1/1.
[2026-08-30 10:48:33Z INFO JobServerQueue] Try to append 1 batches web console lines for record 'cfb3228f-a40e-406c-96b6-b8c6d92c1d14', success rate: 1/1.
[2026-08-30 10:48:34Z INFO JobServerQueue] Try to append 1 batches web console lines for record 'cfb3228f-a40e-406c-96b6-b8c6d92c1d14', success rate: 1/1.
[2026-08-30 10:48:34Z INFO JobServerQueue] Try to append 1 batches web console lines for record 'cfb3228f-a40e-406c-96b6-b8c6d92c1d14', success rate: 1/1.
[2026-08-30 10:48:35Z INFO JobServerQueue] Try to append 1 batches web console lines for record 'cfb3228f-a40e-406c-96b6-b8c6d92c1d14', success rate: 1/1.
[2026-08-30 10:48:35Z INFO JobServerQueue] Try to append 1 batches web console lines for record 'cfb3228f-a40e-406c-96b6-b8c6d92c1d14', success rate: 1/1.
[2026-08-30 10:48:36Z INFO JobServerQueue] Try to append 1 batches web console lines for record 'cfb3228f-a40e-406c-96b6-b8c6d92c1d14', success rate: 1/1.
[2026-08-30 10:48:36Z INFO JobServerQueue] Try to append 1 batches web console lines for record 'cfb3228f-a40e-406c-96b6-b8c6d92c1d14', success rate: 1/1.
[2026-08-30 10:48:37Z INFO JobServerQueue] Try to append 1 batches web console lines for record 'cfb3228f-a40e-406c-96b6-b8c6d92c1d14', success rate: 1/1.
[2026-08-30 10:48:37Z INFO JobServerQueue] Try to append 1 batches web console lines for record 'cfb3228f-a40e-406c-96b6-b8c6d92c1d14', success rate: 1/1.
[2026-08-30 10:48:38Z INFO JobServerQueue] Try to append 1 batches web console lines for record 'cfb3228f-a40e-406c-96b6-b8c6d92c1d14', success rate: 1/1.
[2026-08-30 10:48:38Z INFO JobServerQueue] Try to append 1 batches web console lines for record 'cfb3228f-a40e-406c-96b6-b8c6d92c1d14', success rate: 1/1.
[2026-08-30 10:48:39Z INFO JobServerQueue] Try to append 1 batches web console lines for record 'cfb3228f-a40e-406c-96b6-b8c6d92c1d14', success rate: 1/1.
[2026-08-30 10:48:39Z INFO JobServerQueue] Try to append 1 batches web console lines for record 'cfb3228f-a40e-406c-96b6-b8c6d92c1d14', success rate: 1/1.
[2026-08-30 10:48:40Z INFO JobServerQueue] Try to append 1 batches web console lines for record 'cfb3228f-a40e-406c-96b6-b8c6d92c1d14', success rate: 1/1.
[2026-08-30 10:48:40Z INFO JobServerQueue] Try to append 1 batches web console lines for record 'cfb3228f-a40e-406c-96b6-b8c6d92c1d14', success rate: 1/1.
[2026-08-30 10:48:41Z INFO JobServerQueue] Try to append 1 batches web console lines for record 'cfb3228f-a40e-406c-96b6-b8c6d92c1d14', success rate: 1/1.
[2026-08-30 10:48:41Z INFO HostContext] Well known directory 'Bin': 'C:\Users\krish\Documents\BITS\mlops-project\actions-runner\bin'
[2026-08-30 10:48:41Z INFO HostContext] Well known directory 'Root': 'C:\Users\krish\Documents\BITS\mlops-project\actions-runner'
[2026-08-30 10:48:41Z INFO HostContext] Well known directory 'Work': 'C:\Users\krish\Documents\BITS\mlops-project\actions-runner\_work'
[2026-08-30 10:48:41Z INFO JobServerQueue] Try to append 1 batches web console lines for record 'cfb3228f-a40e-406c-96b6-b8c6d92c1d14', success rate: 1/1.
[2026-08-30 10:48:42Z INFO JobServerQueue] Try to append 1 batches web console lines for record 'cfb3228f-a40e-406c-96b6-b8c6d92c1d14', success rate: 1/1.
[2026-08-30 10:48:42Z INFO JobServerQueue] Try to append 1 batches web console lines for record 'cfb3228f-a40e-406c-96b6-b8c6d92c1d14', success rate: 1/1.
[2026-08-30 10:48:43Z INFO JobServerQueue] Try to append 1 batches web console lines for record 'cfb3228f-a40e-406c-96b6-b8c6d92c1d14', success rate: 1/1.
[2026-08-30 10:48:44Z INFO JobServerQueue] Try to append 1 batches web console lines for record 'cfb3228f-a40e-406c-96b6-b8c6d92c1d14', success rate: 1/1.
[2026-08-30 10:48:44Z INFO JobServerQueue] Try to append 1 batches web console lines for record 'cfb3228f-a40e-406c-96b6-b8c6d92c1d14', success rate: 1/1.
[2026-08-30 10:48:45Z INFO JobServerQueue] Try to append 1 batches web console lines for record 'cfb3228f-a40e-406c-96b6-b8c6d92c1d14', success rate: 1/1.
[2026-08-30 10:48:45Z INFO JobServerQueue] Try to append 1 batches web console lines for record 'cfb3228f-a40e-406c-96b6-b8c6d92c1d14', success rate: 1/1.
[2026-08-30 10:48:46Z INFO JobServerQueue] Try to append 1 batches web console lines for record 'cfb3228f-a40e-406c-96b6-b8c6d92c1d14', success rate: 1/1.
[2026-08-30 10:48:46Z INFO JobServerQueue] Try to append 1 batches web console lines for record 'cfb3228f-a40e-406c-96b6-b8c6d92c1d14', success rate: 1/1.
[2026-08-30 10:48:47Z INFO JobServerQueue] Try to append 1 batches web console lines for record 'cfb3228f-a40e-406c-96b6-b8c6d92c1d14', success rate: 1/1.
[2026-08-30 10:48:47Z INFO JobServerQueue] Try to append 1 batches web console lines for record 'cfb3228f-a40e-406c-96b6-b8c6d92c1d14', success rate: 1/1.
[2026-08-30 10:48:48Z INFO JobServerQueue] Try to append 1 batches web console lines for record 'cfb3228f-a40e-406c-96b6-b8c6d92c1d14', success rate: 1/1.
[2026-08-30 10:48:48Z INFO JobServerQueue] Try to append 1 batches web console lines for record 'cfb3228f-a40e-406c-96b6-b8c6d92c1d14', success rate: 1/1.
[2026-08-30 10:48:49Z INFO JobServerQueue] Try to append 1 batches web console lines for record 'cfb3228f-a40e-406c-96b6-b8c6d92c1d14', success rate: 1/1.
[2026-08-30 10:48:49Z INFO JobServerQueue] Try to append 1 batches web console lines for record 'cfb3228f-a40e-406c-96b6-b8c6d92c1d14', success rate: 1/1.
[2026-08-30 10:48:50Z INFO JobServerQueue] Try to append 1 batches web console lines for record 'cfb3228f-a40e-406c-96b6-b8c6d92c1d14', success rate: 1/1.
[2026-08-30 10:48:50Z INFO JobServerQueue] Try to append 1 batches web console lines for record 'cfb3228f-a40e-406c-96b6-b8c6d92c1d14', success rate: 1/1.
[2026-08-30 10:48:51Z INFO JobServerQueue] Try to append 1 batches web console lines for record 'cfb3228f-a40e-406c-96b6-b8c6d92c1d14', success rate: 1/1.
[2026-08-30 10:48:51Z INFO HostContext] Well known directory 'Bin': 'C:\Users\krish\Documents\BITS\mlops-project\actions-runner\bin'
[2026-08-30 10:48:51Z INFO HostContext] Well known directory 'Root': 'C:\Users\krish\Documents\BITS\mlops-project\actions-runner'
[2026-08-30 10:48:51Z INFO HostContext] Well known directory 'Work': 'C:\Users\krish\Documents\BITS\mlops-project\actions-runner\_work'
[2026-08-30 10:48:51Z INFO JobServerQueue] Try to append 1 batches web console lines for record 'cfb3228f-a40e-406c-96b6-b8c6d92c1d14', success rate: 1/1.
[2026-08-30 10:48:52Z INFO JobServerQueue] Try to append 1 batches web console lines for record 'cfb3228f-a40e-406c-96b6-b8c6d92c1d14', success rate: 1/1.
[2026-08-30 10:48:52Z INFO JobServerQueue] Try to append 1 batches web console lines for record 'cfb3228f-a40e-406c-96b6-b8c6d92c1d14', success rate: 1/1.
[2026-08-30 10:48:53Z INFO JobServerQueue] Try to append 1 batches web console lines for record 'cfb3228f-a40e-406c-96b6-b8c6d92c1d14', success rate: 1/1.
[2026-08-30 10:48:53Z INFO JobServerQueue] Try to append 1 batches web console lines for record 'cfb3228f-a40e-406c-96b6-b8c6d92c1d14', success rate: 1/1.
[2026-08-30 10:48:54Z INFO JobServerQueue] Try to append 1 batches web console lines for record 'cfb3228f-a40e-406c-96b6-b8c6d92c1d14', success rate: 1/1.
[2026-08-30 10:48:54Z INFO JobServerQueue] Try to append 1 batches web console lines for record 'cfb3228f-a40e-406c-96b6-b8c6d92c1d14', success rate: 1/1.
[2026-08-30 10:48:55Z INFO JobServerQueue] Try to append 1 batches web console lines for record 'cfb3228f-a40e-406c-96b6-b8c6d92c1d14', success rate: 1/1.
[2026-08-30 10:48:55Z INFO JobServerQueue] Try to append 1 batches web console lines for record 'cfb3228f-a40e-406c-96b6-b8c6d92c1d14', success rate: 1/1.
[2026-08-30 10:48:56Z INFO JobServerQueue] Try to append 1 batches web console lines for record 'cfb3228f-a40e-406c-96b6-b8c6d92c1d14', success rate: 1/1.
[2026-08-30 10:48:56Z INFO JobServerQueue] Try to append 1 batches web console lines for record 'cfb3228f-a40e-406c-96b6-b8c6d92c1d14', success rate: 1/1.
[2026-08-30 10:48:57Z INFO JobServerQueue] Try to append 1 batches web console lines for record 'cfb3228f-a40e-406c-96b6-b8c6d92c1d14', success rate: 1/1.
[2026-08-30 10:48:58Z INFO JobServerQueue] Try to append 1 batches web console lines for record 'cfb3228f-a40e-406c-96b6-b8c6d92c1d14', success rate: 1/1.
[2026-08-30 10:48:58Z INFO JobServerQueue] Try to append 1 batches web console lines for record 'cfb3228f-a40e-406c-96b6-b8c6d92c1d14', success rate: 1/1.
[2026-08-30 10:48:59Z INFO JobServerQueue] Try to append 1 batches web console lines for record 'cfb3228f-a40e-406c-96b6-b8c6d92c1d14', success rate: 1/1.
[2026-08-30 10:48:59Z INFO JobServerQueue] Try to append 1 batches web console lines for record 'cfb3228f-a40e-406c-96b6-b8c6d92c1d14', success rate: 1/1.
[2026-08-30 10:49:00Z INFO JobServerQueue] Try to append 1 batches web console lines for record 'cfb3228f-a40e-406c-96b6-b8c6d92c1d14', success rate: 1/1.
[2026-08-30 10:49:00Z INFO JobServerQueue] Try to append 1 batches web console lines for record 'cfb3228f-a40e-406c-96b6-b8c6d92c1d14', success rate: 1/1.
[2026-08-30 10:49:01Z INFO JobServerQueue] Try to append 1 batches web console lines for record 'cfb3228f-a40e-406c-96b6-b8c6d92c1d14', success rate: 1/1.
[2026-08-30 10:49:01Z INFO HostContext] Well known directory 'Bin': 'C:\Users\krish\Documents\BITS\mlops-project\actions-runner\bin'
[2026-08-30 10:49:01Z INFO HostContext] Well known directory 'Root': 'C:\Users\krish\Documents\BITS\mlops-project\actions-runner'
[2026-08-30 10:49:01Z INFO HostContext] Well known directory 'Work': 'C:\Users\krish\Documents\BITS\mlops-project\actions-runner\_work'
[2026-08-30 10:49:01Z INFO JobServerQueue] Try to append 1 batches web console lines for record 'cfb3228f-a40e-406c-96b6-b8c6d92c1d14', success rate: 1/1.
[2026-08-30 10:49:02Z INFO JobServerQueue] Try to append 1 batches web console lines for record 'cfb3228f-a40e-406c-96b6-b8c6d92c1d14', success rate: 1/1.
[2026-08-30 10:49:02Z INFO JobServerQueue] Try to append 1 batches web console lines for record 'cfb3228f-a40e-406c-96b6-b8c6d92c1d14', success rate: 1/1.
[2026-08-30 10:49:03Z INFO JobServerQueue] Try to append 1 batches web console lines for record 'cfb3228f-a40e-406c-96b6-b8c6d92c1d14', success rate: 1/1.
[2026-08-30 10:49:03Z INFO JobServerQueue] Try to append 1 batches web console lines for record 'cfb3228f-a40e-406c-96b6-b8c6d92c1d14', success rate: 1/1.
[2026-08-30 10:49:04Z INFO JobServerQueue] Try to append 1 batches web console lines for record 'cfb3228f-a40e-406c-96b6-b8c6d92c1d14', success rate: 1/1.
[2026-08-30 10:49:04Z INFO JobServerQueue] Try to append 1 batches web console lines for record 'cfb3228f-a40e-406c-96b6-b8c6d92c1d14', success rate: 1/1.
[2026-08-30 10:49:05Z INFO JobServerQueue] Try to append 1 batches web console lines for record 'cfb3228f-a40e-406c-96b6-b8c6d92c1d14', success rate: 1/1.
[2026-08-30 10:49:05Z INFO JobServerQueue] Try to append 1 batches web console lines for record 'cfb3228f-a40e-406c-96b6-b8c6d92c1d14', success rate: 1/1.
[2026-08-30 10:49:06Z INFO JobServerQueue] Try to append 1 batches web console lines for record 'cfb3228f-a40e-406c-96b6-b8c6d92c1d14', success rate: 1/1.
[2026-08-30 10:49:06Z INFO JobServerQueue] Try to append 1 batches web console lines for record 'cfb3228f-a40e-406c-96b6-b8c6d92c1d14', success rate: 1/1.
[2026-08-30 10:49:07Z INFO JobServerQueue] Try to append 1 batches web console lines for record 'cfb3228f-a40e-406c-96b6-b8c6d92c1d14', success rate: 1/1.
[2026-08-30 10:49:07Z INFO JobServerQueue] Try to append 1 batches web console lines for record 'cfb3228f-a40e-406c-96b6-b8c6d92c1d14', success rate: 1/1.
[2026-08-30 10:49:08Z INFO JobServerQueue] Try to append 1 batches web console lines for record 'cfb3228f-a40e-406c-96b6-b8c6d92c1d14', success rate: 1/1.
[2026-08-30 10:49:08Z INFO JobServerQueue] Try to append 1 batches web console lines for record 'cfb3228f-a40e-406c-96b6-b8c6d92c1d14', success rate: 1/1.
[2026-08-30 10:49:09Z INFO JobServerQueue] Try to append 1 batches web console lines for record 'cfb3228f-a40e-406c-96b6-b8c6d92c1d14', success rate: 1/1.
[2026-08-30 10:49:09Z INFO JobServerQueue] Try to append 1 batches web console lines for record 'cfb3228f-a40e-406c-96b6-b8c6d92c1d14', success rate: 1/1.
[2026-08-30 10:49:10Z INFO JobServerQueue] Try to append 1 batches web console lines for record 'cfb3228f-a40e-406c-96b6-b8c6d92c1d14', success rate: 1/1.
[2026-08-30 10:49:10Z INFO JobServerQueue] Try to append 1 batches web console lines for record 'cfb3228f-a40e-406c-96b6-b8c6d92c1d14', success rate: 1/1.
[2026-08-30 10:49:11Z INFO HostContext] Well known directory 'Bin': 'C:\Users\krish\Documents\BITS\mlops-project\actions-runner\bin'
[2026-08-30 10:49:11Z INFO HostContext] Well known directory 'Root': 'C:\Users\krish\Documents\BITS\mlops-project\actions-runner'
[2026-08-30 10:49:11Z INFO HostContext] Well known directory 'Work': 'C:\Users\krish\Documents\BITS\mlops-project\actions-runner\_work'
[2026-08-30 10:49:11Z INFO JobServerQueue] Try to append 1 batches web console lines for record 'cfb3228f-a40e-406c-96b6-b8c6d92c1d14', success rate: 1/1.
[2026-08-30 10:49:12Z INFO JobServerQueue] Try to append 1 batches web console lines for record 'cfb3228f-a40e-406c-96b6-b8c6d92c1d14', success rate: 1/1.
[2026-08-30 10:49:12Z INFO JobServerQueue] Try to append 1 batches web console lines for record 'cfb3228f-a40e-406c-96b6-b8c6d92c1d14', success rate: 1/1.
[2026-08-30 10:49:13Z INFO JobServerQueue] Try to append 1 batches web console lines for record 'cfb3228f-a40e-406c-96b6-b8c6d92c1d14', success rate: 1/1.
[2026-08-30 10:49:13Z INFO JobServerQueue] Try to append 1 batches web console lines for record 'cfb3228f-a40e-406c-96b6-b8c6d92c1d14', success rate: 1/1.
[2026-08-30 10:49:14Z INFO JobServerQueue] Try to append 1 batches web console lines for record 'cfb3228f-a40e-406c-96b6-b8c6d92c1d14', success rate: 1/1.
[2026-08-30 10:49:14Z INFO JobServerQueue] Try to append 1 batches web console lines for record 'cfb3228f-a40e-406c-96b6-b8c6d92c1d14', success rate: 1/1.
[2026-08-30 10:49:15Z INFO JobServerQueue] Try to append 1 batches web console lines for record 'cfb3228f-a40e-406c-96b6-b8c6d92c1d14', success rate: 1/1.
[2026-08-30 10:49:15Z INFO JobServerQueue] Try to append 1 batches web console lines for record 'cfb3228f-a40e-406c-96b6-b8c6d92c1d14', success rate: 1/1.
[2026-08-30 10:49:16Z INFO JobServerQueue] Try to append 1 batches web console lines for record 'cfb3228f-a40e-406c-96b6-b8c6d92c1d14', success rate: 1/1.
[2026-08-30 10:49:16Z INFO JobServerQueue] Try to append 1 batches web console lines for record 'cfb3228f-a40e-406c-96b6-b8c6d92c1d14', success rate: 1/1.
[2026-08-30 10:49:17Z INFO JobServerQueue] Try to append 1 batches web console lines for record 'cfb3228f-a40e-406c-96b6-b8c6d92c1d14', success rate: 1/1.
[2026-08-30 10:49:17Z INFO JobServerQueue] Try to append 1 batches web console lines for record 'cfb3228f-a40e-406c-96b6-b8c6d92c1d14', success rate: 1/1.
[2026-08-30 10:49:18Z INFO JobServerQueue] Try to append 1 batches web console lines for record 'cfb3228f-a40e-406c-96b6-b8c6d92c1d14', success rate: 1/1.
[2026-08-30 10:49:18Z INFO JobServerQueue] Try to append 1 batches web console lines for record 'cfb3228f-a40e-406c-96b6-b8c6d92c1d14', success rate: 1/1.
[2026-08-30 10:49:19Z INFO JobServerQueue] Try to append 1 batches web console lines for record 'cfb3228f-a40e-406c-96b6-b8c6d92c1d14', success rate: 1/1.
[2026-08-30 10:49:19Z INFO JobServerQueue] Try to append 1 batches web console lines for record 'cfb3228f-a40e-406c-96b6-b8c6d92c1d14', success rate: 1/1.
[2026-08-30 10:49:20Z INFO JobServerQueue] Try to append 1 batches web console lines for record 'cfb3228f-a40e-406c-96b6-b8c6d92c1d14', success rate: 1/1.
[2026-08-30 10:49:20Z INFO JobServerQueue] Try to append 1 batches web console lines for record 'cfb3228f-a40e-406c-96b6-b8c6d92c1d14', success rate: 1/1.
[2026-08-30 10:49:21Z INFO JobServerQueue] Try to append 1 batches web console lines for record 'cfb3228f-a40e-406c-96b6-b8c6d92c1d14', success rate: 1/1.
[2026-08-30 10:49:21Z INFO HostContext] Well known directory 'Bin': 'C:\Users\krish\Documents\BITS\mlops-project\actions-runner\bin'
[2026-08-30 10:49:21Z INFO HostContext] Well known directory 'Root': 'C:\Users\krish\Documents\BITS\mlops-project\actions-runner'
[2026-08-30 10:49:21Z INFO HostContext] Well known directory 'Work': 'C:\Users\krish\Documents\BITS\mlops-project\actions-runner\_work'
[2026-08-30 10:49:21Z INFO JobServerQueue] Try to append 1 batches web console lines for record 'cfb3228f-a40e-406c-96b6-b8c6d92c1d14', success rate: 1/1.
[2026-08-30 10:49:22Z INFO JobServerQueue] Try to append 1 batches web console lines for record 'cfb3228f-a40e-406c-96b6-b8c6d92c1d14', success rate: 1/1.
[2026-08-30 10:49:23Z INFO JobServerQueue] Try to append 1 batches web console lines for record 'cfb3228f-a40e-406c-96b6-b8c6d92c1d14', success rate: 1/1.
[2026-08-30 10:49:23Z INFO JobServerQueue] Try to append 1 batches web console lines for record 'cfb3228f-a40e-406c-96b6-b8c6d92c1d14', success rate: 1/1.
[2026-08-30 10:49:24Z INFO JobServerQueue] Try to append 1 batches web console lines for record 'cfb3228f-a40e-406c-96b6-b8c6d92c1d14', success rate: 1/1.
[2026-08-30 10:49:24Z INFO JobServerQueue] Try to append 1 batches web console lines for record 'cfb3228f-a40e-406c-96b6-b8c6d92c1d14', success rate: 1/1.
[2026-08-30 10:49:25Z INFO JobServerQueue] Try to append 1 batches web console lines for record 'cfb3228f-a40e-406c-96b6-b8c6d92c1d14', success rate: 1/1.
[2026-08-30 10:49:25Z INFO JobServerQueue] Try to append 1 batches web console lines for record 'cfb3228f-a40e-406c-96b6-b8c6d92c1d14', success rate: 1/1.
[2026-08-30 10:49:26Z INFO JobServerQueue] Try to append 1 batches web console lines for record 'cfb3228f-a40e-406c-96b6-b8c6d92c1d14', success rate: 1/1.
[2026-08-30 10:49:26Z INFO JobServerQueue] Try to append 1 batches web console lines for record 'cfb3228f-a40e-406c-96b6-b8c6d92c1d14', success rate: 1/1.
[2026-08-30 10:49:27Z INFO JobServerQueue] Try to append 1 batches web console lines for record 'cfb3228f-a40e-406c-96b6-b8c6d92c1d14', success rate: 1/1.
[2026-08-30 10:49:27Z INFO JobServerQueue] Try to append 1 batches web console lines for record 'cfb3228f-a40e-406c-96b6-b8c6d92c1d14', success rate: 1/1.
[2026-08-30 10:49:29Z INFO JobServerQueue] Try to append 1 batches web console lines for record 'cfb3228f-a40e-406c-96b6-b8c6d92c1d14', success rate: 1/1.
[2026-08-30 10:49:30Z INFO JobServerQueue] Try to append 1 batches web console lines for record 'cfb3228f-a40e-406c-96b6-b8c6d92c1d14', success rate: 1/1.
[2026-08-30 10:49:30Z INFO ProcessInvokerWrapper] STDOUT/STDERR stream read finished.
[2026-08-30 10:49:30Z INFO ProcessInvokerWrapper] STDOUT/STDERR stream read finished.
[2026-08-30 10:49:30Z INFO ProcessInvokerWrapper] Finished process 14120 with exit code 1, and elapsed time 00:04:00.4439501.
[2026-08-30 10:49:30Z INFO CreateStepSummaryCommand] Step Summary file (C:\Users\krish\Documents\BITS\mlops-project\actions-runner\_work\_temp\_runner_file_commands\step_summary_1538f248-c130-4c77-9f8f-f7619e1f95a8) is empty; skipping attachment upload
[2026-08-30 10:49:30Z INFO StepsRunner] Step result: Failed
[2026-08-30 10:49:30Z INFO ExecutionContext] Publish step telemetry for current step {
  "action": "cmd",
  "type": "run",
  "stage": "Main",
  "stepId": "cfb3228f-a40e-406c-96b6-b8c6d92c1d14",
  "stepContextName": "__run_2",
  "result": "failed",
  "errorMessages": [
    "Process completed with exit code 1."
  ],
  "executionTimeInSeconds": 241,
  "startTime": "2026-08-30T10:45:30.0441503Z",
  "finishTime": "2026-08-30T10:49:30.7134778Z"
}.
[2026-08-30 10:49:30Z INFO StepsRunner] Update job result with current step result 'Failed'.
[2026-08-30 10:49:30Z INFO StepsRunner] Current state: job state = 'Failed'
[2026-08-30 10:49:30Z INFO StepsRunner] Processing step: DisplayName='Check deployment'
[2026-08-30 10:49:30Z INFO StepsRunner] Evaluating: success()
[2026-08-30 10:49:30Z INFO StepsRunner] Result: false
[2026-08-30 10:49:30Z INFO StepsRunner] Skipping step due to condition evaluation.
[2026-08-30 10:49:30Z INFO StepsRunner] No need for updating job result with current step result 'Skipped'.
[2026-08-30 10:49:30Z INFO StepsRunner] Current state: job state = 'Failed'
[2026-08-30 10:49:30Z INFO StepsRunner] Processing step: DisplayName='Wait for application'
[2026-08-30 10:49:30Z INFO StepsRunner] Evaluating: success()
[2026-08-30 10:49:30Z INFO StepsRunner] Result: false
[2026-08-30 10:49:30Z INFO StepsRunner] Skipping step due to condition evaluation.
[2026-08-30 10:49:30Z INFO StepsRunner] No need for updating job result with current step result 'Skipped'.
[2026-08-30 10:49:30Z INFO StepsRunner] Current state: job state = 'Failed'
[2026-08-30 10:49:30Z INFO StepsRunner] Processing step: DisplayName='Run smoke tests'
[2026-08-30 10:49:30Z INFO StepsRunner] Evaluating: success()
[2026-08-30 10:49:30Z INFO StepsRunner] Result: false
[2026-08-30 10:49:30Z INFO StepsRunner] Skipping step due to condition evaluation.
[2026-08-30 10:49:30Z INFO StepsRunner] No need for updating job result with current step result 'Skipped'.
[2026-08-30 10:49:30Z INFO StepsRunner] Current state: job state = 'Failed'
[2026-08-30 10:49:30Z INFO StepsRunner] Processing step: DisplayName='Post Checkout repository'
[2026-08-30 10:49:30Z INFO StepsRunner] Evaluating: always()
[2026-08-30 10:49:30Z INFO StepsRunner] Result: true
[2026-08-30 10:49:30Z INFO StepsRunner] Starting the step.
[2026-08-30 10:49:30Z INFO HostContext] Well known directory 'Bin': 'C:\Users\krish\Documents\BITS\mlops-project\actions-runner\bin'
[2026-08-30 10:49:30Z INFO HostContext] Well known directory 'Root': 'C:\Users\krish\Documents\BITS\mlops-project\actions-runner'
[2026-08-30 10:49:30Z INFO HostContext] Well known directory 'Work': 'C:\Users\krish\Documents\BITS\mlops-project\actions-runner\_work'
[2026-08-30 10:49:30Z INFO StepsRunner] Which2: 'chcp'
[2026-08-30 10:49:30Z INFO StepsRunner] Location: 'C:\WINDOWS\system32\chcp.COM'
[2026-08-30 10:49:30Z INFO ProcessInvokerWrapper] Starting process:
[2026-08-30 10:49:30Z INFO ProcessInvokerWrapper]   File name: 'C:\WINDOWS\system32\chcp.COM'
[2026-08-30 10:49:30Z INFO ProcessInvokerWrapper]   Arguments: '65001'
[2026-08-30 10:49:30Z INFO ProcessInvokerWrapper]   Working directory: 'C:\Users\krish\Documents\BITS\mlops-project\actions-runner\_work'
[2026-08-30 10:49:30Z INFO ProcessInvokerWrapper]   Require exit code zero: 'False'
[2026-08-30 10:49:30Z INFO ProcessInvokerWrapper]   Encoding web name:  ; code page: ''
[2026-08-30 10:49:30Z INFO ProcessInvokerWrapper]   Force kill process on cancellation: 'False'
[2026-08-30 10:49:30Z INFO ProcessInvokerWrapper]   Redirected STDIN: 'False'
[2026-08-30 10:49:30Z INFO ProcessInvokerWrapper]   Persist current code page: 'True'
[2026-08-30 10:49:30Z INFO ProcessInvokerWrapper]   Keep redirected STDIN open: 'False'
[2026-08-30 10:49:30Z INFO ProcessInvokerWrapper]   High priority process: 'False'
[2026-08-30 10:49:30Z INFO ProcessInvokerWrapper] Process started with process id 5892, waiting for process exit.
[2026-08-30 10:49:30Z INFO JobServerQueue] Got a step log file to send to results service.
[2026-08-30 10:49:30Z INFO JobServerQueue] Starting upload of step log file to results service ResultsLog, C:\Users\krish\Documents\BITS\mlops-project\actions-runner\_diag\blocks\4ef10336-b47b-4cbe-85c1-fdab51f09491_cfb3228f-a40e-406c-96b6-b8c6d92c1d14.1
[2026-08-30 10:49:30Z INFO JobServerQueue] Try to upload 1 log files or attachments, success rate: 1/1.
[2026-08-30 10:49:30Z INFO ProcessInvokerWrapper] STDOUT/STDERR stream read finished.
[2026-08-30 10:49:30Z INFO ProcessInvokerWrapper] STDOUT/STDERR stream read finished.
[2026-08-30 10:49:30Z INFO ProcessInvokerWrapper] Finished process 5892 with exit code 0, and elapsed time 00:00:00.0761676.
[2026-08-30 10:49:30Z INFO StepsRunner] Successfully returned to code page 65001 (UTF8)
[2026-08-30 10:49:30Z INFO HostContext] Well known directory 'Bin': 'C:\Users\krish\Documents\BITS\mlops-project\actions-runner\bin'
[2026-08-30 10:49:30Z INFO HostContext] Well known directory 'Root': 'C:\Users\krish\Documents\BITS\mlops-project\actions-runner'
[2026-08-30 10:49:30Z INFO HostContext] Well known directory 'Work': 'C:\Users\krish\Documents\BITS\mlops-project\actions-runner\_work'
[2026-08-30 10:49:30Z INFO HostContext] Well known directory 'Actions': 'C:\Users\krish\Documents\BITS\mlops-project\actions-runner\_work\_actions'
[2026-08-30 10:49:30Z INFO ActionManager] Load action that reference repository from 'C:\Users\krish\Documents\BITS\mlops-project\actions-runner\_work\_actions\actions\checkout\v4'
[2026-08-30 10:49:30Z INFO HostContext] Well known directory 'Bin': 'C:\Users\krish\Documents\BITS\mlops-project\actions-runner\bin'
[2026-08-30 10:49:30Z INFO HostContext] Well known directory 'Root': 'C:\Users\krish\Documents\BITS\mlops-project\actions-runner'
[2026-08-30 10:49:30Z INFO HostContext] Well known directory 'Work': 'C:\Users\krish\Documents\BITS\mlops-project\actions-runner\_work'
[2026-08-30 10:49:30Z INFO HostContext] Well known directory 'Actions': 'C:\Users\krish\Documents\BITS\mlops-project\actions-runner\_work\_actions'
[2026-08-30 10:49:30Z INFO ActionManifestManagerLegacy] Loaded action.yml file: {
  "name": "Checkout",
  "description": "Checkout a Git repository at a particular version",
  "inputs": {
    "type": 2,
    "map": [
      {
        "key": {
          "type": 0,
          "file": 2,
          "line": 4,
          "col": 3,
          "lit": "repository"
        },
        "value": {
          "type": 3,
          "file": 2,
          "line": 6,
          "col": 14,
          "expr": "github.repository"
        }
      },
      {
        "key": {
          "type": 0,
          "file": 2,
          "line": 7,
          "col": 3,
          "lit": "ref"
        },
        "value": ""
      },
      {
        "key": {
          "type": 0,
          "file": 2,
          "line": 12,
          "col": 3,
          "lit": "token"
        },
        "value": {
          "type": 3,
          "file": 2,
          "line": 24,
          "col": 14,
          "expr": "github.token"
        }
      },
      {
        "key": {
          "type": 0,
          "file": 2,
          "line": 25,
          "col": 3,
          "lit": "ssh-key"
        },
        "value": ""
      },
      {
        "key": {
          "type": 0,
          "file": 2,
          "line": 37,
          "col": 3,
          "lit": "ssh-known-hosts"
        },
        "value": ""
      },
      {
        "key": {
          "type": 0,
          "file": 2,
          "line": 42,
          "col": 3,
          "lit": "ssh-strict"
        },
        "value": {
          "type": 0,
          "file": 2,
          "line": 47,
          "col": 14,
          "lit": "true"
        }
      },
      {
        "key": {
          "type": 0,
          "file": 2,
          "line": 48,
          "col": 3,
          "lit": "ssh-user"
        },
        "value": {
          "type": 0,
          "file": 2,
          "line": 51,
          "col": 14,
          "lit": "git"
        }
      },
      {
        "key": {
          "type": 0,
          "file": 2,
          "line": 52,
          "col": 3,
          "lit": "persist-credentials"
        },
        "value": {
          "type": 0,
          "file": 2,
          "line": 54,
          "col": 14,
          "lit": "true"
        }
      },
      {
        "key": {
          "type": 0,
          "file": 2,
          "line": 55,
          "col": 3,
          "lit": "path"
        },
        "value": ""
      },
      {
        "key": {
          "type": 0,
          "file": 2,
          "line": 57,
          "col": 3,
          "lit": "clean"
        },
        "value": {
          "type": 0,
          "file": 2,
          "line": 59,
          "col": 14,
          "lit": "true"
        }
      },
      {
        "key": {
          "type": 0,
          "file": 2,
          "line": 60,
          "col": 3,
          "lit": "filter"
        },
        "value": {
          "type": 0,
          "file": 2,
          "line": 64,
          "col": 14,
          "lit": ""
        }
      },
      {
        "key": {
          "type": 0,
          "file": 2,
          "line": 65,
          "col": 3,
          "lit": "sparse-checkout"
        },
        "value": {
          "type": 0,
          "file": 2,
          "line": 69,
          "col": 14,
          "lit": ""
        }
      },
      {
        "key": {
          "type": 0,
          "file": 2,
          "line": 70,
          "col": 3,
          "lit": "sparse-checkout-cone-mode"
        },
        "value": {
          "type": 0,
          "file": 2,
          "line": 73,
          "col": 14,
          "lit": "true"
        }
      },
      {
        "key": {
          "type": 0,
          "file": 2,
          "line": 74,
          "col": 3,
          "lit": "fetch-depth"
        },
        "value": {
          "type": 0,
          "file": 2,
          "line": 76,
          "col": 14,
          "lit": "1"
        }
      },
      {
        "key": {
          "type": 0,
          "file": 2,
          "line": 77,
          "col": 3,
          "lit": "fetch-tags"
        },
        "value": {
          "type": 0,
          "file": 2,
          "line": 79,
          "col": 14,
          "lit": "false"
        }
      },
      {
        "key": {
          "type": 0,
          "file": 2,
          "line": 80,
          "col": 3,
          "lit": "show-progress"
        },
        "value": {
          "type": 0,
          "file": 2,
          "line": 82,
          "col": 14,
          "lit": "true"
        }
      },
      {
        "key": {
          "type": 0,
          "file": 2,
          "line": 83,
          "col": 3,
          "lit": "lfs"
        },
        "value": {
          "type": 0,
          "file": 2,
          "line": 85,
          "col": 14,
          "lit": "false"
        }
      },
      {
        "key": {
          "type": 0,
          "file": 2,
          "line": 86,
          "col": 3,
          "lit": "submodules"
        },
        "value": {
          "type": 0,
          "file": 2,
          "line": 94,
          "col": 14,
          "lit": "false"
        }
      },
      {
        "key": {
          "type": 0,
          "file": 2,
          "line": 95,
          "col": 3,
          "lit": "set-safe-directory"
        },
        "value": {
          "type": 0,
          "file": 2,
          "line": 97,
          "col": 14,
          "lit": "true"
        }
      },
      {
        "key": {
          "type": 0,
          "file": 2,
          "line": 98,
          "col": 3,
          "lit": "github-server-url"
        },
        "value": ""
      },
      {
        "key": {
          "type": 0,
          "file": 2,
          "line": 101,
          "col": 3,
          "lit": "allow-unsafe-pr-checkout"
        },
        "value": {
          "type": 0,
          "file": 2,
          "line": 109,
          "col": 14,
          "lit": "false"
        }
      }
    ]
  },
  "execution": {
    "executionType": "nodeJS",
    "hasPre": false,
    "hasPost": true,
    "script": "dist/index.js",
    "pre": null,
    "post": "dist/index.js",
    "nodeVersion": "node20",
    "cleanupCondition": "always()",
    "initCondition": "always()"
  },
  "deprecated": null
}
[2026-08-30 10:49:30Z INFO ActionManager] Action pre node.js file: N/A.
[2026-08-30 10:49:30Z INFO ActionManager] Action node.js file: dist/index.js.
[2026-08-30 10:49:30Z INFO ActionManager] Action post node.js file: dist/index.js.
[2026-08-30 10:49:30Z INFO HostContext] Well known directory 'Bin': 'C:\Users\krish\Documents\BITS\mlops-project\actions-runner\bin'
[2026-08-30 10:49:30Z INFO HostContext] Well known directory 'Root': 'C:\Users\krish\Documents\BITS\mlops-project\actions-runner'
[2026-08-30 10:49:30Z INFO HostContext] Well known directory 'Work': 'C:\Users\krish\Documents\BITS\mlops-project\actions-runner\_work'
[2026-08-30 10:49:30Z INFO HostContext] Well known directory 'Temp': 'C:\Users\krish\Documents\BITS\mlops-project\actions-runner\_work\_temp'
[2026-08-30 10:49:30Z INFO ExecutionContext] Write event payload to C:\Users\krish\Documents\BITS\mlops-project\actions-runner\_work\_temp\_github_workflow\event.json
[2026-08-30 10:49:30Z INFO HostContext] Well known directory 'Bin': 'C:\Users\krish\Documents\BITS\mlops-project\actions-runner\bin'
[2026-08-30 10:49:30Z INFO HostContext] Well known directory 'Root': 'C:\Users\krish\Documents\BITS\mlops-project\actions-runner'
[2026-08-30 10:49:30Z INFO HostContext] Well known directory 'Work': 'C:\Users\krish\Documents\BITS\mlops-project\actions-runner\_work'
[2026-08-30 10:49:30Z INFO HostContext] Well known directory 'Temp': 'C:\Users\krish\Documents\BITS\mlops-project\actions-runner\_work\_temp'
[2026-08-30 10:49:30Z INFO ExtensionManager] Getting extensions for interface: 'GitHub.Runner.Worker.IFileCommandExtension'
[2026-08-30 10:49:30Z INFO JobServerQueue] Try to append 1 batches web console lines for record 'cfb3228f-a40e-406c-96b6-b8c6d92c1d14', success rate: 1/1.
[2026-08-30 10:49:30Z INFO ActionManifestManagerLegacy] Input 'repository': default value evaluate result: {
  "type": 0,
  "file": 2,
  "line": 6,
  "col": 14,
  "lit": "2024ac05127-tech/assignment2"
}
[2026-08-30 10:49:30Z INFO ActionManifestManagerLegacy] Input 'ref': default value evaluate result: ""
[2026-08-30 10:49:30Z INFO ActionManifestManagerLegacy] Input 'token': default value evaluate result: {
  "type": 0,
  "file": 2,
  "line": 24,
  "col": 14,
  "lit": "***"
}
[2026-08-30 10:49:30Z INFO ActionManifestManagerLegacy] Input 'ssh-key': default value evaluate result: ""
[2026-08-30 10:49:30Z INFO ActionManifestManagerLegacy] Input 'ssh-known-hosts': default value evaluate result: ""
[2026-08-30 10:49:30Z INFO ActionManifestManagerLegacy] Input 'ssh-strict': default value evaluate result: {
  "type": 0,
  "file": 2,
  "line": 47,
  "col": 14,
  "lit": "true"
}
[2026-08-30 10:49:30Z INFO ActionManifestManagerLegacy] Input 'ssh-user': default value evaluate result: {
  "type": 0,
  "file": 2,
  "line": 51,
  "col": 14,
  "lit": "git"
}
[2026-08-30 10:49:30Z INFO ActionManifestManagerLegacy] Input 'persist-credentials': default value evaluate result: {
  "type": 0,
  "file": 2,
  "line": 54,
  "col": 14,
  "lit": "true"
}
[2026-08-30 10:49:30Z INFO ActionManifestManagerLegacy] Input 'path': default value evaluate result: ""
[2026-08-30 10:49:30Z INFO ActionManifestManagerLegacy] Input 'clean': default value evaluate result: {
  "type": 0,
  "file": 2,
  "line": 59,
  "col": 14,
  "lit": "true"
}
[2026-08-30 10:49:30Z INFO ActionManifestManagerLegacy] Input 'filter': default value evaluate result: {
  "type": 0,
  "file": 2,
  "line": 64,
  "col": 14,
  "lit": ""
}
[2026-08-30 10:49:30Z INFO ActionManifestManagerLegacy] Input 'sparse-checkout': default value evaluate result: {
  "type": 0,
  "file": 2,
  "line": 69,
  "col": 14,
  "lit": ""
}
[2026-08-30 10:49:30Z INFO ActionManifestManagerLegacy] Input 'sparse-checkout-cone-mode': default value evaluate result: {
  "type": 0,
  "file": 2,
  "line": 73,
  "col": 14,
  "lit": "true"
}
[2026-08-30 10:49:30Z INFO ActionManifestManagerLegacy] Input 'fetch-depth': default value evaluate result: {
  "type": 0,
  "file": 2,
  "line": 76,
  "col": 14,
  "lit": "1"
}
[2026-08-30 10:49:30Z INFO ActionManifestManagerLegacy] Input 'fetch-tags': default value evaluate result: {
  "type": 0,
  "file": 2,
  "line": 79,
  "col": 14,
  "lit": "false"
}
[2026-08-30 10:49:30Z INFO ActionManifestManagerLegacy] Input 'show-progress': default value evaluate result: {
  "type": 0,
  "file": 2,
  "line": 82,
  "col": 14,
  "lit": "true"
}
[2026-08-30 10:49:30Z INFO ActionManifestManagerLegacy] Input 'lfs': default value evaluate result: {
  "type": 0,
  "file": 2,
  "line": 85,
  "col": 14,
  "lit": "false"
}
[2026-08-30 10:49:30Z INFO ActionManifestManagerLegacy] Input 'submodules': default value evaluate result: {
  "type": 0,
  "file": 2,
  "line": 94,
  "col": 14,
  "lit": "false"
}
[2026-08-30 10:49:30Z INFO ActionManifestManagerLegacy] Input 'set-safe-directory': default value evaluate result: {
  "type": 0,
  "file": 2,
  "line": 97,
  "col": 14,
  "lit": "true"
}
[2026-08-30 10:49:30Z INFO ActionManifestManagerLegacy] Input 'github-server-url': default value evaluate result: ""
[2026-08-30 10:49:30Z INFO ActionManifestManagerLegacy] Input 'allow-unsafe-pr-checkout': default value evaluate result: {
  "type": 0,
  "file": 2,
  "line": 109,
  "col": 14,
  "lit": "false"
}
[2026-08-30 10:49:30Z INFO ExtensionManager] Getting extensions for interface: 'GitHub.Runner.Worker.IActionCommandExtension'
[2026-08-30 10:49:30Z INFO ActionCommandManager] Register action command extension for command internal-set-repo-path
[2026-08-30 10:49:30Z INFO ActionCommandManager] Register action command extension for command set-env
[2026-08-30 10:49:30Z INFO ActionCommandManager] Register action command extension for command set-output
[2026-08-30 10:49:30Z INFO ActionCommandManager] Register action command extension for command save-state
[2026-08-30 10:49:30Z INFO ActionCommandManager] Register action command extension for command add-path
[2026-08-30 10:49:30Z INFO ActionCommandManager] Register action command extension for command add-mask
[2026-08-30 10:49:30Z INFO ActionCommandManager] Register action command extension for command add-matcher
[2026-08-30 10:49:30Z INFO ActionCommandManager] Register action command extension for command remove-matcher
[2026-08-30 10:49:30Z INFO ActionCommandManager] Register action command extension for command warning
[2026-08-30 10:49:30Z INFO ActionCommandManager] Register action command extension for command error
[2026-08-30 10:49:30Z INFO ActionCommandManager] Register action command extension for command notice
[2026-08-30 10:49:30Z INFO ActionCommandManager] Register action command extension for command debug
[2026-08-30 10:49:30Z INFO ActionCommandManager] Register action command extension for command group
[2026-08-30 10:49:30Z INFO ActionCommandManager] Register action command extension for command endgroup
[2026-08-30 10:49:30Z INFO ActionCommandManager] Register action command extension for command echo
[2026-08-30 10:49:30Z INFO HostContext] Well known directory 'Bin': 'C:\Users\krish\Documents\BITS\mlops-project\actions-runner\bin'
[2026-08-30 10:49:30Z INFO HostContext] Well known directory 'Root': 'C:\Users\krish\Documents\BITS\mlops-project\actions-runner'
[2026-08-30 10:49:30Z INFO HostContext] Well known directory 'Externals': 'C:\Users\krish\Documents\BITS\mlops-project\actions-runner\externals'
[2026-08-30 10:49:30Z INFO ProcessInvokerWrapper] Starting process:
[2026-08-30 10:49:30Z INFO ProcessInvokerWrapper]   File name: 'C:\Users\krish\Documents\BITS\mlops-project\actions-runner\externals\node24\bin\node.exe'
[2026-08-30 10:49:30Z INFO ProcessInvokerWrapper]   Arguments: '"C:\Users\krish\Documents\BITS\mlops-project\actions-runner\_work\_actions\actions\checkout\v4\dist/index.js"'
[2026-08-30 10:49:30Z INFO ProcessInvokerWrapper]   Working directory: 'C:\Users\krish\Documents\BITS\mlops-project\actions-runner\_work\assignment2\assignment2'
[2026-08-30 10:49:30Z INFO ProcessInvokerWrapper]   Require exit code zero: 'False'
[2026-08-30 10:49:30Z INFO ProcessInvokerWrapper]   Encoding web name: utf-8 ; code page: '65001'
[2026-08-30 10:49:30Z INFO ProcessInvokerWrapper]   Force kill process on cancellation: 'False'
[2026-08-30 10:49:30Z INFO ProcessInvokerWrapper]   Redirected STDIN: 'False'
[2026-08-30 10:49:30Z INFO ProcessInvokerWrapper]   Persist current code page: 'True'
[2026-08-30 10:49:30Z INFO ProcessInvokerWrapper]   Keep redirected STDIN open: 'False'
[2026-08-30 10:49:30Z INFO ProcessInvokerWrapper]   High priority process: 'False'
[2026-08-30 10:49:31Z INFO JobServerQueue] Try to append 1 batches web console lines for record '486b04bd-ada7-479d-af3a-d8ccd3dcd59f', success rate: 1/1.
[2026-08-30 10:49:31Z INFO HostContext] Well known directory 'Bin': 'C:\Users\krish\Documents\BITS\mlops-project\actions-runner\bin'
[2026-08-30 10:49:31Z INFO HostContext] Well known directory 'Root': 'C:\Users\krish\Documents\BITS\mlops-project\actions-runner'
[2026-08-30 10:49:31Z INFO HostContext] Well known directory 'Work': 'C:\Users\krish\Documents\BITS\mlops-project\actions-runner\_work'
[2026-08-30 10:49:34Z INFO JobServerQueue] Tried to upload 1 file(s) to results, success rate: 1/1.
[2026-08-30 10:49:36Z INFO ProcessInvokerWrapper] Process started with process id 14124, waiting for process exit.
[2026-08-30 10:49:37Z INFO JobServerQueue] Try to append 1 batches web console lines for record '486b04bd-ada7-479d-af3a-d8ccd3dcd59f', success rate: 1/1.
[2026-08-30 10:49:37Z INFO AddMaskCommandExtension] Add new secret mask with length of 32
[2026-08-30 10:49:37Z INFO JobServerQueue] Try to append 1 batches web console lines for record '486b04bd-ada7-479d-af3a-d8ccd3dcd59f', success rate: 1/1.
[2026-08-30 10:49:40Z INFO JobServerQueue] Try to append 1 batches web console lines for record '486b04bd-ada7-479d-af3a-d8ccd3dcd59f', success rate: 1/1.
[2026-08-30 10:49:41Z INFO HostContext] Well known directory 'Bin': 'C:\Users\krish\Documents\BITS\mlops-project\actions-runner\bin'
[2026-08-30 10:49:41Z INFO HostContext] Well known directory 'Root': 'C:\Users\krish\Documents\BITS\mlops-project\actions-runner'
[2026-08-30 10:49:41Z INFO HostContext] Well known directory 'Work': 'C:\Users\krish\Documents\BITS\mlops-project\actions-runner\_work'
[2026-08-30 10:49:42Z INFO JobServerQueue] Try to append 1 batches web console lines for record '486b04bd-ada7-479d-af3a-d8ccd3dcd59f', success rate: 1/1.
[2026-08-30 10:49:46Z INFO ProcessInvokerWrapper] STDOUT/STDERR stream read finished.
[2026-08-30 10:49:46Z INFO ProcessInvokerWrapper] STDOUT/STDERR stream read finished.
[2026-08-30 10:49:46Z INFO ProcessInvokerWrapper] Finished process 14124 with exit code 0, and elapsed time 00:00:15.2361216.
[2026-08-30 10:49:46Z INFO CreateStepSummaryCommand] Step Summary file (C:\Users\krish\Documents\BITS\mlops-project\actions-runner\_work\_temp\_runner_file_commands\step_summary_aa8a5108-0386-45ba-9a5b-f258f245ff0d) is empty; skipping attachment upload
[2026-08-30 10:49:46Z INFO StepsRunner] Step result: 
[2026-08-30 10:49:46Z INFO ExecutionContext] Publish step telemetry for current step {
  "action": "actions/checkout",
  "ref": "v4",
  "type": "node24",
  "stage": "Post",
  "stepId": "486b04bd-ada7-479d-af3a-d8ccd3dcd59f",
  "result": "succeeded",
  "errorMessages": [],
  "executionTimeInSeconds": 16,
  "startTime": "2026-08-30T10:49:30.7789399Z",
  "finishTime": "2026-08-30T10:49:46.2151971Z"
}.
[2026-08-30 10:49:46Z INFO StepsRunner] No need for updating job result with current step result 'Succeeded'.
[2026-08-30 10:49:46Z INFO StepsRunner] Current state: job state = 'Failed'
[2026-08-30 10:49:46Z INFO JobRunner] Finalize job.
[2026-08-30 10:49:46Z INFO HostContext] Well known directory 'Bin': 'C:\Users\krish\Documents\BITS\mlops-project\actions-runner\bin'
[2026-08-30 10:49:46Z INFO HostContext] Well known directory 'Root': 'C:\Users\krish\Documents\BITS\mlops-project\actions-runner'
[2026-08-30 10:49:46Z INFO HostContext] Well known directory 'Diag': 'C:\Users\krish\Documents\BITS\mlops-project\actions-runner\_diag'
[2026-08-30 10:49:46Z INFO HostContext] Well known directory 'Bin': 'C:\Users\krish\Documents\BITS\mlops-project\actions-runner\bin'
[2026-08-30 10:49:46Z INFO HostContext] Well known directory 'Root': 'C:\Users\krish\Documents\BITS\mlops-project\actions-runner'
[2026-08-30 10:49:46Z INFO HostContext] Well known directory 'Diag': 'C:\Users\krish\Documents\BITS\mlops-project\actions-runner\_diag'
[2026-08-30 10:49:46Z INFO JobExtension] Initialize Env context
[2026-08-30 10:49:46Z INFO JobExtension] Initialize steps context
[2026-08-30 10:49:46Z INFO JobExtension] Total accessible running process: 308.
[2026-08-30 10:49:46Z INFO JobExtension] Inspecting process environment variables. PID: 20672 (svchost)
[2026-08-30 10:49:46Z WARN JobExtension] Ignore exception during read process environment variables: Access is denied.
[2026-08-30 10:49:46Z INFO JobServerQueue] Got a step log file to send to results service.
[2026-08-30 10:49:46Z INFO JobServerQueue] Starting upload of step log file to results service ResultsLog, C:\Users\krish\Documents\BITS\mlops-project\actions-runner\_diag\blocks\4ef10336-b47b-4cbe-85c1-fdab51f09491_486b04bd-ada7-479d-af3a-d8ccd3dcd59f.1
[2026-08-30 10:49:46Z INFO JobServerQueue] Try to append 1 batches web console lines for record 'd626e44e-59fb-495f-b628-147272ceea7a', success rate: 1/1.
[2026-08-30 10:49:46Z INFO JobExtension] Inspecting process environment variables. PID: 3564 (OneDrive.Sync.Service)
[2026-08-30 10:49:47Z INFO JobExtension] Inspecting process environment variables. PID: 3440 (backgroundTaskHost)
[2026-08-30 10:49:47Z INFO JobServerQueue] Try to upload 1 log files or attachments, success rate: 1/1.
[2026-08-30 10:49:48Z INFO JobExtension] Inspecting process environment variables. PID: 18140 (RuntimeBroker)
[2026-08-30 10:49:48Z INFO JobExtension] Inspecting process environment variables. PID: 22048 (svchost)
[2026-08-30 10:49:48Z WARN JobExtension] Ignore exception during read process environment variables: Access is denied.
[2026-08-30 10:49:48Z INFO JobExtension] Wait for all connectivity checks to finish.
[2026-08-30 10:49:50Z INFO JobServerQueue] Tried to upload 1 file(s) to results, success rate: 1/1.
[2026-08-30 10:49:50Z INFO JobExtension] Connectivity check result: {
  "endpointUrl": "https://broker.actions.githubusercontent.com/health",
  "endpointIPs": null,
  "startTime": "2026-08-30T10:41:50.2419479Z",
  "statusCode": "http_OK",
  "requestId": "D276:283707:1790E3E:18200B0:6A9408EE",
  "httpRequestDurationInMs": 725,
  "dnsResolutionDurationInMs": 0,
  "dnsError": null
}
[2026-08-30 10:49:50Z INFO JobExtension] Connectivity check result: {
  "endpointUrl": "https://token.actions.githubusercontent.com/ready",
  "endpointIPs": null,
  "startTime": "2026-08-30T10:41:50.2446021Z",
  "statusCode": "http_NoContent",
  "requestId": "D279:3CE523:2C2BB7E:384B36C:6A9408EF",
  "httpRequestDurationInMs": 855,
  "dnsResolutionDurationInMs": 0,
  "dnsError": null
}
[2026-08-30 10:49:50Z INFO JobExtension] Connectivity check result: {
  "endpointUrl": "https://run.actions.githubusercontent.com/health",
  "endpointIPs": null,
  "startTime": "2026-08-30T10:41:50.2450983Z",
  "statusCode": "http_OK",
  "requestId": "D277:334BC4:1799923:1828DD9:6A9408EE",
  "httpRequestDurationInMs": 722,
  "dnsResolutionDurationInMs": 0,
  "dnsError": null
}
[2026-08-30 10:49:50Z INFO ExecutionContext] Publish step telemetry for current step {
  "action": "complete_job",
  "type": "runner",
  "stage": "Post",
  "stepId": "d626e44e-59fb-495f-b628-147272ceea7a",
  "result": "succeeded",
  "errorMessages": [
    "Node.js 20 is deprecated. The following actions target Node.js 20 but are being forced to run on Node.js 24: actions/checkout@v4. For more information see: https://github.blog/changelog/2025-09-19-deprecation-of-node-20-on-github-actions-runners/"
  ],
  "executionTimeInSeconds": 5,
  "startTime": "2026-08-30T10:49:46.2609104Z",
  "finishTime": "2026-08-30T10:49:50.9548687Z"
}.
[2026-08-30 10:49:50Z INFO JobRunner] Job result after all job steps finish: Failed
[2026-08-30 10:49:50Z INFO JobRunner] Completing the job execution context.
[2026-08-30 10:49:50Z INFO JobRunner] Shutting down the job server queue.
[2026-08-30 10:49:50Z INFO JobServerQueue] Fire signal to shutdown all queues.
[2026-08-30 10:49:51Z INFO JobServerQueue] All queue process task stopped.
[2026-08-30 10:49:51Z INFO JobServerQueue] Try to append 1 batches web console lines for record 'd626e44e-59fb-495f-b628-147272ceea7a', success rate: 1/1.
[2026-08-30 10:49:51Z INFO JobServerQueue] Web console line queue drained.
[2026-08-30 10:49:51Z INFO JobServerQueue] Uploading 2 files in one shot.
[2026-08-30 10:49:51Z INFO JobServerQueue] Try to upload 2 log files or attachments, success rate: 2/2.
[2026-08-30 10:49:51Z INFO JobServerQueue] File upload queue drained.
[2026-08-30 10:49:51Z INFO JobServerQueue] Starting results-based upload queue...
[2026-08-30 10:49:51Z INFO JobServerQueue] Uploading 2 file(s) in one shot through results service.
[2026-08-30 10:49:51Z INFO JobServerQueue] Got a step log file to send to results service.
[2026-08-30 10:49:51Z INFO JobServerQueue] Starting upload of step log file to results service ResultsLog, C:\Users\krish\Documents\BITS\mlops-project\actions-runner\_diag\blocks\4ef10336-b47b-4cbe-85c1-fdab51f09491_d626e44e-59fb-495f-b628-147272ceea7a.1
[2026-08-30 10:49:52Z INFO JobServerQueue] Got a job log file to send to results service.
[2026-08-30 10:49:52Z INFO JobServerQueue] Starting upload of job log file to results service ResultsLog, C:\Users\krish\Documents\BITS\mlops-project\actions-runner\_diag\blocks\4ef10336-b47b-4cbe-85c1-fdab51f09491_17ab98fa-c08a-544f-88fe-d5aa03307ea7.1
[2026-08-30 10:49:54Z INFO JobServerQueue] Tried to upload 2 file(s) to results, success rate: 2/2.
[2026-08-30 10:49:54Z INFO JobServerQueue] Results upload queue drained.
[2026-08-30 10:49:54Z INFO JobServerQueue] Timeline update queue drained.
[2026-08-30 10:49:54Z INFO JobServerQueue] Disposing job server ...
[2026-08-30 10:49:54Z INFO JobServerQueue] Disposing results server ...
[2026-08-30 10:49:54Z INFO JobServerQueue] All queue process tasks have been stopped, and all queues are drained.
[2026-08-30 10:49:54Z INFO TempDirectoryManager] Cleaning runner temp folder: C:\Users\krish\Documents\BITS\mlops-project\actions-runner\_work\_temp
[2026-08-30 10:49:55Z INFO HostContext] Well known directory 'Bin': 'C:\Users\krish\Documents\BITS\mlops-project\actions-runner\bin'
[2026-08-30 10:49:55Z INFO HostContext] Well known directory 'Root': 'C:\Users\krish\Documents\BITS\mlops-project\actions-runner'
[2026-08-30 10:49:55Z INFO HostContext] Well known directory 'Diag': 'C:\Users\krish\Documents\BITS\mlops-project\actions-runner\_diag'
[2026-08-30 10:49:55Z INFO HostContext] Well known config file 'Telemetry': 'C:\Users\krish\Documents\BITS\mlops-project\actions-runner\_diag\.telemetry'
[2026-08-30 10:49:55Z INFO JobRunner] Raising job completed against run service
[2026-08-30 10:49:56Z INFO Worker] Job completed.
