[2026-08-30 12:19:10Z INFO HostContext] No proxy settings were found based on environmental variables (http_proxy/https_proxy/HTTP_PROXY/HTTPS_PROXY)
[2026-08-30 12:19:10Z INFO HostContext] Well known directory 'Bin': 'C:\Users\krish\Documents\BITS\mlops-project\actions-runner\bin'
[2026-08-30 12:19:10Z INFO HostContext] Well known directory 'Root': 'C:\Users\krish\Documents\BITS\mlops-project\actions-runner'
[2026-08-30 12:19:10Z INFO HostContext] Well known config file 'Credentials': 'C:\Users\krish\Documents\BITS\mlops-project\actions-runner\.credentials'
[2026-08-30 12:19:10Z INFO HostContext] Well known directory 'Bin': 'C:\Users\krish\Documents\BITS\mlops-project\actions-runner\bin'
[2026-08-30 12:19:10Z INFO HostContext] Well known directory 'Root': 'C:\Users\krish\Documents\BITS\mlops-project\actions-runner'
[2026-08-30 12:19:10Z INFO HostContext] Well known config file 'Runner': 'C:\Users\krish\Documents\BITS\mlops-project\actions-runner\.runner'
[2026-08-30 12:19:10Z INFO Worker] Version: 2.336.0
[2026-08-30 12:19:10Z INFO Worker] Commit: 98aabcd429c4e8402406c56ce2d26387fed3b9ce
[2026-08-30 12:19:10Z INFO Worker] Culture: en-IN
[2026-08-30 12:19:10Z INFO Worker] UI Culture: en-US
[2026-08-30 12:19:11Z INFO Worker] Waiting to receive the job message from the channel.
[2026-08-30 12:19:11Z INFO ProcessChannel] Receiving message of length 24507, with hash 'cbce04d6c0bf2edd86f65dfff58bc147f0b25bf973811eac91ce64231c216a53'
[2026-08-30 12:19:11Z INFO Worker] Message received.
[2026-08-30 12:19:11Z INFO Worker] Job message:
 {
  "defaults": [
    {
      "type": 2,
      "file": 1,
      "line": 14,
      "col": 7,
      "map": [
        {
          "key": {
            "type": 0,
            "file": 1,
            "line": 14,
            "col": 7,
            "lit": "run"
          },
          "value": {
            "type": 2,
            "file": 1,
            "line": 15,
            "col": 9,
            "map": [
              {
                "key": {
                  "type": 0,
                  "file": 1,
                  "line": 15,
                  "col": 9,
                  "lit": "shell"
                },
                "value": {
                  "type": 0,
                  "file": 1,
                  "line": 15,
                  "col": 16,
                  "lit": "cmd"
                }
              }
            ]
          }
        }
      ]
    }
  ],
  "fileTable": [
    ".github/workflows/cd.yml"
  ],
  "mask": [
    {
      "type": "regex",
      "value": "***"
    },
    {
      "type": "regex",
      "value": "***"
    },
    {
      "type": "regex",
      "value": "***"
    },
    {
      "type": "regex",
      "value": "***"
    },
    {
      "type": "regex",
      "value": "***"
    },
    {
      "type": "regex",
      "value": "***"
    },
    {
      "type": "regex",
      "value": "***"
    },
    {
      "type": "regex",
      "value": "***"
    },
    {
      "type": "regex",
      "value": "***"
    },
    {
      "type": "regex",
      "value": "***"
    },
    {
      "type": "regex",
      "value": "***"
    },
    {
      "type": "regex",
      "value": "***"
    },
    {
      "type": "regex",
      "value": "***"
    },
    {
      "type": "regex",
      "value": "***"
    },
    {
      "type": "regex",
      "value": "***"
    },
    {
      "type": "regex",
      "value": "***"
    },
    {
      "type": "regex",
      "value": "***"
    },
    {
      "type": "regex",
      "value": "***"
    },
    {
      "type": "regex",
      "value": "***"
    },
    {
      "type": "regex",
      "value": "***"
    },
    {
      "type": "regex",
      "value": "***"
    },
    {
      "type": "regex",
      "value": "***"
    },
    {
      "type": "regex",
      "value": "***"
    },
    {
      "type": "regex",
      "value": "***"
    }
  ],
  "steps": [
    {
      "type": "action",
      "reference": {
        "type": "repository",
        "name": "actions/checkout",
        "ref": "v4",
        "repositoryType": "GitHub"
      },
      "displayNameToken": {
        "type": 0,
        "file": 1,
        "line": 19,
        "col": 15,
        "lit": "Checkout repository"
      },
      "contextName": "__actions_checkout",
      "condition": "success()",
      "id": "f298d46a-c57a-40fa-a48c-17190dcd3a6f",
      "name": "__actions_checkout"
    },
    {
      "type": "action",
      "reference": {
        "type": "script"
      },
      "displayNameToken": {
        "type": 0,
        "file": 1,
        "line": 22,
        "col": 15,
        "lit": "Pull latest Docker image"
      },
      "contextName": "__run",
      "inputs": {
        "type": 2,
        "map": [
          {
            "key": "script",
            "value": {
              "type": 0,
              "file": 1,
              "line": 23,
              "col": 14,
              "lit": "docker compose pull\n"
            }
          }
        ]
      },
      "condition": "success()",
      "id": "8115c09d-84aa-447e-8d1a-9f554f1b3432",
      "name": "__run"
    },
    {
      "type": "action",
      "reference": {
        "type": "script"
      },
      "displayNameToken": {
        "type": 0,
        "file": 1,
        "line": 26,
        "col": 15,
        "lit": "Remove old container"
      },
      "contextName": "__run_2",
      "inputs": {
        "type": 2,
        "map": [
          {
            "key": "script",
            "value": {
              "type": 0,
              "file": 1,
              "line": 27,
              "col": 14,
              "lit": "docker rm -f cats-dogs-api >nul 2>&1\nexit /b 0\n"
            }
          }
        ]
      },
      "condition": "success()",
      "id": "056e1913-1780-4b6c-a96e-34f6ed9c1028",
      "name": "__run_2"
    },
    {
      "type": "action",
      "reference": {
        "type": "script"
      },
      "displayNameToken": {
        "type": 0,
        "file": 1,
        "line": 31,
        "col": 15,
        "lit": "Deploy application"
      },
      "contextName": "__run_3",
      "inputs": {
        "type": 2,
        "map": [
          {
            "key": "script",
            "value": {
              "type": 0,
              "file": 1,
              "line": 32,
              "col": 14,
              "lit": "docker compose up -d\n"
            }
          }
        ]
      },
      "condition": "success()",
      "id": "d5f2931b-7e59-4846-93a7-70c5cd3c41f2",
      "name": "__run_3"
    },
    {
      "type": "action",
      "reference": {
        "type": "script"
      },
      "displayNameToken": {
        "type": 0,
        "file": 1,
        "line": 35,
        "col": 15,
        "lit": "Check deployment"
      },
      "contextName": "__run_4",
      "inputs": {
        "type": 2,
        "map": [
          {
            "key": "script",
            "value": {
              "type": 0,
              "file": 1,
              "line": 36,
              "col": 14,
              "lit": "docker compose ps\n"
            }
          }
        ]
      },
      "condition": "success()",
      "id": "bf0b002c-384d-46f6-8fa8-2a6e69924b91",
      "name": "__run_4"
    },
    {
      "type": "action",
      "reference": {
        "type": "script"
      },
      "displayNameToken": {
        "type": 0,
        "file": 1,
        "line": 39,
        "col": 15,
        "lit": "Wait for application"
      },
      "contextName": "__run_5",
      "inputs": {
        "type": 2,
        "map": [
          {
            "key": "script",
            "value": {
              "type": 0,
              "file": 1,
              "line": 40,
              "col": 14,
              "lit": "ping 127.0.0.1 -n 11 > nul\n"
            }
          }
        ]
      },
      "condition": "success()",
      "id": "ebc87e89-8677-43fe-a3cd-df20b50a85bc",
      "name": "__run_5"
    },
    {
      "type": "action",
      "reference": {
        "type": "script"
      },
      "displayNameToken": {
        "type": 0,
        "file": 1,
        "line": 43,
        "col": 15,
        "lit": "Run smoke tests"
      },
      "contextName": "__run_6",
      "inputs": {
        "type": 2,
        "map": [
          {
            "key": "script",
            "value": {
              "type": 0,
              "file": 1,
              "line": 44,
              "col": 14,
              "lit": "python smoke_tests.py\n"
            }
          }
        ]
      },
      "condition": "success()",
      "id": "a6dead05-7908-441d-bfc3-bb09c8fd081c",
      "name": "__run_6"
    }
  ],
  "variables": {
    "Actions.EnableHttpRedirects": {
      "value": "true"
    },
    "DistributedTask.AddWarningToNode12Action": {
      "value": "true"
    },
    "DistributedTask.AddWarningToNode16Action": {
      "value": "true"
    },
    "DistributedTask.AllowRunnerContainerHooks": {
      "value": "true"
    },
    "DistributedTask.DeprecateStepOutputCommands": {
      "value": "true"
    },
    "DistributedTask.DetailUntarFailure": {
      "value": "true"
    },
    "DistributedTask.EnableCompositeActions": {
      "value": "true"
    },
    "DistributedTask.EnableJobServerQueueTelemetry": {
      "value": "true"
    },
    "DistributedTask.EnhancedAnnotations": {
      "value": "true"
    },
    "DistributedTask.ForceGithubJavascriptActionsToNode16": {
      "value": "true"
    },
    "DistributedTask.ForceGithubJavascriptActionsToNode20": {
      "value": "true"
    },
    "DistributedTask.LogTemplateErrorsAsDebugMessages": {
      "value": "true"
    },
    "DistributedTask.MarkJobAsFailedOnWorkerCrash": {
      "value": "true"
    },
    "DistributedTask.NewActionMetadata": {
      "value": "true"
    },
    "DistributedTask.UploadStepSummary": {
      "value": "true"
    },
    "DistributedTask.UseActionArchiveCache": {
      "value": "true"
    },
    "DistributedTask.UseWhich2": {
      "value": "true"
    },
    "RunService.FixEmbeddedIssues": {
      "value": "true"
    },
    "actions.runner.requirenode24": {
      "value": "false"
    },
    "actions.runner.usenode24bydefault": {
      "value": "true"
    },
    "actions.runner.warnonnode20": {
      "value": "true"
    },
    "actions_add_check_run_id_to_job_context": {
      "value": "true"
    },
    "actions_batch_action_resolution": {
      "value": "false"
    },
    "actions_container_action_runner_temp": {
      "value": "true"
    },
    "actions_display_helpful_actions_download_errors": {
      "value": "true"
    },
    "actions_runner_allow_artifacts_file": {
      "value": "false"
    },
    "actions_runner_compare_workflow_parser": {
      "value": "false"
    },
    "actions_runner_deprecate_linux_arm32": {
      "value": "true"
    },
    "actions_runner_emit_composite_markers": {
      "value": "true"
    },
    "actions_runner_kill_linux_arm32": {
      "value": "false"
    },
    "actions_runner_node20_removal_date": {
      "value": ""
    },
    "actions_runner_node24_default_date": {
      "value": "June 16th, 2026"
    },
    "actions_self_repository": {
      "value": "true"
    },
    "actions_service_container_command": {
      "value": "true"
    },
    "actions_set_orchestration_id_env_for_actions": {
      "value": "true"
    },
    "actions_skip_retry_complete_job_upon_known_errors": {
      "value": "true"
    },
    "actions_snapshot_preflight_hosted_runner_check": {
      "value": "false"
    },
    "actions_snapshot_preflight_image_gen_pool_check": {
      "value": "false"
    },
    "actions_use_bearer_token_for_codeload": {
      "value": "false"
    },
    "actions_uses_cache_service_v2": {
      "value": "true"
    },
    "github_token": {
      "value": "***",
      "isSecret": true
    },
    "system.from_run_service": {
      "value": "true"
    },
    "system.github.job": {
      "value": "deploy"
    },
    "system.github.launch_endpoint": {
      "value": "https://launch.actions.githubusercontent.com"
    },
    "system.github.results_endpoint": {
      "value": "https://results-receiver.actions.githubusercontent.com/"
    },
    "system.github.results_upload_with_sdk": {
      "value": "true"
    },
    "system.github.token": {
      "value": "***",
      "isSecret": true
    },
    "system.github.token.permissions": {
      "value": "{\"Contents\":\"read\",\"Metadata\":\"read\",\"Packages\":\"read\"}"
    },
    "system.orchestrationId": {
      "value": "f5e8f780-9523-474a-8602-aff26ac9e53d.deploy.__default"
    },
    "system.phaseDisplayName": {
      "value": "deploy"
    },
    "system.runner.lowdiskspacethreshold": {
      "value": "100"
    },
    "system.runnerEnvironment": {
      "value": "self-hosted"
    },
    "system.runnerGroupName": {
      "value": "Default"
    }
  },
  "messageType": "RunnerJobRequest",
  "plan": {
    "scopeIdentifier": "00000000-0000-0000-0000-000000000000",
    "planType": "actions",
    "version": 0,
    "planId": "f5e8f780-9523-474a-8602-aff26ac9e53d",
    "planGroup": null,
    "artifactUri": null,
    "artifactLocation": null,
    "definition": null,
    "owner": null
  },
  "timeline": {
    "id": "f5e8f780-9523-474a-8602-aff26ac9e53d",
    "changeId": 0,
    "location": null
  },
  "jobId": "e9ffcc50-0c4d-5843-bc73-358eb11b47a0",
  "jobDisplayName": "deploy",
  "jobName": "__default",
  "requestId": 0,
  "lockedUntil": "0001-01-01T00:00:00",
  "resources": {
    "endpoints": [
      {
        "data": {
          "ServerId": "",
          "ServerName": "",
          "CacheServerUrl": "https://artifactcache.actions.githubusercontent.com/HYuKmglMQMl7trVwvnqxtOY8iQZGcBLZase1hxQ2xSLdHe4AJJ/",
          "FeedStreamUrl": "wss://results-receiver.actions.githubusercontent.com/_ws/ingest.sock",
          "ResultsServiceUrl": "https://results-receiver.actions.githubusercontent.com/",
          "PipelinesServiceUrl": "https://pipelinesghubeus11.actions.githubusercontent.com/HYuKmglMQMl7trVwvnqxtOY8iQZGcBLZase1hxQ2xSLdHe4AJJ/",
          "GenerateIdTokenUrl": "",
          "ConnectivityChecks": "[\"https://broker.actions.githubusercontent.com/health\",\"https://token.actions.githubusercontent.com/ready\",\"https://run.actions.githubusercontent.com/health\"]",
          "ConnectivityAndDNSChecks": ""
        },
        "name": "SystemVssConnection",
        "url": "https://run-actions-1-azure-eastus.actions.githubusercontent.com/110/",
        "authorization": {
          "parameters": {
            "AccessToken": "***"
          },
          "scheme": "OAuth"
        },
        "isShared": false,
        "isReady": true
      }
    ]
  },
  "contextData": {
    "github": {
      "t": 2,
      "d": [
        {
          "k": "ref",
          "v": "refs/heads/main"
        },
        {
          "k": "sha",
          "v": "3a26ef10c241cb38982bae7d7b628e733544ba7c"
        },
        {
          "k": "repository",
          "v": "2024ac05127-tech/assignment2"
        },
        {
          "k": "repository_owner",
          "v": "2024ac05127-tech"
        },
        {
          "k": "repository_owner_id",
          "v": "299813098"
        },
        {
          "k": "repositoryUrl",
          "v": "git://github.com/2024ac05127-tech/assignment2.git"
        },
        {
          "k": "run_id",
          "v": "33311112095"
        },
        {
          "k": "run_number",
          "v": "15"
        },
        {
          "k": "retention_days",
          "v": "90"
        },
        {
          "k": "run_attempt",
          "v": "1"
        },
        {
          "k": "artifact_cache_size_limit",
          "v": "10"
        },
        {
          "k": "repository_visibility",
          "v": "public"
        },
        {
          "k": "actor_id",
          "v": "299813098"
        },
        {
          "k": "actor",
          "v": "2024ac05127-tech"
        },
        {
          "k": "workflow",
          "v": "M4 CD Pipeline"
        },
        {
          "k": "head_ref",
          "v": ""
        },
        {
          "k": "base_ref",
          "v": ""
        },
        {
          "k": "event_name",
          "v": "push"
        },
        {
          "k": "server_url",
          "v": "https://github.com"
        },
        {
          "k": "api_url",
          "v": "https://api.github.com"
        },
        {
          "k": "graphql_url",
          "v": "https://api.github.com/graphql"
        },
        {
          "k": "ref_name",
          "v": "main"
        },
        {
          "k": "ref_protected",
          "v": false
        },
        {
          "k": "ref_type",
          "v": "branch"
        },
        {
          "k": "secret_source",
          "v": "Actions"
        },
        {
          "k": "event",
          "v": {
            "t": 2,
            "d": [
              {
                "k": "after",
                "v": "3a26ef10c241cb38982bae7d7b628e733544ba7c"
              },
              {
                "k": "base_ref",
                "v": null
              },
              {
                "k": "before",
                "v": "38c48a7de8374d43bc2785c73774f3a3c419ceed"
              },
              {
                "k": "commits",
                "v": {
                  "t": 1,
                  "a": [
                    {
                      "t": 2,
                      "d": [
                        {
                          "k": "author",
                          "v": {
                            "t": 2,
                            "d": [
                              {
                                "k": "email",
                                "v": "krishnareghu2018@gmail.com"
                              },
                              {
                                "k": "name",
                                "v": "Krishna Priya R"
                              },
                              {
                                "k": "username",
                                "v": "krishnapriya5"
                              }
                            ]
                          }
                        },
                        {
                          "k": "committer",
                          "v": {
                            "t": 2,
                            "d": [
                              {
                                "k": "email",
                                "v": "krishnareghu2018@gmail.com"
                              },
                              {
                                "k": "name",
                                "v": "Krishna Priya R"
                              },
                              {
                                "k": "username",
                                "v": "krishnapriya5"
                              }
                            ]
                          }
                        },
                        {
                          "k": "distinct",
                          "v": true
                        },
                        {
                          "k": "id",
                          "v": "3a26ef10c241cb38982bae7d7b628e733544ba7c"
                        },
                        {
                          "k": "message",
                          "v": "Complete M4 CD pipeline"
                        },
                        {
                          "k": "timestamp",
                          "v": "2026-08-30T17:45:02+05:30"
                        },
                        {
                          "k": "tree_id",
                          "v": "05fa02531c4f6b21c2c683a4663dd1c064f3d514"
                        },
                        {
                          "k": "url",
                          "v": "https://github.com/2024ac05127-tech/assignment2/commit/3a26ef10c241cb38982bae7d7b628e733544ba7c"
                        }
                      ]
                    }
                  ]
                }
              },
              {
                "k": "compare",
                "v": "https://github.com/2024ac05127-tech/assignment2/compare/38c48a7de837...3a26ef10c241"
              },
              {
                "k": "created",
                "v": false
              },
              {
                "k": "deleted",
                "v": false
              },
              {
                "k": "forced",
                "v": false
              },
              {
                "k": "head_commit",
                "v": {
                  "t": 2,
                  "d": [
                    {
                      "k": "author",
                      "v": {
                        "t": 2,
                        "d": [
                          {
                            "k": "email",
                            "v": "krishnareghu2018@gmail.com"
                          },
                          {
                            "k": "name",
                            "v": "Krishna Priya R"
                          },
                          {
                            "k": "username",
                            "v": "krishnapriya5"
                          }
                        ]
                      }
                    },
                    {
                      "k": "committer",
                      "v": {
                        "t": 2,
                        "d": [
                          {
                            "k": "email",
                            "v": "krishnareghu2018@gmail.com"
                          },
                          {
                            "k": "name",
                            "v": "Krishna Priya R"
                          },
                          {
                            "k": "username",
                            "v": "krishnapriya5"
                          }
                        ]
                      }
                    },
                    {
                      "k": "distinct",
                      "v": true
                    },
                    {
                      "k": "id",
                      "v": "3a26ef10c241cb38982bae7d7b628e733544ba7c"
                    },
                    {
                      "k": "message",
                      "v": "Complete M4 CD pipeline"
                    },
                    {
                      "k": "timestamp",
                      "v": "2026-08-30T17:45:02+05:30"
                    },
                    {
                      "k": "tree_id",
                      "v": "05fa02531c4f6b21c2c683a4663dd1c064f3d514"
                    },
                    {
                      "k": "url",
                      "v": "https://github.com/2024ac05127-tech/assignment2/commit/3a26ef10c241cb38982bae7d7b628e733544ba7c"
                    }
                  ]
                }
              },
              {
                "k": "pusher",
                "v": {
                  "t": 2,
                  "d": [
                    {
                      "k": "email",
                      "v": "2024ac05127@wilp.bits-pilani.ac.in"
                    },
                    {
                      "k": "name",
                      "v": "2024ac05127-tech"
                    }
                  ]
                }
              },
              {
                "k": "ref",
                "v": "refs/heads/main"
              },
              {
                "k": "repository",
                "v": {
                  "t": 2,
                  "d": [
                    {
                      "k": "allow_forking",
                      "v": true
                    },
                    {
                      "k": "archive_url",
                      "v": "https://api.github.com/repos/2024ac05127-tech/assignment2/{archive_format}{/ref}"
                    },
                    {
                      "k": "archived",
                      "v": false
                    },
                    {
                      "k": "assignees_url",
                      "v": "https://api.github.com/repos/2024ac05127-tech/assignment2/assignees{/user}"
                    },
                    {
                      "k": "blobs_url",
                      "v": "https://api.github.com/repos/2024ac05127-tech/assignment2/git/blobs{/sha}"
                    },
                    {
                      "k": "branches_url",
                      "v": "https://api.github.com/repos/2024ac05127-tech/assignment2/branches{/branch}"
                    },
                    {
                      "k": "clone_url",
                      "v": "https://github.com/2024ac05127-tech/assignment2.git"
                    },
                    {
                      "k": "collaborators_url",
                      "v": "https://api.github.com/repos/2024ac05127-tech/assignment2/collaborators{/collaborator}"
                    },
                    {
                      "k": "comments_url",
                      "v": "https://api.github.com/repos/2024ac05127-tech/assignment2/comments{/number}"
                    },
                    {
                      "k": "commits_url",
                      "v": "https://api.github.com/repos/2024ac05127-tech/assignment2/commits{/sha}"
                    },
                    {
                      "k": "compare_url",
                      "v": "https://api.github.com/repos/2024ac05127-tech/assignment2/compare/{base}...{head}"
                    },
                    {
                      "k": "contents_url",
                      "v": "https://api.github.com/repos/2024ac05127-tech/assignment2/contents/{+path}"
                    },
                    {
                      "k": "contributors_url",
                      "v": "https://api.github.com/repos/2024ac05127-tech/assignment2/contributors"
                    },
                    {
                      "k": "created_at",
                      "v": 1787839779.0
                    },
                    {
                      "k": "default_branch",
                      "v": "main"
                    },
                    {
                      "k": "deployments_url",
                      "v": "https://api.github.com/repos/2024ac05127-tech/assignment2/deployments"
                    },
                    {
                      "k": "description",
                      "v": null
                    },
                    {
                      "k": "disabled",
                      "v": false
                    },
                    {
                      "k": "downloads_url",
                      "v": "https://api.github.com/repos/2024ac05127-tech/assignment2/downloads"
                    },
                    {
                      "k": "events_url",
                      "v": "https://api.github.com/repos/2024ac05127-tech/assignment2/events"
                    },
                    {
                      "k": "fork",
                      "v": false
                    },
                    {
                      "k": "forks",
                      "v": 0.0
                    },
                    {
                      "k": "forks_count",
                      "v": 0.0
                    },
                    {
                      "k": "forks_url",
                      "v": "https://api.github.com/repos/2024ac05127-tech/assignment2/forks"
                    },
                    {
                      "k": "full_name",
                      "v": "2024ac05127-tech/assignment2"
                    },
                    {
                      "k": "git_commits_url",
                      "v": "https://api.github.com/repos/2024ac05127-tech/assignment2/git/commits{/sha}"
                    },
                    {
                      "k": "git_refs_url",
                      "v": "https://api.github.com/repos/2024ac05127-tech/assignment2/git/refs{/sha}"
                    },
                    {
                      "k": "git_tags_url",
                      "v": "https://api.github.com/repos/2024ac05127-tech/assignment2/git/tags{/sha}"
                    },
                    {
                      "k": "git_url",
                      "v": "git://github.com/2024ac05127-tech/assignment2.git"
                    },
                    {
                      "k": "has_discussions",
                      "v": false
                    },
                    {
                      "k": "has_downloads",
                      "v": true
                    },
                    {
                      "k": "has_issues",
                      "v": true
                    },
                    {
                      "k": "has_pages",
                      "v": false
                    },
                    {
                      "k": "has_projects",
                      "v": true
                    },
                    {
                      "k": "has_pull_requests",
                      "v": true
                    },
                    {
                      "k": "has_wiki",
                      "v": true
                    },
                    {
                      "k": "homepage",
                      "v": null
                    },
                    {
                      "k": "hooks_url",
                      "v": "https://api.github.com/repos/2024ac05127-tech/assignment2/hooks"
                    },
                    {
                      "k": "html_url",
                      "v": "https://github.com/2024ac05127-tech/assignment2"
                    },
                    {
                      "k": "id",
                      "v": 1348565472.0
                    },
                    {
                      "k": "is_template",
                      "v": false
                    },
                    {
                      "k": "issue_comment_url",
                      "v": "https://api.github.com/repos/2024ac05127-tech/assignment2/issues/comments{/number}"
                    },
                    {
                      "k": "issue_events_url",
                      "v": "https://api.github.com/repos/2024ac05127-tech/assignment2/issues/events{/number}"
                    },
                    {
                      "k": "issues_url",
                      "v": "https://api.github.com/repos/2024ac05127-tech/assignment2/issues{/number}"
                    },
                    {
                      "k": "keys_url",
                      "v": "https://api.github.com/repos/2024ac05127-tech/assignment2/keys{/key_id}"
                    },
                    {
                      "k": "labels_url",
                      "v": "https://api.github.com/repos/2024ac05127-tech/assignment2/labels{/name}"
                    },
                    {
                      "k": "language",
                      "v": "Python"
                    },
                    {
                      "k": "languages_url",
                      "v": "https://api.github.com/repos/2024ac05127-tech/assignment2/languages"
                    },
                    {
                      "k": "license",
                      "v": null
                    },
                    {
                      "k": "master_branch",
                      "v": "main"
                    },
                    {
                      "k": "merges_url",
                      "v": "https://api.github.com/repos/2024ac05127-tech/assignment2/merges"
                    },
                    {
                      "k": "milestones_url",
                      "v": "https://api.github.com/repos/2024ac05127-tech/assignment2/milestones{/number}"
                    },
                    {
                      "k": "mirror_url",
                      "v": null
                    },
                    {
                      "k": "name",
                      "v": "assignment2"
                    },
                    {
                      "k": "node_id",
                      "v": "R_kgDOUGF54A"
                    },
                    {
                      "k": "notifications_url",
                      "v": "https://api.github.com/repos/2024ac05127-tech/assignment2/notifications{?since,all,participating}"
                    },
                    {
                      "k": "open_issues",
                      "v": 0.0
                    },
                    {
                      "k": "open_issues_count",
                      "v": 0.0
                    },
                    {
                      "k": "owner",
                      "v": {
                        "t": 2,
                        "d": [
                          {
                            "k": "avatar_url",
                            "v": "https://avatars.githubusercontent.com/u/299813098?v=4"
                          },
                          {
                            "k": "email",
                            "v": "2024ac05127@wilp.bits-pilani.ac.in"
                          },
                          {
                            "k": "events_url",
                            "v": "https://api.github.com/users/2024ac05127-tech/events{/privacy}"
                          },
                          {
                            "k": "followers_url",
                            "v": "https://api.github.com/users/2024ac05127-tech/followers"
                          },
                          {
                            "k": "following_url",
                            "v": "https://api.github.com/users/2024ac05127-tech/following{/other_user}"
                          },
                          {
                            "k": "gists_url",
                            "v": "https://api.github.com/users/2024ac05127-tech/gists{/gist_id}"
                          },
                          {
                            "k": "gravatar_id",
                            "v": ""
                          },
                          {
                            "k": "html_url",
                            "v": "https://github.com/2024ac05127-tech"
                          },
                          {
                            "k": "id",
                            "v": 299813098.0
                          },
                          {
                            "k": "login",
                            "v": "2024ac05127-tech"
                          },
                          {
                            "k": "name",
                            "v": "2024ac05127-tech"
                          },
                          {
                            "k": "node_id",
                            "v": "U_kgDOEd7I6g"
                          },
                          {
                            "k": "organizations_url",
                            "v": "https://api.github.com/users/2024ac05127-tech/orgs"
                          },
                          {
                            "k": "received_events_url",
                            "v": "https://api.github.com/users/2024ac05127-tech/received_events"
                          },
                          {
                            "k": "repos_url",
                            "v": "https://api.github.com/users/2024ac05127-tech/repos"
                          },
                          {
                            "k": "site_admin",
                            "v": false
                          },
                          {
                            "k": "starred_url",
                            "v": "https://api.github.com/users/2024ac05127-tech/starred{/owner}{/repo}"
                          },
                          {
                            "k": "subscriptions_url",
                            "v": "https://api.github.com/users/2024ac05127-tech/subscriptions"
                          },
                          {
                            "k": "type",
                            "v": "User"
                          },
                          {
                            "k": "url",
                            "v": "https://api.github.com/users/2024ac05127-tech"
                          },
                          {
                            "k": "user_view_type",
                            "v": "public"
                          }
                        ]
                      }
                    },
                    {
                      "k": "private",
                      "v": false
                    },
                    {
                      "k": "pull_request_creation_policy",
                      "v": "all"
                    },
                    {
                      "k": "pulls_url",
                      "v": "https://api.github.com/repos/2024ac05127-tech/assignment2/pulls{/number}"
                    },
                    {
                      "k": "pushed_at",
                      "v": 1788092283.0
                    },
                    {
                      "k": "releases_url",
                      "v": "https://api.github.com/repos/2024ac05127-tech/assignment2/releases{/id}"
                    },
                    {
                      "k": "size",
                      "v": 82.0
                    },
                    {
                      "k": "ssh_url",
                      "v": "git@github.com:2024ac05127-tech/assignment2.git"
                    },
                    {
                      "k": "stargazers",
                      "v": 0.0
                    },
                    {
                      "k": "stargazers_count",
                      "v": 0.0
                    },
                    {
                      "k": "stargazers_url",
                      "v": "https://api.github.com/repos/2024ac05127-tech/assignment2/stargazers"
                    },
                    {
                      "k": "statuses_url",
                      "v": "https://api.github.com/repos/2024ac05127-tech/assignment2/statuses/{sha}"
                    },
                    {
                      "k": "subscribers_url",
                      "v": "https://api.github.com/repos/2024ac05127-tech/assignment2/subscribers"
                    },
                    {
                      "k": "subscription_url",
                      "v": "https://api.github.com/repos/2024ac05127-tech/assignment2/subscription"
                    },
                    {
                      "k": "svn_url",
                      "v": "https://github.com/2024ac05127-tech/assignment2"
                    },
                    {
                      "k": "tags_url",
                      "v": "https://api.github.com/repos/2024ac05127-tech/assignment2/tags"
                    },
                    {
                      "k": "teams_url",
                      "v": "https://api.github.com/repos/2024ac05127-tech/assignment2/teams"
                    },
                    {
                      "k": "topics",
                      "v": {
                        "t": 1
                      }
                    },
                    {
                      "k": "trees_url",
                      "v": "https://api.github.com/repos/2024ac05127-tech/assignment2/git/trees{/sha}"
                    },
                    {
                      "k": "updated_at",
                      "v": "2026-08-30T12:01:18Z"
                    },
                    {
                      "k": "url",
                      "v": "https://api.github.com/repos/2024ac05127-tech/assignment2"
                    },
                    {
                      "k": "visibility",
                      "v": "public"
                    },
                    {
                      "k": "watchers",
                      "v": 0.0
                    },
                    {
                      "k": "watchers_count",
                      "v": 0.0
                    },
                    {
                      "k": "web_commit_signoff_required",
                      "v": false
                    }
                  ]
                }
              },
              {
                "k": "sender",
                "v": {
                  "t": 2,
                  "d": [
                    {
                      "k": "avatar_url",
                      "v": "https://avatars.githubusercontent.com/u/299813098?v=4"
                    },
                    {
                      "k": "events_url",
                      "v": "https://api.github.com/users/2024ac05127-tech/events{/privacy}"
                    },
                    {
                      "k": "followers_url",
                      "v": "https://api.github.com/users/2024ac05127-tech/followers"
                    },
                    {
                      "k": "following_url",
                      "v": "https://api.github.com/users/2024ac05127-tech/following{/other_user}"
                    },
                    {
                      "k": "gists_url",
                      "v": "https://api.github.com/users/2024ac05127-tech/gists{/gist_id}"
                    },
                    {
                      "k": "gravatar_id",
                      "v": ""
                    },
                    {
                      "k": "html_url",
                      "v": "https://github.com/2024ac05127-tech"
                    },
                    {
                      "k": "id",
                      "v": 299813098.0
                    },
                    {
                      "k": "login",
                      "v": "2024ac05127-tech"
                    },
                    {
                      "k": "node_id",
                      "v": "U_kgDOEd7I6g"
                    },
                    {
                      "k": "organizations_url",
                      "v": "https://api.github.com/users/2024ac05127-tech/orgs"
                    },
                    {
                      "k": "received_events_url",
                      "v": "https://api.github.com/users/2024ac05127-tech/received_events"
                    },
                    {
                      "k": "repos_url",
                      "v": "https://api.github.com/users/2024ac05127-tech/repos"
                    },
                    {
                      "k": "site_admin",
                      "v": false
                    },
                    {
                      "k": "starred_url",
                      "v": "https://api.github.com/users/2024ac05127-tech/starred{/owner}{/repo}"
                    },
                    {
                      "k": "subscriptions_url",
                      "v": "https://api.github.com/users/2024ac05127-tech/subscriptions"
                    },
                    {
                      "k": "type",
                      "v": "User"
                    },
                    {
                      "k": "url",
                      "v": "https://api.github.com/users/2024ac05127-tech"
                    },
                    {
                      "k": "user_view_type",
                      "v": "public"
                    }
                  ]
                }
              }
            ]
          }
        },
        {
          "k": "workflow_ref",
          "v": "2024ac05127-tech/assignment2/.github/workflows/cd.yml@refs/heads/main"
        },
        {
          "k": "workflow_sha",
          "v": "3a26ef10c241cb38982bae7d7b628e733544ba7c"
        },
        {
          "k": "repository_id",
          "v": "1348565472"
        },
        {
          "k": "triggering_actor",
          "v": "2024ac05127-tech"
        }
      ]
    },
    "inputs": {
      "t": 2
    },
    "job": {
      "t": 2,
      "d": [
        {
          "k": "check_run_id",
          "v": 99256207343.0
        },
        {
          "k": "workflow_ref",
          "v": "2024ac05127-tech/assignment2/.github/workflows/cd.yml@refs/heads/main"
        },
        {
          "k": "workflow_sha",
          "v": "3a26ef10c241cb38982bae7d7b628e733544ba7c"
        },
        {
          "k": "workflow_repository",
          "v": "2024ac05127-tech/assignment2"
        },
        {
          "k": "workflow_file_path",
          "v": ".github/workflows/cd.yml"
        }
      ]
    },
    "matrix": null,
    "needs": {
      "t": 2
    },
    "strategy": {
      "t": 2,
      "d": [
        {
          "k": "fail-fast",
          "v": true
        },
        {
          "k": "job-index",
          "v": 0.0
        },
        {
          "k": "job-total",
          "v": 1.0
        },
        {
          "k": "max-parallel",
          "v": 1.0
        }
      ]
    },
    "vars": {
      "t": 2
    }
  },
  "billingOwnerId": "U_kgDOEd7I6g"
}
[2026-08-30 12:19:11Z INFO JobRunner] Job ID e9ffcc50-0c4d-5843-bc73-358eb11b47a0
[2026-08-30 12:19:11Z INFO ConfigurationStore] currentAssemblyLocation: C:\Users\krish\Documents\BITS\mlops-project\actions-runner\bin\Runner.Worker.dll
[2026-08-30 12:19:11Z INFO HostContext] Well known directory 'Bin': 'C:\Users\krish\Documents\BITS\mlops-project\actions-runner\bin'
[2026-08-30 12:19:11Z INFO ConfigurationStore] binPath: C:\Users\krish\Documents\BITS\mlops-project\actions-runner\bin
[2026-08-30 12:19:11Z INFO HostContext] Well known directory 'Bin': 'C:\Users\krish\Documents\BITS\mlops-project\actions-runner\bin'
[2026-08-30 12:19:11Z INFO HostContext] Well known directory 'Root': 'C:\Users\krish\Documents\BITS\mlops-project\actions-runner'
[2026-08-30 12:19:11Z INFO ConfigurationStore] RootFolder: C:\Users\krish\Documents\BITS\mlops-project\actions-runner
[2026-08-30 12:19:11Z INFO HostContext] Well known directory 'Bin': 'C:\Users\krish\Documents\BITS\mlops-project\actions-runner\bin'
[2026-08-30 12:19:11Z INFO HostContext] Well known directory 'Root': 'C:\Users\krish\Documents\BITS\mlops-project\actions-runner'
[2026-08-30 12:19:11Z INFO HostContext] Well known config file 'Runner': 'C:\Users\krish\Documents\BITS\mlops-project\actions-runner\.runner'
[2026-08-30 12:19:11Z INFO ConfigurationStore] ConfigFilePath: C:\Users\krish\Documents\BITS\mlops-project\actions-runner\.runner
[2026-08-30 12:19:11Z INFO HostContext] Well known directory 'Bin': 'C:\Users\krish\Documents\BITS\mlops-project\actions-runner\bin'
[2026-08-30 12:19:11Z INFO HostContext] Well known directory 'Root': 'C:\Users\krish\Documents\BITS\mlops-project\actions-runner'
[2026-08-30 12:19:11Z INFO HostContext] Well known config file 'MigratedRunner': 'C:\Users\krish\Documents\BITS\mlops-project\actions-runner\.runner_migrated'
[2026-08-30 12:19:11Z INFO ConfigurationStore] MigratedConfigFilePath: C:\Users\krish\Documents\BITS\mlops-project\actions-runner\.runner_migrated
[2026-08-30 12:19:11Z INFO HostContext] Well known directory 'Bin': 'C:\Users\krish\Documents\BITS\mlops-project\actions-runner\bin'
[2026-08-30 12:19:11Z INFO HostContext] Well known directory 'Root': 'C:\Users\krish\Documents\BITS\mlops-project\actions-runner'
[2026-08-30 12:19:11Z INFO HostContext] Well known config file 'Credentials': 'C:\Users\krish\Documents\BITS\mlops-project\actions-runner\.credentials'
[2026-08-30 12:19:11Z INFO ConfigurationStore] CredFilePath: C:\Users\krish\Documents\BITS\mlops-project\actions-runner\.credentials
[2026-08-30 12:19:11Z INFO HostContext] Well known directory 'Bin': 'C:\Users\krish\Documents\BITS\mlops-project\actions-runner\bin'
[2026-08-30 12:19:11Z INFO HostContext] Well known directory 'Root': 'C:\Users\krish\Documents\BITS\mlops-project\actions-runner'
[2026-08-30 12:19:11Z INFO HostContext] Well known config file 'MigratedCredentials': 'C:\Users\krish\Documents\BITS\mlops-project\actions-runner\.credentials_migrated'
[2026-08-30 12:19:11Z INFO ConfigurationStore] MigratedCredFilePath: C:\Users\krish\Documents\BITS\mlops-project\actions-runner\.credentials_migrated
[2026-08-30 12:19:11Z INFO HostContext] Well known directory 'Bin': 'C:\Users\krish\Documents\BITS\mlops-project\actions-runner\bin'
[2026-08-30 12:19:11Z INFO HostContext] Well known directory 'Root': 'C:\Users\krish\Documents\BITS\mlops-project\actions-runner'
[2026-08-30 12:19:11Z INFO HostContext] Well known config file 'Service': 'C:\Users\krish\Documents\BITS\mlops-project\actions-runner\.service'
[2026-08-30 12:19:11Z INFO ConfigurationStore] ServiceConfigFilePath: C:\Users\krish\Documents\BITS\mlops-project\actions-runner\.service
[2026-08-30 12:19:11Z INFO ConfigurationStore] Read setting file: 408 chars
[2026-08-30 12:19:11Z INFO JobRunner] Initializing launch client
[2026-08-30 12:19:11Z INFO JobServerQueue] Initializing results client
[2026-08-30 12:19:11Z INFO ResultServer] Creating websocket client ...wss://results-receiver.actions.githubusercontent.com/_ws/ingest.sock
[2026-08-30 12:19:11Z INFO ResultServer] Attempting to start websocket client with delay 00:00:00.
[2026-08-30 12:19:11Z INFO JobServerQueue] Start process web console line queue.
[2026-08-30 12:19:11Z INFO JobServerQueue] Start process file upload queue.
[2026-08-30 12:19:11Z INFO JobServerQueue] Start results file upload queue.
[2026-08-30 12:19:11Z INFO JobServerQueue] Starting results-based upload queue...
[2026-08-30 12:19:11Z INFO JobServerQueue] Start process timeline update queue.
[2026-08-30 12:19:11Z INFO ExecutionContext] Initializing Job context
[2026-08-30 12:19:11Z INFO ExecutionContext] Initialize GitHub context
[2026-08-30 12:19:11Z INFO ExecutionContext] Initialize Env context
[2026-08-30 12:19:11Z INFO HostContext] Well known directory 'Bin': 'C:\Users\krish\Documents\BITS\mlops-project\actions-runner\bin'
[2026-08-30 12:19:11Z INFO HostContext] Well known directory 'Root': 'C:\Users\krish\Documents\BITS\mlops-project\actions-runner'
[2026-08-30 12:19:11Z INFO HostContext] Well known directory 'Diag': 'C:\Users\krish\Documents\BITS\mlops-project\actions-runner\_diag'
[2026-08-30 12:19:11Z INFO HostContext] Well known directory 'Bin': 'C:\Users\krish\Documents\BITS\mlops-project\actions-runner\bin'
[2026-08-30 12:19:11Z INFO HostContext] Well known directory 'Root': 'C:\Users\krish\Documents\BITS\mlops-project\actions-runner'
[2026-08-30 12:19:11Z INFO HostContext] Well known directory 'Diag': 'C:\Users\krish\Documents\BITS\mlops-project\actions-runner\_diag'
[2026-08-30 12:19:11Z INFO JobRunner] Starting the job execution context.
[2026-08-30 12:19:11Z INFO HostContext] Well known directory 'Bin': 'C:\Users\krish\Documents\BITS\mlops-project\actions-runner\bin'
[2026-08-30 12:19:11Z INFO HostContext] Well known directory 'Root': 'C:\Users\krish\Documents\BITS\mlops-project\actions-runner'
[2026-08-30 12:19:11Z INFO HostContext] Well known directory 'Work': 'C:\Users\krish\Documents\BITS\mlops-project\actions-runner\_work'
[2026-08-30 12:19:11Z INFO JobRunner] Validating directory permissions for: 'C:\Users\krish\Documents\BITS\mlops-project\actions-runner\_work'
[2026-08-30 12:19:11Z INFO HostContext] Well known directory 'Bin': 'C:\Users\krish\Documents\BITS\mlops-project\actions-runner\bin'
[2026-08-30 12:19:11Z INFO HostContext] Well known directory 'Root': 'C:\Users\krish\Documents\BITS\mlops-project\actions-runner'
[2026-08-30 12:19:11Z INFO HostContext] Well known directory 'Work': 'C:\Users\krish\Documents\BITS\mlops-project\actions-runner\_work'
[2026-08-30 12:19:11Z INFO HostContext] Well known directory 'Tools': 'C:\Users\krish\Documents\BITS\mlops-project\actions-runner\_work\_tool'
[2026-08-30 12:19:11Z INFO HostContext] Well known directory 'Bin': 'C:\Users\krish\Documents\BITS\mlops-project\actions-runner\bin'
[2026-08-30 12:19:11Z INFO HostContext] Well known directory 'Root': 'C:\Users\krish\Documents\BITS\mlops-project\actions-runner'
[2026-08-30 12:19:11Z INFO HostContext] Well known directory 'Work': 'C:\Users\krish\Documents\BITS\mlops-project\actions-runner\_work'
[2026-08-30 12:19:11Z INFO HostContext] Well known directory 'Temp': 'C:\Users\krish\Documents\BITS\mlops-project\actions-runner\_work\_temp'
[2026-08-30 12:19:11Z INFO JobRunner] Getting job extension.
[2026-08-30 12:19:11Z INFO JobRunner] Initialize job. Getting all job steps.
[2026-08-30 12:19:11Z INFO HostContext] Well known directory 'Bin': 'C:\Users\krish\Documents\BITS\mlops-project\actions-runner\bin'
[2026-08-30 12:19:11Z INFO HostContext] Well known directory 'Root': 'C:\Users\krish\Documents\BITS\mlops-project\actions-runner'
[2026-08-30 12:19:11Z INFO HostContext] Well known directory 'Diag': 'C:\Users\krish\Documents\BITS\mlops-project\actions-runner\_diag'
[2026-08-30 12:19:11Z INFO HostContext] Well known directory 'Bin': 'C:\Users\krish\Documents\BITS\mlops-project\actions-runner\bin'
[2026-08-30 12:19:11Z INFO HostContext] Well known directory 'Root': 'C:\Users\krish\Documents\BITS\mlops-project\actions-runner'
[2026-08-30 12:19:11Z INFO HostContext] Well known directory 'Diag': 'C:\Users\krish\Documents\BITS\mlops-project\actions-runner\_diag'
[2026-08-30 12:19:11Z INFO HostContext] Well known directory 'Bin': 'C:\Users\krish\Documents\BITS\mlops-project\actions-runner\bin'
[2026-08-30 12:19:11Z INFO HostContext] Well known directory 'Root': 'C:\Users\krish\Documents\BITS\mlops-project\actions-runner'
[2026-08-30 12:19:11Z INFO HostContext] Well known config file 'Credentials': 'C:\Users\krish\Documents\BITS\mlops-project\actions-runner\.credentials'
[2026-08-30 12:19:11Z INFO HostContext] Well known directory 'Bin': 'C:\Users\krish\Documents\BITS\mlops-project\actions-runner\bin'
[2026-08-30 12:19:11Z INFO HostContext] Well known directory 'Root': 'C:\Users\krish\Documents\BITS\mlops-project\actions-runner'
[2026-08-30 12:19:11Z INFO HostContext] Well known config file 'SetupInfo': 'C:\Users\krish\Documents\BITS\mlops-project\actions-runner\.setup_info'
[2026-08-30 12:19:11Z INFO HostContext] Well known directory 'Bin': 'C:\Users\krish\Documents\BITS\mlops-project\actions-runner\bin'
[2026-08-30 12:19:11Z INFO HostContext] Well known directory 'Root': 'C:\Users\krish\Documents\BITS\mlops-project\actions-runner'
[2026-08-30 12:19:11Z INFO HostContext] Well known directory 'Work': 'C:\Users\krish\Documents\BITS\mlops-project\actions-runner\_work'
[2026-08-30 12:19:11Z INFO PipelineDirectoryManager] Loading tracking config if exists: C:\Users\krish\Documents\BITS\mlops-project\actions-runner\_work\_PipelineMapping\2024ac05127-tech/assignment2\PipelineFolder.json
[2026-08-30 12:19:11Z INFO PipelineDirectoryManager] Updating job run properties.
[2026-08-30 12:19:11Z INFO HostContext] Well known directory 'Bin': 'C:\Users\krish\Documents\BITS\mlops-project\actions-runner\bin'
[2026-08-30 12:19:11Z INFO HostContext] Well known directory 'Root': 'C:\Users\krish\Documents\BITS\mlops-project\actions-runner'
[2026-08-30 12:19:11Z INFO HostContext] Well known directory 'Work': 'C:\Users\krish\Documents\BITS\mlops-project\actions-runner\_work'
[2026-08-30 12:19:11Z INFO HostContext] Well known directory 'Bin': 'C:\Users\krish\Documents\BITS\mlops-project\actions-runner\bin'
[2026-08-30 12:19:11Z INFO HostContext] Well known directory 'Root': 'C:\Users\krish\Documents\BITS\mlops-project\actions-runner'
[2026-08-30 12:19:11Z INFO HostContext] Well known directory 'Work': 'C:\Users\krish\Documents\BITS\mlops-project\actions-runner\_work'
[2026-08-30 12:19:11Z INFO HostContext] Well known directory 'Bin': 'C:\Users\krish\Documents\BITS\mlops-project\actions-runner\bin'
[2026-08-30 12:19:11Z INFO HostContext] Well known directory 'Root': 'C:\Users\krish\Documents\BITS\mlops-project\actions-runner'
[2026-08-30 12:19:11Z INFO HostContext] Well known directory 'Work': 'C:\Users\krish\Documents\BITS\mlops-project\actions-runner\_work'
[2026-08-30 12:19:11Z INFO JobExtension] Downloading actions
[2026-08-30 12:19:11Z INFO HostContext] Well known directory 'Bin': 'C:\Users\krish\Documents\BITS\mlops-project\actions-runner\bin'
[2026-08-30 12:19:11Z INFO HostContext] Well known directory 'Root': 'C:\Users\krish\Documents\BITS\mlops-project\actions-runner'
[2026-08-30 12:19:11Z INFO HostContext] Well known directory 'Work': 'C:\Users\krish\Documents\BITS\mlops-project\actions-runner\_work'
[2026-08-30 12:19:11Z INFO HostContext] Well known directory 'Actions': 'C:\Users\krish\Documents\BITS\mlops-project\actions-runner\_work\_actions'
[2026-08-30 12:19:11Z INFO Worker] Listening for cancel message from the channel.
[2026-08-30 12:19:11Z INFO Worker] Waiting for the job to complete or for a cancel message from the channel.
[2026-08-30 12:19:12Z INFO ResultServer] Successfully started websocket client.
[2026-08-30 12:19:12Z INFO JobServerQueue] Try to append 1 batches web console lines for record 'cf0085b3-5e77-437a-81d1-48cd91c3be06', success rate: 1/1.
[2026-08-30 12:19:12Z INFO HostContext] Well known directory 'Bin': 'C:\Users\krish\Documents\BITS\mlops-project\actions-runner\bin'
[2026-08-30 12:19:12Z INFO HostContext] Well known directory 'Root': 'C:\Users\krish\Documents\BITS\mlops-project\actions-runner'
[2026-08-30 12:19:12Z INFO HostContext] Well known directory 'Work': 'C:\Users\krish\Documents\BITS\mlops-project\actions-runner\_work'
[2026-08-30 12:19:12Z INFO HostContext] Well known directory 'Actions': 'C:\Users\krish\Documents\BITS\mlops-project\actions-runner\_work\_actions'
[2026-08-30 12:19:12Z INFO HostContext] Well known directory 'Bin': 'C:\Users\krish\Documents\BITS\mlops-project\actions-runner\bin'
[2026-08-30 12:19:12Z INFO HostContext] Well known directory 'Root': 'C:\Users\krish\Documents\BITS\mlops-project\actions-runner'
[2026-08-30 12:19:12Z INFO HostContext] Well known directory 'Work': 'C:\Users\krish\Documents\BITS\mlops-project\actions-runner\_work'
[2026-08-30 12:19:12Z INFO HostContext] Well known directory 'Actions': 'C:\Users\krish\Documents\BITS\mlops-project\actions-runner\_work\_actions'
[2026-08-30 12:19:12Z INFO ActionManager] Save archive 'https://codeload.github.com/actions/checkout/zip/11d5960a326750d5838078e36cf38b85af677262' into C:\Users\krish\Documents\BITS\mlops-project\actions-runner\_work\_actions\_temp_75f668fd-ca41-4f7f-8abf-8a28613887cf\8f1b2096-2e74-4ce5-ae39-dc08c195fcb6.zip.
[2026-08-30 12:19:12Z INFO ActionManager] Using Basic token for action archive download.
[2026-08-30 12:19:12Z INFO JobServerQueue] Job timeline record has been updated for the first time.
[2026-08-30 12:19:12Z INFO JobServerQueue] Try to append 1 batches web console lines for record 'cf0085b3-5e77-437a-81d1-48cd91c3be06', success rate: 1/1.
[2026-08-30 12:19:13Z INFO ActionManager] Request URL: https://codeload.github.com/actions/checkout/zip/11d5960a326750d5838078e36cf38b85af677262 X-GitHub-Request-Id: F6CA:542BA:3272F:3DE2BD:6A941FC1 Http Status: OK
[2026-08-30 12:19:14Z INFO ActionManager] Finished getting action repository.
[2026-08-30 12:19:14Z INFO HostContext] Well known directory 'Bin': 'C:\Users\krish\Documents\BITS\mlops-project\actions-runner\bin'
[2026-08-30 12:19:14Z INFO HostContext] Well known directory 'Root': 'C:\Users\krish\Documents\BITS\mlops-project\actions-runner'
[2026-08-30 12:19:14Z INFO HostContext] Well known directory 'Work': 'C:\Users\krish\Documents\BITS\mlops-project\actions-runner\_work'
[2026-08-30 12:19:14Z INFO HostContext] Well known directory 'Actions': 'C:\Users\krish\Documents\BITS\mlops-project\actions-runner\_work\_actions'
[2026-08-30 12:19:14Z INFO ActionManifestManagerLegacy] Load schema file with definitions: [
  "null",
  "boolean",
  "number",
  "string",
  "sequence",
  "mapping",
  "any",
  "action-root",
  "inputs",
  "input",
  "outputs",
  "output-definition",
  "runs",
  "container-runs",
  "container-runs-args",
  "container-runs-env",
  "node-runs",
  "plugin-runs",
  "composite-runs",
  "composite-steps",
  "composite-step",
  "run-step",
  "uses-step",
  "container-runs-context",
  "output-value",
  "input-default-context",
  "non-empty-string",
  "string-steps-context",
  "boolean-steps-context",
  "step-env",
  "step-if",
  "step-with"
]
[2026-08-30 12:19:14Z INFO ActionManifestManager] Load schema file with definitions: [
  "null",
  "boolean",
  "number",
  "string",
  "sequence",
  "mapping",
  "any",
  "action-root",
  "inputs",
  "input",
  "outputs",
  "output-definition",
  "runs",
  "container-runs",
  "container-runs-args",
  "container-runs-env",
  "node-runs",
  "plugin-runs",
  "composite-runs",
  "composite-steps",
  "composite-step",
  "run-step",
  "uses-step",
  "container-runs-context",
  "output-value",
  "input-default-context",
  "non-empty-string",
  "string-steps-context",
  "boolean-steps-context",
  "step-env",
  "step-if",
  "step-with"
]
[2026-08-30 12:19:14Z INFO HostContext] Well known directory 'Bin': 'C:\Users\krish\Documents\BITS\mlops-project\actions-runner\bin'
[2026-08-30 12:19:14Z INFO HostContext] Well known directory 'Root': 'C:\Users\krish\Documents\BITS\mlops-project\actions-runner'
[2026-08-30 12:19:14Z INFO HostContext] Well known directory 'Work': 'C:\Users\krish\Documents\BITS\mlops-project\actions-runner\_work'
[2026-08-30 12:19:14Z INFO HostContext] Well known directory 'Actions': 'C:\Users\krish\Documents\BITS\mlops-project\actions-runner\_work\_actions'
[2026-08-30 12:19:14Z INFO ActionManifestManagerLegacy] Loaded action.yml file: {
  "name": "Checkout",
  "description": "Checkout a Git repository at a particular version",
  "inputs": {
    "type": 2,
    "map": [
      {
        "key": {
          "type": 0,
          "file": 2,
          "line": 4,
          "col": 3,
          "lit": "repository"
        },
        "value": {
          "type": 3,
          "file": 2,
          "line": 6,
          "col": 14,
          "expr": "github.repository"
        }
      },
      {
        "key": {
          "type": 0,
          "file": 2,
          "line": 7,
          "col": 3,
          "lit": "ref"
        },
        "value": ""
      },
      {
        "key": {
          "type": 0,
          "file": 2,
          "line": 12,
          "col": 3,
          "lit": "token"
        },
        "value": {
          "type": 3,
          "file": 2,
          "line": 24,
          "col": 14,
          "expr": "github.token"
        }
      },
      {
        "key": {
          "type": 0,
          "file": 2,
          "line": 25,
          "col": 3,
          "lit": "ssh-key"
        },
        "value": ""
      },
      {
        "key": {
          "type": 0,
          "file": 2,
          "line": 37,
          "col": 3,
          "lit": "ssh-known-hosts"
        },
        "value": ""
      },
      {
        "key": {
          "type": 0,
          "file": 2,
          "line": 42,
          "col": 3,
          "lit": "ssh-strict"
        },
        "value": {
          "type": 0,
          "file": 2,
          "line": 47,
          "col": 14,
          "lit": "true"
        }
      },
      {
        "key": {
          "type": 0,
          "file": 2,
          "line": 48,
          "col": 3,
          "lit": "ssh-user"
        },
        "value": {
          "type": 0,
          "file": 2,
          "line": 51,
          "col": 14,
          "lit": "git"
        }
      },
      {
        "key": {
          "type": 0,
          "file": 2,
          "line": 52,
          "col": 3,
          "lit": "persist-credentials"
        },
        "value": {
          "type": 0,
          "file": 2,
          "line": 54,
          "col": 14,
          "lit": "true"
        }
      },
      {
        "key": {
          "type": 0,
          "file": 2,
          "line": 55,
          "col": 3,
          "lit": "path"
        },
        "value": ""
      },
      {
        "key": {
          "type": 0,
          "file": 2,
          "line": 57,
          "col": 3,
          "lit": "clean"
        },
        "value": {
          "type": 0,
          "file": 2,
          "line": 59,
          "col": 14,
          "lit": "true"
        }
      },
      {
        "key": {
          "type": 0,
          "file": 2,
          "line": 60,
          "col": 3,
          "lit": "filter"
        },
        "value": {
          "type": 0,
          "file": 2,
          "line": 64,
          "col": 14,
          "lit": ""
        }
      },
      {
        "key": {
          "type": 0,
          "file": 2,
          "line": 65,
          "col": 3,
          "lit": "sparse-checkout"
        },
        "value": {
          "type": 0,
          "file": 2,
          "line": 69,
          "col": 14,
          "lit": ""
        }
      },
      {
        "key": {
          "type": 0,
          "file": 2,
          "line": 70,
          "col": 3,
          "lit": "sparse-checkout-cone-mode"
        },
        "value": {
          "type": 0,
          "file": 2,
          "line": 73,
          "col": 14,
          "lit": "true"
        }
      },
      {
        "key": {
          "type": 0,
          "file": 2,
          "line": 74,
          "col": 3,
          "lit": "fetch-depth"
        },
        "value": {
          "type": 0,
          "file": 2,
          "line": 76,
          "col": 14,
          "lit": "1"
        }
      },
      {
        "key": {
          "type": 0,
          "file": 2,
          "line": 77,
          "col": 3,
          "lit": "fetch-tags"
        },
        "value": {
          "type": 0,
          "file": 2,
          "line": 79,
          "col": 14,
          "lit": "false"
        }
      },
      {
        "key": {
          "type": 0,
          "file": 2,
          "line": 80,
          "col": 3,
          "lit": "show-progress"
        },
        "value": {
          "type": 0,
          "file": 2,
          "line": 82,
          "col": 14,
          "lit": "true"
        }
      },
      {
        "key": {
          "type": 0,
          "file": 2,
          "line": 83,
          "col": 3,
          "lit": "lfs"
        },
        "value": {
          "type": 0,
          "file": 2,
          "line": 85,
          "col": 14,
          "lit": "false"
        }
      },
      {
        "key": {
          "type": 0,
          "file": 2,
          "line": 86,
          "col": 3,
          "lit": "submodules"
        },
        "value": {
          "type": 0,
          "file": 2,
          "line": 94,
          "col": 14,
          "lit": "false"
        }
      },
      {
        "key": {
          "type": 0,
          "file": 2,
          "line": 95,
          "col": 3,
          "lit": "set-safe-directory"
        },
        "value": {
          "type": 0,
          "file": 2,
          "line": 97,
          "col": 14,
          "lit": "true"
        }
      },
      {
        "key": {
          "type": 0,
          "file": 2,
          "line": 98,
          "col": 3,
          "lit": "github-server-url"
        },
        "value": ""
      },
      {
        "key": {
          "type": 0,
          "file": 2,
          "line": 101,
          "col": 3,
          "lit": "allow-unsafe-pr-checkout"
        },
        "value": {
          "type": 0,
          "file": 2,
          "line": 109,
          "col": 14,
          "lit": "false"
        }
      }
    ]
  },
  "execution": {
    "executionType": "nodeJS",
    "hasPre": false,
    "hasPost": true,
    "script": "dist/index.js",
    "pre": null,
    "post": "dist/index.js",
    "nodeVersion": "node20",
    "cleanupCondition": "always()",
    "initCondition": "always()"
  },
  "deprecated": null
}
[2026-08-30 12:19:14Z INFO ActionManager] Action node.js file: dist/index.js, no more preparation.
[2026-08-30 12:19:14Z INFO HostContext] Well known directory 'Bin': 'C:\Users\krish\Documents\BITS\mlops-project\actions-runner\bin'
[2026-08-30 12:19:14Z INFO HostContext] Well known directory 'Root': 'C:\Users\krish\Documents\BITS\mlops-project\actions-runner'
[2026-08-30 12:19:14Z INFO HostContext] Well known directory 'Work': 'C:\Users\krish\Documents\BITS\mlops-project\actions-runner\_work'
[2026-08-30 12:19:14Z INFO HostContext] Well known directory 'Actions': 'C:\Users\krish\Documents\BITS\mlops-project\actions-runner\_work\_actions'
[2026-08-30 12:19:14Z INFO ActionManager] Load action that reference repository from 'C:\Users\krish\Documents\BITS\mlops-project\actions-runner\_work\_actions\actions\checkout\v4'
[2026-08-30 12:19:14Z INFO HostContext] Well known directory 'Bin': 'C:\Users\krish\Documents\BITS\mlops-project\actions-runner\bin'
[2026-08-30 12:19:14Z INFO HostContext] Well known directory 'Root': 'C:\Users\krish\Documents\BITS\mlops-project\actions-runner'
[2026-08-30 12:19:14Z INFO HostContext] Well known directory 'Work': 'C:\Users\krish\Documents\BITS\mlops-project\actions-runner\_work'
[2026-08-30 12:19:14Z INFO HostContext] Well known directory 'Actions': 'C:\Users\krish\Documents\BITS\mlops-project\actions-runner\_work\_actions'
[2026-08-30 12:19:14Z INFO ActionManifestManagerLegacy] Loaded action.yml file: {
  "name": "Checkout",
  "description": "Checkout a Git repository at a particular version",
  "inputs": {
    "type": 2,
    "map": [
      {
        "key": {
          "type": 0,
          "file": 2,
          "line": 4,
          "col": 3,
          "lit": "repository"
        },
        "value": {
          "type": 3,
          "file": 2,
          "line": 6,
          "col": 14,
          "expr": "github.repository"
        }
      },
      {
        "key": {
          "type": 0,
          "file": 2,
          "line": 7,
          "col": 3,
          "lit": "ref"
        },
        "value": ""
      },
      {
        "key": {
          "type": 0,
          "file": 2,
          "line": 12,
          "col": 3,
          "lit": "token"
        },
        "value": {
          "type": 3,
          "file": 2,
          "line": 24,
          "col": 14,
          "expr": "github.token"
        }
      },
      {
        "key": {
          "type": 0,
          "file": 2,
          "line": 25,
          "col": 3,
          "lit": "ssh-key"
        },
        "value": ""
      },
      {
        "key": {
          "type": 0,
          "file": 2,
          "line": 37,
          "col": 3,
          "lit": "ssh-known-hosts"
        },
        "value": ""
      },
      {
        "key": {
          "type": 0,
          "file": 2,
          "line": 42,
          "col": 3,
          "lit": "ssh-strict"
        },
        "value": {
          "type": 0,
          "file": 2,
          "line": 47,
          "col": 14,
          "lit": "true"
        }
      },
      {
        "key": {
          "type": 0,
          "file": 2,
          "line": 48,
          "col": 3,
          "lit": "ssh-user"
        },
        "value": {
          "type": 0,
          "file": 2,
          "line": 51,
          "col": 14,
          "lit": "git"
        }
      },
      {
        "key": {
          "type": 0,
          "file": 2,
          "line": 52,
          "col": 3,
          "lit": "persist-credentials"
        },
        "value": {
          "type": 0,
          "file": 2,
          "line": 54,
          "col": 14,
          "lit": "true"
        }
      },
      {
        "key": {
          "type": 0,
          "file": 2,
          "line": 55,
          "col": 3,
          "lit": "path"
        },
        "value": ""
      },
      {
        "key": {
          "type": 0,
          "file": 2,
          "line": 57,
          "col": 3,
          "lit": "clean"
        },
        "value": {
          "type": 0,
          "file": 2,
          "line": 59,
          "col": 14,
          "lit": "true"
        }
      },
      {
        "key": {
          "type": 0,
          "file": 2,
          "line": 60,
          "col": 3,
          "lit": "filter"
        },
        "value": {
          "type": 0,
          "file": 2,
          "line": 64,
          "col": 14,
          "lit": ""
        }
      },
      {
        "key": {
          "type": 0,
          "file": 2,
          "line": 65,
          "col": 3,
          "lit": "sparse-checkout"
        },
        "value": {
          "type": 0,
          "file": 2,
          "line": 69,
          "col": 14,
          "lit": ""
        }
      },
      {
        "key": {
          "type": 0,
          "file": 2,
          "line": 70,
          "col": 3,
          "lit": "sparse-checkout-cone-mode"
        },
        "value": {
          "type": 0,
          "file": 2,
          "line": 73,
          "col": 14,
          "lit": "true"
        }
      },
      {
        "key": {
          "type": 0,
          "file": 2,
          "line": 74,
          "col": 3,
          "lit": "fetch-depth"
        },
        "value": {
          "type": 0,
          "file": 2,
          "line": 76,
          "col": 14,
          "lit": "1"
        }
      },
      {
        "key": {
          "type": 0,
          "file": 2,
          "line": 77,
          "col": 3,
          "lit": "fetch-tags"
        },
        "value": {
          "type": 0,
          "file": 2,
          "line": 79,
          "col": 14,
          "lit": "false"
        }
      },
      {
        "key": {
          "type": 0,
          "file": 2,
          "line": 80,
          "col": 3,
          "lit": "show-progress"
        },
        "value": {
          "type": 0,
          "file": 2,
          "line": 82,
          "col": 14,
          "lit": "true"
        }
      },
      {
        "key": {
          "type": 0,
          "file": 2,
          "line": 83,
          "col": 3,
          "lit": "lfs"
        },
        "value": {
          "type": 0,
          "file": 2,
          "line": 85,
          "col": 14,
          "lit": "false"
        }
      },
      {
        "key": {
          "type": 0,
          "file": 2,
          "line": 86,
          "col": 3,
          "lit": "submodules"
        },
        "value": {
          "type": 0,
          "file": 2,
          "line": 94,
          "col": 14,
          "lit": "false"
        }
      },
      {
        "key": {
          "type": 0,
          "file": 2,
          "line": 95,
          "col": 3,
          "lit": "set-safe-directory"
        },
        "value": {
          "type": 0,
          "file": 2,
          "line": 97,
          "col": 14,
          "lit": "true"
        }
      },
      {
        "key": {
          "type": 0,
          "file": 2,
          "line": 98,
          "col": 3,
          "lit": "github-server-url"
        },
        "value": ""
      },
      {
        "key": {
          "type": 0,
          "file": 2,
          "line": 101,
          "col": 3,
          "lit": "allow-unsafe-pr-checkout"
        },
        "value": {
          "type": 0,
          "file": 2,
          "line": 109,
          "col": 14,
          "lit": "false"
        }
      }
    ]
  },
  "execution": {
    "executionType": "nodeJS",
    "hasPre": false,
    "hasPost": true,
    "script": "dist/index.js",
    "pre": null,
    "post": "dist/index.js",
    "nodeVersion": "node20",
    "cleanupCondition": "always()",
    "initCondition": "always()"
  },
  "deprecated": null
}
[2026-08-30 12:19:14Z INFO ActionManager] Action pre node.js file: N/A.
[2026-08-30 12:19:14Z INFO ActionManager] Action node.js file: dist/index.js.
[2026-08-30 12:19:14Z INFO ActionManager] Action post node.js file: dist/index.js.
[2026-08-30 12:19:14Z INFO JobExtension] Adding .
[2026-08-30 12:19:14Z INFO JobExtension] Adding .
[2026-08-30 12:19:14Z INFO JobExtension] Adding .
[2026-08-30 12:19:14Z INFO JobExtension] Adding .
[2026-08-30 12:19:14Z INFO JobExtension] Adding .
[2026-08-30 12:19:14Z INFO JobExtension] Adding .
[2026-08-30 12:19:14Z INFO JobExtension] Adding .
[2026-08-30 12:19:14Z INFO HostContext] Well known directory 'Bin': 'C:\Users\krish\Documents\BITS\mlops-project\actions-runner\bin'
[2026-08-30 12:19:14Z INFO HostContext] Well known directory 'Root': 'C:\Users\krish\Documents\BITS\mlops-project\actions-runner'
[2026-08-30 12:19:14Z INFO HostContext] Well known directory 'Diag': 'C:\Users\krish\Documents\BITS\mlops-project\actions-runner\_diag'
[2026-08-30 12:19:14Z INFO HostContext] Well known directory 'Bin': 'C:\Users\krish\Documents\BITS\mlops-project\actions-runner\bin'
[2026-08-30 12:19:14Z INFO HostContext] Well known directory 'Root': 'C:\Users\krish\Documents\BITS\mlops-project\actions-runner'
[2026-08-30 12:19:14Z INFO HostContext] Well known directory 'Diag': 'C:\Users\krish\Documents\BITS\mlops-project\actions-runner\_diag'
[2026-08-30 12:19:14Z INFO HostContext] Well known directory 'Bin': 'C:\Users\krish\Documents\BITS\mlops-project\actions-runner\bin'
[2026-08-30 12:19:14Z INFO HostContext] Well known directory 'Root': 'C:\Users\krish\Documents\BITS\mlops-project\actions-runner'
[2026-08-30 12:19:14Z INFO HostContext] Well known directory 'Diag': 'C:\Users\krish\Documents\BITS\mlops-project\actions-runner\_diag'
[2026-08-30 12:19:14Z INFO HostContext] Well known directory 'Bin': 'C:\Users\krish\Documents\BITS\mlops-project\actions-runner\bin'
[2026-08-30 12:19:14Z INFO HostContext] Well known directory 'Root': 'C:\Users\krish\Documents\BITS\mlops-project\actions-runner'
[2026-08-30 12:19:14Z INFO HostContext] Well known directory 'Diag': 'C:\Users\krish\Documents\BITS\mlops-project\actions-runner\_diag'
[2026-08-30 12:19:14Z INFO HostContext] Well known directory 'Bin': 'C:\Users\krish\Documents\BITS\mlops-project\actions-runner\bin'
[2026-08-30 12:19:14Z INFO HostContext] Well known directory 'Root': 'C:\Users\krish\Documents\BITS\mlops-project\actions-runner'
[2026-08-30 12:19:14Z INFO HostContext] Well known directory 'Diag': 'C:\Users\krish\Documents\BITS\mlops-project\actions-runner\_diag'
[2026-08-30 12:19:14Z INFO HostContext] Well known directory 'Bin': 'C:\Users\krish\Documents\BITS\mlops-project\actions-runner\bin'
[2026-08-30 12:19:14Z INFO HostContext] Well known directory 'Root': 'C:\Users\krish\Documents\BITS\mlops-project\actions-runner'
[2026-08-30 12:19:14Z INFO HostContext] Well known directory 'Diag': 'C:\Users\krish\Documents\BITS\mlops-project\actions-runner\_diag'
[2026-08-30 12:19:14Z INFO HostContext] Well known directory 'Bin': 'C:\Users\krish\Documents\BITS\mlops-project\actions-runner\bin'
[2026-08-30 12:19:14Z INFO HostContext] Well known directory 'Root': 'C:\Users\krish\Documents\BITS\mlops-project\actions-runner'
[2026-08-30 12:19:14Z INFO HostContext] Well known directory 'Diag': 'C:\Users\krish\Documents\BITS\mlops-project\actions-runner\_diag'
[2026-08-30 12:19:14Z INFO HostContext] Well known directory 'Bin': 'C:\Users\krish\Documents\BITS\mlops-project\actions-runner\bin'
[2026-08-30 12:19:14Z INFO HostContext] Well known directory 'Root': 'C:\Users\krish\Documents\BITS\mlops-project\actions-runner'
[2026-08-30 12:19:14Z INFO HostContext] Well known directory 'Diag': 'C:\Users\krish\Documents\BITS\mlops-project\actions-runner\_diag'
[2026-08-30 12:19:14Z INFO HostContext] Well known directory 'Bin': 'C:\Users\krish\Documents\BITS\mlops-project\actions-runner\bin'
[2026-08-30 12:19:14Z INFO HostContext] Well known directory 'Root': 'C:\Users\krish\Documents\BITS\mlops-project\actions-runner'
[2026-08-30 12:19:14Z INFO HostContext] Well known directory 'Diag': 'C:\Users\krish\Documents\BITS\mlops-project\actions-runner\_diag'
[2026-08-30 12:19:14Z INFO HostContext] Well known directory 'Bin': 'C:\Users\krish\Documents\BITS\mlops-project\actions-runner\bin'
[2026-08-30 12:19:14Z INFO HostContext] Well known directory 'Root': 'C:\Users\krish\Documents\BITS\mlops-project\actions-runner'
[2026-08-30 12:19:14Z INFO HostContext] Well known directory 'Diag': 'C:\Users\krish\Documents\BITS\mlops-project\actions-runner\_diag'
[2026-08-30 12:19:14Z INFO JobServerQueue] Try to append 1 batches web console lines for record 'cf0085b3-5e77-437a-81d1-48cd91c3be06', success rate: 1/1.
[2026-08-30 12:19:14Z INFO HostContext] Well known directory 'Bin': 'C:\Users\krish\Documents\BITS\mlops-project\actions-runner\bin'
[2026-08-30 12:19:14Z INFO HostContext] Well known directory 'Root': 'C:\Users\krish\Documents\BITS\mlops-project\actions-runner'
[2026-08-30 12:19:14Z INFO HostContext] Well known directory 'Diag': 'C:\Users\krish\Documents\BITS\mlops-project\actions-runner\_diag'
[2026-08-30 12:19:14Z INFO HostContext] Well known directory 'Bin': 'C:\Users\krish\Documents\BITS\mlops-project\actions-runner\bin'
[2026-08-30 12:19:14Z INFO HostContext] Well known directory 'Root': 'C:\Users\krish\Documents\BITS\mlops-project\actions-runner'
[2026-08-30 12:19:14Z INFO HostContext] Well known directory 'Diag': 'C:\Users\krish\Documents\BITS\mlops-project\actions-runner\_diag'
[2026-08-30 12:19:14Z INFO HostContext] Well known directory 'Bin': 'C:\Users\krish\Documents\BITS\mlops-project\actions-runner\bin'
[2026-08-30 12:19:14Z INFO HostContext] Well known directory 'Root': 'C:\Users\krish\Documents\BITS\mlops-project\actions-runner'
[2026-08-30 12:19:14Z INFO HostContext] Well known directory 'Diag': 'C:\Users\krish\Documents\BITS\mlops-project\actions-runner\_diag'
[2026-08-30 12:19:14Z INFO HostContext] Well known directory 'Bin': 'C:\Users\krish\Documents\BITS\mlops-project\actions-runner\bin'
[2026-08-30 12:19:14Z INFO HostContext] Well known directory 'Root': 'C:\Users\krish\Documents\BITS\mlops-project\actions-runner'
[2026-08-30 12:19:14Z INFO HostContext] Well known directory 'Diag': 'C:\Users\krish\Documents\BITS\mlops-project\actions-runner\_diag'
[2026-08-30 12:19:14Z INFO JobExtension] Total accessible running process: 285.
[2026-08-30 12:19:14Z INFO HostContext] Well known directory 'Bin': 'C:\Users\krish\Documents\BITS\mlops-project\actions-runner\bin'
[2026-08-30 12:19:14Z INFO HostContext] Well known directory 'Root': 'C:\Users\krish\Documents\BITS\mlops-project\actions-runner'
[2026-08-30 12:19:14Z INFO HostContext] Well known directory 'Work': 'C:\Users\krish\Documents\BITS\mlops-project\actions-runner\_work'
[2026-08-30 12:19:14Z INFO JobExtension] Start checking server connectivity.
[2026-08-30 12:19:14Z INFO JobExtension] Check server connectivity for https://broker.actions.githubusercontent.com/health.
[2026-08-30 12:19:14Z INFO JobExtension] Check server connectivity for https://token.actions.githubusercontent.com/ready.
[2026-08-30 12:19:14Z INFO JobExtension] Check server connectivity for https://run.actions.githubusercontent.com/health.
[2026-08-30 12:19:14Z INFO JobExtension] Start checking service connectivity in background.
[2026-08-30 12:19:14Z INFO ExecutionContext] Publish step telemetry for current step {
  "action": "setup_job",
  "type": "runner",
  "stage": "Pre",
  "stepId": "cf0085b3-5e77-437a-81d1-48cd91c3be06",
  "result": "succeeded",
  "errorMessages": [],
  "executionTimeInSeconds": 4,
  "startTime": "2026-08-30T12:19:11.3925639Z",
  "finishTime": "2026-08-30T12:19:14.6945856Z"
}.
[2026-08-30 12:19:14Z INFO JobRunner] Total job steps: 7.
[2026-08-30 12:19:14Z INFO JobRunner] Run all job steps.
[2026-08-30 12:19:14Z INFO DapDebugger] DapDebugger initialized
[2026-08-30 12:19:14Z INFO StepsRunner] Processing step: DisplayName='Checkout repository'
[2026-08-30 12:19:14Z INFO StepsRunner] Evaluating: success()
[2026-08-30 12:19:14Z INFO StepsRunner] Result: true
[2026-08-30 12:19:14Z INFO StepsRunner] Starting the step.
[2026-08-30 12:19:14Z INFO HostContext] Well known directory 'Bin': 'C:\Users\krish\Documents\BITS\mlops-project\actions-runner\bin'
[2026-08-30 12:19:14Z INFO HostContext] Well known directory 'Root': 'C:\Users\krish\Documents\BITS\mlops-project\actions-runner'
[2026-08-30 12:19:14Z INFO HostContext] Well known directory 'Work': 'C:\Users\krish\Documents\BITS\mlops-project\actions-runner\_work'
[2026-08-30 12:19:14Z INFO StepsRunner] Which2: 'chcp'
[2026-08-30 12:19:14Z INFO StepsRunner] Location: 'C:\WINDOWS\system32\chcp.COM'
[2026-08-30 12:19:14Z INFO ProcessInvokerWrapper] Starting process:
[2026-08-30 12:19:14Z INFO ProcessInvokerWrapper]   File name: 'C:\WINDOWS\system32\chcp.COM'
[2026-08-30 12:19:14Z INFO ProcessInvokerWrapper]   Arguments: '65001'
[2026-08-30 12:19:14Z INFO ProcessInvokerWrapper]   Working directory: 'C:\Users\krish\Documents\BITS\mlops-project\actions-runner\_work'
[2026-08-30 12:19:14Z INFO ProcessInvokerWrapper]   Require exit code zero: 'False'
[2026-08-30 12:19:14Z INFO ProcessInvokerWrapper]   Encoding web name:  ; code page: ''
[2026-08-30 12:19:14Z INFO ProcessInvokerWrapper]   Force kill process on cancellation: 'False'
[2026-08-30 12:19:14Z INFO ProcessInvokerWrapper]   Redirected STDIN: 'False'
[2026-08-30 12:19:14Z INFO ProcessInvokerWrapper]   Persist current code page: 'True'
[2026-08-30 12:19:14Z INFO ProcessInvokerWrapper]   Keep redirected STDIN open: 'False'
[2026-08-30 12:19:14Z INFO ProcessInvokerWrapper]   High priority process: 'False'
[2026-08-30 12:19:14Z INFO ProcessInvokerWrapper] Process started with process id 2340, waiting for process exit.
[2026-08-30 12:19:14Z INFO ProcessInvokerWrapper] STDOUT/STDERR stream read finished.
[2026-08-30 12:19:14Z INFO ProcessInvokerWrapper] STDOUT/STDERR stream read finished.
[2026-08-30 12:19:14Z INFO ProcessInvokerWrapper] Finished process 2340 with exit code 0, and elapsed time 00:00:00.0377429.
[2026-08-30 12:19:14Z INFO StepsRunner] Successfully returned to code page 65001 (UTF8)
[2026-08-30 12:19:14Z INFO HostContext] Well known directory 'Bin': 'C:\Users\krish\Documents\BITS\mlops-project\actions-runner\bin'
[2026-08-30 12:19:14Z INFO HostContext] Well known directory 'Root': 'C:\Users\krish\Documents\BITS\mlops-project\actions-runner'
[2026-08-30 12:19:14Z INFO HostContext] Well known directory 'Work': 'C:\Users\krish\Documents\BITS\mlops-project\actions-runner\_work'
[2026-08-30 12:19:14Z INFO HostContext] Well known directory 'Actions': 'C:\Users\krish\Documents\BITS\mlops-project\actions-runner\_work\_actions'
[2026-08-30 12:19:14Z INFO ActionManager] Load action that reference repository from 'C:\Users\krish\Documents\BITS\mlops-project\actions-runner\_work\_actions\actions\checkout\v4'
[2026-08-30 12:19:14Z INFO HostContext] Well known directory 'Bin': 'C:\Users\krish\Documents\BITS\mlops-project\actions-runner\bin'
[2026-08-30 12:19:14Z INFO HostContext] Well known directory 'Root': 'C:\Users\krish\Documents\BITS\mlops-project\actions-runner'
[2026-08-30 12:19:14Z INFO HostContext] Well known directory 'Work': 'C:\Users\krish\Documents\BITS\mlops-project\actions-runner\_work'
[2026-08-30 12:19:14Z INFO HostContext] Well known directory 'Actions': 'C:\Users\krish\Documents\BITS\mlops-project\actions-runner\_work\_actions'
[2026-08-30 12:19:14Z INFO ActionManifestManagerLegacy] Loaded action.yml file: {
  "name": "Checkout",
  "description": "Checkout a Git repository at a particular version",
  "inputs": {
    "type": 2,
    "map": [
      {
        "key": {
          "type": 0,
          "file": 2,
          "line": 4,
          "col": 3,
          "lit": "repository"
        },
        "value": {
          "type": 3,
          "file": 2,
          "line": 6,
          "col": 14,
          "expr": "github.repository"
        }
      },
      {
        "key": {
          "type": 0,
          "file": 2,
          "line": 7,
          "col": 3,
          "lit": "ref"
        },
        "value": ""
      },
      {
        "key": {
          "type": 0,
          "file": 2,
          "line": 12,
          "col": 3,
          "lit": "token"
        },
        "value": {
          "type": 3,
          "file": 2,
          "line": 24,
          "col": 14,
          "expr": "github.token"
        }
      },
      {
        "key": {
          "type": 0,
          "file": 2,
          "line": 25,
          "col": 3,
          "lit": "ssh-key"
        },
        "value": ""
      },
      {
        "key": {
          "type": 0,
          "file": 2,
          "line": 37,
          "col": 3,
          "lit": "ssh-known-hosts"
        },
        "value": ""
      },
      {
        "key": {
          "type": 0,
          "file": 2,
          "line": 42,
          "col": 3,
          "lit": "ssh-strict"
        },
        "value": {
          "type": 0,
          "file": 2,
          "line": 47,
          "col": 14,
          "lit": "true"
        }
      },
      {
        "key": {
          "type": 0,
          "file": 2,
          "line": 48,
          "col": 3,
          "lit": "ssh-user"
        },
        "value": {
          "type": 0,
          "file": 2,
          "line": 51,
          "col": 14,
          "lit": "git"
        }
      },
      {
        "key": {
          "type": 0,
          "file": 2,
          "line": 52,
          "col": 3,
          "lit": "persist-credentials"
        },
        "value": {
          "type": 0,
          "file": 2,
          "line": 54,
          "col": 14,
          "lit": "true"
        }
      },
      {
        "key": {
          "type": 0,
          "file": 2,
          "line": 55,
          "col": 3,
          "lit": "path"
        },
        "value": ""
      },
      {
        "key": {
          "type": 0,
          "file": 2,
          "line": 57,
          "col": 3,
          "lit": "clean"
        },
        "value": {
          "type": 0,
          "file": 2,
          "line": 59,
          "col": 14,
          "lit": "true"
        }
      },
      {
        "key": {
          "type": 0,
          "file": 2,
          "line": 60,
          "col": 3,
          "lit": "filter"
        },
        "value": {
          "type": 0,
          "file": 2,
          "line": 64,
          "col": 14,
          "lit": ""
        }
      },
      {
        "key": {
          "type": 0,
          "file": 2,
          "line": 65,
          "col": 3,
          "lit": "sparse-checkout"
        },
        "value": {
          "type": 0,
          "file": 2,
          "line": 69,
          "col": 14,
          "lit": ""
        }
      },
      {
        "key": {
          "type": 0,
          "file": 2,
          "line": 70,
          "col": 3,
          "lit": "sparse-checkout-cone-mode"
        },
        "value": {
          "type": 0,
          "file": 2,
          "line": 73,
          "col": 14,
          "lit": "true"
        }
      },
      {
        "key": {
          "type": 0,
          "file": 2,
          "line": 74,
          "col": 3,
          "lit": "fetch-depth"
        },
        "value": {
          "type": 0,
          "file": 2,
          "line": 76,
          "col": 14,
          "lit": "1"
        }
      },
      {
        "key": {
          "type": 0,
          "file": 2,
          "line": 77,
          "col": 3,
          "lit": "fetch-tags"
        },
        "value": {
          "type": 0,
          "file": 2,
          "line": 79,
          "col": 14,
          "lit": "false"
        }
      },
      {
        "key": {
          "type": 0,
          "file": 2,
          "line": 80,
          "col": 3,
          "lit": "show-progress"
        },
        "value": {
          "type": 0,
          "file": 2,
          "line": 82,
          "col": 14,
          "lit": "true"
        }
      },
      {
        "key": {
          "type": 0,
          "file": 2,
          "line": 83,
          "col": 3,
          "lit": "lfs"
        },
        "value": {
          "type": 0,
          "file": 2,
          "line": 85,
          "col": 14,
          "lit": "false"
        }
      },
      {
        "key": {
          "type": 0,
          "file": 2,
          "line": 86,
          "col": 3,
          "lit": "submodules"
        },
        "value": {
          "type": 0,
          "file": 2,
          "line": 94,
          "col": 14,
          "lit": "false"
        }
      },
      {
        "key": {
          "type": 0,
          "file": 2,
          "line": 95,
          "col": 3,
          "lit": "set-safe-directory"
        },
        "value": {
          "type": 0,
          "file": 2,
          "line": 97,
          "col": 14,
          "lit": "true"
        }
      },
      {
        "key": {
          "type": 0,
          "file": 2,
          "line": 98,
          "col": 3,
          "lit": "github-server-url"
        },
        "value": ""
      },
      {
        "key": {
          "type": 0,
          "file": 2,
          "line": 101,
          "col": 3,
          "lit": "allow-unsafe-pr-checkout"
        },
        "value": {
          "type": 0,
          "file": 2,
          "line": 109,
          "col": 14,
          "lit": "false"
        }
      }
    ]
  },
  "execution": {
    "executionType": "nodeJS",
    "hasPre": false,
    "hasPost": true,
    "script": "dist/index.js",
    "pre": null,
    "post": "dist/index.js",
    "nodeVersion": "node20",
    "cleanupCondition": "always()",
    "initCondition": "always()"
  },
  "deprecated": null
}
[2026-08-30 12:19:14Z INFO ActionManager] Action pre node.js file: N/A.
[2026-08-30 12:19:14Z INFO ActionManager] Action node.js file: dist/index.js.
[2026-08-30 12:19:14Z INFO ActionManager] Action post node.js file: dist/index.js.
[2026-08-30 12:19:14Z INFO ExecutionContext] Reserve record order 9 to 16 for post job actions.
[2026-08-30 12:19:14Z INFO HostContext] Well known directory 'Bin': 'C:\Users\krish\Documents\BITS\mlops-project\actions-runner\bin'
[2026-08-30 12:19:14Z INFO HostContext] Well known directory 'Root': 'C:\Users\krish\Documents\BITS\mlops-project\actions-runner'
[2026-08-30 12:19:14Z INFO HostContext] Well known directory 'Diag': 'C:\Users\krish\Documents\BITS\mlops-project\actions-runner\_diag'
[2026-08-30 12:19:14Z INFO HostContext] Well known directory 'Bin': 'C:\Users\krish\Documents\BITS\mlops-project\actions-runner\bin'
[2026-08-30 12:19:14Z INFO HostContext] Well known directory 'Root': 'C:\Users\krish\Documents\BITS\mlops-project\actions-runner'
[2026-08-30 12:19:14Z INFO HostContext] Well known directory 'Diag': 'C:\Users\krish\Documents\BITS\mlops-project\actions-runner\_diag'
[2026-08-30 12:19:14Z INFO HostContext] Well known directory 'Bin': 'C:\Users\krish\Documents\BITS\mlops-project\actions-runner\bin'
[2026-08-30 12:19:14Z INFO HostContext] Well known directory 'Root': 'C:\Users\krish\Documents\BITS\mlops-project\actions-runner'
[2026-08-30 12:19:14Z INFO HostContext] Well known directory 'Work': 'C:\Users\krish\Documents\BITS\mlops-project\actions-runner\_work'
[2026-08-30 12:19:14Z INFO HostContext] Well known directory 'Temp': 'C:\Users\krish\Documents\BITS\mlops-project\actions-runner\_work\_temp'
[2026-08-30 12:19:14Z INFO ExecutionContext] Write event payload to C:\Users\krish\Documents\BITS\mlops-project\actions-runner\_work\_temp\_github_workflow\event.json
[2026-08-30 12:19:14Z INFO HostContext] Well known directory 'Bin': 'C:\Users\krish\Documents\BITS\mlops-project\actions-runner\bin'
[2026-08-30 12:19:14Z INFO HostContext] Well known directory 'Root': 'C:\Users\krish\Documents\BITS\mlops-project\actions-runner'
[2026-08-30 12:19:14Z INFO HostContext] Well known directory 'Work': 'C:\Users\krish\Documents\BITS\mlops-project\actions-runner\_work'
[2026-08-30 12:19:14Z INFO HostContext] Well known directory 'Temp': 'C:\Users\krish\Documents\BITS\mlops-project\actions-runner\_work\_temp'
[2026-08-30 12:19:14Z INFO ExtensionManager] Getting extensions for interface: 'GitHub.Runner.Worker.IFileCommandExtension'
[2026-08-30 12:19:14Z INFO ExtensionManager] Creating instance: GitHub.Runner.Worker.AddPathFileCommand, Runner.Worker
[2026-08-30 12:19:14Z INFO ExtensionManager] Creating instance: GitHub.Runner.Worker.SetEnvFileCommand, Runner.Worker
[2026-08-30 12:19:14Z INFO ExtensionManager] Creating instance: GitHub.Runner.Worker.CreateStepSummaryCommand, Runner.Worker
[2026-08-30 12:19:14Z INFO ExtensionManager] Creating instance: GitHub.Runner.Worker.SaveStateFileCommand, Runner.Worker
[2026-08-30 12:19:14Z INFO ExtensionManager] Creating instance: GitHub.Runner.Worker.SetOutputFileCommand, Runner.Worker
[2026-08-30 12:19:14Z INFO ExtensionManager] Creating instance: GitHub.Runner.Worker.CreateArtifactsFileCommand, Runner.Worker
[2026-08-30 12:19:14Z INFO ExtensionManager] Creating instance: GitHub.Runner.Worker.ArtifactsListFileCommand, Runner.Worker
[2026-08-30 12:19:14Z INFO ActionManifestManagerLegacy] Input 'repository': default value evaluate result: {
  "type": 0,
  "file": 2,
  "line": 6,
  "col": 14,
  "lit": "2024ac05127-tech/assignment2"
}
[2026-08-30 12:19:14Z INFO ActionManifestManagerLegacy] Input 'ref': default value evaluate result: ""
[2026-08-30 12:19:14Z INFO ActionManifestManagerLegacy] Input 'token': default value evaluate result: {
  "type": 0,
  "file": 2,
  "line": 24,
  "col": 14,
  "lit": "***"
}
[2026-08-30 12:19:14Z INFO ActionManifestManagerLegacy] Input 'ssh-key': default value evaluate result: ""
[2026-08-30 12:19:14Z INFO ActionManifestManagerLegacy] Input 'ssh-known-hosts': default value evaluate result: ""
[2026-08-30 12:19:14Z INFO ActionManifestManagerLegacy] Input 'ssh-strict': default value evaluate result: {
  "type": 0,
  "file": 2,
  "line": 47,
  "col": 14,
  "lit": "true"
}
[2026-08-30 12:19:14Z INFO ActionManifestManagerLegacy] Input 'ssh-user': default value evaluate result: {
  "type": 0,
  "file": 2,
  "line": 51,
  "col": 14,
  "lit": "git"
}
[2026-08-30 12:19:14Z INFO ActionManifestManagerLegacy] Input 'persist-credentials': default value evaluate result: {
  "type": 0,
  "file": 2,
  "line": 54,
  "col": 14,
  "lit": "true"
}
[2026-08-30 12:19:14Z INFO ActionManifestManagerLegacy] Input 'path': default value evaluate result: ""
[2026-08-30 12:19:14Z INFO ActionManifestManagerLegacy] Input 'clean': default value evaluate result: {
  "type": 0,
  "file": 2,
  "line": 59,
  "col": 14,
  "lit": "true"
}
[2026-08-30 12:19:14Z INFO ActionManifestManagerLegacy] Input 'filter': default value evaluate result: {
  "type": 0,
  "file": 2,
  "line": 64,
  "col": 14,
  "lit": ""
}
[2026-08-30 12:19:14Z INFO ActionManifestManagerLegacy] Input 'sparse-checkout': default value evaluate result: {
  "type": 0,
  "file": 2,
  "line": 69,
  "col": 14,
  "lit": ""
}
[2026-08-30 12:19:14Z INFO ActionManifestManagerLegacy] Input 'sparse-checkout-cone-mode': default value evaluate result: {
  "type": 0,
  "file": 2,
  "line": 73,
  "col": 14,
  "lit": "true"
}
[2026-08-30 12:19:14Z INFO ActionManifestManagerLegacy] Input 'fetch-depth': default value evaluate result: {
  "type": 0,
  "file": 2,
  "line": 76,
  "col": 14,
  "lit": "1"
}
[2026-08-30 12:19:14Z INFO ActionManifestManagerLegacy] Input 'fetch-tags': default value evaluate result: {
  "type": 0,
  "file": 2,
  "line": 79,
  "col": 14,
  "lit": "false"
}
[2026-08-30 12:19:14Z INFO ActionManifestManagerLegacy] Input 'show-progress': default value evaluate result: {
  "type": 0,
  "file": 2,
  "line": 82,
  "col": 14,
  "lit": "true"
}
[2026-08-30 12:19:14Z INFO ActionManifestManagerLegacy] Input 'lfs': default value evaluate result: {
  "type": 0,
  "file": 2,
  "line": 85,
  "col": 14,
  "lit": "false"
}
[2026-08-30 12:19:14Z INFO ActionManifestManagerLegacy] Input 'submodules': default value evaluate result: {
  "type": 0,
  "file": 2,
  "line": 94,
  "col": 14,
  "lit": "false"
}
[2026-08-30 12:19:14Z INFO ActionManifestManagerLegacy] Input 'set-safe-directory': default value evaluate result: {
  "type": 0,
  "file": 2,
  "line": 97,
  "col": 14,
  "lit": "true"
}
[2026-08-30 12:19:14Z INFO ActionManifestManagerLegacy] Input 'github-server-url': default value evaluate result: ""
[2026-08-30 12:19:14Z INFO ActionManifestManagerLegacy] Input 'allow-unsafe-pr-checkout': default value evaluate result: {
  "type": 0,
  "file": 2,
  "line": 109,
  "col": 14,
  "lit": "false"
}
[2026-08-30 12:19:14Z INFO ExtensionManager] Getting extensions for interface: 'GitHub.Runner.Worker.IActionCommandExtension'
[2026-08-30 12:19:14Z INFO ExtensionManager] Creating instance: GitHub.Runner.Worker.InternalPluginSetRepoPathCommandExtension, Runner.Worker
[2026-08-30 12:19:14Z INFO ExtensionManager] Creating instance: GitHub.Runner.Worker.SetEnvCommandExtension, Runner.Worker
[2026-08-30 12:19:14Z INFO ExtensionManager] Creating instance: GitHub.Runner.Worker.SetOutputCommandExtension, Runner.Worker
[2026-08-30 12:19:14Z INFO ExtensionManager] Creating instance: GitHub.Runner.Worker.SaveStateCommandExtension, Runner.Worker
[2026-08-30 12:19:14Z INFO ExtensionManager] Creating instance: GitHub.Runner.Worker.AddPathCommandExtension, Runner.Worker
[2026-08-30 12:19:14Z INFO ExtensionManager] Creating instance: GitHub.Runner.Worker.AddMaskCommandExtension, Runner.Worker
[2026-08-30 12:19:14Z INFO ExtensionManager] Creating instance: GitHub.Runner.Worker.AddMatcherCommandExtension, Runner.Worker
[2026-08-30 12:19:14Z INFO ExtensionManager] Creating instance: GitHub.Runner.Worker.RemoveMatcherCommandExtension, Runner.Worker
[2026-08-30 12:19:14Z INFO ExtensionManager] Creating instance: GitHub.Runner.Worker.WarningCommandExtension, Runner.Worker
[2026-08-30 12:19:14Z INFO ExtensionManager] Creating instance: GitHub.Runner.Worker.ErrorCommandExtension, Runner.Worker
[2026-08-30 12:19:14Z INFO ExtensionManager] Creating instance: GitHub.Runner.Worker.NoticeCommandExtension, Runner.Worker
[2026-08-30 12:19:14Z INFO ExtensionManager] Creating instance: GitHub.Runner.Worker.DebugCommandExtension, Runner.Worker
[2026-08-30 12:19:14Z INFO ExtensionManager] Creating instance: GitHub.Runner.Worker.GroupCommandExtension, Runner.Worker
[2026-08-30 12:19:14Z INFO ExtensionManager] Creating instance: GitHub.Runner.Worker.EndGroupCommandExtension, Runner.Worker
[2026-08-30 12:19:14Z INFO ExtensionManager] Creating instance: GitHub.Runner.Worker.EchoCommandExtension, Runner.Worker
[2026-08-30 12:19:14Z INFO ActionCommandManager] Register action command extension for command internal-set-repo-path
[2026-08-30 12:19:14Z INFO ActionCommandManager] Register action command extension for command set-env
[2026-08-30 12:19:14Z INFO ActionCommandManager] Register action command extension for command set-output
[2026-08-30 12:19:14Z INFO ActionCommandManager] Register action command extension for command save-state
[2026-08-30 12:19:14Z INFO ActionCommandManager] Register action command extension for command add-path
[2026-08-30 12:19:14Z INFO ActionCommandManager] Register action command extension for command add-mask
[2026-08-30 12:19:14Z INFO ActionCommandManager] Register action command extension for command add-matcher
[2026-08-30 12:19:14Z INFO ActionCommandManager] Register action command extension for command remove-matcher
[2026-08-30 12:19:14Z INFO ActionCommandManager] Register action command extension for command warning
[2026-08-30 12:19:14Z INFO ActionCommandManager] Register action command extension for command error
[2026-08-30 12:19:14Z INFO ActionCommandManager] Register action command extension for command notice
[2026-08-30 12:19:14Z INFO ActionCommandManager] Register action command extension for command debug
[2026-08-30 12:19:14Z INFO ActionCommandManager] Register action command extension for command group
[2026-08-30 12:19:14Z INFO ActionCommandManager] Register action command extension for command endgroup
[2026-08-30 12:19:14Z INFO ActionCommandManager] Register action command extension for command echo
[2026-08-30 12:19:14Z INFO HostContext] Well known directory 'Bin': 'C:\Users\krish\Documents\BITS\mlops-project\actions-runner\bin'
[2026-08-30 12:19:14Z INFO HostContext] Well known directory 'Root': 'C:\Users\krish\Documents\BITS\mlops-project\actions-runner'
[2026-08-30 12:19:14Z INFO HostContext] Well known directory 'Externals': 'C:\Users\krish\Documents\BITS\mlops-project\actions-runner\externals'
[2026-08-30 12:19:14Z INFO ProcessInvokerWrapper] Starting process:
[2026-08-30 12:19:14Z INFO ProcessInvokerWrapper]   File name: 'C:\Users\krish\Documents\BITS\mlops-project\actions-runner\externals\node24\bin\node.exe'
[2026-08-30 12:19:14Z INFO ProcessInvokerWrapper]   Arguments: '"C:\Users\krish\Documents\BITS\mlops-project\actions-runner\_work\_actions\actions\checkout\v4\dist/index.js"'
[2026-08-30 12:19:14Z INFO ProcessInvokerWrapper]   Working directory: 'C:\Users\krish\Documents\BITS\mlops-project\actions-runner\_work\assignment2\assignment2'
[2026-08-30 12:19:14Z INFO ProcessInvokerWrapper]   Require exit code zero: 'False'
[2026-08-30 12:19:14Z INFO ProcessInvokerWrapper]   Encoding web name: utf-8 ; code page: '65001'
[2026-08-30 12:19:14Z INFO ProcessInvokerWrapper]   Force kill process on cancellation: 'False'
[2026-08-30 12:19:14Z INFO ProcessInvokerWrapper]   Redirected STDIN: 'False'
[2026-08-30 12:19:14Z INFO ProcessInvokerWrapper]   Persist current code page: 'True'
[2026-08-30 12:19:14Z INFO ProcessInvokerWrapper]   Keep redirected STDIN open: 'False'
[2026-08-30 12:19:14Z INFO ProcessInvokerWrapper]   High priority process: 'False'
[2026-08-30 12:19:14Z INFO JobServerQueue] Try to append 1 batches web console lines for record 'f298d46a-c57a-40fa-a48c-17190dcd3a6f', success rate: 1/1.
[2026-08-30 12:19:15Z INFO JobServerQueue] Got a step log file to send to results service.
[2026-08-30 12:19:15Z INFO JobServerQueue] Starting upload of step log file to results service ResultsLog, C:\Users\krish\Documents\BITS\mlops-project\actions-runner\_diag\blocks\f5e8f780-9523-474a-8602-aff26ac9e53d_cf0085b3-5e77-437a-81d1-48cd91c3be06.1
[2026-08-30 12:19:15Z INFO JobServerQueue] Try to upload 1 log files or attachments, success rate: 1/1.
[2026-08-30 12:19:16Z INFO ProcessInvokerWrapper] Process started with process id 18584, waiting for process exit.
[2026-08-30 12:19:17Z INFO JobServerQueue] Tried to upload 1 file(s) to results, success rate: 1/1.
[2026-08-30 12:19:17Z INFO AddMaskCommandExtension] Add new secret mask with length of 524
[2026-08-30 12:19:17Z INFO JobServerQueue] Try to append 1 batches web console lines for record 'f298d46a-c57a-40fa-a48c-17190dcd3a6f', success rate: 1/1.
[2026-08-30 12:19:17Z INFO JobServerQueue] Try to append 1 batches web console lines for record 'f298d46a-c57a-40fa-a48c-17190dcd3a6f', success rate: 1/1.
[2026-08-30 12:19:18Z INFO JobServerQueue] Try to append 1 batches web console lines for record 'f298d46a-c57a-40fa-a48c-17190dcd3a6f', success rate: 1/1.
[2026-08-30 12:19:19Z INFO JobServerQueue] Try to append 1 batches web console lines for record 'f298d46a-c57a-40fa-a48c-17190dcd3a6f', success rate: 1/1.
[2026-08-30 12:19:19Z INFO JobServerQueue] Try to append 1 batches web console lines for record 'f298d46a-c57a-40fa-a48c-17190dcd3a6f', success rate: 1/1.
[2026-08-30 12:19:20Z INFO JobServerQueue] Try to append 1 batches web console lines for record 'f298d46a-c57a-40fa-a48c-17190dcd3a6f', success rate: 1/1.
[2026-08-30 12:19:20Z INFO JobServerQueue] Try to append 1 batches web console lines for record 'f298d46a-c57a-40fa-a48c-17190dcd3a6f', success rate: 1/1.
[2026-08-30 12:19:21Z INFO JobServerQueue] Try to append 1 batches web console lines for record 'f298d46a-c57a-40fa-a48c-17190dcd3a6f', success rate: 1/1.
[2026-08-30 12:19:22Z INFO JobServerQueue] Try to append 1 batches web console lines for record 'f298d46a-c57a-40fa-a48c-17190dcd3a6f', success rate: 1/1.
[2026-08-30 12:19:22Z INFO JobServerQueue] Try to append 1 batches web console lines for record 'f298d46a-c57a-40fa-a48c-17190dcd3a6f', success rate: 1/1.
[2026-08-30 12:19:24Z INFO HostContext] Well known directory 'Bin': 'C:\Users\krish\Documents\BITS\mlops-project\actions-runner\bin'
[2026-08-30 12:19:24Z INFO HostContext] Well known directory 'Root': 'C:\Users\krish\Documents\BITS\mlops-project\actions-runner'
[2026-08-30 12:19:24Z INFO HostContext] Well known directory 'Work': 'C:\Users\krish\Documents\BITS\mlops-project\actions-runner\_work'
[2026-08-30 12:19:34Z INFO HostContext] Well known directory 'Bin': 'C:\Users\krish\Documents\BITS\mlops-project\actions-runner\bin'
[2026-08-30 12:19:34Z INFO HostContext] Well known directory 'Root': 'C:\Users\krish\Documents\BITS\mlops-project\actions-runner'
[2026-08-30 12:19:34Z INFO HostContext] Well known directory 'Work': 'C:\Users\krish\Documents\BITS\mlops-project\actions-runner\_work'
[2026-08-30 12:19:44Z INFO HostContext] Well known directory 'Bin': 'C:\Users\krish\Documents\BITS\mlops-project\actions-runner\bin'
[2026-08-30 12:19:44Z INFO HostContext] Well known directory 'Root': 'C:\Users\krish\Documents\BITS\mlops-project\actions-runner'
[2026-08-30 12:19:44Z INFO HostContext] Well known directory 'Work': 'C:\Users\krish\Documents\BITS\mlops-project\actions-runner\_work'
[2026-08-30 12:19:54Z INFO HostContext] Well known directory 'Bin': 'C:\Users\krish\Documents\BITS\mlops-project\actions-runner\bin'
[2026-08-30 12:19:54Z INFO HostContext] Well known directory 'Root': 'C:\Users\krish\Documents\BITS\mlops-project\actions-runner'
[2026-08-30 12:19:54Z INFO HostContext] Well known directory 'Work': 'C:\Users\krish\Documents\BITS\mlops-project\actions-runner\_work'
[2026-08-30 12:20:01Z INFO JobServerQueue] Try to append 1 batches web console lines for record 'f298d46a-c57a-40fa-a48c-17190dcd3a6f', success rate: 1/1.
[2026-08-30 12:20:02Z INFO JobServerQueue] Try to append 1 batches web console lines for record 'f298d46a-c57a-40fa-a48c-17190dcd3a6f', success rate: 1/1.
[2026-08-30 12:20:02Z INFO JobServerQueue] Try to append 1 batches web console lines for record 'f298d46a-c57a-40fa-a48c-17190dcd3a6f', success rate: 1/1.
[2026-08-30 12:20:03Z INFO JobServerQueue] Try to append 1 batches web console lines for record 'f298d46a-c57a-40fa-a48c-17190dcd3a6f', success rate: 1/1.
[2026-08-30 12:20:03Z INFO JobServerQueue] Try to append 1 batches web console lines for record 'f298d46a-c57a-40fa-a48c-17190dcd3a6f', success rate: 1/1.
[2026-08-30 12:20:03Z INFO JobServerQueue] Try to append 1 batches web console lines for record 'f298d46a-c57a-40fa-a48c-17190dcd3a6f', success rate: 1/1.
[2026-08-30 12:20:04Z INFO HostContext] Well known directory 'Bin': 'C:\Users\krish\Documents\BITS\mlops-project\actions-runner\bin'
[2026-08-30 12:20:04Z INFO HostContext] Well known directory 'Root': 'C:\Users\krish\Documents\BITS\mlops-project\actions-runner'
[2026-08-30 12:20:04Z INFO HostContext] Well known directory 'Work': 'C:\Users\krish\Documents\BITS\mlops-project\actions-runner\_work'
[2026-08-30 12:20:04Z INFO JobServerQueue] Try to append 1 batches web console lines for record 'f298d46a-c57a-40fa-a48c-17190dcd3a6f', success rate: 1/1.
[2026-08-30 12:20:05Z INFO JobServerQueue] Try to append 1 batches web console lines for record 'f298d46a-c57a-40fa-a48c-17190dcd3a6f', success rate: 1/1.
[2026-08-30 12:20:05Z INFO JobServerQueue] Try to append 1 batches web console lines for record 'f298d46a-c57a-40fa-a48c-17190dcd3a6f', success rate: 1/1.
[2026-08-30 12:20:05Z INFO ProcessInvokerWrapper] STDOUT/STDERR stream read finished.
[2026-08-30 12:20:05Z INFO ProcessInvokerWrapper] STDOUT/STDERR stream read finished.
[2026-08-30 12:20:05Z INFO ProcessInvokerWrapper] Finished process 18584 with exit code 0, and elapsed time 00:00:50.7818262.
[2026-08-30 12:20:05Z INFO CreateStepSummaryCommand] Step Summary file (C:\Users\krish\Documents\BITS\mlops-project\actions-runner\_work\_temp\_runner_file_commands\step_summary_b57c8c4b-6d14-4198-8d1c-5263410e2c5d) is empty; skipping attachment upload
[2026-08-30 12:20:05Z INFO StepsRunner] Step result: 
[2026-08-30 12:20:05Z INFO ExecutionContext] Publish step telemetry for current step {
  "action": "actions/checkout",
  "ref": "v4",
  "type": "node24",
  "stage": "Main",
  "stepId": "f298d46a-c57a-40fa-a48c-17190dcd3a6f",
  "stepContextName": "__actions_checkout",
  "hasPreStep": false,
  "hasPostStep": true,
  "result": "succeeded",
  "errorMessages": [],
  "executionTimeInSeconds": 51,
  "startTime": "2026-08-30T12:19:14.7314028Z",
  "finishTime": "2026-08-30T12:20:05.6996084Z"
}.
[2026-08-30 12:20:05Z INFO StepsRunner] No need for updating job result with current step result 'Succeeded'.
[2026-08-30 12:20:05Z INFO StepsRunner] Current state: job state = ''
[2026-08-30 12:20:05Z INFO StepsRunner] Processing step: DisplayName='Pull latest Docker image'
[2026-08-30 12:20:05Z INFO StepsRunner] Evaluating: success()
[2026-08-30 12:20:05Z INFO StepsRunner] Result: true
[2026-08-30 12:20:05Z INFO StepsRunner] Starting the step.
[2026-08-30 12:20:05Z INFO HostContext] Well known directory 'Bin': 'C:\Users\krish\Documents\BITS\mlops-project\actions-runner\bin'
[2026-08-30 12:20:05Z INFO HostContext] Well known directory 'Root': 'C:\Users\krish\Documents\BITS\mlops-project\actions-runner'
[2026-08-30 12:20:05Z INFO HostContext] Well known directory 'Work': 'C:\Users\krish\Documents\BITS\mlops-project\actions-runner\_work'
[2026-08-30 12:20:05Z INFO StepsRunner] Which2: 'chcp'
[2026-08-30 12:20:05Z INFO StepsRunner] Location: 'C:\WINDOWS\system32\chcp.COM'
[2026-08-30 12:20:05Z INFO ProcessInvokerWrapper] Starting process:
[2026-08-30 12:20:05Z INFO ProcessInvokerWrapper]   File name: 'C:\WINDOWS\system32\chcp.COM'
[2026-08-30 12:20:05Z INFO ProcessInvokerWrapper]   Arguments: '65001'
[2026-08-30 12:20:05Z INFO ProcessInvokerWrapper]   Working directory: 'C:\Users\krish\Documents\BITS\mlops-project\actions-runner\_work'
[2026-08-30 12:20:05Z INFO ProcessInvokerWrapper]   Require exit code zero: 'False'
[2026-08-30 12:20:05Z INFO ProcessInvokerWrapper]   Encoding web name:  ; code page: ''
[2026-08-30 12:20:05Z INFO ProcessInvokerWrapper]   Force kill process on cancellation: 'False'
[2026-08-30 12:20:05Z INFO ProcessInvokerWrapper]   Redirected STDIN: 'False'
[2026-08-30 12:20:05Z INFO ProcessInvokerWrapper]   Persist current code page: 'True'
[2026-08-30 12:20:05Z INFO ProcessInvokerWrapper]   Keep redirected STDIN open: 'False'
[2026-08-30 12:20:05Z INFO ProcessInvokerWrapper]   High priority process: 'False'
[2026-08-30 12:20:05Z INFO ProcessInvokerWrapper] Process started with process id 17208, waiting for process exit.
[2026-08-30 12:20:05Z INFO ProcessInvokerWrapper] STDOUT/STDERR stream read finished.
[2026-08-30 12:20:05Z INFO ProcessInvokerWrapper] STDOUT/STDERR stream read finished.
[2026-08-30 12:20:05Z INFO ProcessInvokerWrapper] Finished process 17208 with exit code 0, and elapsed time 00:00:00.0236240.
[2026-08-30 12:20:05Z INFO StepsRunner] Successfully returned to code page 65001 (UTF8)
[2026-08-30 12:20:05Z INFO HostContext] Well known directory 'Bin': 'C:\Users\krish\Documents\BITS\mlops-project\actions-runner\bin'
[2026-08-30 12:20:05Z INFO HostContext] Well known directory 'Root': 'C:\Users\krish\Documents\BITS\mlops-project\actions-runner'
[2026-08-30 12:20:05Z INFO HostContext] Well known directory 'Work': 'C:\Users\krish\Documents\BITS\mlops-project\actions-runner\_work'
[2026-08-30 12:20:05Z INFO HostContext] Well known directory 'Temp': 'C:\Users\krish\Documents\BITS\mlops-project\actions-runner\_work\_temp'
[2026-08-30 12:20:05Z INFO ExecutionContext] Write event payload to C:\Users\krish\Documents\BITS\mlops-project\actions-runner\_work\_temp\_github_workflow\event.json
[2026-08-30 12:20:05Z INFO HostContext] Well known directory 'Bin': 'C:\Users\krish\Documents\BITS\mlops-project\actions-runner\bin'
[2026-08-30 12:20:05Z INFO HostContext] Well known directory 'Root': 'C:\Users\krish\Documents\BITS\mlops-project\actions-runner'
[2026-08-30 12:20:05Z INFO HostContext] Well known directory 'Work': 'C:\Users\krish\Documents\BITS\mlops-project\actions-runner\_work'
[2026-08-30 12:20:05Z INFO HostContext] Well known directory 'Temp': 'C:\Users\krish\Documents\BITS\mlops-project\actions-runner\_work\_temp'
[2026-08-30 12:20:05Z INFO ExtensionManager] Getting extensions for interface: 'GitHub.Runner.Worker.IFileCommandExtension'
[2026-08-30 12:20:05Z INFO ExtensionManager] Getting extensions for interface: 'GitHub.Runner.Worker.IActionCommandExtension'
[2026-08-30 12:20:05Z INFO ActionCommandManager] Register action command extension for command internal-set-repo-path
[2026-08-30 12:20:05Z INFO ActionCommandManager] Register action command extension for command set-env
[2026-08-30 12:20:05Z INFO ActionCommandManager] Register action command extension for command set-output
[2026-08-30 12:20:05Z INFO ActionCommandManager] Register action command extension for command save-state
[2026-08-30 12:20:05Z INFO ActionCommandManager] Register action command extension for command add-path
[2026-08-30 12:20:05Z INFO ActionCommandManager] Register action command extension for command add-mask
[2026-08-30 12:20:05Z INFO ActionCommandManager] Register action command extension for command add-matcher
[2026-08-30 12:20:05Z INFO ActionCommandManager] Register action command extension for command remove-matcher
[2026-08-30 12:20:05Z INFO ActionCommandManager] Register action command extension for command warning
[2026-08-30 12:20:05Z INFO ActionCommandManager] Register action command extension for command error
[2026-08-30 12:20:05Z INFO ActionCommandManager] Register action command extension for command notice
[2026-08-30 12:20:05Z INFO ActionCommandManager] Register action command extension for command debug
[2026-08-30 12:20:05Z INFO ActionCommandManager] Register action command extension for command group
[2026-08-30 12:20:05Z INFO ActionCommandManager] Register action command extension for command endgroup
[2026-08-30 12:20:05Z INFO ActionCommandManager] Register action command extension for command echo
[2026-08-30 12:20:05Z INFO ScriptHandler] Which2: 'cmd'
[2026-08-30 12:20:05Z INFO ScriptHandler] Location: 'C:\WINDOWS\system32\cmd.EXE'
[2026-08-30 12:20:05Z INFO HostContext] Well known directory 'Bin': 'C:\Users\krish\Documents\BITS\mlops-project\actions-runner\bin'
[2026-08-30 12:20:05Z INFO HostContext] Well known directory 'Root': 'C:\Users\krish\Documents\BITS\mlops-project\actions-runner'
[2026-08-30 12:20:05Z INFO HostContext] Well known directory 'Work': 'C:\Users\krish\Documents\BITS\mlops-project\actions-runner\_work'
[2026-08-30 12:20:05Z INFO HostContext] Well known directory 'Temp': 'C:\Users\krish\Documents\BITS\mlops-project\actions-runner\_work\_temp'
[2026-08-30 12:20:05Z INFO ScriptHandler] Which2: 'cmd'
[2026-08-30 12:20:05Z INFO ScriptHandler] Location: 'C:\WINDOWS\system32\cmd.EXE'
[2026-08-30 12:20:05Z INFO ProcessInvokerWrapper] Starting process:
[2026-08-30 12:20:05Z INFO ProcessInvokerWrapper]   File name: 'C:\WINDOWS\system32\cmd.EXE'
[2026-08-30 12:20:05Z INFO ProcessInvokerWrapper]   Arguments: '/D /E:ON /V:OFF /S /C "CALL "C:\Users\krish\Documents\BITS\mlops-project\actions-runner\_work\_temp\f3e85e23-e44b-4ded-872d-2144960dcc85.cmd""'
[2026-08-30 12:20:05Z INFO ProcessInvokerWrapper]   Working directory: 'C:\Users\krish\Documents\BITS\mlops-project\actions-runner\_work\assignment2\assignment2'
[2026-08-30 12:20:05Z INFO ProcessInvokerWrapper]   Require exit code zero: 'False'
[2026-08-30 12:20:05Z INFO ProcessInvokerWrapper]   Encoding web name:  ; code page: ''
[2026-08-30 12:20:05Z INFO ProcessInvokerWrapper]   Force kill process on cancellation: 'False'
[2026-08-30 12:20:05Z INFO ProcessInvokerWrapper]   Redirected STDIN: 'False'
[2026-08-30 12:20:05Z INFO ProcessInvokerWrapper]   Persist current code page: 'True'
[2026-08-30 12:20:05Z INFO ProcessInvokerWrapper]   Keep redirected STDIN open: 'False'
[2026-08-30 12:20:05Z INFO ProcessInvokerWrapper]   High priority process: 'False'
[2026-08-30 12:20:05Z INFO ProcessInvokerWrapper] Process started with process id 18812, waiting for process exit.
[2026-08-30 12:20:05Z INFO JobServerQueue] Try to append 1 batches web console lines for record 'f298d46a-c57a-40fa-a48c-17190dcd3a6f', success rate: 1/1.
[2026-08-30 12:20:05Z INFO JobServerQueue] Try to append 1 batches web console lines for record '8115c09d-84aa-447e-8d1a-9f554f1b3432', success rate: 1/1.
[2026-08-30 12:20:05Z INFO JobServerQueue] Try to upload 1 log files or attachments, success rate: 1/1.
[2026-08-30 12:20:06Z INFO JobServerQueue] Try to append 1 batches web console lines for record '8115c09d-84aa-447e-8d1a-9f554f1b3432', success rate: 1/1.
[2026-08-30 12:20:06Z INFO JobServerQueue] Got a step log file to send to results service.
[2026-08-30 12:20:06Z INFO JobServerQueue] Starting upload of step log file to results service ResultsLog, C:\Users\krish\Documents\BITS\mlops-project\actions-runner\_diag\blocks\f5e8f780-9523-474a-8602-aff26ac9e53d_f298d46a-c57a-40fa-a48c-17190dcd3a6f.1
[2026-08-30 12:20:07Z INFO JobServerQueue] Tried to upload 1 file(s) to results, success rate: 1/1.
[2026-08-30 12:20:08Z INFO JobServerQueue] Try to append 1 batches web console lines for record '8115c09d-84aa-447e-8d1a-9f554f1b3432', success rate: 1/1.
[2026-08-30 12:20:09Z INFO JobServerQueue] Try to append 1 batches web console lines for record '8115c09d-84aa-447e-8d1a-9f554f1b3432', success rate: 1/1.
[2026-08-30 12:20:09Z INFO JobServerQueue] Try to append 1 batches web console lines for record '8115c09d-84aa-447e-8d1a-9f554f1b3432', success rate: 1/1.
[2026-08-30 12:20:09Z INFO JobServerQueue] Try to append 1 batches web console lines for record '8115c09d-84aa-447e-8d1a-9f554f1b3432', success rate: 1/1.
[2026-08-30 12:20:10Z INFO JobServerQueue] Try to append 1 batches web console lines for record '8115c09d-84aa-447e-8d1a-9f554f1b3432', success rate: 1/1.
[2026-08-30 12:20:10Z INFO JobServerQueue] Try to append 1 batches web console lines for record '8115c09d-84aa-447e-8d1a-9f554f1b3432', success rate: 1/1.
[2026-08-30 12:20:10Z INFO JobServerQueue] Try to append 1 batches web console lines for record '8115c09d-84aa-447e-8d1a-9f554f1b3432', success rate: 1/1.
[2026-08-30 12:20:10Z INFO JobServerQueue] Try to append 1 batches web console lines for record '8115c09d-84aa-447e-8d1a-9f554f1b3432', success rate: 1/1.
[2026-08-30 12:20:11Z INFO JobServerQueue] Try to append 1 batches web console lines for record '8115c09d-84aa-447e-8d1a-9f554f1b3432', success rate: 1/1.
[2026-08-30 12:20:11Z INFO JobServerQueue] Try to append 1 batches web console lines for record '8115c09d-84aa-447e-8d1a-9f554f1b3432', success rate: 1/1.
[2026-08-30 12:20:11Z INFO JobServerQueue] Try to append 1 batches web console lines for record '8115c09d-84aa-447e-8d1a-9f554f1b3432', success rate: 1/1.
[2026-08-30 12:20:11Z INFO JobServerQueue] Try to append 1 batches web console lines for record '8115c09d-84aa-447e-8d1a-9f554f1b3432', success rate: 1/1.
[2026-08-30 12:20:12Z INFO JobServerQueue] Try to append 1 batches web console lines for record '8115c09d-84aa-447e-8d1a-9f554f1b3432', success rate: 1/1.
[2026-08-30 12:20:12Z INFO JobServerQueue] Try to append 1 batches web console lines for record '8115c09d-84aa-447e-8d1a-9f554f1b3432', success rate: 1/1.
[2026-08-30 12:20:12Z INFO JobServerQueue] Try to append 1 batches web console lines for record '8115c09d-84aa-447e-8d1a-9f554f1b3432', success rate: 1/1.
[2026-08-30 12:20:12Z INFO JobServerQueue] Try to append 1 batches web console lines for record '8115c09d-84aa-447e-8d1a-9f554f1b3432', success rate: 1/1.
[2026-08-30 12:20:13Z INFO JobServerQueue] Try to append 1 batches web console lines for record '8115c09d-84aa-447e-8d1a-9f554f1b3432', success rate: 1/1.
[2026-08-30 12:20:13Z INFO JobServerQueue] Try to append 1 batches web console lines for record '8115c09d-84aa-447e-8d1a-9f554f1b3432', success rate: 1/1.
[2026-08-30 12:20:13Z INFO JobServerQueue] Try to append 1 batches web console lines for record '8115c09d-84aa-447e-8d1a-9f554f1b3432', success rate: 1/1.
[2026-08-30 12:20:13Z INFO JobServerQueue] Try to append 1 batches web console lines for record '8115c09d-84aa-447e-8d1a-9f554f1b3432', success rate: 1/1.
[2026-08-30 12:20:14Z INFO JobServerQueue] Try to append 1 batches web console lines for record '8115c09d-84aa-447e-8d1a-9f554f1b3432', success rate: 1/1.
[2026-08-30 12:20:14Z INFO JobServerQueue] Try to append 1 batches web console lines for record '8115c09d-84aa-447e-8d1a-9f554f1b3432', success rate: 1/1.
[2026-08-30 12:20:14Z INFO JobServerQueue] Stop aggressive process web console line queue.
[2026-08-30 12:20:14Z INFO JobServerQueue] Try to append 1 batches web console lines for record '8115c09d-84aa-447e-8d1a-9f554f1b3432', success rate: 1/1.
[2026-08-30 12:20:14Z INFO HostContext] Well known directory 'Bin': 'C:\Users\krish\Documents\BITS\mlops-project\actions-runner\bin'
[2026-08-30 12:20:14Z INFO HostContext] Well known directory 'Root': 'C:\Users\krish\Documents\BITS\mlops-project\actions-runner'
[2026-08-30 12:20:14Z INFO HostContext] Well known directory 'Work': 'C:\Users\krish\Documents\BITS\mlops-project\actions-runner\_work'
[2026-08-30 12:20:15Z INFO JobServerQueue] Try to append 1 batches web console lines for record '8115c09d-84aa-447e-8d1a-9f554f1b3432', success rate: 1/1.
[2026-08-30 12:20:15Z INFO JobServerQueue] Try to append 1 batches web console lines for record '8115c09d-84aa-447e-8d1a-9f554f1b3432', success rate: 1/1.
[2026-08-30 12:20:16Z INFO JobServerQueue] Try to append 1 batches web console lines for record '8115c09d-84aa-447e-8d1a-9f554f1b3432', success rate: 1/1.
[2026-08-30 12:20:16Z INFO JobServerQueue] Try to append 1 batches web console lines for record '8115c09d-84aa-447e-8d1a-9f554f1b3432', success rate: 1/1.
[2026-08-30 12:20:17Z INFO JobServerQueue] Try to append 1 batches web console lines for record '8115c09d-84aa-447e-8d1a-9f554f1b3432', success rate: 1/1.
[2026-08-30 12:20:17Z INFO JobServerQueue] Try to append 1 batches web console lines for record '8115c09d-84aa-447e-8d1a-9f554f1b3432', success rate: 1/1.
[2026-08-30 12:20:18Z INFO JobServerQueue] Try to append 1 batches web console lines for record '8115c09d-84aa-447e-8d1a-9f554f1b3432', success rate: 1/1.
[2026-08-30 12:20:18Z INFO JobServerQueue] Try to append 1 batches web console lines for record '8115c09d-84aa-447e-8d1a-9f554f1b3432', success rate: 1/1.
[2026-08-30 12:20:19Z INFO JobServerQueue] Try to append 1 batches web console lines for record '8115c09d-84aa-447e-8d1a-9f554f1b3432', success rate: 1/1.
[2026-08-30 12:20:19Z INFO JobServerQueue] Try to append 1 batches web console lines for record '8115c09d-84aa-447e-8d1a-9f554f1b3432', success rate: 1/1.
[2026-08-30 12:20:20Z INFO JobServerQueue] Try to append 1 batches web console lines for record '8115c09d-84aa-447e-8d1a-9f554f1b3432', success rate: 1/1.
[2026-08-30 12:20:20Z INFO JobServerQueue] Try to append 1 batches web console lines for record '8115c09d-84aa-447e-8d1a-9f554f1b3432', success rate: 1/1.
[2026-08-30 12:20:21Z INFO JobServerQueue] Try to append 1 batches web console lines for record '8115c09d-84aa-447e-8d1a-9f554f1b3432', success rate: 1/1.
[2026-08-30 12:20:21Z INFO JobServerQueue] Try to append 1 batches web console lines for record '8115c09d-84aa-447e-8d1a-9f554f1b3432', success rate: 1/1.
[2026-08-30 12:20:22Z INFO JobServerQueue] Try to append 1 batches web console lines for record '8115c09d-84aa-447e-8d1a-9f554f1b3432', success rate: 1/1.
[2026-08-30 12:20:22Z INFO JobServerQueue] Try to append 1 batches web console lines for record '8115c09d-84aa-447e-8d1a-9f554f1b3432', success rate: 1/1.
[2026-08-30 12:20:23Z INFO JobServerQueue] Try to append 1 batches web console lines for record '8115c09d-84aa-447e-8d1a-9f554f1b3432', success rate: 1/1.
[2026-08-30 12:20:23Z INFO JobServerQueue] Try to append 1 batches web console lines for record '8115c09d-84aa-447e-8d1a-9f554f1b3432', success rate: 1/1.
[2026-08-30 12:20:24Z INFO JobServerQueue] Try to append 1 batches web console lines for record '8115c09d-84aa-447e-8d1a-9f554f1b3432', success rate: 1/1.
[2026-08-30 12:20:24Z INFO HostContext] Well known directory 'Bin': 'C:\Users\krish\Documents\BITS\mlops-project\actions-runner\bin'
[2026-08-30 12:20:24Z INFO HostContext] Well known directory 'Root': 'C:\Users\krish\Documents\BITS\mlops-project\actions-runner'
[2026-08-30 12:20:24Z INFO HostContext] Well known directory 'Work': 'C:\Users\krish\Documents\BITS\mlops-project\actions-runner\_work'
[2026-08-30 12:20:24Z INFO JobServerQueue] Try to append 1 batches web console lines for record '8115c09d-84aa-447e-8d1a-9f554f1b3432', success rate: 1/1.
[2026-08-30 12:20:25Z INFO JobServerQueue] Try to append 1 batches web console lines for record '8115c09d-84aa-447e-8d1a-9f554f1b3432', success rate: 1/1.
[2026-08-30 12:20:25Z INFO JobServerQueue] Try to append 1 batches web console lines for record '8115c09d-84aa-447e-8d1a-9f554f1b3432', success rate: 1/1.
[2026-08-30 12:20:26Z INFO JobServerQueue] Try to append 1 batches web console lines for record '8115c09d-84aa-447e-8d1a-9f554f1b3432', success rate: 1/1.
[2026-08-30 12:20:26Z INFO JobServerQueue] Try to append 1 batches web console lines for record '8115c09d-84aa-447e-8d1a-9f554f1b3432', success rate: 1/1.
[2026-08-30 12:20:27Z INFO JobServerQueue] Try to append 1 batches web console lines for record '8115c09d-84aa-447e-8d1a-9f554f1b3432', success rate: 1/1.
[2026-08-30 12:20:27Z INFO JobServerQueue] Try to append 1 batches web console lines for record '8115c09d-84aa-447e-8d1a-9f554f1b3432', success rate: 1/1.
[2026-08-30 12:20:28Z INFO JobServerQueue] Try to append 1 batches web console lines for record '8115c09d-84aa-447e-8d1a-9f554f1b3432', success rate: 1/1.
[2026-08-30 12:20:28Z INFO JobServerQueue] Try to append 1 batches web console lines for record '8115c09d-84aa-447e-8d1a-9f554f1b3432', success rate: 1/1.
[2026-08-30 12:20:29Z INFO JobServerQueue] Try to append 1 batches web console lines for record '8115c09d-84aa-447e-8d1a-9f554f1b3432', success rate: 1/1.
[2026-08-30 12:20:29Z INFO JobServerQueue] Try to append 1 batches web console lines for record '8115c09d-84aa-447e-8d1a-9f554f1b3432', success rate: 1/1.
[2026-08-30 12:20:30Z INFO JobServerQueue] Try to append 1 batches web console lines for record '8115c09d-84aa-447e-8d1a-9f554f1b3432', success rate: 1/1.
[2026-08-30 12:20:30Z INFO JobServerQueue] Try to append 1 batches web console lines for record '8115c09d-84aa-447e-8d1a-9f554f1b3432', success rate: 1/1.
[2026-08-30 12:20:31Z INFO JobServerQueue] Try to append 1 batches web console lines for record '8115c09d-84aa-447e-8d1a-9f554f1b3432', success rate: 1/1.
[2026-08-30 12:20:31Z INFO JobServerQueue] Try to append 1 batches web console lines for record '8115c09d-84aa-447e-8d1a-9f554f1b3432', success rate: 1/1.
[2026-08-30 12:20:32Z INFO JobServerQueue] Try to append 1 batches web console lines for record '8115c09d-84aa-447e-8d1a-9f554f1b3432', success rate: 1/1.
[2026-08-30 12:20:32Z INFO JobServerQueue] Try to append 1 batches web console lines for record '8115c09d-84aa-447e-8d1a-9f554f1b3432', success rate: 1/1.
[2026-08-30 12:20:33Z INFO JobServerQueue] Try to append 1 batches web console lines for record '8115c09d-84aa-447e-8d1a-9f554f1b3432', success rate: 1/1.
[2026-08-30 12:20:33Z INFO JobServerQueue] Try to append 1 batches web console lines for record '8115c09d-84aa-447e-8d1a-9f554f1b3432', success rate: 1/1.
[2026-08-30 12:20:34Z INFO JobServerQueue] Try to append 1 batches web console lines for record '8115c09d-84aa-447e-8d1a-9f554f1b3432', success rate: 1/1.
[2026-08-30 12:20:34Z INFO HostContext] Well known directory 'Bin': 'C:\Users\krish\Documents\BITS\mlops-project\actions-runner\bin'
[2026-08-30 12:20:34Z INFO HostContext] Well known directory 'Root': 'C:\Users\krish\Documents\BITS\mlops-project\actions-runner'
[2026-08-30 12:20:34Z INFO HostContext] Well known directory 'Work': 'C:\Users\krish\Documents\BITS\mlops-project\actions-runner\_work'
[2026-08-30 12:20:35Z INFO JobServerQueue] Try to append 1 batches web console lines for record '8115c09d-84aa-447e-8d1a-9f554f1b3432', success rate: 1/1.
[2026-08-30 12:20:35Z INFO JobServerQueue] Try to append 1 batches web console lines for record '8115c09d-84aa-447e-8d1a-9f554f1b3432', success rate: 1/1.
[2026-08-30 12:20:36Z INFO JobServerQueue] Try to append 1 batches web console lines for record '8115c09d-84aa-447e-8d1a-9f554f1b3432', success rate: 1/1.
[2026-08-30 12:20:36Z INFO JobServerQueue] Try to append 1 batches web console lines for record '8115c09d-84aa-447e-8d1a-9f554f1b3432', success rate: 1/1.
[2026-08-30 12:20:37Z INFO JobServerQueue] Try to append 1 batches web console lines for record '8115c09d-84aa-447e-8d1a-9f554f1b3432', success rate: 1/1.
[2026-08-30 12:20:37Z INFO JobServerQueue] Try to append 1 batches web console lines for record '8115c09d-84aa-447e-8d1a-9f554f1b3432', success rate: 1/1.
[2026-08-30 12:20:38Z INFO JobServerQueue] Try to append 1 batches web console lines for record '8115c09d-84aa-447e-8d1a-9f554f1b3432', success rate: 1/1.
[2026-08-30 12:20:38Z INFO JobServerQueue] Try to append 1 batches web console lines for record '8115c09d-84aa-447e-8d1a-9f554f1b3432', success rate: 1/1.
[2026-08-30 12:20:39Z INFO JobServerQueue] Try to append 1 batches web console lines for record '8115c09d-84aa-447e-8d1a-9f554f1b3432', success rate: 1/1.
[2026-08-30 12:20:39Z INFO JobServerQueue] Try to append 1 batches web console lines for record '8115c09d-84aa-447e-8d1a-9f554f1b3432', success rate: 1/1.
[2026-08-30 12:20:40Z INFO JobServerQueue] Try to append 1 batches web console lines for record '8115c09d-84aa-447e-8d1a-9f554f1b3432', success rate: 1/1.
[2026-08-30 12:20:40Z INFO JobServerQueue] Try to append 1 batches web console lines for record '8115c09d-84aa-447e-8d1a-9f554f1b3432', success rate: 1/1.
[2026-08-30 12:20:41Z INFO JobServerQueue] Try to append 1 batches web console lines for record '8115c09d-84aa-447e-8d1a-9f554f1b3432', success rate: 1/1.
[2026-08-30 12:20:41Z INFO JobServerQueue] Try to append 1 batches web console lines for record '8115c09d-84aa-447e-8d1a-9f554f1b3432', success rate: 1/1.
[2026-08-30 12:20:42Z INFO JobServerQueue] Try to append 1 batches web console lines for record '8115c09d-84aa-447e-8d1a-9f554f1b3432', success rate: 1/1.
[2026-08-30 12:20:42Z INFO JobServerQueue] Try to append 1 batches web console lines for record '8115c09d-84aa-447e-8d1a-9f554f1b3432', success rate: 1/1.
[2026-08-30 12:20:43Z INFO JobServerQueue] Try to append 1 batches web console lines for record '8115c09d-84aa-447e-8d1a-9f554f1b3432', success rate: 1/1.
[2026-08-30 12:20:43Z INFO JobServerQueue] Try to append 1 batches web console lines for record '8115c09d-84aa-447e-8d1a-9f554f1b3432', success rate: 1/1.
[2026-08-30 12:20:44Z INFO JobServerQueue] Try to append 1 batches web console lines for record '8115c09d-84aa-447e-8d1a-9f554f1b3432', success rate: 1/1.
[2026-08-30 12:20:44Z INFO HostContext] Well known directory 'Bin': 'C:\Users\krish\Documents\BITS\mlops-project\actions-runner\bin'
[2026-08-30 12:20:44Z INFO HostContext] Well known directory 'Root': 'C:\Users\krish\Documents\BITS\mlops-project\actions-runner'
[2026-08-30 12:20:44Z INFO HostContext] Well known directory 'Work': 'C:\Users\krish\Documents\BITS\mlops-project\actions-runner\_work'
[2026-08-30 12:20:44Z INFO JobServerQueue] Try to append 1 batches web console lines for record '8115c09d-84aa-447e-8d1a-9f554f1b3432', success rate: 1/1.
[2026-08-30 12:20:45Z INFO JobServerQueue] Try to append 1 batches web console lines for record '8115c09d-84aa-447e-8d1a-9f554f1b3432', success rate: 1/1.
[2026-08-30 12:20:45Z INFO JobServerQueue] Try to append 1 batches web console lines for record '8115c09d-84aa-447e-8d1a-9f554f1b3432', success rate: 1/1.
[2026-08-30 12:20:46Z INFO JobServerQueue] Try to append 1 batches web console lines for record '8115c09d-84aa-447e-8d1a-9f554f1b3432', success rate: 1/1.
[2026-08-30 12:20:46Z INFO JobServerQueue] Try to append 1 batches web console lines for record '8115c09d-84aa-447e-8d1a-9f554f1b3432', success rate: 1/1.
[2026-08-30 12:20:47Z INFO JobServerQueue] Try to append 1 batches web console lines for record '8115c09d-84aa-447e-8d1a-9f554f1b3432', success rate: 1/1.
[2026-08-30 12:20:47Z INFO JobServerQueue] Try to append 1 batches web console lines for record '8115c09d-84aa-447e-8d1a-9f554f1b3432', success rate: 1/1.
[2026-08-30 12:20:48Z INFO JobServerQueue] Try to append 1 batches web console lines for record '8115c09d-84aa-447e-8d1a-9f554f1b3432', success rate: 1/1.
[2026-08-30 12:20:48Z INFO JobServerQueue] Try to append 1 batches web console lines for record '8115c09d-84aa-447e-8d1a-9f554f1b3432', success rate: 1/1.
[2026-08-30 12:20:49Z INFO JobServerQueue] Try to append 1 batches web console lines for record '8115c09d-84aa-447e-8d1a-9f554f1b3432', success rate: 1/1.
[2026-08-30 12:20:50Z INFO JobServerQueue] Try to append 1 batches web console lines for record '8115c09d-84aa-447e-8d1a-9f554f1b3432', success rate: 1/1.
[2026-08-30 12:20:50Z INFO JobServerQueue] Try to append 1 batches web console lines for record '8115c09d-84aa-447e-8d1a-9f554f1b3432', success rate: 1/1.
[2026-08-30 12:20:51Z INFO JobServerQueue] Try to append 1 batches web console lines for record '8115c09d-84aa-447e-8d1a-9f554f1b3432', success rate: 1/1.
[2026-08-30 12:20:51Z INFO JobServerQueue] Try to append 1 batches web console lines for record '8115c09d-84aa-447e-8d1a-9f554f1b3432', success rate: 1/1.
[2026-08-30 12:20:52Z INFO JobServerQueue] Try to append 1 batches web console lines for record '8115c09d-84aa-447e-8d1a-9f554f1b3432', success rate: 1/1.
[2026-08-30 12:20:52Z INFO JobServerQueue] Try to append 1 batches web console lines for record '8115c09d-84aa-447e-8d1a-9f554f1b3432', success rate: 1/1.
[2026-08-30 12:20:53Z INFO JobServerQueue] Try to append 1 batches web console lines for record '8115c09d-84aa-447e-8d1a-9f554f1b3432', success rate: 1/1.
[2026-08-30 12:20:53Z INFO JobServerQueue] Try to append 1 batches web console lines for record '8115c09d-84aa-447e-8d1a-9f554f1b3432', success rate: 1/1.
[2026-08-30 12:20:54Z INFO JobServerQueue] Try to append 1 batches web console lines for record '8115c09d-84aa-447e-8d1a-9f554f1b3432', success rate: 1/1.
[2026-08-30 12:20:54Z INFO JobServerQueue] Try to append 1 batches web console lines for record '8115c09d-84aa-447e-8d1a-9f554f1b3432', success rate: 1/1.
[2026-08-30 12:20:54Z INFO HostContext] Well known directory 'Bin': 'C:\Users\krish\Documents\BITS\mlops-project\actions-runner\bin'
[2026-08-30 12:20:54Z INFO HostContext] Well known directory 'Root': 'C:\Users\krish\Documents\BITS\mlops-project\actions-runner'
[2026-08-30 12:20:54Z INFO HostContext] Well known directory 'Work': 'C:\Users\krish\Documents\BITS\mlops-project\actions-runner\_work'
[2026-08-30 12:20:55Z INFO JobServerQueue] Try to append 1 batches web console lines for record '8115c09d-84aa-447e-8d1a-9f554f1b3432', success rate: 1/1.
[2026-08-30 12:20:55Z INFO JobServerQueue] Try to append 1 batches web console lines for record '8115c09d-84aa-447e-8d1a-9f554f1b3432', success rate: 1/1.
[2026-08-30 12:20:56Z INFO JobServerQueue] Try to append 1 batches web console lines for record '8115c09d-84aa-447e-8d1a-9f554f1b3432', success rate: 1/1.
[2026-08-30 12:20:56Z INFO JobServerQueue] Try to append 1 batches web console lines for record '8115c09d-84aa-447e-8d1a-9f554f1b3432', success rate: 1/1.
[2026-08-30 12:20:57Z INFO JobServerQueue] Try to append 1 batches web console lines for record '8115c09d-84aa-447e-8d1a-9f554f1b3432', success rate: 1/1.
[2026-08-30 12:20:58Z INFO JobServerQueue] Try to append 1 batches web console lines for record '8115c09d-84aa-447e-8d1a-9f554f1b3432', success rate: 1/1.
[2026-08-30 12:20:58Z INFO ProcessInvokerWrapper] STDOUT/STDERR stream read finished.
[2026-08-30 12:20:58Z INFO ProcessInvokerWrapper] STDOUT/STDERR stream read finished.
[2026-08-30 12:20:58Z INFO ProcessInvokerWrapper] Finished process 18812 with exit code 0, and elapsed time 00:00:52.7482495.
[2026-08-30 12:20:58Z INFO CreateStepSummaryCommand] Step Summary file (C:\Users\krish\Documents\BITS\mlops-project\actions-runner\_work\_temp\_runner_file_commands\step_summary_1b6811cf-3707-4d41-b19f-134b882dd5f4) is empty; skipping attachment upload
[2026-08-30 12:20:58Z INFO StepsRunner] Step result: 
[2026-08-30 12:20:58Z INFO ExecutionContext] Publish step telemetry for current step {
  "action": "cmd",
  "type": "run",
  "stage": "Main",
  "stepId": "8115c09d-84aa-447e-8d1a-9f554f1b3432",
  "stepContextName": "__run",
  "result": "succeeded",
  "errorMessages": [],
  "executionTimeInSeconds": 53,
  "startTime": "2026-08-30T12:20:05.7014379Z",
  "finishTime": "2026-08-30T12:20:58.5049415Z"
}.
[2026-08-30 12:20:58Z INFO StepsRunner] No need for updating job result with current step result 'Succeeded'.
[2026-08-30 12:20:58Z INFO StepsRunner] Current state: job state = ''
[2026-08-30 12:20:58Z INFO StepsRunner] Processing step: DisplayName='Remove old container'
[2026-08-30 12:20:58Z INFO StepsRunner] Evaluating: success()
[2026-08-30 12:20:58Z INFO StepsRunner] Result: true
[2026-08-30 12:20:58Z INFO StepsRunner] Starting the step.
[2026-08-30 12:20:58Z INFO HostContext] Well known directory 'Bin': 'C:\Users\krish\Documents\BITS\mlops-project\actions-runner\bin'
[2026-08-30 12:20:58Z INFO HostContext] Well known directory 'Root': 'C:\Users\krish\Documents\BITS\mlops-project\actions-runner'
[2026-08-30 12:20:58Z INFO HostContext] Well known directory 'Work': 'C:\Users\krish\Documents\BITS\mlops-project\actions-runner\_work'
[2026-08-30 12:20:58Z INFO StepsRunner] Which2: 'chcp'
[2026-08-30 12:20:58Z INFO StepsRunner] Location: 'C:\WINDOWS\system32\chcp.COM'
[2026-08-30 12:20:58Z INFO ProcessInvokerWrapper] Starting process:
[2026-08-30 12:20:58Z INFO ProcessInvokerWrapper]   File name: 'C:\WINDOWS\system32\chcp.COM'
[2026-08-30 12:20:58Z INFO ProcessInvokerWrapper]   Arguments: '65001'
[2026-08-30 12:20:58Z INFO ProcessInvokerWrapper]   Working directory: 'C:\Users\krish\Documents\BITS\mlops-project\actions-runner\_work'
[2026-08-30 12:20:58Z INFO ProcessInvokerWrapper]   Require exit code zero: 'False'
[2026-08-30 12:20:58Z INFO ProcessInvokerWrapper]   Encoding web name:  ; code page: ''
[2026-08-30 12:20:58Z INFO ProcessInvokerWrapper]   Force kill process on cancellation: 'False'
[2026-08-30 12:20:58Z INFO ProcessInvokerWrapper]   Redirected STDIN: 'False'
[2026-08-30 12:20:58Z INFO ProcessInvokerWrapper]   Persist current code page: 'True'
[2026-08-30 12:20:58Z INFO ProcessInvokerWrapper]   Keep redirected STDIN open: 'False'
[2026-08-30 12:20:58Z INFO ProcessInvokerWrapper]   High priority process: 'False'
[2026-08-30 12:20:58Z INFO ProcessInvokerWrapper] Process started with process id 17828, waiting for process exit.
[2026-08-30 12:20:58Z INFO ProcessInvokerWrapper] STDOUT/STDERR stream read finished.
[2026-08-30 12:20:58Z INFO ProcessInvokerWrapper] STDOUT/STDERR stream read finished.
[2026-08-30 12:20:58Z INFO ProcessInvokerWrapper] Finished process 17828 with exit code 0, and elapsed time 00:00:00.0635829.
[2026-08-30 12:20:58Z INFO StepsRunner] Successfully returned to code page 65001 (UTF8)
[2026-08-30 12:20:58Z INFO HostContext] Well known directory 'Bin': 'C:\Users\krish\Documents\BITS\mlops-project\actions-runner\bin'
[2026-08-30 12:20:58Z INFO HostContext] Well known directory 'Root': 'C:\Users\krish\Documents\BITS\mlops-project\actions-runner'
[2026-08-30 12:20:58Z INFO HostContext] Well known directory 'Work': 'C:\Users\krish\Documents\BITS\mlops-project\actions-runner\_work'
[2026-08-30 12:20:58Z INFO HostContext] Well known directory 'Temp': 'C:\Users\krish\Documents\BITS\mlops-project\actions-runner\_work\_temp'
[2026-08-30 12:20:58Z INFO ExecutionContext] Write event payload to C:\Users\krish\Documents\BITS\mlops-project\actions-runner\_work\_temp\_github_workflow\event.json
[2026-08-30 12:20:58Z INFO HostContext] Well known directory 'Bin': 'C:\Users\krish\Documents\BITS\mlops-project\actions-runner\bin'
[2026-08-30 12:20:58Z INFO HostContext] Well known directory 'Root': 'C:\Users\krish\Documents\BITS\mlops-project\actions-runner'
[2026-08-30 12:20:58Z INFO HostContext] Well known directory 'Work': 'C:\Users\krish\Documents\BITS\mlops-project\actions-runner\_work'
[2026-08-30 12:20:58Z INFO HostContext] Well known directory 'Temp': 'C:\Users\krish\Documents\BITS\mlops-project\actions-runner\_work\_temp'
[2026-08-30 12:20:58Z INFO ExtensionManager] Getting extensions for interface: 'GitHub.Runner.Worker.IFileCommandExtension'
[2026-08-30 12:20:58Z INFO ExtensionManager] Getting extensions for interface: 'GitHub.Runner.Worker.IActionCommandExtension'
[2026-08-30 12:20:58Z INFO ActionCommandManager] Register action command extension for command internal-set-repo-path
[2026-08-30 12:20:58Z INFO ActionCommandManager] Register action command extension for command set-env
[2026-08-30 12:20:58Z INFO ActionCommandManager] Register action command extension for command set-output
[2026-08-30 12:20:58Z INFO ActionCommandManager] Register action command extension for command save-state
[2026-08-30 12:20:58Z INFO ActionCommandManager] Register action command extension for command add-path
[2026-08-30 12:20:58Z INFO ActionCommandManager] Register action command extension for command add-mask
[2026-08-30 12:20:58Z INFO ActionCommandManager] Register action command extension for command add-matcher
[2026-08-30 12:20:58Z INFO ActionCommandManager] Register action command extension for command remove-matcher
[2026-08-30 12:20:58Z INFO ActionCommandManager] Register action command extension for command warning
[2026-08-30 12:20:58Z INFO ActionCommandManager] Register action command extension for command error
[2026-08-30 12:20:58Z INFO ActionCommandManager] Register action command extension for command notice
[2026-08-30 12:20:58Z INFO ActionCommandManager] Register action command extension for command debug
[2026-08-30 12:20:58Z INFO ActionCommandManager] Register action command extension for command group
[2026-08-30 12:20:58Z INFO ActionCommandManager] Register action command extension for command endgroup
[2026-08-30 12:20:58Z INFO ActionCommandManager] Register action command extension for command echo
[2026-08-30 12:20:58Z INFO ScriptHandler] Which2: 'cmd'
[2026-08-30 12:20:58Z INFO ScriptHandler] Location: 'C:\WINDOWS\system32\cmd.EXE'
[2026-08-30 12:20:58Z INFO HostContext] Well known directory 'Bin': 'C:\Users\krish\Documents\BITS\mlops-project\actions-runner\bin'
[2026-08-30 12:20:58Z INFO HostContext] Well known directory 'Root': 'C:\Users\krish\Documents\BITS\mlops-project\actions-runner'
[2026-08-30 12:20:58Z INFO HostContext] Well known directory 'Work': 'C:\Users\krish\Documents\BITS\mlops-project\actions-runner\_work'
[2026-08-30 12:20:58Z INFO HostContext] Well known directory 'Temp': 'C:\Users\krish\Documents\BITS\mlops-project\actions-runner\_work\_temp'
[2026-08-30 12:20:58Z INFO ScriptHandler] Which2: 'cmd'
[2026-08-30 12:20:58Z INFO ScriptHandler] Location: 'C:\WINDOWS\system32\cmd.EXE'
[2026-08-30 12:20:58Z INFO ProcessInvokerWrapper] Starting process:
[2026-08-30 12:20:58Z INFO ProcessInvokerWrapper]   File name: 'C:\WINDOWS\system32\cmd.EXE'
[2026-08-30 12:20:58Z INFO ProcessInvokerWrapper]   Arguments: '/D /E:ON /V:OFF /S /C "CALL "C:\Users\krish\Documents\BITS\mlops-project\actions-runner\_work\_temp\ece51617-159b-45d2-91c6-871d31698323.cmd""'
[2026-08-30 12:20:58Z INFO ProcessInvokerWrapper]   Working directory: 'C:\Users\krish\Documents\BITS\mlops-project\actions-runner\_work\assignment2\assignment2'
[2026-08-30 12:20:58Z INFO ProcessInvokerWrapper]   Require exit code zero: 'False'
[2026-08-30 12:20:58Z INFO ProcessInvokerWrapper]   Encoding web name:  ; code page: ''
[2026-08-30 12:20:58Z INFO ProcessInvokerWrapper]   Force kill process on cancellation: 'False'
[2026-08-30 12:20:58Z INFO ProcessInvokerWrapper]   Redirected STDIN: 'False'
[2026-08-30 12:20:58Z INFO ProcessInvokerWrapper]   Persist current code page: 'True'
[2026-08-30 12:20:58Z INFO ProcessInvokerWrapper]   Keep redirected STDIN open: 'False'
[2026-08-30 12:20:58Z INFO ProcessInvokerWrapper]   High priority process: 'False'
[2026-08-30 12:20:58Z INFO ProcessInvokerWrapper] Process started with process id 11000, waiting for process exit.
[2026-08-30 12:20:58Z INFO JobServerQueue] Try to append 1 batches web console lines for record '056e1913-1780-4b6c-a96e-34f6ed9c1028', success rate: 1/1.
[2026-08-30 12:20:59Z INFO ProcessInvokerWrapper] STDOUT/STDERR stream read finished.
[2026-08-30 12:20:59Z INFO ProcessInvokerWrapper] STDOUT/STDERR stream read finished.
[2026-08-30 12:20:59Z INFO ProcessInvokerWrapper] Finished process 11000 with exit code 0, and elapsed time 00:00:00.4675228.
[2026-08-30 12:20:59Z INFO CreateStepSummaryCommand] Step Summary file (C:\Users\krish\Documents\BITS\mlops-project\actions-runner\_work\_temp\_runner_file_commands\step_summary_bcd78e34-4317-455f-b9e4-5b4a2e51faf9) is empty; skipping attachment upload
[2026-08-30 12:20:59Z INFO StepsRunner] Step result: 
[2026-08-30 12:20:59Z INFO ExecutionContext] Publish step telemetry for current step {
  "action": "cmd",
  "type": "run",
  "stage": "Main",
  "stepId": "056e1913-1780-4b6c-a96e-34f6ed9c1028",
  "stepContextName": "__run_2",
  "result": "succeeded",
  "errorMessages": [],
  "executionTimeInSeconds": 1,
  "startTime": "2026-08-30T12:20:58.5069199Z",
  "finishTime": "2026-08-30T12:20:59.1038154Z"
}.
[2026-08-30 12:20:59Z INFO StepsRunner] No need for updating job result with current step result 'Succeeded'.
[2026-08-30 12:20:59Z INFO StepsRunner] Current state: job state = ''
[2026-08-30 12:20:59Z INFO StepsRunner] Processing step: DisplayName='Deploy application'
[2026-08-30 12:20:59Z INFO StepsRunner] Evaluating: success()
[2026-08-30 12:20:59Z INFO StepsRunner] Result: true
[2026-08-30 12:20:59Z INFO StepsRunner] Starting the step.
[2026-08-30 12:20:59Z INFO HostContext] Well known directory 'Bin': 'C:\Users\krish\Documents\BITS\mlops-project\actions-runner\bin'
[2026-08-30 12:20:59Z INFO HostContext] Well known directory 'Root': 'C:\Users\krish\Documents\BITS\mlops-project\actions-runner'
[2026-08-30 12:20:59Z INFO HostContext] Well known directory 'Work': 'C:\Users\krish\Documents\BITS\mlops-project\actions-runner\_work'
[2026-08-30 12:20:59Z INFO StepsRunner] Which2: 'chcp'
[2026-08-30 12:20:59Z INFO JobServerQueue] Got a step log file to send to results service.
[2026-08-30 12:20:59Z INFO JobServerQueue] Starting upload of step log file to results service ResultsLog, C:\Users\krish\Documents\BITS\mlops-project\actions-runner\_diag\blocks\f5e8f780-9523-474a-8602-aff26ac9e53d_8115c09d-84aa-447e-8d1a-9f554f1b3432.1
[2026-08-30 12:20:59Z INFO StepsRunner] Location: 'C:\WINDOWS\system32\chcp.COM'
[2026-08-30 12:20:59Z INFO ProcessInvokerWrapper] Starting process:
[2026-08-30 12:20:59Z INFO ProcessInvokerWrapper]   File name: 'C:\WINDOWS\system32\chcp.COM'
[2026-08-30 12:20:59Z INFO ProcessInvokerWrapper]   Arguments: '65001'
[2026-08-30 12:20:59Z INFO ProcessInvokerWrapper]   Working directory: 'C:\Users\krish\Documents\BITS\mlops-project\actions-runner\_work'
[2026-08-30 12:20:59Z INFO ProcessInvokerWrapper]   Require exit code zero: 'False'
[2026-08-30 12:20:59Z INFO ProcessInvokerWrapper]   Encoding web name:  ; code page: ''
[2026-08-30 12:20:59Z INFO ProcessInvokerWrapper]   Force kill process on cancellation: 'False'
[2026-08-30 12:20:59Z INFO ProcessInvokerWrapper]   Redirected STDIN: 'False'
[2026-08-30 12:20:59Z INFO ProcessInvokerWrapper]   Persist current code page: 'True'
[2026-08-30 12:20:59Z INFO ProcessInvokerWrapper]   Keep redirected STDIN open: 'False'
[2026-08-30 12:20:59Z INFO ProcessInvokerWrapper]   High priority process: 'False'
[2026-08-30 12:20:59Z INFO ProcessInvokerWrapper] Process started with process id 2780, waiting for process exit.
[2026-08-30 12:20:59Z INFO ProcessInvokerWrapper] STDOUT/STDERR stream read finished.
[2026-08-30 12:20:59Z INFO ProcessInvokerWrapper] STDOUT/STDERR stream read finished.
[2026-08-30 12:20:59Z INFO ProcessInvokerWrapper] Finished process 2780 with exit code 0, and elapsed time 00:00:00.0393940.
[2026-08-30 12:20:59Z INFO StepsRunner] Successfully returned to code page 65001 (UTF8)
[2026-08-30 12:20:59Z INFO HostContext] Well known directory 'Bin': 'C:\Users\krish\Documents\BITS\mlops-project\actions-runner\bin'
[2026-08-30 12:20:59Z INFO HostContext] Well known directory 'Root': 'C:\Users\krish\Documents\BITS\mlops-project\actions-runner'
[2026-08-30 12:20:59Z INFO HostContext] Well known directory 'Work': 'C:\Users\krish\Documents\BITS\mlops-project\actions-runner\_work'
[2026-08-30 12:20:59Z INFO HostContext] Well known directory 'Temp': 'C:\Users\krish\Documents\BITS\mlops-project\actions-runner\_work\_temp'
[2026-08-30 12:20:59Z INFO ExecutionContext] Write event payload to C:\Users\krish\Documents\BITS\mlops-project\actions-runner\_work\_temp\_github_workflow\event.json
[2026-08-30 12:20:59Z INFO HostContext] Well known directory 'Bin': 'C:\Users\krish\Documents\BITS\mlops-project\actions-runner\bin'
[2026-08-30 12:20:59Z INFO HostContext] Well known directory 'Root': 'C:\Users\krish\Documents\BITS\mlops-project\actions-runner'
[2026-08-30 12:20:59Z INFO HostContext] Well known directory 'Work': 'C:\Users\krish\Documents\BITS\mlops-project\actions-runner\_work'
[2026-08-30 12:20:59Z INFO HostContext] Well known directory 'Temp': 'C:\Users\krish\Documents\BITS\mlops-project\actions-runner\_work\_temp'
[2026-08-30 12:20:59Z INFO ExtensionManager] Getting extensions for interface: 'GitHub.Runner.Worker.IFileCommandExtension'
[2026-08-30 12:20:59Z INFO ExtensionManager] Getting extensions for interface: 'GitHub.Runner.Worker.IActionCommandExtension'
[2026-08-30 12:20:59Z INFO ActionCommandManager] Register action command extension for command internal-set-repo-path
[2026-08-30 12:20:59Z INFO ActionCommandManager] Register action command extension for command set-env
[2026-08-30 12:20:59Z INFO ActionCommandManager] Register action command extension for command set-output
[2026-08-30 12:20:59Z INFO ActionCommandManager] Register action command extension for command save-state
[2026-08-30 12:20:59Z INFO ActionCommandManager] Register action command extension for command add-path
[2026-08-30 12:20:59Z INFO ActionCommandManager] Register action command extension for command add-mask
[2026-08-30 12:20:59Z INFO ActionCommandManager] Register action command extension for command add-matcher
[2026-08-30 12:20:59Z INFO ActionCommandManager] Register action command extension for command remove-matcher
[2026-08-30 12:20:59Z INFO ActionCommandManager] Register action command extension for command warning
[2026-08-30 12:20:59Z INFO ActionCommandManager] Register action command extension for command error
[2026-08-30 12:20:59Z INFO ActionCommandManager] Register action command extension for command notice
[2026-08-30 12:20:59Z INFO ActionCommandManager] Register action command extension for command debug
[2026-08-30 12:20:59Z INFO ActionCommandManager] Register action command extension for command group
[2026-08-30 12:20:59Z INFO ActionCommandManager] Register action command extension for command endgroup
[2026-08-30 12:20:59Z INFO ActionCommandManager] Register action command extension for command echo
[2026-08-30 12:20:59Z INFO ScriptHandler] Which2: 'cmd'
[2026-08-30 12:20:59Z INFO ScriptHandler] Location: 'C:\WINDOWS\system32\cmd.EXE'
[2026-08-30 12:20:59Z INFO HostContext] Well known directory 'Bin': 'C:\Users\krish\Documents\BITS\mlops-project\actions-runner\bin'
[2026-08-30 12:20:59Z INFO HostContext] Well known directory 'Root': 'C:\Users\krish\Documents\BITS\mlops-project\actions-runner'
[2026-08-30 12:20:59Z INFO HostContext] Well known directory 'Work': 'C:\Users\krish\Documents\BITS\mlops-project\actions-runner\_work'
[2026-08-30 12:20:59Z INFO HostContext] Well known directory 'Temp': 'C:\Users\krish\Documents\BITS\mlops-project\actions-runner\_work\_temp'
[2026-08-30 12:20:59Z INFO ScriptHandler] Which2: 'cmd'
[2026-08-30 12:20:59Z INFO ScriptHandler] Location: 'C:\WINDOWS\system32\cmd.EXE'
[2026-08-30 12:20:59Z INFO ProcessInvokerWrapper] Starting process:
[2026-08-30 12:20:59Z INFO ProcessInvokerWrapper]   File name: 'C:\WINDOWS\system32\cmd.EXE'
[2026-08-30 12:20:59Z INFO ProcessInvokerWrapper]   Arguments: '/D /E:ON /V:OFF /S /C "CALL "C:\Users\krish\Documents\BITS\mlops-project\actions-runner\_work\_temp\1d57d011-8ff2-4049-9373-df1c6c2ab8f8.cmd""'
[2026-08-30 12:20:59Z INFO ProcessInvokerWrapper]   Working directory: 'C:\Users\krish\Documents\BITS\mlops-project\actions-runner\_work\assignment2\assignment2'
[2026-08-30 12:20:59Z INFO ProcessInvokerWrapper]   Require exit code zero: 'False'
[2026-08-30 12:20:59Z INFO ProcessInvokerWrapper]   Encoding web name:  ; code page: ''
[2026-08-30 12:20:59Z INFO ProcessInvokerWrapper]   Force kill process on cancellation: 'False'
[2026-08-30 12:20:59Z INFO ProcessInvokerWrapper]   Redirected STDIN: 'False'
[2026-08-30 12:20:59Z INFO ProcessInvokerWrapper]   Persist current code page: 'True'
[2026-08-30 12:20:59Z INFO ProcessInvokerWrapper]   Keep redirected STDIN open: 'False'
[2026-08-30 12:20:59Z INFO ProcessInvokerWrapper]   High priority process: 'False'
[2026-08-30 12:20:59Z INFO JobServerQueue] Try to append 1 batches web console lines for record 'd5f2931b-7e59-4846-93a7-70c5cd3c41f2', success rate: 1/1.
[2026-08-30 12:20:59Z INFO ProcessInvokerWrapper] Process started with process id 4876, waiting for process exit.
[2026-08-30 12:20:59Z INFO JobServerQueue] Try to upload 2 log files or attachments, success rate: 2/2.
[2026-08-30 12:21:00Z INFO JobServerQueue] Got a step log file to send to results service.
[2026-08-30 12:21:00Z INFO JobServerQueue] Starting upload of step log file to results service ResultsLog, C:\Users\krish\Documents\BITS\mlops-project\actions-runner\_diag\blocks\f5e8f780-9523-474a-8602-aff26ac9e53d_056e1913-1780-4b6c-a96e-34f6ed9c1028.1
[2026-08-30 12:21:00Z INFO JobServerQueue] Try to append 1 batches web console lines for record 'd5f2931b-7e59-4846-93a7-70c5cd3c41f2', success rate: 1/1.
[2026-08-30 12:21:00Z INFO JobServerQueue] Tried to upload 2 file(s) to results, success rate: 2/2.
[2026-08-30 12:21:04Z INFO HostContext] Well known directory 'Bin': 'C:\Users\krish\Documents\BITS\mlops-project\actions-runner\bin'
[2026-08-30 12:21:04Z INFO HostContext] Well known directory 'Root': 'C:\Users\krish\Documents\BITS\mlops-project\actions-runner'
[2026-08-30 12:21:04Z INFO HostContext] Well known directory 'Work': 'C:\Users\krish\Documents\BITS\mlops-project\actions-runner\_work'
[2026-08-30 12:21:10Z INFO JobServerQueue] Try to append 1 batches web console lines for record 'd5f2931b-7e59-4846-93a7-70c5cd3c41f2', success rate: 1/1.
[2026-08-30 12:21:10Z INFO ProcessInvokerWrapper] STDOUT/STDERR stream read finished.
[2026-08-30 12:21:10Z INFO ProcessInvokerWrapper] STDOUT/STDERR stream read finished.
[2026-08-30 12:21:10Z INFO ProcessInvokerWrapper] Finished process 4876 with exit code 0, and elapsed time 00:00:11.7012332.
[2026-08-30 12:21:10Z INFO CreateStepSummaryCommand] Step Summary file (C:\Users\krish\Documents\BITS\mlops-project\actions-runner\_work\_temp\_runner_file_commands\step_summary_dab4c7e8-30dd-4156-a843-b2be776c4e60) is empty; skipping attachment upload
[2026-08-30 12:21:10Z INFO StepsRunner] Step result: 
[2026-08-30 12:21:10Z INFO ExecutionContext] Publish step telemetry for current step {
  "action": "cmd",
  "type": "run",
  "stage": "Main",
  "stepId": "d5f2931b-7e59-4846-93a7-70c5cd3c41f2",
  "stepContextName": "__run_3",
  "result": "succeeded",
  "errorMessages": [],
  "executionTimeInSeconds": 12,
  "startTime": "2026-08-30T12:20:59.1073617Z",
  "finishTime": "2026-08-30T12:21:10.9581841Z"
}.
[2026-08-30 12:21:10Z INFO StepsRunner] No need for updating job result with current step result 'Succeeded'.
[2026-08-30 12:21:10Z INFO StepsRunner] Current state: job state = ''
[2026-08-30 12:21:10Z INFO StepsRunner] Processing step: DisplayName='Check deployment'
[2026-08-30 12:21:10Z INFO StepsRunner] Evaluating: success()
[2026-08-30 12:21:10Z INFO StepsRunner] Result: true
[2026-08-30 12:21:10Z INFO StepsRunner] Starting the step.
[2026-08-30 12:21:10Z INFO HostContext] Well known directory 'Bin': 'C:\Users\krish\Documents\BITS\mlops-project\actions-runner\bin'
[2026-08-30 12:21:10Z INFO HostContext] Well known directory 'Root': 'C:\Users\krish\Documents\BITS\mlops-project\actions-runner'
[2026-08-30 12:21:10Z INFO HostContext] Well known directory 'Work': 'C:\Users\krish\Documents\BITS\mlops-project\actions-runner\_work'
[2026-08-30 12:21:10Z INFO StepsRunner] Which2: 'chcp'
[2026-08-30 12:21:10Z INFO StepsRunner] Location: 'C:\WINDOWS\system32\chcp.COM'
[2026-08-30 12:21:10Z INFO ProcessInvokerWrapper] Starting process:
[2026-08-30 12:21:10Z INFO ProcessInvokerWrapper]   File name: 'C:\WINDOWS\system32\chcp.COM'
[2026-08-30 12:21:10Z INFO ProcessInvokerWrapper]   Arguments: '65001'
[2026-08-30 12:21:10Z INFO ProcessInvokerWrapper]   Working directory: 'C:\Users\krish\Documents\BITS\mlops-project\actions-runner\_work'
[2026-08-30 12:21:10Z INFO ProcessInvokerWrapper]   Require exit code zero: 'False'
[2026-08-30 12:21:10Z INFO ProcessInvokerWrapper]   Encoding web name:  ; code page: ''
[2026-08-30 12:21:10Z INFO ProcessInvokerWrapper]   Force kill process on cancellation: 'False'
[2026-08-30 12:21:10Z INFO ProcessInvokerWrapper]   Redirected STDIN: 'False'
[2026-08-30 12:21:10Z INFO ProcessInvokerWrapper]   Persist current code page: 'True'
[2026-08-30 12:21:10Z INFO ProcessInvokerWrapper]   Keep redirected STDIN open: 'False'
[2026-08-30 12:21:10Z INFO ProcessInvokerWrapper]   High priority process: 'False'
[2026-08-30 12:21:10Z INFO ProcessInvokerWrapper] Process started with process id 18584, waiting for process exit.
[2026-08-30 12:21:10Z INFO ProcessInvokerWrapper] STDOUT/STDERR stream read finished.
[2026-08-30 12:21:10Z INFO ProcessInvokerWrapper] STDOUT/STDERR stream read finished.
[2026-08-30 12:21:10Z INFO ProcessInvokerWrapper] Finished process 18584 with exit code 0, and elapsed time 00:00:00.0324526.
[2026-08-30 12:21:10Z INFO StepsRunner] Successfully returned to code page 65001 (UTF8)
[2026-08-30 12:21:10Z INFO HostContext] Well known directory 'Bin': 'C:\Users\krish\Documents\BITS\mlops-project\actions-runner\bin'
[2026-08-30 12:21:10Z INFO HostContext] Well known directory 'Root': 'C:\Users\krish\Documents\BITS\mlops-project\actions-runner'
[2026-08-30 12:21:10Z INFO HostContext] Well known directory 'Work': 'C:\Users\krish\Documents\BITS\mlops-project\actions-runner\_work'
[2026-08-30 12:21:10Z INFO HostContext] Well known directory 'Temp': 'C:\Users\krish\Documents\BITS\mlops-project\actions-runner\_work\_temp'
[2026-08-30 12:21:10Z INFO ExecutionContext] Write event payload to C:\Users\krish\Documents\BITS\mlops-project\actions-runner\_work\_temp\_github_workflow\event.json
[2026-08-30 12:21:10Z INFO HostContext] Well known directory 'Bin': 'C:\Users\krish\Documents\BITS\mlops-project\actions-runner\bin'
[2026-08-30 12:21:10Z INFO HostContext] Well known directory 'Root': 'C:\Users\krish\Documents\BITS\mlops-project\actions-runner'
[2026-08-30 12:21:10Z INFO HostContext] Well known directory 'Work': 'C:\Users\krish\Documents\BITS\mlops-project\actions-runner\_work'
[2026-08-30 12:21:10Z INFO HostContext] Well known directory 'Temp': 'C:\Users\krish\Documents\BITS\mlops-project\actions-runner\_work\_temp'
[2026-08-30 12:21:10Z INFO ExtensionManager] Getting extensions for interface: 'GitHub.Runner.Worker.IFileCommandExtension'
[2026-08-30 12:21:11Z INFO ExtensionManager] Getting extensions for interface: 'GitHub.Runner.Worker.IActionCommandExtension'
[2026-08-30 12:21:11Z INFO ActionCommandManager] Register action command extension for command internal-set-repo-path
[2026-08-30 12:21:11Z INFO ActionCommandManager] Register action command extension for command set-env
[2026-08-30 12:21:11Z INFO ActionCommandManager] Register action command extension for command set-output
[2026-08-30 12:21:11Z INFO ActionCommandManager] Register action command extension for command save-state
[2026-08-30 12:21:11Z INFO ActionCommandManager] Register action command extension for command add-path
[2026-08-30 12:21:11Z INFO ActionCommandManager] Register action command extension for command add-mask
[2026-08-30 12:21:11Z INFO ActionCommandManager] Register action command extension for command add-matcher
[2026-08-30 12:21:11Z INFO ActionCommandManager] Register action command extension for command remove-matcher
[2026-08-30 12:21:11Z INFO ActionCommandManager] Register action command extension for command warning
[2026-08-30 12:21:11Z INFO ActionCommandManager] Register action command extension for command error
[2026-08-30 12:21:11Z INFO ActionCommandManager] Register action command extension for command notice
[2026-08-30 12:21:11Z INFO ActionCommandManager] Register action command extension for command debug
[2026-08-30 12:21:11Z INFO ActionCommandManager] Register action command extension for command group
[2026-08-30 12:21:11Z INFO ActionCommandManager] Register action command extension for command endgroup
[2026-08-30 12:21:11Z INFO ActionCommandManager] Register action command extension for command echo
[2026-08-30 12:21:11Z INFO ScriptHandler] Which2: 'cmd'
[2026-08-30 12:21:11Z INFO ScriptHandler] Location: 'C:\WINDOWS\system32\cmd.EXE'
[2026-08-30 12:21:11Z INFO HostContext] Well known directory 'Bin': 'C:\Users\krish\Documents\BITS\mlops-project\actions-runner\bin'
[2026-08-30 12:21:11Z INFO HostContext] Well known directory 'Root': 'C:\Users\krish\Documents\BITS\mlops-project\actions-runner'
[2026-08-30 12:21:11Z INFO HostContext] Well known directory 'Work': 'C:\Users\krish\Documents\BITS\mlops-project\actions-runner\_work'
[2026-08-30 12:21:11Z INFO HostContext] Well known directory 'Temp': 'C:\Users\krish\Documents\BITS\mlops-project\actions-runner\_work\_temp'
[2026-08-30 12:21:11Z INFO ScriptHandler] Which2: 'cmd'
[2026-08-30 12:21:11Z INFO ScriptHandler] Location: 'C:\WINDOWS\system32\cmd.EXE'
[2026-08-30 12:21:11Z INFO ProcessInvokerWrapper] Starting process:
[2026-08-30 12:21:11Z INFO ProcessInvokerWrapper]   File name: 'C:\WINDOWS\system32\cmd.EXE'
[2026-08-30 12:21:11Z INFO ProcessInvokerWrapper]   Arguments: '/D /E:ON /V:OFF /S /C "CALL "C:\Users\krish\Documents\BITS\mlops-project\actions-runner\_work\_temp\1f95028c-32b6-404b-acd8-8190006153eb.cmd""'
[2026-08-30 12:21:11Z INFO ProcessInvokerWrapper]   Working directory: 'C:\Users\krish\Documents\BITS\mlops-project\actions-runner\_work\assignment2\assignment2'
[2026-08-30 12:21:11Z INFO ProcessInvokerWrapper]   Require exit code zero: 'False'
[2026-08-30 12:21:11Z INFO ProcessInvokerWrapper]   Encoding web name:  ; code page: ''
[2026-08-30 12:21:11Z INFO ProcessInvokerWrapper]   Force kill process on cancellation: 'False'
[2026-08-30 12:21:11Z INFO ProcessInvokerWrapper]   Redirected STDIN: 'False'
[2026-08-30 12:21:11Z INFO ProcessInvokerWrapper]   Persist current code page: 'True'
[2026-08-30 12:21:11Z INFO ProcessInvokerWrapper]   Keep redirected STDIN open: 'False'
[2026-08-30 12:21:11Z INFO ProcessInvokerWrapper]   High priority process: 'False'
[2026-08-30 12:21:11Z INFO ProcessInvokerWrapper] Process started with process id 12488, waiting for process exit.
[2026-08-30 12:21:11Z INFO JobServerQueue] Got a step log file to send to results service.
[2026-08-30 12:21:11Z INFO JobServerQueue] Starting upload of step log file to results service ResultsLog, C:\Users\krish\Documents\BITS\mlops-project\actions-runner\_diag\blocks\f5e8f780-9523-474a-8602-aff26ac9e53d_d5f2931b-7e59-4846-93a7-70c5cd3c41f2.1
[2026-08-30 12:21:11Z INFO JobServerQueue] Try to append 1 batches web console lines for record 'd5f2931b-7e59-4846-93a7-70c5cd3c41f2', success rate: 1/1.
[2026-08-30 12:21:11Z INFO JobServerQueue] Try to append 1 batches web console lines for record 'bf0b002c-384d-46f6-8fa8-2a6e69924b91', success rate: 1/1.
[2026-08-30 12:21:11Z INFO ProcessInvokerWrapper] STDOUT/STDERR stream read finished.
[2026-08-30 12:21:11Z INFO ProcessInvokerWrapper] STDOUT/STDERR stream read finished.
[2026-08-30 12:21:11Z INFO ProcessInvokerWrapper] Finished process 12488 with exit code 0, and elapsed time 00:00:00.5485546.
[2026-08-30 12:21:11Z INFO CreateStepSummaryCommand] Step Summary file (C:\Users\krish\Documents\BITS\mlops-project\actions-runner\_work\_temp\_runner_file_commands\step_summary_7b362ec2-3d75-4d0a-a42a-8aab14f58759) is empty; skipping attachment upload
[2026-08-30 12:21:11Z INFO StepsRunner] Step result: 
[2026-08-30 12:21:11Z INFO ExecutionContext] Publish step telemetry for current step {
  "action": "cmd",
  "type": "run",
  "stage": "Main",
  "stepId": "bf0b002c-384d-46f6-8fa8-2a6e69924b91",
  "stepContextName": "__run_4",
  "result": "succeeded",
  "errorMessages": [],
  "executionTimeInSeconds": 1,
  "startTime": "2026-08-30T12:21:10.9606224Z",
  "finishTime": "2026-08-30T12:21:11.5624257Z"
}.
[2026-08-30 12:21:11Z INFO StepsRunner] No need for updating job result with current step result 'Succeeded'.
[2026-08-30 12:21:11Z INFO StepsRunner] Current state: job state = ''
[2026-08-30 12:21:11Z INFO StepsRunner] Processing step: DisplayName='Wait for application'
[2026-08-30 12:21:11Z INFO StepsRunner] Evaluating: success()
[2026-08-30 12:21:11Z INFO StepsRunner] Result: true
[2026-08-30 12:21:11Z INFO StepsRunner] Starting the step.
[2026-08-30 12:21:11Z INFO HostContext] Well known directory 'Bin': 'C:\Users\krish\Documents\BITS\mlops-project\actions-runner\bin'
[2026-08-30 12:21:11Z INFO HostContext] Well known directory 'Root': 'C:\Users\krish\Documents\BITS\mlops-project\actions-runner'
[2026-08-30 12:21:11Z INFO HostContext] Well known directory 'Work': 'C:\Users\krish\Documents\BITS\mlops-project\actions-runner\_work'
[2026-08-30 12:21:11Z INFO StepsRunner] Which2: 'chcp'
[2026-08-30 12:21:11Z INFO StepsRunner] Location: 'C:\WINDOWS\system32\chcp.COM'
[2026-08-30 12:21:11Z INFO ProcessInvokerWrapper] Starting process:
[2026-08-30 12:21:11Z INFO ProcessInvokerWrapper]   File name: 'C:\WINDOWS\system32\chcp.COM'
[2026-08-30 12:21:11Z INFO ProcessInvokerWrapper]   Arguments: '65001'
[2026-08-30 12:21:11Z INFO ProcessInvokerWrapper]   Working directory: 'C:\Users\krish\Documents\BITS\mlops-project\actions-runner\_work'
[2026-08-30 12:21:11Z INFO ProcessInvokerWrapper]   Require exit code zero: 'False'
[2026-08-30 12:21:11Z INFO ProcessInvokerWrapper]   Encoding web name:  ; code page: ''
[2026-08-30 12:21:11Z INFO ProcessInvokerWrapper]   Force kill process on cancellation: 'False'
[2026-08-30 12:21:11Z INFO ProcessInvokerWrapper]   Redirected STDIN: 'False'
[2026-08-30 12:21:11Z INFO ProcessInvokerWrapper]   Persist current code page: 'True'
[2026-08-30 12:21:11Z INFO ProcessInvokerWrapper]   Keep redirected STDIN open: 'False'
[2026-08-30 12:21:11Z INFO ProcessInvokerWrapper]   High priority process: 'False'
[2026-08-30 12:21:11Z INFO JobServerQueue] Try to upload 2 log files or attachments, success rate: 2/2.
[2026-08-30 12:21:11Z INFO ProcessInvokerWrapper] Process started with process id 12220, waiting for process exit.
[2026-08-30 12:21:11Z INFO ProcessInvokerWrapper] STDOUT/STDERR stream read finished.
[2026-08-30 12:21:11Z INFO ProcessInvokerWrapper] STDOUT/STDERR stream read finished.
[2026-08-30 12:21:11Z INFO ProcessInvokerWrapper] Finished process 12220 with exit code 0, and elapsed time 00:00:00.0469951.
[2026-08-30 12:21:11Z INFO StepsRunner] Successfully returned to code page 65001 (UTF8)
[2026-08-30 12:21:11Z INFO HostContext] Well known directory 'Bin': 'C:\Users\krish\Documents\BITS\mlops-project\actions-runner\bin'
[2026-08-30 12:21:11Z INFO HostContext] Well known directory 'Root': 'C:\Users\krish\Documents\BITS\mlops-project\actions-runner'
[2026-08-30 12:21:11Z INFO HostContext] Well known directory 'Work': 'C:\Users\krish\Documents\BITS\mlops-project\actions-runner\_work'
[2026-08-30 12:21:11Z INFO HostContext] Well known directory 'Temp': 'C:\Users\krish\Documents\BITS\mlops-project\actions-runner\_work\_temp'
[2026-08-30 12:21:11Z INFO ExecutionContext] Write event payload to C:\Users\krish\Documents\BITS\mlops-project\actions-runner\_work\_temp\_github_workflow\event.json
[2026-08-30 12:21:11Z INFO HostContext] Well known directory 'Bin': 'C:\Users\krish\Documents\BITS\mlops-project\actions-runner\bin'
[2026-08-30 12:21:11Z INFO HostContext] Well known directory 'Root': 'C:\Users\krish\Documents\BITS\mlops-project\actions-runner'
[2026-08-30 12:21:11Z INFO HostContext] Well known directory 'Work': 'C:\Users\krish\Documents\BITS\mlops-project\actions-runner\_work'
[2026-08-30 12:21:11Z INFO HostContext] Well known directory 'Temp': 'C:\Users\krish\Documents\BITS\mlops-project\actions-runner\_work\_temp'
[2026-08-30 12:21:11Z INFO ExtensionManager] Getting extensions for interface: 'GitHub.Runner.Worker.IFileCommandExtension'
[2026-08-30 12:21:11Z INFO ExtensionManager] Getting extensions for interface: 'GitHub.Runner.Worker.IActionCommandExtension'
[2026-08-30 12:21:11Z INFO ActionCommandManager] Register action command extension for command internal-set-repo-path
[2026-08-30 12:21:11Z INFO ActionCommandManager] Register action command extension for command set-env
[2026-08-30 12:21:11Z INFO ActionCommandManager] Register action command extension for command set-output
[2026-08-30 12:21:11Z INFO ActionCommandManager] Register action command extension for command save-state
[2026-08-30 12:21:11Z INFO ActionCommandManager] Register action command extension for command add-path
[2026-08-30 12:21:11Z INFO ActionCommandManager] Register action command extension for command add-mask
[2026-08-30 12:21:11Z INFO ActionCommandManager] Register action command extension for command add-matcher
[2026-08-30 12:21:11Z INFO ActionCommandManager] Register action command extension for command remove-matcher
[2026-08-30 12:21:11Z INFO ActionCommandManager] Register action command extension for command warning
[2026-08-30 12:21:11Z INFO ActionCommandManager] Register action command extension for command error
[2026-08-30 12:21:11Z INFO ActionCommandManager] Register action command extension for command notice
[2026-08-30 12:21:11Z INFO ActionCommandManager] Register action command extension for command debug
[2026-08-30 12:21:11Z INFO ActionCommandManager] Register action command extension for command group
[2026-08-30 12:21:11Z INFO ActionCommandManager] Register action command extension for command endgroup
[2026-08-30 12:21:11Z INFO ActionCommandManager] Register action command extension for command echo
[2026-08-30 12:21:11Z INFO ScriptHandler] Which2: 'cmd'
[2026-08-30 12:21:11Z INFO JobServerQueue] Try to append 1 batches web console lines for record 'bf0b002c-384d-46f6-8fa8-2a6e69924b91', success rate: 1/1.
[2026-08-30 12:21:11Z INFO ScriptHandler] Location: 'C:\WINDOWS\system32\cmd.EXE'
[2026-08-30 12:21:11Z INFO HostContext] Well known directory 'Bin': 'C:\Users\krish\Documents\BITS\mlops-project\actions-runner\bin'
[2026-08-30 12:21:11Z INFO HostContext] Well known directory 'Root': 'C:\Users\krish\Documents\BITS\mlops-project\actions-runner'
[2026-08-30 12:21:11Z INFO HostContext] Well known directory 'Work': 'C:\Users\krish\Documents\BITS\mlops-project\actions-runner\_work'
[2026-08-30 12:21:11Z INFO HostContext] Well known directory 'Temp': 'C:\Users\krish\Documents\BITS\mlops-project\actions-runner\_work\_temp'
[2026-08-30 12:21:11Z INFO ScriptHandler] Which2: 'cmd'
[2026-08-30 12:21:11Z INFO ScriptHandler] Location: 'C:\WINDOWS\system32\cmd.EXE'
[2026-08-30 12:21:11Z INFO ProcessInvokerWrapper] Starting process:
[2026-08-30 12:21:11Z INFO ProcessInvokerWrapper]   File name: 'C:\WINDOWS\system32\cmd.EXE'
[2026-08-30 12:21:11Z INFO ProcessInvokerWrapper]   Arguments: '/D /E:ON /V:OFF /S /C "CALL "C:\Users\krish\Documents\BITS\mlops-project\actions-runner\_work\_temp\296c939b-e708-44d8-ab59-05d59a035ae6.cmd""'
[2026-08-30 12:21:11Z INFO ProcessInvokerWrapper]   Working directory: 'C:\Users\krish\Documents\BITS\mlops-project\actions-runner\_work\assignment2\assignment2'
[2026-08-30 12:21:11Z INFO ProcessInvokerWrapper]   Require exit code zero: 'False'
[2026-08-30 12:21:11Z INFO ProcessInvokerWrapper]   Encoding web name:  ; code page: ''
[2026-08-30 12:21:11Z INFO ProcessInvokerWrapper]   Force kill process on cancellation: 'False'
[2026-08-30 12:21:11Z INFO ProcessInvokerWrapper]   Redirected STDIN: 'False'
[2026-08-30 12:21:11Z INFO ProcessInvokerWrapper]   Persist current code page: 'True'
[2026-08-30 12:21:11Z INFO ProcessInvokerWrapper]   Keep redirected STDIN open: 'False'
[2026-08-30 12:21:11Z INFO ProcessInvokerWrapper]   High priority process: 'False'
[2026-08-30 12:21:11Z INFO ProcessInvokerWrapper] Process started with process id 11624, waiting for process exit.
[2026-08-30 12:21:11Z INFO JobServerQueue] Tried to upload 1 file(s) to results, success rate: 1/1.
[2026-08-30 12:21:12Z INFO JobServerQueue] Try to append 1 batches web console lines for record 'ebc87e89-8677-43fe-a3cd-df20b50a85bc', success rate: 1/1.
[2026-08-30 12:21:12Z INFO JobServerQueue] Got a step log file to send to results service.
[2026-08-30 12:21:12Z INFO JobServerQueue] Starting upload of step log file to results service ResultsLog, C:\Users\krish\Documents\BITS\mlops-project\actions-runner\_diag\blocks\f5e8f780-9523-474a-8602-aff26ac9e53d_bf0b002c-384d-46f6-8fa8-2a6e69924b91.1
[2026-08-30 12:21:13Z INFO JobServerQueue] Tried to upload 1 file(s) to results, success rate: 1/1.
[2026-08-30 12:21:14Z INFO HostContext] Well known directory 'Bin': 'C:\Users\krish\Documents\BITS\mlops-project\actions-runner\bin'
[2026-08-30 12:21:14Z INFO HostContext] Well known directory 'Root': 'C:\Users\krish\Documents\BITS\mlops-project\actions-runner'
[2026-08-30 12:21:14Z INFO HostContext] Well known directory 'Work': 'C:\Users\krish\Documents\BITS\mlops-project\actions-runner\_work'
[2026-08-30 12:21:22Z INFO ProcessInvokerWrapper] STDOUT/STDERR stream read finished.
[2026-08-30 12:21:22Z INFO ProcessInvokerWrapper] STDOUT/STDERR stream read finished.
[2026-08-30 12:21:22Z INFO ProcessInvokerWrapper] Finished process 11624 with exit code 0, and elapsed time 00:00:10.4646993.
[2026-08-30 12:21:22Z INFO CreateStepSummaryCommand] Step Summary file (C:\Users\krish\Documents\BITS\mlops-project\actions-runner\_work\_temp\_runner_file_commands\step_summary_a428768f-21d0-4038-8f7d-53747c4f52a8) is empty; skipping attachment upload
[2026-08-30 12:21:22Z INFO StepsRunner] Step result: 
[2026-08-30 12:21:22Z INFO ExecutionContext] Publish step telemetry for current step {
  "action": "cmd",
  "type": "run",
  "stage": "Main",
  "stepId": "ebc87e89-8677-43fe-a3cd-df20b50a85bc",
  "stepContextName": "__run_5",
  "result": "succeeded",
  "errorMessages": [],
  "executionTimeInSeconds": 11,
  "startTime": "2026-08-30T12:21:11.5645696Z",
  "finishTime": "2026-08-30T12:21:22.1024787Z"
}.
[2026-08-30 12:21:22Z INFO StepsRunner] No need for updating job result with current step result 'Succeeded'.
[2026-08-30 12:21:22Z INFO StepsRunner] Current state: job state = ''
[2026-08-30 12:21:22Z INFO StepsRunner] Processing step: DisplayName='Run smoke tests'
[2026-08-30 12:21:22Z INFO StepsRunner] Evaluating: success()
[2026-08-30 12:21:22Z INFO StepsRunner] Result: true
[2026-08-30 12:21:22Z INFO StepsRunner] Starting the step.
[2026-08-30 12:21:22Z INFO HostContext] Well known directory 'Bin': 'C:\Users\krish\Documents\BITS\mlops-project\actions-runner\bin'
[2026-08-30 12:21:22Z INFO HostContext] Well known directory 'Root': 'C:\Users\krish\Documents\BITS\mlops-project\actions-runner'
[2026-08-30 12:21:22Z INFO HostContext] Well known directory 'Work': 'C:\Users\krish\Documents\BITS\mlops-project\actions-runner\_work'
[2026-08-30 12:21:22Z INFO StepsRunner] Which2: 'chcp'
[2026-08-30 12:21:22Z INFO StepsRunner] Location: 'C:\WINDOWS\system32\chcp.COM'
[2026-08-30 12:21:22Z INFO ProcessInvokerWrapper] Starting process:
[2026-08-30 12:21:22Z INFO ProcessInvokerWrapper]   File name: 'C:\WINDOWS\system32\chcp.COM'
[2026-08-30 12:21:22Z INFO ProcessInvokerWrapper]   Arguments: '65001'
[2026-08-30 12:21:22Z INFO ProcessInvokerWrapper]   Working directory: 'C:\Users\krish\Documents\BITS\mlops-project\actions-runner\_work'
[2026-08-30 12:21:22Z INFO ProcessInvokerWrapper]   Require exit code zero: 'False'
[2026-08-30 12:21:22Z INFO ProcessInvokerWrapper]   Encoding web name:  ; code page: ''
[2026-08-30 12:21:22Z INFO ProcessInvokerWrapper]   Force kill process on cancellation: 'False'
[2026-08-30 12:21:22Z INFO ProcessInvokerWrapper]   Redirected STDIN: 'False'
[2026-08-30 12:21:22Z INFO ProcessInvokerWrapper]   Persist current code page: 'True'
[2026-08-30 12:21:22Z INFO ProcessInvokerWrapper]   Keep redirected STDIN open: 'False'
[2026-08-30 12:21:22Z INFO ProcessInvokerWrapper]   High priority process: 'False'
[2026-08-30 12:21:22Z INFO ProcessInvokerWrapper] Process started with process id 1084, waiting for process exit.
[2026-08-30 12:21:22Z INFO ProcessInvokerWrapper] STDOUT/STDERR stream read finished.
[2026-08-30 12:21:22Z INFO ProcessInvokerWrapper] STDOUT/STDERR stream read finished.
[2026-08-30 12:21:22Z INFO ProcessInvokerWrapper] Finished process 1084 with exit code 0, and elapsed time 00:00:00.1385294.
[2026-08-30 12:21:22Z INFO StepsRunner] Successfully returned to code page 65001 (UTF8)
[2026-08-30 12:21:22Z INFO HostContext] Well known directory 'Bin': 'C:\Users\krish\Documents\BITS\mlops-project\actions-runner\bin'
[2026-08-30 12:21:22Z INFO HostContext] Well known directory 'Root': 'C:\Users\krish\Documents\BITS\mlops-project\actions-runner'
[2026-08-30 12:21:22Z INFO HostContext] Well known directory 'Work': 'C:\Users\krish\Documents\BITS\mlops-project\actions-runner\_work'
[2026-08-30 12:21:22Z INFO HostContext] Well known directory 'Temp': 'C:\Users\krish\Documents\BITS\mlops-project\actions-runner\_work\_temp'
[2026-08-30 12:21:22Z INFO ExecutionContext] Write event payload to C:\Users\krish\Documents\BITS\mlops-project\actions-runner\_work\_temp\_github_workflow\event.json
[2026-08-30 12:21:22Z INFO HostContext] Well known directory 'Bin': 'C:\Users\krish\Documents\BITS\mlops-project\actions-runner\bin'
[2026-08-30 12:21:22Z INFO HostContext] Well known directory 'Root': 'C:\Users\krish\Documents\BITS\mlops-project\actions-runner'
[2026-08-30 12:21:22Z INFO HostContext] Well known directory 'Work': 'C:\Users\krish\Documents\BITS\mlops-project\actions-runner\_work'
[2026-08-30 12:21:22Z INFO HostContext] Well known directory 'Temp': 'C:\Users\krish\Documents\BITS\mlops-project\actions-runner\_work\_temp'
[2026-08-30 12:21:22Z INFO ExtensionManager] Getting extensions for interface: 'GitHub.Runner.Worker.IFileCommandExtension'
[2026-08-30 12:21:22Z INFO ExtensionManager] Getting extensions for interface: 'GitHub.Runner.Worker.IActionCommandExtension'
[2026-08-30 12:21:22Z INFO ActionCommandManager] Register action command extension for command internal-set-repo-path
[2026-08-30 12:21:22Z INFO ActionCommandManager] Register action command extension for command set-env
[2026-08-30 12:21:22Z INFO ActionCommandManager] Register action command extension for command set-output
[2026-08-30 12:21:22Z INFO ActionCommandManager] Register action command extension for command save-state
[2026-08-30 12:21:22Z INFO ActionCommandManager] Register action command extension for command add-path
[2026-08-30 12:21:22Z INFO ActionCommandManager] Register action command extension for command add-mask
[2026-08-30 12:21:22Z INFO ActionCommandManager] Register action command extension for command add-matcher
[2026-08-30 12:21:22Z INFO ActionCommandManager] Register action command extension for command remove-matcher
[2026-08-30 12:21:22Z INFO ActionCommandManager] Register action command extension for command warning
[2026-08-30 12:21:22Z INFO ActionCommandManager] Register action command extension for command error
[2026-08-30 12:21:22Z INFO ActionCommandManager] Register action command extension for command notice
[2026-08-30 12:21:22Z INFO ActionCommandManager] Register action command extension for command debug
[2026-08-30 12:21:22Z INFO ActionCommandManager] Register action command extension for command group
[2026-08-30 12:21:22Z INFO ActionCommandManager] Register action command extension for command endgroup
[2026-08-30 12:21:22Z INFO ActionCommandManager] Register action command extension for command echo
[2026-08-30 12:21:22Z INFO ScriptHandler] Which2: 'cmd'
[2026-08-30 12:21:22Z INFO ScriptHandler] Location: 'C:\WINDOWS\system32\cmd.EXE'
[2026-08-30 12:21:22Z INFO HostContext] Well known directory 'Bin': 'C:\Users\krish\Documents\BITS\mlops-project\actions-runner\bin'
[2026-08-30 12:21:22Z INFO HostContext] Well known directory 'Root': 'C:\Users\krish\Documents\BITS\mlops-project\actions-runner'
[2026-08-30 12:21:22Z INFO HostContext] Well known directory 'Work': 'C:\Users\krish\Documents\BITS\mlops-project\actions-runner\_work'
[2026-08-30 12:21:22Z INFO HostContext] Well known directory 'Temp': 'C:\Users\krish\Documents\BITS\mlops-project\actions-runner\_work\_temp'
[2026-08-30 12:21:22Z INFO ScriptHandler] Which2: 'cmd'
[2026-08-30 12:21:22Z INFO ScriptHandler] Location: 'C:\WINDOWS\system32\cmd.EXE'
[2026-08-30 12:21:22Z INFO ProcessInvokerWrapper] Starting process:
[2026-08-30 12:21:22Z INFO ProcessInvokerWrapper]   File name: 'C:\WINDOWS\system32\cmd.EXE'
[2026-08-30 12:21:22Z INFO ProcessInvokerWrapper]   Arguments: '/D /E:ON /V:OFF /S /C "CALL "C:\Users\krish\Documents\BITS\mlops-project\actions-runner\_work\_temp\15a6ecab-8f39-4d46-9755-bf85b56c1cf2.cmd""'
[2026-08-30 12:21:22Z INFO ProcessInvokerWrapper]   Working directory: 'C:\Users\krish\Documents\BITS\mlops-project\actions-runner\_work\assignment2\assignment2'
[2026-08-30 12:21:22Z INFO ProcessInvokerWrapper]   Require exit code zero: 'False'
[2026-08-30 12:21:22Z INFO ProcessInvokerWrapper]   Encoding web name:  ; code page: ''
[2026-08-30 12:21:22Z INFO ProcessInvokerWrapper]   Force kill process on cancellation: 'False'
[2026-08-30 12:21:22Z INFO ProcessInvokerWrapper]   Redirected STDIN: 'False'
[2026-08-30 12:21:22Z INFO ProcessInvokerWrapper]   Persist current code page: 'True'
[2026-08-30 12:21:22Z INFO ProcessInvokerWrapper]   Keep redirected STDIN open: 'False'
[2026-08-30 12:21:22Z INFO ProcessInvokerWrapper]   High priority process: 'False'
[2026-08-30 12:21:22Z INFO ProcessInvokerWrapper] Process started with process id 19400, waiting for process exit.
[2026-08-30 12:21:22Z INFO JobServerQueue] Try to append 1 batches web console lines for record 'a6dead05-7908-441d-bfc3-bb09c8fd081c', success rate: 1/1.
[2026-08-30 12:21:22Z INFO JobServerQueue] Try to upload 1 log files or attachments, success rate: 1/1.
[2026-08-30 12:21:22Z INFO JobServerQueue] Got a step log file to send to results service.
[2026-08-30 12:21:22Z INFO JobServerQueue] Starting upload of step log file to results service ResultsLog, C:\Users\krish\Documents\BITS\mlops-project\actions-runner\_diag\blocks\f5e8f780-9523-474a-8602-aff26ac9e53d_ebc87e89-8677-43fe-a3cd-df20b50a85bc.1
[2026-08-30 12:21:23Z INFO JobServerQueue] Tried to upload 1 file(s) to results, success rate: 1/1.
[2026-08-30 12:21:24Z INFO HostContext] Well known directory 'Bin': 'C:\Users\krish\Documents\BITS\mlops-project\actions-runner\bin'
[2026-08-30 12:21:24Z INFO HostContext] Well known directory 'Root': 'C:\Users\krish\Documents\BITS\mlops-project\actions-runner'
[2026-08-30 12:21:24Z INFO HostContext] Well known directory 'Work': 'C:\Users\krish\Documents\BITS\mlops-project\actions-runner\_work'
[2026-08-30 12:21:25Z INFO ProcessInvokerWrapper] STDOUT/STDERR stream read finished.
[2026-08-30 12:21:25Z INFO ProcessInvokerWrapper] STDOUT/STDERR stream read finished.
[2026-08-30 12:21:25Z INFO ProcessInvokerWrapper] Finished process 19400 with exit code 1, and elapsed time 00:00:03.5693027.
[2026-08-30 12:21:25Z INFO CreateStepSummaryCommand] Step Summary file (C:\Users\krish\Documents\BITS\mlops-project\actions-runner\_work\_temp\_runner_file_commands\step_summary_8edc7d88-11c3-4e12-ad9b-98c51af2976f) is empty; skipping attachment upload
[2026-08-30 12:21:25Z INFO StepsRunner] Step result: Failed
[2026-08-30 12:21:25Z INFO ExecutionContext] Publish step telemetry for current step {
  "action": "cmd",
  "type": "run",
  "stage": "Main",
  "stepId": "a6dead05-7908-441d-bfc3-bb09c8fd081c",
  "stepContextName": "__run_6",
  "result": "failed",
  "errorMessages": [
    "Process completed with exit code 1."
  ],
  "executionTimeInSeconds": 4,
  "startTime": "2026-08-30T12:21:22.1084438Z",
  "finishTime": "2026-08-30T12:21:25.8433823Z"
}.
[2026-08-30 12:21:25Z INFO StepsRunner] Update job result with current step result 'Failed'.
[2026-08-30 12:21:25Z INFO StepsRunner] Current state: job state = 'Failed'
[2026-08-30 12:21:25Z INFO StepsRunner] Processing step: DisplayName='Post Checkout repository'
[2026-08-30 12:21:25Z INFO StepsRunner] Evaluating: always()
[2026-08-30 12:21:25Z INFO StepsRunner] Result: true
[2026-08-30 12:21:25Z INFO StepsRunner] Starting the step.
[2026-08-30 12:21:25Z INFO HostContext] Well known directory 'Bin': 'C:\Users\krish\Documents\BITS\mlops-project\actions-runner\bin'
[2026-08-30 12:21:25Z INFO HostContext] Well known directory 'Root': 'C:\Users\krish\Documents\BITS\mlops-project\actions-runner'
[2026-08-30 12:21:25Z INFO HostContext] Well known directory 'Work': 'C:\Users\krish\Documents\BITS\mlops-project\actions-runner\_work'
[2026-08-30 12:21:25Z INFO StepsRunner] Which2: 'chcp'
[2026-08-30 12:21:25Z INFO StepsRunner] Location: 'C:\WINDOWS\system32\chcp.COM'
[2026-08-30 12:21:25Z INFO ProcessInvokerWrapper] Starting process:
[2026-08-30 12:21:25Z INFO ProcessInvokerWrapper]   File name: 'C:\WINDOWS\system32\chcp.COM'
[2026-08-30 12:21:25Z INFO ProcessInvokerWrapper]   Arguments: '65001'
[2026-08-30 12:21:25Z INFO ProcessInvokerWrapper]   Working directory: 'C:\Users\krish\Documents\BITS\mlops-project\actions-runner\_work'
[2026-08-30 12:21:25Z INFO ProcessInvokerWrapper]   Require exit code zero: 'False'
[2026-08-30 12:21:25Z INFO ProcessInvokerWrapper]   Encoding web name:  ; code page: ''
[2026-08-30 12:21:25Z INFO ProcessInvokerWrapper]   Force kill process on cancellation: 'False'
[2026-08-30 12:21:25Z INFO ProcessInvokerWrapper]   Redirected STDIN: 'False'
[2026-08-30 12:21:25Z INFO ProcessInvokerWrapper]   Persist current code page: 'True'
[2026-08-30 12:21:25Z INFO ProcessInvokerWrapper]   Keep redirected STDIN open: 'False'
[2026-08-30 12:21:25Z INFO ProcessInvokerWrapper]   High priority process: 'False'
[2026-08-30 12:21:25Z INFO ProcessInvokerWrapper] Process started with process id 17016, waiting for process exit.
[2026-08-30 12:21:25Z INFO ProcessInvokerWrapper] STDOUT/STDERR stream read finished.
[2026-08-30 12:21:25Z INFO ProcessInvokerWrapper] STDOUT/STDERR stream read finished.
[2026-08-30 12:21:25Z INFO ProcessInvokerWrapper] Finished process 17016 with exit code 0, and elapsed time 00:00:00.0156189.
[2026-08-30 12:21:25Z INFO StepsRunner] Successfully returned to code page 65001 (UTF8)
[2026-08-30 12:21:25Z INFO HostContext] Well known directory 'Bin': 'C:\Users\krish\Documents\BITS\mlops-project\actions-runner\bin'
[2026-08-30 12:21:25Z INFO HostContext] Well known directory 'Root': 'C:\Users\krish\Documents\BITS\mlops-project\actions-runner'
[2026-08-30 12:21:25Z INFO HostContext] Well known directory 'Work': 'C:\Users\krish\Documents\BITS\mlops-project\actions-runner\_work'
[2026-08-30 12:21:25Z INFO HostContext] Well known directory 'Actions': 'C:\Users\krish\Documents\BITS\mlops-project\actions-runner\_work\_actions'
[2026-08-30 12:21:25Z INFO ActionManager] Load action that reference repository from 'C:\Users\krish\Documents\BITS\mlops-project\actions-runner\_work\_actions\actions\checkout\v4'
[2026-08-30 12:21:25Z INFO HostContext] Well known directory 'Bin': 'C:\Users\krish\Documents\BITS\mlops-project\actions-runner\bin'
[2026-08-30 12:21:25Z INFO HostContext] Well known directory 'Root': 'C:\Users\krish\Documents\BITS\mlops-project\actions-runner'
[2026-08-30 12:21:25Z INFO HostContext] Well known directory 'Work': 'C:\Users\krish\Documents\BITS\mlops-project\actions-runner\_work'
[2026-08-30 12:21:25Z INFO HostContext] Well known directory 'Actions': 'C:\Users\krish\Documents\BITS\mlops-project\actions-runner\_work\_actions'
[2026-08-30 12:21:25Z INFO ActionManifestManagerLegacy] Loaded action.yml file: {
  "name": "Checkout",
  "description": "Checkout a Git repository at a particular version",
  "inputs": {
    "type": 2,
    "map": [
      {
        "key": {
          "type": 0,
          "file": 2,
          "line": 4,
          "col": 3,
          "lit": "repository"
        },
        "value": {
          "type": 3,
          "file": 2,
          "line": 6,
          "col": 14,
          "expr": "github.repository"
        }
      },
      {
        "key": {
          "type": 0,
          "file": 2,
          "line": 7,
          "col": 3,
          "lit": "ref"
        },
        "value": ""
      },
      {
        "key": {
          "type": 0,
          "file": 2,
          "line": 12,
          "col": 3,
          "lit": "token"
        },
        "value": {
          "type": 3,
          "file": 2,
          "line": 24,
          "col": 14,
          "expr": "github.token"
        }
      },
      {
        "key": {
          "type": 0,
          "file": 2,
          "line": 25,
          "col": 3,
          "lit": "ssh-key"
        },
        "value": ""
      },
      {
        "key": {
          "type": 0,
          "file": 2,
          "line": 37,
          "col": 3,
          "lit": "ssh-known-hosts"
        },
        "value": ""
      },
      {
        "key": {
          "type": 0,
          "file": 2,
          "line": 42,
          "col": 3,
          "lit": "ssh-strict"
        },
        "value": {
          "type": 0,
          "file": 2,
          "line": 47,
          "col": 14,
          "lit": "true"
        }
      },
      {
        "key": {
          "type": 0,
          "file": 2,
          "line": 48,
          "col": 3,
          "lit": "ssh-user"
        },
        "value": {
          "type": 0,
          "file": 2,
          "line": 51,
          "col": 14,
          "lit": "git"
        }
      },
      {
        "key": {
          "type": 0,
          "file": 2,
          "line": 52,
          "col": 3,
          "lit": "persist-credentials"
        },
        "value": {
          "type": 0,
          "file": 2,
          "line": 54,
          "col": 14,
          "lit": "true"
        }
      },
      {
        "key": {
          "type": 0,
          "file": 2,
          "line": 55,
          "col": 3,
          "lit": "path"
        },
        "value": ""
      },
      {
        "key": {
          "type": 0,
          "file": 2,
          "line": 57,
          "col": 3,
          "lit": "clean"
        },
        "value": {
          "type": 0,
          "file": 2,
          "line": 59,
          "col": 14,
          "lit": "true"
        }
      },
      {
        "key": {
          "type": 0,
          "file": 2,
          "line": 60,
          "col": 3,
          "lit": "filter"
        },
        "value": {
          "type": 0,
          "file": 2,
          "line": 64,
          "col": 14,
          "lit": ""
        }
      },
      {
        "key": {
          "type": 0,
          "file": 2,
          "line": 65,
          "col": 3,
          "lit": "sparse-checkout"
        },
        "value": {
          "type": 0,
          "file": 2,
          "line": 69,
          "col": 14,
          "lit": ""
        }
      },
      {
        "key": {
          "type": 0,
          "file": 2,
          "line": 70,
          "col": 3,
          "lit": "sparse-checkout-cone-mode"
        },
        "value": {
          "type": 0,
          "file": 2,
          "line": 73,
          "col": 14,
          "lit": "true"
        }
      },
      {
        "key": {
          "type": 0,
          "file": 2,
          "line": 74,
          "col": 3,
          "lit": "fetch-depth"
        },
        "value": {
          "type": 0,
          "file": 2,
          "line": 76,
          "col": 14,
          "lit": "1"
        }
      },
      {
        "key": {
          "type": 0,
          "file": 2,
          "line": 77,
          "col": 3,
          "lit": "fetch-tags"
        },
        "value": {
          "type": 0,
          "file": 2,
          "line": 79,
          "col": 14,
          "lit": "false"
        }
      },
      {
        "key": {
          "type": 0,
          "file": 2,
          "line": 80,
          "col": 3,
          "lit": "show-progress"
        },
        "value": {
          "type": 0,
          "file": 2,
          "line": 82,
          "col": 14,
          "lit": "true"
        }
      },
      {
        "key": {
          "type": 0,
          "file": 2,
          "line": 83,
          "col": 3,
          "lit": "lfs"
        },
        "value": {
          "type": 0,
          "file": 2,
          "line": 85,
          "col": 14,
          "lit": "false"
        }
      },
      {
        "key": {
          "type": 0,
          "file": 2,
          "line": 86,
          "col": 3,
          "lit": "submodules"
        },
        "value": {
          "type": 0,
          "file": 2,
          "line": 94,
          "col": 14,
          "lit": "false"
        }
      },
      {
        "key": {
          "type": 0,
          "file": 2,
          "line": 95,
          "col": 3,
          "lit": "set-safe-directory"
        },
        "value": {
          "type": 0,
          "file": 2,
          "line": 97,
          "col": 14,
          "lit": "true"
        }
      },
      {
        "key": {
          "type": 0,
          "file": 2,
          "line": 98,
          "col": 3,
          "lit": "github-server-url"
        },
        "value": ""
      },
      {
        "key": {
          "type": 0,
          "file": 2,
          "line": 101,
          "col": 3,
          "lit": "allow-unsafe-pr-checkout"
        },
        "value": {
          "type": 0,
          "file": 2,
          "line": 109,
          "col": 14,
          "lit": "false"
        }
      }
    ]
  },
  "execution": {
    "executionType": "nodeJS",
    "hasPre": false,
    "hasPost": true,
    "script": "dist/index.js",
    "pre": null,
    "post": "dist/index.js",
    "nodeVersion": "node20",
    "cleanupCondition": "always()",
    "initCondition": "always()"
  },
  "deprecated": null
}
[2026-08-30 12:21:25Z INFO ActionManager] Action pre node.js file: N/A.
[2026-08-30 12:21:25Z INFO ActionManager] Action node.js file: dist/index.js.
[2026-08-30 12:21:25Z INFO ActionManager] Action post node.js file: dist/index.js.
[2026-08-30 12:21:25Z INFO HostContext] Well known directory 'Bin': 'C:\Users\krish\Documents\BITS\mlops-project\actions-runner\bin'
[2026-08-30 12:21:25Z INFO HostContext] Well known directory 'Root': 'C:\Users\krish\Documents\BITS\mlops-project\actions-runner'
[2026-08-30 12:21:25Z INFO HostContext] Well known directory 'Work': 'C:\Users\krish\Documents\BITS\mlops-project\actions-runner\_work'
[2026-08-30 12:21:25Z INFO HostContext] Well known directory 'Temp': 'C:\Users\krish\Documents\BITS\mlops-project\actions-runner\_work\_temp'
[2026-08-30 12:21:25Z INFO ExecutionContext] Write event payload to C:\Users\krish\Documents\BITS\mlops-project\actions-runner\_work\_temp\_github_workflow\event.json
[2026-08-30 12:21:25Z INFO HostContext] Well known directory 'Bin': 'C:\Users\krish\Documents\BITS\mlops-project\actions-runner\bin'
[2026-08-30 12:21:25Z INFO HostContext] Well known directory 'Root': 'C:\Users\krish\Documents\BITS\mlops-project\actions-runner'
[2026-08-30 12:21:25Z INFO HostContext] Well known directory 'Work': 'C:\Users\krish\Documents\BITS\mlops-project\actions-runner\_work'
[2026-08-30 12:21:25Z INFO HostContext] Well known directory 'Temp': 'C:\Users\krish\Documents\BITS\mlops-project\actions-runner\_work\_temp'
[2026-08-30 12:21:25Z INFO ExtensionManager] Getting extensions for interface: 'GitHub.Runner.Worker.IFileCommandExtension'
[2026-08-30 12:21:25Z INFO ActionManifestManagerLegacy] Input 'repository': default value evaluate result: {
  "type": 0,
  "file": 2,
  "line": 6,
  "col": 14,
  "lit": "2024ac05127-tech/assignment2"
}
[2026-08-30 12:21:25Z INFO ActionManifestManagerLegacy] Input 'ref': default value evaluate result: ""
[2026-08-30 12:21:25Z INFO ActionManifestManagerLegacy] Input 'token': default value evaluate result: {
  "type": 0,
  "file": 2,
  "line": 24,
  "col": 14,
  "lit": "***"
}
[2026-08-30 12:21:25Z INFO ActionManifestManagerLegacy] Input 'ssh-key': default value evaluate result: ""
[2026-08-30 12:21:25Z INFO ActionManifestManagerLegacy] Input 'ssh-known-hosts': default value evaluate result: ""
[2026-08-30 12:21:25Z INFO ActionManifestManagerLegacy] Input 'ssh-strict': default value evaluate result: {
  "type": 0,
  "file": 2,
  "line": 47,
  "col": 14,
  "lit": "true"
}
[2026-08-30 12:21:25Z INFO ActionManifestManagerLegacy] Input 'ssh-user': default value evaluate result: {
  "type": 0,
  "file": 2,
  "line": 51,
  "col": 14,
  "lit": "git"
}
[2026-08-30 12:21:25Z INFO ActionManifestManagerLegacy] Input 'persist-credentials': default value evaluate result: {
  "type": 0,
  "file": 2,
  "line": 54,
  "col": 14,
  "lit": "true"
}
[2026-08-30 12:21:25Z INFO ActionManifestManagerLegacy] Input 'path': default value evaluate result: ""
[2026-08-30 12:21:25Z INFO ActionManifestManagerLegacy] Input 'clean': default value evaluate result: {
  "type": 0,
  "file": 2,
  "line": 59,
  "col": 14,
  "lit": "true"
}
[2026-08-30 12:21:25Z INFO ActionManifestManagerLegacy] Input 'filter': default value evaluate result: {
  "type": 0,
  "file": 2,
  "line": 64,
  "col": 14,
  "lit": ""
}
[2026-08-30 12:21:25Z INFO ActionManifestManagerLegacy] Input 'sparse-checkout': default value evaluate result: {
  "type": 0,
  "file": 2,
  "line": 69,
  "col": 14,
  "lit": ""
}
[2026-08-30 12:21:25Z INFO ActionManifestManagerLegacy] Input 'sparse-checkout-cone-mode': default value evaluate result: {
  "type": 0,
  "file": 2,
  "line": 73,
  "col": 14,
  "lit": "true"
}
[2026-08-30 12:21:25Z INFO ActionManifestManagerLegacy] Input 'fetch-depth': default value evaluate result: {
  "type": 0,
  "file": 2,
  "line": 76,
  "col": 14,
  "lit": "1"
}
[2026-08-30 12:21:25Z INFO ActionManifestManagerLegacy] Input 'fetch-tags': default value evaluate result: {
  "type": 0,
  "file": 2,
  "line": 79,
  "col": 14,
  "lit": "false"
}
[2026-08-30 12:21:25Z INFO ActionManifestManagerLegacy] Input 'show-progress': default value evaluate result: {
  "type": 0,
  "file": 2,
  "line": 82,
  "col": 14,
  "lit": "true"
}
[2026-08-30 12:21:25Z INFO ActionManifestManagerLegacy] Input 'lfs': default value evaluate result: {
  "type": 0,
  "file": 2,
  "line": 85,
  "col": 14,
  "lit": "false"
}
[2026-08-30 12:21:25Z INFO ActionManifestManagerLegacy] Input 'submodules': default value evaluate result: {
  "type": 0,
  "file": 2,
  "line": 94,
  "col": 14,
  "lit": "false"
}
[2026-08-30 12:21:25Z INFO ActionManifestManagerLegacy] Input 'set-safe-directory': default value evaluate result: {
  "type": 0,
  "file": 2,
  "line": 97,
  "col": 14,
  "lit": "true"
}
[2026-08-30 12:21:25Z INFO ActionManifestManagerLegacy] Input 'github-server-url': default value evaluate result: ""
[2026-08-30 12:21:25Z INFO ActionManifestManagerLegacy] Input 'allow-unsafe-pr-checkout': default value evaluate result: {
  "type": 0,
  "file": 2,
  "line": 109,
  "col": 14,
  "lit": "false"
}
[2026-08-30 12:21:25Z INFO ExtensionManager] Getting extensions for interface: 'GitHub.Runner.Worker.IActionCommandExtension'
[2026-08-30 12:21:25Z INFO ActionCommandManager] Register action command extension for command internal-set-repo-path
[2026-08-30 12:21:25Z INFO ActionCommandManager] Register action command extension for command set-env
[2026-08-30 12:21:25Z INFO ActionCommandManager] Register action command extension for command set-output
[2026-08-30 12:21:25Z INFO ActionCommandManager] Register action command extension for command save-state
[2026-08-30 12:21:25Z INFO ActionCommandManager] Register action command extension for command add-path
[2026-08-30 12:21:25Z INFO ActionCommandManager] Register action command extension for command add-mask
[2026-08-30 12:21:25Z INFO ActionCommandManager] Register action command extension for command add-matcher
[2026-08-30 12:21:25Z INFO ActionCommandManager] Register action command extension for command remove-matcher
[2026-08-30 12:21:25Z INFO ActionCommandManager] Register action command extension for command warning
[2026-08-30 12:21:25Z INFO ActionCommandManager] Register action command extension for command error
[2026-08-30 12:21:25Z INFO ActionCommandManager] Register action command extension for command notice
[2026-08-30 12:21:25Z INFO ActionCommandManager] Register action command extension for command debug
[2026-08-30 12:21:25Z INFO ActionCommandManager] Register action command extension for command group
[2026-08-30 12:21:25Z INFO ActionCommandManager] Register action command extension for command endgroup
[2026-08-30 12:21:25Z INFO ActionCommandManager] Register action command extension for command echo
[2026-08-30 12:21:25Z INFO HostContext] Well known directory 'Bin': 'C:\Users\krish\Documents\BITS\mlops-project\actions-runner\bin'
[2026-08-30 12:21:25Z INFO HostContext] Well known directory 'Root': 'C:\Users\krish\Documents\BITS\mlops-project\actions-runner'
[2026-08-30 12:21:25Z INFO HostContext] Well known directory 'Externals': 'C:\Users\krish\Documents\BITS\mlops-project\actions-runner\externals'
[2026-08-30 12:21:25Z INFO ProcessInvokerWrapper] Starting process:
[2026-08-30 12:21:25Z INFO ProcessInvokerWrapper]   File name: 'C:\Users\krish\Documents\BITS\mlops-project\actions-runner\externals\node24\bin\node.exe'
[2026-08-30 12:21:25Z INFO ProcessInvokerWrapper]   Arguments: '"C:\Users\krish\Documents\BITS\mlops-project\actions-runner\_work\_actions\actions\checkout\v4\dist/index.js"'
[2026-08-30 12:21:25Z INFO ProcessInvokerWrapper]   Working directory: 'C:\Users\krish\Documents\BITS\mlops-project\actions-runner\_work\assignment2\assignment2'
[2026-08-30 12:21:25Z INFO ProcessInvokerWrapper]   Require exit code zero: 'False'
[2026-08-30 12:21:25Z INFO ProcessInvokerWrapper]   Encoding web name: utf-8 ; code page: '65001'
[2026-08-30 12:21:25Z INFO ProcessInvokerWrapper]   Force kill process on cancellation: 'False'
[2026-08-30 12:21:25Z INFO ProcessInvokerWrapper]   Redirected STDIN: 'False'
[2026-08-30 12:21:25Z INFO ProcessInvokerWrapper]   Persist current code page: 'True'
[2026-08-30 12:21:25Z INFO ProcessInvokerWrapper]   Keep redirected STDIN open: 'False'
[2026-08-30 12:21:25Z INFO ProcessInvokerWrapper]   High priority process: 'False'
[2026-08-30 12:21:25Z INFO JobServerQueue] Try to append 1 batches web console lines for record 'a6dead05-7908-441d-bfc3-bb09c8fd081c', success rate: 1/1.
[2026-08-30 12:21:25Z INFO JobServerQueue] Try to append 1 batches web console lines for record 'cefb7e4f-cc87-4140-a5f6-e3aa91b7130d', success rate: 1/1.
[2026-08-30 12:21:26Z INFO JobServerQueue] Got a step log file to send to results service.
[2026-08-30 12:21:26Z INFO JobServerQueue] Starting upload of step log file to results service ResultsLog, C:\Users\krish\Documents\BITS\mlops-project\actions-runner\_diag\blocks\f5e8f780-9523-474a-8602-aff26ac9e53d_a6dead05-7908-441d-bfc3-bb09c8fd081c.1
[2026-08-30 12:21:26Z INFO JobServerQueue] Try to upload 1 log files or attachments, success rate: 1/1.
[2026-08-30 12:21:27Z INFO JobServerQueue] Tried to upload 1 file(s) to results, success rate: 1/1.
[2026-08-30 12:21:28Z INFO ProcessInvokerWrapper] Process started with process id 1544, waiting for process exit.
[2026-08-30 12:21:28Z INFO AddMaskCommandExtension] Add new secret mask with length of 32
[2026-08-30 12:21:28Z INFO JobServerQueue] Try to append 1 batches web console lines for record 'cefb7e4f-cc87-4140-a5f6-e3aa91b7130d', success rate: 1/1.
[2026-08-30 12:21:29Z INFO JobServerQueue] Try to append 1 batches web console lines for record 'cefb7e4f-cc87-4140-a5f6-e3aa91b7130d', success rate: 1/1.
[2026-08-30 12:21:30Z INFO ProcessInvokerWrapper] STDOUT/STDERR stream read finished.
[2026-08-30 12:21:30Z INFO ProcessInvokerWrapper] STDOUT/STDERR stream read finished.
[2026-08-30 12:21:30Z INFO ProcessInvokerWrapper] Finished process 1544 with exit code 0, and elapsed time 00:00:04.6587916.
[2026-08-30 12:21:30Z INFO CreateStepSummaryCommand] Step Summary file (C:\Users\krish\Documents\BITS\mlops-project\actions-runner\_work\_temp\_runner_file_commands\step_summary_4c3b0fb3-b5cf-4fa1-b580-1530f4c36e6d) is empty; skipping attachment upload
[2026-08-30 12:21:30Z INFO StepsRunner] Step result: 
[2026-08-30 12:21:30Z INFO ExecutionContext] Publish step telemetry for current step {
  "action": "actions/checkout",
  "ref": "v4",
  "type": "node24",
  "stage": "Post",
  "stepId": "cefb7e4f-cc87-4140-a5f6-e3aa91b7130d",
  "result": "succeeded",
  "errorMessages": [
    "The process 'C:\\Program Files\\Git\\cmd\\git.exe' failed with exit code 128"
  ],
  "executionTimeInSeconds": 5,
  "startTime": "2026-08-30T12:21:25.8524686Z",
  "finishTime": "2026-08-30T12:21:30.581761Z"
}.
[2026-08-30 12:21:30Z INFO StepsRunner] No need for updating job result with current step result 'Succeeded'.
[2026-08-30 12:21:30Z INFO StepsRunner] Current state: job state = 'Failed'
[2026-08-30 12:21:30Z INFO JobRunner] Finalize job.
[2026-08-30 12:21:30Z INFO HostContext] Well known directory 'Bin': 'C:\Users\krish\Documents\BITS\mlops-project\actions-runner\bin'
[2026-08-30 12:21:30Z INFO HostContext] Well known directory 'Root': 'C:\Users\krish\Documents\BITS\mlops-project\actions-runner'
[2026-08-30 12:21:30Z INFO HostContext] Well known directory 'Diag': 'C:\Users\krish\Documents\BITS\mlops-project\actions-runner\_diag'
[2026-08-30 12:21:30Z INFO HostContext] Well known directory 'Bin': 'C:\Users\krish\Documents\BITS\mlops-project\actions-runner\bin'
[2026-08-30 12:21:30Z INFO HostContext] Well known directory 'Root': 'C:\Users\krish\Documents\BITS\mlops-project\actions-runner'
[2026-08-30 12:21:30Z INFO HostContext] Well known directory 'Diag': 'C:\Users\krish\Documents\BITS\mlops-project\actions-runner\_diag'
[2026-08-30 12:21:30Z INFO JobExtension] Initialize Env context
[2026-08-30 12:21:30Z INFO JobExtension] Initialize steps context
[2026-08-30 12:21:30Z INFO JobExtension] Total accessible running process: 280.
[2026-08-30 12:21:30Z INFO JobExtension] Inspecting process environment variables. PID: 3808 (svchost)
[2026-08-30 12:21:30Z WARN JobExtension] Ignore exception during read process environment variables: Access is denied.
[2026-08-30 12:21:30Z INFO JobExtension] Inspecting process environment variables. PID: 1536 (svchost)
[2026-08-30 12:21:30Z WARN JobExtension] Ignore exception during read process environment variables: Access is denied.
[2026-08-30 12:21:30Z INFO JobExtension] Inspecting process environment variables. PID: 17912 (svchost)
[2026-08-30 12:21:30Z WARN JobExtension] Ignore exception during read process environment variables: Access is denied.
[2026-08-30 12:21:30Z INFO JobExtension] Wait for all connectivity checks to finish.
[2026-08-30 12:21:30Z INFO JobExtension] Connectivity check result: {
  "endpointUrl": "https://broker.actions.githubusercontent.com/health",
  "endpointIPs": null,
  "startTime": "2026-08-30T12:19:14.6865762Z",
  "statusCode": "http_OK",
  "requestId": "F6D2:3BE56B:9F9FD:AAFBB:6A941FC3",
  "httpRequestDurationInMs": 680,
  "dnsResolutionDurationInMs": 0,
  "dnsError": null
}
[2026-08-30 12:21:30Z INFO JobExtension] Connectivity check result: {
  "endpointUrl": "https://token.actions.githubusercontent.com/ready",
  "endpointIPs": null,
  "startTime": "2026-08-30T12:19:14.688174Z",
  "statusCode": "http_NoContent",
  "requestId": "F6D4:385B0C:2EB070F:3BA4978:6A941FC3",
  "httpRequestDurationInMs": 820,
  "dnsResolutionDurationInMs": 0,
  "dnsError": null
}
[2026-08-30 12:21:30Z INFO JobExtension] Connectivity check result: {
  "endpointUrl": "https://run.actions.githubusercontent.com/health",
  "endpointIPs": null,
  "startTime": "2026-08-30T12:19:14.6886493Z",
  "statusCode": "http_OK",
  "requestId": "F6D3:262FDF:9D8D2:ADAD2:6A941FC3",
  "httpRequestDurationInMs": 746,
  "dnsResolutionDurationInMs": 0,
  "dnsError": null
}
[2026-08-30 12:21:30Z INFO ExecutionContext] Publish step telemetry for current step {
  "action": "complete_job",
  "type": "runner",
  "stage": "Post",
  "stepId": "f3c6cf01-4df3-468d-8018-f7977526cf25",
  "result": "succeeded",
  "errorMessages": [
    "Node.js 20 is deprecated. The following actions target Node.js 20 but are being forced to run on Node.js 24: actions/checkout@v4. For more information see: https://github.blog/changelog/2025-09-19-deprecation-of-node-20-on-github-actions-runners/"
  ],
  "executionTimeInSeconds": 1,
  "startTime": "2026-08-30T12:21:30.6113704Z",
  "finishTime": "2026-08-30T12:21:30.6759189Z"
}.
[2026-08-30 12:21:30Z INFO JobRunner] Job result after all job steps finish: Failed
[2026-08-30 12:21:30Z INFO JobRunner] Completing the job execution context.
[2026-08-30 12:21:30Z INFO JobServerQueue] Try to upload 2 log files or attachments, success rate: 2/2.
[2026-08-30 12:21:30Z INFO JobRunner] Shutting down the job server queue.
[2026-08-30 12:21:30Z INFO JobServerQueue] Fire signal to shutdown all queues.
[2026-08-30 12:21:31Z INFO JobServerQueue] All queue process task stopped.
[2026-08-30 12:21:31Z INFO JobServerQueue] Try to append 1 batches web console lines for record 'cefb7e4f-cc87-4140-a5f6-e3aa91b7130d', success rate: 1/1.
[2026-08-30 12:21:31Z INFO JobServerQueue] Try to append 1 batches web console lines for record 'f3c6cf01-4df3-468d-8018-f7977526cf25', success rate: 1/1.
[2026-08-30 12:21:31Z INFO JobServerQueue] Web console line queue drained.
[2026-08-30 12:21:31Z INFO JobServerQueue] Uploading 1 files in one shot.
[2026-08-30 12:21:31Z INFO JobServerQueue] Try to upload 1 log files or attachments, success rate: 1/1.
[2026-08-30 12:21:31Z INFO JobServerQueue] File upload queue drained.
[2026-08-30 12:21:31Z INFO JobServerQueue] Starting results-based upload queue...
[2026-08-30 12:21:31Z INFO JobServerQueue] Uploading 3 file(s) in one shot through results service.
[2026-08-30 12:21:31Z INFO JobServerQueue] Got a step log file to send to results service.
[2026-08-30 12:21:31Z INFO JobServerQueue] Starting upload of step log file to results service ResultsLog, C:\Users\krish\Documents\BITS\mlops-project\actions-runner\_diag\blocks\f5e8f780-9523-474a-8602-aff26ac9e53d_cefb7e4f-cc87-4140-a5f6-e3aa91b7130d.1
[2026-08-30 12:21:32Z INFO JobServerQueue] Got a step log file to send to results service.
[2026-08-30 12:21:32Z INFO JobServerQueue] Starting upload of step log file to results service ResultsLog, C:\Users\krish\Documents\BITS\mlops-project\actions-runner\_diag\blocks\f5e8f780-9523-474a-8602-aff26ac9e53d_f3c6cf01-4df3-468d-8018-f7977526cf25.1
[2026-08-30 12:21:33Z INFO JobServerQueue] Got a job log file to send to results service.
[2026-08-30 12:21:33Z INFO JobServerQueue] Starting upload of job log file to results service ResultsLog, C:\Users\krish\Documents\BITS\mlops-project\actions-runner\_diag\blocks\f5e8f780-9523-474a-8602-aff26ac9e53d_e9ffcc50-0c4d-5843-bc73-358eb11b47a0.1
[2026-08-30 12:21:34Z INFO JobServerQueue] Tried to upload 3 file(s) to results, success rate: 3/3.
[2026-08-30 12:21:34Z INFO JobServerQueue] Results upload queue drained.
[2026-08-30 12:21:34Z INFO JobServerQueue] Timeline update queue drained.
[2026-08-30 12:21:34Z INFO JobServerQueue] Disposing job server ...
[2026-08-30 12:21:34Z INFO JobServerQueue] Disposing results server ...
[2026-08-30 12:21:34Z INFO JobServerQueue] All queue process tasks have been stopped, and all queues are drained.
[2026-08-30 12:21:34Z INFO TempDirectoryManager] Cleaning runner temp folder: C:\Users\krish\Documents\BITS\mlops-project\actions-runner\_work\_temp
[2026-08-30 12:21:34Z INFO HostContext] Well known directory 'Bin': 'C:\Users\krish\Documents\BITS\mlops-project\actions-runner\bin'
[2026-08-30 12:21:34Z INFO HostContext] Well known directory 'Root': 'C:\Users\krish\Documents\BITS\mlops-project\actions-runner'
[2026-08-30 12:21:34Z INFO HostContext] Well known directory 'Diag': 'C:\Users\krish\Documents\BITS\mlops-project\actions-runner\_diag'
[2026-08-30 12:21:34Z INFO HostContext] Well known config file 'Telemetry': 'C:\Users\krish\Documents\BITS\mlops-project\actions-runner\_diag\.telemetry'
[2026-08-30 12:21:34Z INFO JobRunner] Raising job completed against run service
[2026-08-30 12:21:35Z INFO Worker] Job completed.
