[2026-08-30 11:51:59Z INFO HostContext] No proxy settings were found based on environmental variables (http_proxy/https_proxy/HTTP_PROXY/HTTPS_PROXY)
[2026-08-30 11:51:59Z INFO HostContext] Well known directory 'Bin': 'C:\Users\krish\Documents\BITS\mlops-project\actions-runner\bin'
[2026-08-30 11:51:59Z INFO HostContext] Well known directory 'Root': 'C:\Users\krish\Documents\BITS\mlops-project\actions-runner'
[2026-08-30 11:51:59Z INFO HostContext] Well known config file 'Credentials': 'C:\Users\krish\Documents\BITS\mlops-project\actions-runner\.credentials'
[2026-08-30 11:52:02Z INFO HostContext] Well known directory 'Bin': 'C:\Users\krish\Documents\BITS\mlops-project\actions-runner\bin'
[2026-08-30 11:52:02Z INFO HostContext] Well known directory 'Root': 'C:\Users\krish\Documents\BITS\mlops-project\actions-runner'
[2026-08-30 11:52:02Z INFO HostContext] Well known config file 'Runner': 'C:\Users\krish\Documents\BITS\mlops-project\actions-runner\.runner'
[2026-08-30 11:52:02Z INFO Worker] Version: 2.336.0
[2026-08-30 11:52:02Z INFO Worker] Commit: 98aabcd429c4e8402406c56ce2d26387fed3b9ce
[2026-08-30 11:52:02Z INFO Worker] Culture: en-IN
[2026-08-30 11:52:02Z INFO Worker] UI Culture: en-US
[2026-08-30 11:52:02Z INFO Worker] Waiting to receive the job message from the channel.
[2026-08-30 11:52:02Z INFO ProcessChannel] Receiving message of length 24519, with hash '7b6674f06e2ae23893b6913b7ee9b0e0b0a6617774b9f0d7db6adfe7b7d92d21'
[2026-08-30 11:52:02Z INFO Worker] Message received.
[2026-08-30 11:52:07Z INFO Worker] Job message:
 {
  "defaults": [
    {
      "type": 2,
      "file": 1,
      "line": 14,
      "col": 7,
      "map": [
        {
          "key": {
            "type": 0,
            "file": 1,
            "line": 14,
            "col": 7,
            "lit": "run"
          },
          "value": {
            "type": 2,
            "file": 1,
            "line": 15,
            "col": 9,
            "map": [
              {
                "key": {
                  "type": 0,
                  "file": 1,
                  "line": 15,
                  "col": 9,
                  "lit": "shell"
                },
                "value": {
                  "type": 0,
                  "file": 1,
                  "line": 15,
                  "col": 16,
                  "lit": "cmd"
                }
              }
            ]
          }
        }
      ]
    }
  ],
  "fileTable": [
    ".github/workflows/cd.yml"
  ],
  "mask": [
    {
      "type": "regex",
      "value": "***"
    },
    {
      "type": "regex",
      "value": "***"
    },
    {
      "type": "regex",
      "value": "***"
    },
    {
      "type": "regex",
      "value": "***"
    },
    {
      "type": "regex",
      "value": "***"
    },
    {
      "type": "regex",
      "value": "***"
    },
    {
      "type": "regex",
      "value": "***"
    },
    {
      "type": "regex",
      "value": "***"
    },
    {
      "type": "regex",
      "value": "***"
    },
    {
      "type": "regex",
      "value": "***"
    },
    {
      "type": "regex",
      "value": "***"
    },
    {
      "type": "regex",
      "value": "***"
    },
    {
      "type": "regex",
      "value": "***"
    },
    {
      "type": "regex",
      "value": "***"
    },
    {
      "type": "regex",
      "value": "***"
    },
    {
      "type": "regex",
      "value": "***"
    },
    {
      "type": "regex",
      "value": "***"
    },
    {
      "type": "regex",
      "value": "***"
    },
    {
      "type": "regex",
      "value": "***"
    },
    {
      "type": "regex",
      "value": "***"
    },
    {
      "type": "regex",
      "value": "***"
    },
    {
      "type": "regex",
      "value": "***"
    },
    {
      "type": "regex",
      "value": "***"
    },
    {
      "type": "regex",
      "value": "***"
    }
  ],
  "steps": [
    {
      "type": "action",
      "reference": {
        "type": "repository",
        "name": "actions/checkout",
        "ref": "v4",
        "repositoryType": "GitHub"
      },
      "displayNameToken": {
        "type": 0,
        "file": 1,
        "line": 19,
        "col": 15,
        "lit": "Checkout repository"
      },
      "contextName": "__actions_checkout",
      "condition": "success()",
      "id": "af196971-c78d-43e4-b50f-287d16512126",
      "name": "__actions_checkout"
    },
    {
      "type": "action",
      "reference": {
        "type": "script"
      },
      "displayNameToken": {
        "type": 0,
        "file": 1,
        "line": 22,
        "col": 15,
        "lit": "Pull latest Docker image"
      },
      "contextName": "__run",
      "inputs": {
        "type": 2,
        "map": [
          {
            "key": "script",
            "value": {
              "type": 0,
              "file": 1,
              "line": 23,
              "col": 14,
              "lit": "docker compose pull\n"
            }
          }
        ]
      },
      "condition": "success()",
      "id": "594c1c1b-e523-4125-85d1-e338ffc7f7c3",
      "name": "__run"
    },
    {
      "type": "action",
      "reference": {
        "type": "script"
      },
      "displayNameToken": {
        "type": 0,
        "file": 1,
        "line": 26,
        "col": 15,
        "lit": "Remove old container"
      },
      "contextName": "__run_2",
      "inputs": {
        "type": 2,
        "map": [
          {
            "key": "script",
            "value": {
              "type": 0,
              "file": 1,
              "line": 27,
              "col": 14,
              "lit": "docker rm -f cats-dogs-api >nul 2>&1\nexit /b 0\n"
            }
          }
        ]
      },
      "condition": "success()",
      "id": "04787ec6-810d-445f-a725-69b12922908b",
      "name": "__run_2"
    },
    {
      "type": "action",
      "reference": {
        "type": "script"
      },
      "displayNameToken": {
        "type": 0,
        "file": 1,
        "line": 31,
        "col": 15,
        "lit": "Deploy application"
      },
      "contextName": "__run_3",
      "inputs": {
        "type": 2,
        "map": [
          {
            "key": "script",
            "value": {
              "type": 0,
              "file": 1,
              "line": 32,
              "col": 14,
              "lit": "docker compose up -d\n"
            }
          }
        ]
      },
      "condition": "success()",
      "id": "d53c001b-6e98-4abd-aa7a-03175b11b80f",
      "name": "__run_3"
    },
    {
      "type": "action",
      "reference": {
        "type": "script"
      },
      "displayNameToken": {
        "type": 0,
        "file": 1,
        "line": 35,
        "col": 15,
        "lit": "Check deployment"
      },
      "contextName": "__run_4",
      "inputs": {
        "type": 2,
        "map": [
          {
            "key": "script",
            "value": {
              "type": 0,
              "file": 1,
              "line": 36,
              "col": 14,
              "lit": "docker compose ps\n"
            }
          }
        ]
      },
      "condition": "success()",
      "id": "a6b314a3-ddbe-405b-a654-cda04a40d1fc",
      "name": "__run_4"
    },
    {
      "type": "action",
      "reference": {
        "type": "script"
      },
      "displayNameToken": {
        "type": 0,
        "file": 1,
        "line": 39,
        "col": 15,
        "lit": "Wait for application"
      },
      "contextName": "__run_5",
      "inputs": {
        "type": 2,
        "map": [
          {
            "key": "script",
            "value": {
              "type": 0,
              "file": 1,
              "line": 40,
              "col": 14,
              "lit": "ping 127.0.0.1 -n 11 > nul\n"
            }
          }
        ]
      },
      "condition": "success()",
      "id": "bac1c570-bbdd-4f55-8e25-1ff9f70a6deb",
      "name": "__run_5"
    },
    {
      "type": "action",
      "reference": {
        "type": "script"
      },
      "displayNameToken": {
        "type": 0,
        "file": 1,
        "line": 43,
        "col": 15,
        "lit": "Run smoke tests"
      },
      "contextName": "__run_6",
      "inputs": {
        "type": 2,
        "map": [
          {
            "key": "script",
            "value": {
              "type": 0,
              "file": 1,
              "line": 44,
              "col": 14,
              "lit": "python tests\\smoke_test.py\n"
            }
          }
        ]
      },
      "condition": "success()",
      "id": "0fe3230a-5f67-49ec-aab6-644e97ed7d09",
      "name": "__run_6"
    }
  ],
  "variables": {
    "Actions.EnableHttpRedirects": {
      "value": "true"
    },
    "DistributedTask.AddWarningToNode12Action": {
      "value": "true"
    },
    "DistributedTask.AddWarningToNode16Action": {
      "value": "true"
    },
    "DistributedTask.AllowRunnerContainerHooks": {
      "value": "true"
    },
    "DistributedTask.DeprecateStepOutputCommands": {
      "value": "true"
    },
    "DistributedTask.DetailUntarFailure": {
      "value": "true"
    },
    "DistributedTask.EnableCompositeActions": {
      "value": "true"
    },
    "DistributedTask.EnableJobServerQueueTelemetry": {
      "value": "true"
    },
    "DistributedTask.EnhancedAnnotations": {
      "value": "true"
    },
    "DistributedTask.ForceGithubJavascriptActionsToNode16": {
      "value": "true"
    },
    "DistributedTask.ForceGithubJavascriptActionsToNode20": {
      "value": "true"
    },
    "DistributedTask.LogTemplateErrorsAsDebugMessages": {
      "value": "true"
    },
    "DistributedTask.MarkJobAsFailedOnWorkerCrash": {
      "value": "true"
    },
    "DistributedTask.NewActionMetadata": {
      "value": "true"
    },
    "DistributedTask.UploadStepSummary": {
      "value": "true"
    },
    "DistributedTask.UseActionArchiveCache": {
      "value": "true"
    },
    "DistributedTask.UseWhich2": {
      "value": "true"
    },
    "RunService.FixEmbeddedIssues": {
      "value": "true"
    },
    "actions.runner.requirenode24": {
      "value": "false"
    },
    "actions.runner.usenode24bydefault": {
      "value": "true"
    },
    "actions.runner.warnonnode20": {
      "value": "true"
    },
    "actions_add_check_run_id_to_job_context": {
      "value": "true"
    },
    "actions_batch_action_resolution": {
      "value": "false"
    },
    "actions_container_action_runner_temp": {
      "value": "true"
    },
    "actions_display_helpful_actions_download_errors": {
      "value": "true"
    },
    "actions_runner_allow_artifacts_file": {
      "value": "false"
    },
    "actions_runner_compare_workflow_parser": {
      "value": "false"
    },
    "actions_runner_deprecate_linux_arm32": {
      "value": "true"
    },
    "actions_runner_emit_composite_markers": {
      "value": "true"
    },
    "actions_runner_kill_linux_arm32": {
      "value": "false"
    },
    "actions_runner_node20_removal_date": {
      "value": ""
    },
    "actions_runner_node24_default_date": {
      "value": "June 16th, 2026"
    },
    "actions_self_repository": {
      "value": "true"
    },
    "actions_service_container_command": {
      "value": "true"
    },
    "actions_set_orchestration_id_env_for_actions": {
      "value": "true"
    },
    "actions_skip_retry_complete_job_upon_known_errors": {
      "value": "true"
    },
    "actions_snapshot_preflight_hosted_runner_check": {
      "value": "false"
    },
    "actions_snapshot_preflight_image_gen_pool_check": {
      "value": "false"
    },
    "actions_use_bearer_token_for_codeload": {
      "value": "false"
    },
    "actions_uses_cache_service_v2": {
      "value": "true"
    },
    "github_token": {
      "value": "***",
      "isSecret": true
    },
    "system.from_run_service": {
      "value": "true"
    },
    "system.github.job": {
      "value": "deploy"
    },
    "system.github.launch_endpoint": {
      "value": "https://launch.actions.githubusercontent.com"
    },
    "system.github.results_endpoint": {
      "value": "https://results-receiver.actions.githubusercontent.com/"
    },
    "system.github.results_upload_with_sdk": {
      "value": "true"
    },
    "system.github.token": {
      "value": "***",
      "isSecret": true
    },
    "system.github.token.permissions": {
      "value": "{\"Contents\":\"read\",\"Metadata\":\"read\",\"Packages\":\"read\"}"
    },
    "system.orchestrationId": {
      "value": "24f57b02-4e04-425a-ad5f-5ef0099f9ecc.deploy.__default"
    },
    "system.phaseDisplayName": {
      "value": "deploy"
    },
    "system.runner.lowdiskspacethreshold": {
      "value": "100"
    },
    "system.runnerEnvironment": {
      "value": "self-hosted"
    },
    "system.runnerGroupName": {
      "value": "Default"
    }
  },
  "messageType": "RunnerJobRequest",
  "plan": {
    "scopeIdentifier": "00000000-0000-0000-0000-000000000000",
    "planType": "actions",
    "version": 0,
    "planId": "24f57b02-4e04-425a-ad5f-5ef0099f9ecc",
    "planGroup": null,
    "artifactUri": null,
    "artifactLocation": null,
    "definition": null,
    "owner": null
  },
  "timeline": {
    "id": "24f57b02-4e04-425a-ad5f-5ef0099f9ecc",
    "changeId": 0,
    "location": null
  },
  "jobId": "e7cdbda2-957d-57c5-b0d1-0f69dd463c6f",
  "jobDisplayName": "deploy",
  "jobName": "__default",
  "requestId": 0,
  "lockedUntil": "0001-01-01T00:00:00",
  "resources": {
    "endpoints": [
      {
        "data": {
          "ServerId": "",
          "ServerName": "",
          "CacheServerUrl": "https://artifactcache.actions.githubusercontent.com/HYuKmglMQMl7trVwvnqxtOY8iQZGcBLZase1hxQ2xSLdHe4AJJ/",
          "FeedStreamUrl": "wss://results-receiver.actions.githubusercontent.com/_ws/ingest.sock",
          "ResultsServiceUrl": "https://results-receiver.actions.githubusercontent.com/",
          "PipelinesServiceUrl": "https://pipelinesghubeus11.actions.githubusercontent.com/HYuKmglMQMl7trVwvnqxtOY8iQZGcBLZase1hxQ2xSLdHe4AJJ/",
          "GenerateIdTokenUrl": "",
          "ConnectivityChecks": "[\"https://broker.actions.githubusercontent.com/health\",\"https://token.actions.githubusercontent.com/ready\",\"https://run.actions.githubusercontent.com/health\"]",
          "ConnectivityAndDNSChecks": ""
        },
        "name": "SystemVssConnection",
        "url": "https://run-actions-1-azure-eastus.actions.githubusercontent.com/123/",
        "authorization": {
          "parameters": {
            "AccessToken": "***"
          },
          "scheme": "OAuth"
        },
        "isShared": false,
        "isReady": true
      }
    ]
  },
  "contextData": {
    "github": {
      "t": 2,
      "d": [
        {
          "k": "ref",
          "v": "refs/heads/main"
        },
        {
          "k": "sha",
          "v": "ccd4aecc8fefdc4c9024a3b5dd10d01ffb80fd28"
        },
        {
          "k": "repository",
          "v": "2024ac05127-tech/assignment2"
        },
        {
          "k": "repository_owner",
          "v": "2024ac05127-tech"
        },
        {
          "k": "repository_owner_id",
          "v": "299813098"
        },
        {
          "k": "repositoryUrl",
          "v": "git://github.com/2024ac05127-tech/assignment2.git"
        },
        {
          "k": "run_id",
          "v": "33309983721"
        },
        {
          "k": "run_number",
          "v": "13"
        },
        {
          "k": "retention_days",
          "v": "90"
        },
        {
          "k": "run_attempt",
          "v": "1"
        },
        {
          "k": "artifact_cache_size_limit",
          "v": "10"
        },
        {
          "k": "repository_visibility",
          "v": "public"
        },
        {
          "k": "actor_id",
          "v": "299813098"
        },
        {
          "k": "actor",
          "v": "2024ac05127-tech"
        },
        {
          "k": "workflow",
          "v": "M4 CD Pipeline"
        },
        {
          "k": "head_ref",
          "v": ""
        },
        {
          "k": "base_ref",
          "v": ""
        },
        {
          "k": "event_name",
          "v": "push"
        },
        {
          "k": "server_url",
          "v": "https://github.com"
        },
        {
          "k": "api_url",
          "v": "https://api.github.com"
        },
        {
          "k": "graphql_url",
          "v": "https://api.github.com/graphql"
        },
        {
          "k": "ref_name",
          "v": "main"
        },
        {
          "k": "ref_protected",
          "v": false
        },
        {
          "k": "ref_type",
          "v": "branch"
        },
        {
          "k": "secret_source",
          "v": "Actions"
        },
        {
          "k": "event",
          "v": {
            "t": 2,
            "d": [
              {
                "k": "after",
                "v": "ccd4aecc8fefdc4c9024a3b5dd10d01ffb80fd28"
              },
              {
                "k": "base_ref",
                "v": null
              },
              {
                "k": "before",
                "v": "13de039073ccdf41d43e08fe70af946adf470b40"
              },
              {
                "k": "commits",
                "v": {
                  "t": 1,
                  "a": [
                    {
                      "t": 2,
                      "d": [
                        {
                          "k": "author",
                          "v": {
                            "t": 2,
                            "d": [
                              {
                                "k": "email",
                                "v": "krishnareghu2018@gmail.com"
                              },
                              {
                                "k": "name",
                                "v": "Krishna Priya R"
                              },
                              {
                                "k": "username",
                                "v": "krishnapriya5"
                              }
                            ]
                          }
                        },
                        {
                          "k": "committer",
                          "v": {
                            "t": 2,
                            "d": [
                              {
                                "k": "email",
                                "v": "krishnareghu2018@gmail.com"
                              },
                              {
                                "k": "name",
                                "v": "Krishna Priya R"
                              },
                              {
                                "k": "username",
                                "v": "krishnapriya5"
                              }
                            ]
                          }
                        },
                        {
                          "k": "distinct",
                          "v": true
                        },
                        {
                          "k": "id",
                          "v": "ccd4aecc8fefdc4c9024a3b5dd10d01ffb80fd28"
                        },
                        {
                          "k": "message",
                          "v": "Add deployment smoke tests"
                        },
                        {
                          "k": "timestamp",
                          "v": "2026-08-30T17:21:27+05:30"
                        },
                        {
                          "k": "tree_id",
                          "v": "8e58ce37540513e919ca88ebb91ec50a69fca578"
                        },
                        {
                          "k": "url",
                          "v": "https://github.com/2024ac05127-tech/assignment2/commit/ccd4aecc8fefdc4c9024a3b5dd10d01ffb80fd28"
                        }
                      ]
                    }
                  ]
                }
              },
              {
                "k": "compare",
                "v": "https://github.com/2024ac05127-tech/assignment2/compare/13de039073cc...ccd4aecc8fef"
              },
              {
                "k": "created",
                "v": false
              },
              {
                "k": "deleted",
                "v": false
              },
              {
                "k": "forced",
                "v": false
              },
              {
                "k": "head_commit",
                "v": {
                  "t": 2,
                  "d": [
                    {
                      "k": "author",
                      "v": {
                        "t": 2,
                        "d": [
                          {
                            "k": "email",
                            "v": "krishnareghu2018@gmail.com"
                          },
                          {
                            "k": "name",
                            "v": "Krishna Priya R"
                          },
                          {
                            "k": "username",
                            "v": "krishnapriya5"
                          }
                        ]
                      }
                    },
                    {
                      "k": "committer",
                      "v": {
                        "t": 2,
                        "d": [
                          {
                            "k": "email",
                            "v": "krishnareghu2018@gmail.com"
                          },
                          {
                            "k": "name",
                            "v": "Krishna Priya R"
                          },
                          {
                            "k": "username",
                            "v": "krishnapriya5"
                          }
                        ]
                      }
                    },
                    {
                      "k": "distinct",
                      "v": true
                    },
                    {
                      "k": "id",
                      "v": "ccd4aecc8fefdc4c9024a3b5dd10d01ffb80fd28"
                    },
                    {
                      "k": "message",
                      "v": "Add deployment smoke tests"
                    },
                    {
                      "k": "timestamp",
                      "v": "2026-08-30T17:21:27+05:30"
                    },
                    {
                      "k": "tree_id",
                      "v": "8e58ce37540513e919ca88ebb91ec50a69fca578"
                    },
                    {
                      "k": "url",
                      "v": "https://github.com/2024ac05127-tech/assignment2/commit/ccd4aecc8fefdc4c9024a3b5dd10d01ffb80fd28"
                    }
                  ]
                }
              },
              {
                "k": "pusher",
                "v": {
                  "t": 2,
                  "d": [
                    {
                      "k": "email",
                      "v": "2024ac05127@wilp.bits-pilani.ac.in"
                    },
                    {
                      "k": "name",
                      "v": "2024ac05127-tech"
                    }
                  ]
                }
              },
              {
                "k": "ref",
                "v": "refs/heads/main"
              },
              {
                "k": "repository",
                "v": {
                  "t": 2,
                  "d": [
                    {
                      "k": "allow_forking",
                      "v": true
                    },
                    {
                      "k": "archive_url",
                      "v": "https://api.github.com/repos/2024ac05127-tech/assignment2/{archive_format}{/ref}"
                    },
                    {
                      "k": "archived",
                      "v": false
                    },
                    {
                      "k": "assignees_url",
                      "v": "https://api.github.com/repos/2024ac05127-tech/assignment2/assignees{/user}"
                    },
                    {
                      "k": "blobs_url",
                      "v": "https://api.github.com/repos/2024ac05127-tech/assignment2/git/blobs{/sha}"
                    },
                    {
                      "k": "branches_url",
                      "v": "https://api.github.com/repos/2024ac05127-tech/assignment2/branches{/branch}"
                    },
                    {
                      "k": "clone_url",
                      "v": "https://github.com/2024ac05127-tech/assignment2.git"
                    },
                    {
                      "k": "collaborators_url",
                      "v": "https://api.github.com/repos/2024ac05127-tech/assignment2/collaborators{/collaborator}"
                    },
                    {
                      "k": "comments_url",
                      "v": "https://api.github.com/repos/2024ac05127-tech/assignment2/comments{/number}"
                    },
                    {
                      "k": "commits_url",
                      "v": "https://api.github.com/repos/2024ac05127-tech/assignment2/commits{/sha}"
                    },
                    {
                      "k": "compare_url",
                      "v": "https://api.github.com/repos/2024ac05127-tech/assignment2/compare/{base}...{head}"
                    },
                    {
                      "k": "contents_url",
                      "v": "https://api.github.com/repos/2024ac05127-tech/assignment2/contents/{+path}"
                    },
                    {
                      "k": "contributors_url",
                      "v": "https://api.github.com/repos/2024ac05127-tech/assignment2/contributors"
                    },
                    {
                      "k": "created_at",
                      "v": 1787839779.0
                    },
                    {
                      "k": "default_branch",
                      "v": "main"
                    },
                    {
                      "k": "deployments_url",
                      "v": "https://api.github.com/repos/2024ac05127-tech/assignment2/deployments"
                    },
                    {
                      "k": "description",
                      "v": null
                    },
                    {
                      "k": "disabled",
                      "v": false
                    },
                    {
                      "k": "downloads_url",
                      "v": "https://api.github.com/repos/2024ac05127-tech/assignment2/downloads"
                    },
                    {
                      "k": "events_url",
                      "v": "https://api.github.com/repos/2024ac05127-tech/assignment2/events"
                    },
                    {
                      "k": "fork",
                      "v": false
                    },
                    {
                      "k": "forks",
                      "v": 0.0
                    },
                    {
                      "k": "forks_count",
                      "v": 0.0
                    },
                    {
                      "k": "forks_url",
                      "v": "https://api.github.com/repos/2024ac05127-tech/assignment2/forks"
                    },
                    {
                      "k": "full_name",
                      "v": "2024ac05127-tech/assignment2"
                    },
                    {
                      "k": "git_commits_url",
                      "v": "https://api.github.com/repos/2024ac05127-tech/assignment2/git/commits{/sha}"
                    },
                    {
                      "k": "git_refs_url",
                      "v": "https://api.github.com/repos/2024ac05127-tech/assignment2/git/refs{/sha}"
                    },
                    {
                      "k": "git_tags_url",
                      "v": "https://api.github.com/repos/2024ac05127-tech/assignment2/git/tags{/sha}"
                    },
                    {
                      "k": "git_url",
                      "v": "git://github.com/2024ac05127-tech/assignment2.git"
                    },
                    {
                      "k": "has_discussions",
                      "v": false
                    },
                    {
                      "k": "has_downloads",
                      "v": true
                    },
                    {
                      "k": "has_issues",
                      "v": true
                    },
                    {
                      "k": "has_pages",
                      "v": false
                    },
                    {
                      "k": "has_projects",
                      "v": true
                    },
                    {
                      "k": "has_pull_requests",
                      "v": true
                    },
                    {
                      "k": "has_wiki",
                      "v": true
                    },
                    {
                      "k": "homepage",
                      "v": null
                    },
                    {
                      "k": "hooks_url",
                      "v": "https://api.github.com/repos/2024ac05127-tech/assignment2/hooks"
                    },
                    {
                      "k": "html_url",
                      "v": "https://github.com/2024ac05127-tech/assignment2"
                    },
                    {
                      "k": "id",
                      "v": 1348565472.0
                    },
                    {
                      "k": "is_template",
                      "v": false
                    },
                    {
                      "k": "issue_comment_url",
                      "v": "https://api.github.com/repos/2024ac05127-tech/assignment2/issues/comments{/number}"
                    },
                    {
                      "k": "issue_events_url",
                      "v": "https://api.github.com/repos/2024ac05127-tech/assignment2/issues/events{/number}"
                    },
                    {
                      "k": "issues_url",
                      "v": "https://api.github.com/repos/2024ac05127-tech/assignment2/issues{/number}"
                    },
                    {
                      "k": "keys_url",
                      "v": "https://api.github.com/repos/2024ac05127-tech/assignment2/keys{/key_id}"
                    },
                    {
                      "k": "labels_url",
                      "v": "https://api.github.com/repos/2024ac05127-tech/assignment2/labels{/name}"
                    },
                    {
                      "k": "language",
                      "v": "Python"
                    },
                    {
                      "k": "languages_url",
                      "v": "https://api.github.com/repos/2024ac05127-tech/assignment2/languages"
                    },
                    {
                      "k": "license",
                      "v": null
                    },
                    {
                      "k": "master_branch",
                      "v": "main"
                    },
                    {
                      "k": "merges_url",
                      "v": "https://api.github.com/repos/2024ac05127-tech/assignment2/merges"
                    },
                    {
                      "k": "milestones_url",
                      "v": "https://api.github.com/repos/2024ac05127-tech/assignment2/milestones{/number}"
                    },
                    {
                      "k": "mirror_url",
                      "v": null
                    },
                    {
                      "k": "name",
                      "v": "assignment2"
                    },
                    {
                      "k": "node_id",
                      "v": "R_kgDOUGF54A"
                    },
                    {
                      "k": "notifications_url",
                      "v": "https://api.github.com/repos/2024ac05127-tech/assignment2/notifications{?since,all,participating}"
                    },
                    {
                      "k": "open_issues",
                      "v": 0.0
                    },
                    {
                      "k": "open_issues_count",
                      "v": 0.0
                    },
                    {
                      "k": "owner",
                      "v": {
                        "t": 2,
                        "d": [
                          {
                            "k": "avatar_url",
                            "v": "https://avatars.githubusercontent.com/u/299813098?v=4"
                          },
                          {
                            "k": "email",
                            "v": "2024ac05127@wilp.bits-pilani.ac.in"
                          },
                          {
                            "k": "events_url",
                            "v": "https://api.github.com/users/2024ac05127-tech/events{/privacy}"
                          },
                          {
                            "k": "followers_url",
                            "v": "https://api.github.com/users/2024ac05127-tech/followers"
                          },
                          {
                            "k": "following_url",
                            "v": "https://api.github.com/users/2024ac05127-tech/following{/other_user}"
                          },
                          {
                            "k": "gists_url",
                            "v": "https://api.github.com/users/2024ac05127-tech/gists{/gist_id}"
                          },
                          {
                            "k": "gravatar_id",
                            "v": ""
                          },
                          {
                            "k": "html_url",
                            "v": "https://github.com/2024ac05127-tech"
                          },
                          {
                            "k": "id",
                            "v": 299813098.0
                          },
                          {
                            "k": "login",
                            "v": "2024ac05127-tech"
                          },
                          {
                            "k": "name",
                            "v": "2024ac05127-tech"
                          },
                          {
                            "k": "node_id",
                            "v": "U_kgDOEd7I6g"
                          },
                          {
                            "k": "organizations_url",
                            "v": "https://api.github.com/users/2024ac05127-tech/orgs"
                          },
                          {
                            "k": "received_events_url",
                            "v": "https://api.github.com/users/2024ac05127-tech/received_events"
                          },
                          {
                            "k": "repos_url",
                            "v": "https://api.github.com/users/2024ac05127-tech/repos"
                          },
                          {
                            "k": "site_admin",
                            "v": false
                          },
                          {
                            "k": "starred_url",
                            "v": "https://api.github.com/users/2024ac05127-tech/starred{/owner}{/repo}"
                          },
                          {
                            "k": "subscriptions_url",
                            "v": "https://api.github.com/users/2024ac05127-tech/subscriptions"
                          },
                          {
                            "k": "type",
                            "v": "User"
                          },
                          {
                            "k": "url",
                            "v": "https://api.github.com/users/2024ac05127-tech"
                          },
                          {
                            "k": "user_view_type",
                            "v": "public"
                          }
                        ]
                      }
                    },
                    {
                      "k": "private",
                      "v": false
                    },
                    {
                      "k": "pull_request_creation_policy",
                      "v": "all"
                    },
                    {
                      "k": "pulls_url",
                      "v": "https://api.github.com/repos/2024ac05127-tech/assignment2/pulls{/number}"
                    },
                    {
                      "k": "pushed_at",
                      "v": 1788090707.0
                    },
                    {
                      "k": "releases_url",
                      "v": "https://api.github.com/repos/2024ac05127-tech/assignment2/releases{/id}"
                    },
                    {
                      "k": "size",
                      "v": 74.0
                    },
                    {
                      "k": "ssh_url",
                      "v": "git@github.com:2024ac05127-tech/assignment2.git"
                    },
                    {
                      "k": "stargazers",
                      "v": 0.0
                    },
                    {
                      "k": "stargazers_count",
                      "v": 0.0
                    },
                    {
                      "k": "stargazers_url",
                      "v": "https://api.github.com/repos/2024ac05127-tech/assignment2/stargazers"
                    },
                    {
                      "k": "statuses_url",
                      "v": "https://api.github.com/repos/2024ac05127-tech/assignment2/statuses/{sha}"
                    },
                    {
                      "k": "subscribers_url",
                      "v": "https://api.github.com/repos/2024ac05127-tech/assignment2/subscribers"
                    },
                    {
                      "k": "subscription_url",
                      "v": "https://api.github.com/repos/2024ac05127-tech/assignment2/subscription"
                    },
                    {
                      "k": "svn_url",
                      "v": "https://github.com/2024ac05127-tech/assignment2"
                    },
                    {
                      "k": "tags_url",
                      "v": "https://api.github.com/repos/2024ac05127-tech/assignment2/tags"
                    },
                    {
                      "k": "teams_url",
                      "v": "https://api.github.com/repos/2024ac05127-tech/assignment2/teams"
                    },
                    {
                      "k": "topics",
                      "v": {
                        "t": 1
                      }
                    },
                    {
                      "k": "trees_url",
                      "v": "https://api.github.com/repos/2024ac05127-tech/assignment2/git/trees{/sha}"
                    },
                    {
                      "k": "updated_at",
                      "v": "2026-08-30T11:46:36Z"
                    },
                    {
                      "k": "url",
                      "v": "https://api.github.com/repos/2024ac05127-tech/assignment2"
                    },
                    {
                      "k": "visibility",
                      "v": "public"
                    },
                    {
                      "k": "watchers",
                      "v": 0.0
                    },
                    {
                      "k": "watchers_count",
                      "v": 0.0
                    },
                    {
                      "k": "web_commit_signoff_required",
                      "v": false
                    }
                  ]
                }
              },
              {
                "k": "sender",
                "v": {
                  "t": 2,
                  "d": [
                    {
                      "k": "avatar_url",
                      "v": "https://avatars.githubusercontent.com/u/299813098?v=4"
                    },
                    {
                      "k": "events_url",
                      "v": "https://api.github.com/users/2024ac05127-tech/events{/privacy}"
                    },
                    {
                      "k": "followers_url",
                      "v": "https://api.github.com/users/2024ac05127-tech/followers"
                    },
                    {
                      "k": "following_url",
                      "v": "https://api.github.com/users/2024ac05127-tech/following{/other_user}"
                    },
                    {
                      "k": "gists_url",
                      "v": "https://api.github.com/users/2024ac05127-tech/gists{/gist_id}"
                    },
                    {
                      "k": "gravatar_id",
                      "v": ""
                    },
                    {
                      "k": "html_url",
                      "v": "https://github.com/2024ac05127-tech"
                    },
                    {
                      "k": "id",
                      "v": 299813098.0
                    },
                    {
                      "k": "login",
                      "v": "2024ac05127-tech"
                    },
                    {
                      "k": "node_id",
                      "v": "U_kgDOEd7I6g"
                    },
                    {
                      "k": "organizations_url",
                      "v": "https://api.github.com/users/2024ac05127-tech/orgs"
                    },
                    {
                      "k": "received_events_url",
                      "v": "https://api.github.com/users/2024ac05127-tech/received_events"
                    },
                    {
                      "k": "repos_url",
                      "v": "https://api.github.com/users/2024ac05127-tech/repos"
                    },
                    {
                      "k": "site_admin",
                      "v": false
                    },
                    {
                      "k": "starred_url",
                      "v": "https://api.github.com/users/2024ac05127-tech/starred{/owner}{/repo}"
                    },
                    {
                      "k": "subscriptions_url",
                      "v": "https://api.github.com/users/2024ac05127-tech/subscriptions"
                    },
                    {
                      "k": "type",
                      "v": "User"
                    },
                    {
                      "k": "url",
                      "v": "https://api.github.com/users/2024ac05127-tech"
                    },
                    {
                      "k": "user_view_type",
                      "v": "public"
                    }
                  ]
                }
              }
            ]
          }
        },
        {
          "k": "workflow_ref",
          "v": "2024ac05127-tech/assignment2/.github/workflows/cd.yml@refs/heads/main"
        },
        {
          "k": "workflow_sha",
          "v": "ccd4aecc8fefdc4c9024a3b5dd10d01ffb80fd28"
        },
        {
          "k": "repository_id",
          "v": "1348565472"
        },
        {
          "k": "triggering_actor",
          "v": "2024ac05127-tech"
        }
      ]
    },
    "inputs": {
      "t": 2
    },
    "job": {
      "t": 2,
      "d": [
        {
          "k": "check_run_id",
          "v": 99253164424.0
        },
        {
          "k": "workflow_ref",
          "v": "2024ac05127-tech/assignment2/.github/workflows/cd.yml@refs/heads/main"
        },
        {
          "k": "workflow_sha",
          "v": "ccd4aecc8fefdc4c9024a3b5dd10d01ffb80fd28"
        },
        {
          "k": "workflow_repository",
          "v": "2024ac05127-tech/assignment2"
        },
        {
          "k": "workflow_file_path",
          "v": ".github/workflows/cd.yml"
        }
      ]
    },
    "matrix": null,
    "needs": {
      "t": 2
    },
    "strategy": {
      "t": 2,
      "d": [
        {
          "k": "fail-fast",
          "v": true
        },
        {
          "k": "job-index",
          "v": 0.0
        },
        {
          "k": "job-total",
          "v": 1.0
        },
        {
          "k": "max-parallel",
          "v": 1.0
        }
      ]
    },
    "vars": {
      "t": 2
    }
  },
  "billingOwnerId": "U_kgDOEd7I6g"
}
[2026-08-30 11:52:07Z INFO JobRunner] Job ID e7cdbda2-957d-57c5-b0d1-0f69dd463c6f
[2026-08-30 11:52:07Z INFO ConfigurationStore] currentAssemblyLocation: C:\Users\krish\Documents\BITS\mlops-project\actions-runner\bin\Runner.Worker.dll
[2026-08-30 11:52:07Z INFO HostContext] Well known directory 'Bin': 'C:\Users\krish\Documents\BITS\mlops-project\actions-runner\bin'
[2026-08-30 11:52:07Z INFO ConfigurationStore] binPath: C:\Users\krish\Documents\BITS\mlops-project\actions-runner\bin
[2026-08-30 11:52:07Z INFO HostContext] Well known directory 'Bin': 'C:\Users\krish\Documents\BITS\mlops-project\actions-runner\bin'
[2026-08-30 11:52:07Z INFO HostContext] Well known directory 'Root': 'C:\Users\krish\Documents\BITS\mlops-project\actions-runner'
[2026-08-30 11:52:07Z INFO ConfigurationStore] RootFolder: C:\Users\krish\Documents\BITS\mlops-project\actions-runner
[2026-08-30 11:52:07Z INFO HostContext] Well known directory 'Bin': 'C:\Users\krish\Documents\BITS\mlops-project\actions-runner\bin'
[2026-08-30 11:52:07Z INFO HostContext] Well known directory 'Root': 'C:\Users\krish\Documents\BITS\mlops-project\actions-runner'
[2026-08-30 11:52:07Z INFO HostContext] Well known config file 'Runner': 'C:\Users\krish\Documents\BITS\mlops-project\actions-runner\.runner'
[2026-08-30 11:52:07Z INFO ConfigurationStore] ConfigFilePath: C:\Users\krish\Documents\BITS\mlops-project\actions-runner\.runner
[2026-08-30 11:52:07Z INFO HostContext] Well known directory 'Bin': 'C:\Users\krish\Documents\BITS\mlops-project\actions-runner\bin'
[2026-08-30 11:52:07Z INFO HostContext] Well known directory 'Root': 'C:\Users\krish\Documents\BITS\mlops-project\actions-runner'
[2026-08-30 11:52:07Z INFO HostContext] Well known config file 'MigratedRunner': 'C:\Users\krish\Documents\BITS\mlops-project\actions-runner\.runner_migrated'
[2026-08-30 11:52:07Z INFO ConfigurationStore] MigratedConfigFilePath: C:\Users\krish\Documents\BITS\mlops-project\actions-runner\.runner_migrated
[2026-08-30 11:52:07Z INFO HostContext] Well known directory 'Bin': 'C:\Users\krish\Documents\BITS\mlops-project\actions-runner\bin'
[2026-08-30 11:52:07Z INFO HostContext] Well known directory 'Root': 'C:\Users\krish\Documents\BITS\mlops-project\actions-runner'
[2026-08-30 11:52:07Z INFO HostContext] Well known config file 'Credentials': 'C:\Users\krish\Documents\BITS\mlops-project\actions-runner\.credentials'
[2026-08-30 11:52:07Z INFO ConfigurationStore] CredFilePath: C:\Users\krish\Documents\BITS\mlops-project\actions-runner\.credentials
[2026-08-30 11:52:07Z INFO HostContext] Well known directory 'Bin': 'C:\Users\krish\Documents\BITS\mlops-project\actions-runner\bin'
[2026-08-30 11:52:07Z INFO HostContext] Well known directory 'Root': 'C:\Users\krish\Documents\BITS\mlops-project\actions-runner'
[2026-08-30 11:52:07Z INFO HostContext] Well known config file 'MigratedCredentials': 'C:\Users\krish\Documents\BITS\mlops-project\actions-runner\.credentials_migrated'
[2026-08-30 11:52:07Z INFO ConfigurationStore] MigratedCredFilePath: C:\Users\krish\Documents\BITS\mlops-project\actions-runner\.credentials_migrated
[2026-08-30 11:52:07Z INFO HostContext] Well known directory 'Bin': 'C:\Users\krish\Documents\BITS\mlops-project\actions-runner\bin'
[2026-08-30 11:52:07Z INFO HostContext] Well known directory 'Root': 'C:\Users\krish\Documents\BITS\mlops-project\actions-runner'
[2026-08-30 11:52:07Z INFO HostContext] Well known config file 'Service': 'C:\Users\krish\Documents\BITS\mlops-project\actions-runner\.service'
[2026-08-30 11:52:07Z INFO ConfigurationStore] ServiceConfigFilePath: C:\Users\krish\Documents\BITS\mlops-project\actions-runner\.service
[2026-08-30 11:52:07Z INFO ConfigurationStore] Read setting file: 408 chars
[2026-08-30 11:52:07Z INFO JobRunner] Initializing launch client
[2026-08-30 11:52:07Z INFO JobServerQueue] Initializing results client
[2026-08-30 11:52:07Z INFO ResultServer] Creating websocket client ...wss://results-receiver.actions.githubusercontent.com/_ws/ingest.sock
[2026-08-30 11:52:07Z INFO ResultServer] Attempting to start websocket client with delay 00:00:00.
[2026-08-30 11:52:10Z INFO JobServerQueue] Start process web console line queue.
[2026-08-30 11:52:10Z INFO JobServerQueue] Start process file upload queue.
[2026-08-30 11:52:10Z INFO JobServerQueue] Start results file upload queue.
[2026-08-30 11:52:10Z INFO JobServerQueue] Starting results-based upload queue...
[2026-08-30 11:52:10Z INFO JobServerQueue] Start process timeline update queue.
[2026-08-30 11:52:10Z INFO ExecutionContext] Initializing Job context
[2026-08-30 11:52:10Z INFO ExecutionContext] Initialize GitHub context
[2026-08-30 11:52:10Z INFO ExecutionContext] Initialize Env context
[2026-08-30 11:52:10Z INFO HostContext] Well known directory 'Bin': 'C:\Users\krish\Documents\BITS\mlops-project\actions-runner\bin'
[2026-08-30 11:52:10Z INFO HostContext] Well known directory 'Root': 'C:\Users\krish\Documents\BITS\mlops-project\actions-runner'
[2026-08-30 11:52:10Z INFO HostContext] Well known directory 'Diag': 'C:\Users\krish\Documents\BITS\mlops-project\actions-runner\_diag'
[2026-08-30 11:52:10Z INFO HostContext] Well known directory 'Bin': 'C:\Users\krish\Documents\BITS\mlops-project\actions-runner\bin'
[2026-08-30 11:52:10Z INFO HostContext] Well known directory 'Root': 'C:\Users\krish\Documents\BITS\mlops-project\actions-runner'
[2026-08-30 11:52:10Z INFO HostContext] Well known directory 'Diag': 'C:\Users\krish\Documents\BITS\mlops-project\actions-runner\_diag'
[2026-08-30 11:52:10Z INFO JobRunner] Starting the job execution context.
[2026-08-30 11:52:10Z INFO HostContext] Well known directory 'Bin': 'C:\Users\krish\Documents\BITS\mlops-project\actions-runner\bin'
[2026-08-30 11:52:10Z INFO HostContext] Well known directory 'Root': 'C:\Users\krish\Documents\BITS\mlops-project\actions-runner'
[2026-08-30 11:52:10Z INFO HostContext] Well known directory 'Work': 'C:\Users\krish\Documents\BITS\mlops-project\actions-runner\_work'
[2026-08-30 11:52:10Z INFO JobRunner] Validating directory permissions for: 'C:\Users\krish\Documents\BITS\mlops-project\actions-runner\_work'
[2026-08-30 11:52:10Z INFO HostContext] Well known directory 'Bin': 'C:\Users\krish\Documents\BITS\mlops-project\actions-runner\bin'
[2026-08-30 11:52:10Z INFO HostContext] Well known directory 'Root': 'C:\Users\krish\Documents\BITS\mlops-project\actions-runner'
[2026-08-30 11:52:10Z INFO HostContext] Well known directory 'Work': 'C:\Users\krish\Documents\BITS\mlops-project\actions-runner\_work'
[2026-08-30 11:52:10Z INFO HostContext] Well known directory 'Tools': 'C:\Users\krish\Documents\BITS\mlops-project\actions-runner\_work\_tool'
[2026-08-30 11:52:10Z INFO HostContext] Well known directory 'Bin': 'C:\Users\krish\Documents\BITS\mlops-project\actions-runner\bin'
[2026-08-30 11:52:10Z INFO HostContext] Well known directory 'Root': 'C:\Users\krish\Documents\BITS\mlops-project\actions-runner'
[2026-08-30 11:52:10Z INFO HostContext] Well known directory 'Work': 'C:\Users\krish\Documents\BITS\mlops-project\actions-runner\_work'
[2026-08-30 11:52:10Z INFO HostContext] Well known directory 'Temp': 'C:\Users\krish\Documents\BITS\mlops-project\actions-runner\_work\_temp'
[2026-08-30 11:52:11Z INFO JobServerQueue] Job timeline record has been updated for the first time.
[2026-08-30 11:52:11Z INFO JobRunner] Getting job extension.
[2026-08-30 11:52:11Z INFO JobRunner] Initialize job. Getting all job steps.
[2026-08-30 11:52:11Z INFO HostContext] Well known directory 'Bin': 'C:\Users\krish\Documents\BITS\mlops-project\actions-runner\bin'
[2026-08-30 11:52:11Z INFO HostContext] Well known directory 'Root': 'C:\Users\krish\Documents\BITS\mlops-project\actions-runner'
[2026-08-30 11:52:11Z INFO HostContext] Well known directory 'Diag': 'C:\Users\krish\Documents\BITS\mlops-project\actions-runner\_diag'
[2026-08-30 11:52:11Z INFO HostContext] Well known directory 'Bin': 'C:\Users\krish\Documents\BITS\mlops-project\actions-runner\bin'
[2026-08-30 11:52:11Z INFO HostContext] Well known directory 'Root': 'C:\Users\krish\Documents\BITS\mlops-project\actions-runner'
[2026-08-30 11:52:11Z INFO HostContext] Well known directory 'Diag': 'C:\Users\krish\Documents\BITS\mlops-project\actions-runner\_diag'
[2026-08-30 11:52:11Z INFO HostContext] Well known directory 'Bin': 'C:\Users\krish\Documents\BITS\mlops-project\actions-runner\bin'
[2026-08-30 11:52:11Z INFO HostContext] Well known directory 'Root': 'C:\Users\krish\Documents\BITS\mlops-project\actions-runner'
[2026-08-30 11:52:11Z INFO HostContext] Well known config file 'Credentials': 'C:\Users\krish\Documents\BITS\mlops-project\actions-runner\.credentials'
[2026-08-30 11:52:11Z INFO HostContext] Well known directory 'Bin': 'C:\Users\krish\Documents\BITS\mlops-project\actions-runner\bin'
[2026-08-30 11:52:11Z INFO HostContext] Well known directory 'Root': 'C:\Users\krish\Documents\BITS\mlops-project\actions-runner'
[2026-08-30 11:52:11Z INFO HostContext] Well known config file 'SetupInfo': 'C:\Users\krish\Documents\BITS\mlops-project\actions-runner\.setup_info'
[2026-08-30 11:52:11Z INFO HostContext] Well known directory 'Bin': 'C:\Users\krish\Documents\BITS\mlops-project\actions-runner\bin'
[2026-08-30 11:52:11Z INFO HostContext] Well known directory 'Root': 'C:\Users\krish\Documents\BITS\mlops-project\actions-runner'
[2026-08-30 11:52:11Z INFO HostContext] Well known directory 'Work': 'C:\Users\krish\Documents\BITS\mlops-project\actions-runner\_work'
[2026-08-30 11:52:11Z INFO PipelineDirectoryManager] Loading tracking config if exists: C:\Users\krish\Documents\BITS\mlops-project\actions-runner\_work\_PipelineMapping\2024ac05127-tech/assignment2\PipelineFolder.json
[2026-08-30 11:52:11Z INFO PipelineDirectoryManager] Updating job run properties.
[2026-08-30 11:52:11Z INFO HostContext] Well known directory 'Bin': 'C:\Users\krish\Documents\BITS\mlops-project\actions-runner\bin'
[2026-08-30 11:52:11Z INFO HostContext] Well known directory 'Root': 'C:\Users\krish\Documents\BITS\mlops-project\actions-runner'
[2026-08-30 11:52:11Z INFO HostContext] Well known directory 'Work': 'C:\Users\krish\Documents\BITS\mlops-project\actions-runner\_work'
[2026-08-30 11:52:11Z INFO HostContext] Well known directory 'Bin': 'C:\Users\krish\Documents\BITS\mlops-project\actions-runner\bin'
[2026-08-30 11:52:11Z INFO HostContext] Well known directory 'Root': 'C:\Users\krish\Documents\BITS\mlops-project\actions-runner'
[2026-08-30 11:52:11Z INFO HostContext] Well known directory 'Work': 'C:\Users\krish\Documents\BITS\mlops-project\actions-runner\_work'
[2026-08-30 11:52:11Z INFO HostContext] Well known directory 'Bin': 'C:\Users\krish\Documents\BITS\mlops-project\actions-runner\bin'
[2026-08-30 11:52:11Z INFO HostContext] Well known directory 'Root': 'C:\Users\krish\Documents\BITS\mlops-project\actions-runner'
[2026-08-30 11:52:11Z INFO HostContext] Well known directory 'Work': 'C:\Users\krish\Documents\BITS\mlops-project\actions-runner\_work'
[2026-08-30 11:52:12Z INFO JobExtension] Downloading actions
[2026-08-30 11:52:12Z INFO HostContext] Well known directory 'Bin': 'C:\Users\krish\Documents\BITS\mlops-project\actions-runner\bin'
[2026-08-30 11:52:12Z INFO HostContext] Well known directory 'Root': 'C:\Users\krish\Documents\BITS\mlops-project\actions-runner'
[2026-08-30 11:52:12Z INFO HostContext] Well known directory 'Work': 'C:\Users\krish\Documents\BITS\mlops-project\actions-runner\_work'
[2026-08-30 11:52:12Z INFO HostContext] Well known directory 'Actions': 'C:\Users\krish\Documents\BITS\mlops-project\actions-runner\_work\_actions'
[2026-08-30 11:52:13Z INFO Worker] Listening for cancel message from the channel.
[2026-08-30 11:52:13Z INFO Worker] Waiting for the job to complete or for a cancel message from the channel.
[2026-08-30 11:52:13Z INFO ResultServer] Successfully started websocket client.
[2026-08-30 11:52:13Z INFO JobServerQueue] Try to append 1 batches web console lines for record 'c06e7f3b-8d99-4dc8-bf82-b0702636d20c', success rate: 1/1.
[2026-08-30 11:52:14Z INFO JobServerQueue] Try to append 1 batches web console lines for record 'c06e7f3b-8d99-4dc8-bf82-b0702636d20c', success rate: 1/1.
[2026-08-30 11:52:15Z INFO HostContext] Well known directory 'Bin': 'C:\Users\krish\Documents\BITS\mlops-project\actions-runner\bin'
[2026-08-30 11:52:15Z INFO HostContext] Well known directory 'Root': 'C:\Users\krish\Documents\BITS\mlops-project\actions-runner'
[2026-08-30 11:52:15Z INFO HostContext] Well known directory 'Work': 'C:\Users\krish\Documents\BITS\mlops-project\actions-runner\_work'
[2026-08-30 11:52:15Z INFO HostContext] Well known directory 'Actions': 'C:\Users\krish\Documents\BITS\mlops-project\actions-runner\_work\_actions'
[2026-08-30 11:52:15Z INFO HostContext] Well known directory 'Bin': 'C:\Users\krish\Documents\BITS\mlops-project\actions-runner\bin'
[2026-08-30 11:52:15Z INFO HostContext] Well known directory 'Root': 'C:\Users\krish\Documents\BITS\mlops-project\actions-runner'
[2026-08-30 11:52:15Z INFO HostContext] Well known directory 'Work': 'C:\Users\krish\Documents\BITS\mlops-project\actions-runner\_work'
[2026-08-30 11:52:15Z INFO HostContext] Well known directory 'Actions': 'C:\Users\krish\Documents\BITS\mlops-project\actions-runner\_work\_actions'
[2026-08-30 11:52:15Z INFO ActionManager] Save archive 'https://codeload.github.com/actions/checkout/zip/11d5960a326750d5838078e36cf38b85af677262' into C:\Users\krish\Documents\BITS\mlops-project\actions-runner\_work\_actions\_temp_063447a9-fecb-45c3-bf3d-ecebbf751bb5\d8ff1804-55b1-4ce3-878a-46c4c212a140.zip.
[2026-08-30 11:52:15Z INFO ActionManager] Using Basic token for action archive download.
[2026-08-30 11:52:15Z INFO JobServerQueue] Try to append 1 batches web console lines for record 'c06e7f3b-8d99-4dc8-bf82-b0702636d20c', success rate: 1/1.
[2026-08-30 11:52:18Z INFO ActionManager] Request URL: https://codeload.github.com/actions/checkout/zip/11d5960a326750d5838078e36cf38b85af677262 X-GitHub-Request-Id: E589:39125D:33099:3D4414:6A941971 Http Status: OK
[2026-08-30 11:52:22Z INFO ActionManager] Finished getting action repository.
[2026-08-30 11:52:23Z INFO HostContext] Well known directory 'Bin': 'C:\Users\krish\Documents\BITS\mlops-project\actions-runner\bin'
[2026-08-30 11:52:23Z INFO HostContext] Well known directory 'Root': 'C:\Users\krish\Documents\BITS\mlops-project\actions-runner'
[2026-08-30 11:52:23Z INFO HostContext] Well known directory 'Work': 'C:\Users\krish\Documents\BITS\mlops-project\actions-runner\_work'
[2026-08-30 11:52:23Z INFO HostContext] Well known directory 'Actions': 'C:\Users\krish\Documents\BITS\mlops-project\actions-runner\_work\_actions'
[2026-08-30 11:52:23Z INFO ActionManifestManagerLegacy] Load schema file with definitions: [
  "null",
  "boolean",
  "number",
  "string",
  "sequence",
  "mapping",
  "any",
  "action-root",
  "inputs",
  "input",
  "outputs",
  "output-definition",
  "runs",
  "container-runs",
  "container-runs-args",
  "container-runs-env",
  "node-runs",
  "plugin-runs",
  "composite-runs",
  "composite-steps",
  "composite-step",
  "run-step",
  "uses-step",
  "container-runs-context",
  "output-value",
  "input-default-context",
  "non-empty-string",
  "string-steps-context",
  "boolean-steps-context",
  "step-env",
  "step-if",
  "step-with"
]
[2026-08-30 11:52:23Z INFO ActionManifestManager] Load schema file with definitions: [
  "null",
  "boolean",
  "number",
  "string",
  "sequence",
  "mapping",
  "any",
  "action-root",
  "inputs",
  "input",
  "outputs",
  "output-definition",
  "runs",
  "container-runs",
  "container-runs-args",
  "container-runs-env",
  "node-runs",
  "plugin-runs",
  "composite-runs",
  "composite-steps",
  "composite-step",
  "run-step",
  "uses-step",
  "container-runs-context",
  "output-value",
  "input-default-context",
  "non-empty-string",
  "string-steps-context",
  "boolean-steps-context",
  "step-env",
  "step-if",
  "step-with"
]
[2026-08-30 11:52:23Z INFO HostContext] Well known directory 'Bin': 'C:\Users\krish\Documents\BITS\mlops-project\actions-runner\bin'
[2026-08-30 11:52:23Z INFO HostContext] Well known directory 'Root': 'C:\Users\krish\Documents\BITS\mlops-project\actions-runner'
[2026-08-30 11:52:23Z INFO HostContext] Well known directory 'Work': 'C:\Users\krish\Documents\BITS\mlops-project\actions-runner\_work'
[2026-08-30 11:52:23Z INFO HostContext] Well known directory 'Actions': 'C:\Users\krish\Documents\BITS\mlops-project\actions-runner\_work\_actions'
[2026-08-30 11:52:25Z INFO ActionManifestManagerLegacy] Loaded action.yml file: {
  "name": "Checkout",
  "description": "Checkout a Git repository at a particular version",
  "inputs": {
    "type": 2,
    "map": [
      {
        "key": {
          "type": 0,
          "file": 2,
          "line": 4,
          "col": 3,
          "lit": "repository"
        },
        "value": {
          "type": 3,
          "file": 2,
          "line": 6,
          "col": 14,
          "expr": "github.repository"
        }
      },
      {
        "key": {
          "type": 0,
          "file": 2,
          "line": 7,
          "col": 3,
          "lit": "ref"
        },
        "value": ""
      },
      {
        "key": {
          "type": 0,
          "file": 2,
          "line": 12,
          "col": 3,
          "lit": "token"
        },
        "value": {
          "type": 3,
          "file": 2,
          "line": 24,
          "col": 14,
          "expr": "github.token"
        }
      },
      {
        "key": {
          "type": 0,
          "file": 2,
          "line": 25,
          "col": 3,
          "lit": "ssh-key"
        },
        "value": ""
      },
      {
        "key": {
          "type": 0,
          "file": 2,
          "line": 37,
          "col": 3,
          "lit": "ssh-known-hosts"
        },
        "value": ""
      },
      {
        "key": {
          "type": 0,
          "file": 2,
          "line": 42,
          "col": 3,
          "lit": "ssh-strict"
        },
        "value": {
          "type": 0,
          "file": 2,
          "line": 47,
          "col": 14,
          "lit": "true"
        }
      },
      {
        "key": {
          "type": 0,
          "file": 2,
          "line": 48,
          "col": 3,
          "lit": "ssh-user"
        },
        "value": {
          "type": 0,
          "file": 2,
          "line": 51,
          "col": 14,
          "lit": "git"
        }
      },
      {
        "key": {
          "type": 0,
          "file": 2,
          "line": 52,
          "col": 3,
          "lit": "persist-credentials"
        },
        "value": {
          "type": 0,
          "file": 2,
          "line": 54,
          "col": 14,
          "lit": "true"
        }
      },
      {
        "key": {
          "type": 0,
          "file": 2,
          "line": 55,
          "col": 3,
          "lit": "path"
        },
        "value": ""
      },
      {
        "key": {
          "type": 0,
          "file": 2,
          "line": 57,
          "col": 3,
          "lit": "clean"
        },
        "value": {
          "type": 0,
          "file": 2,
          "line": 59,
          "col": 14,
          "lit": "true"
        }
      },
      {
        "key": {
          "type": 0,
          "file": 2,
          "line": 60,
          "col": 3,
          "lit": "filter"
        },
        "value": {
          "type": 0,
          "file": 2,
          "line": 64,
          "col": 14,
          "lit": ""
        }
      },
      {
        "key": {
          "type": 0,
          "file": 2,
          "line": 65,
          "col": 3,
          "lit": "sparse-checkout"
        },
        "value": {
          "type": 0,
          "file": 2,
          "line": 69,
          "col": 14,
          "lit": ""
        }
      },
      {
        "key": {
          "type": 0,
          "file": 2,
          "line": 70,
          "col": 3,
          "lit": "sparse-checkout-cone-mode"
        },
        "value": {
          "type": 0,
          "file": 2,
          "line": 73,
          "col": 14,
          "lit": "true"
        }
      },
      {
        "key": {
          "type": 0,
          "file": 2,
          "line": 74,
          "col": 3,
          "lit": "fetch-depth"
        },
        "value": {
          "type": 0,
          "file": 2,
          "line": 76,
          "col": 14,
          "lit": "1"
        }
      },
      {
        "key": {
          "type": 0,
          "file": 2,
          "line": 77,
          "col": 3,
          "lit": "fetch-tags"
        },
        "value": {
          "type": 0,
          "file": 2,
          "line": 79,
          "col": 14,
          "lit": "false"
        }
      },
      {
        "key": {
          "type": 0,
          "file": 2,
          "line": 80,
          "col": 3,
          "lit": "show-progress"
        },
        "value": {
          "type": 0,
          "file": 2,
          "line": 82,
          "col": 14,
          "lit": "true"
        }
      },
      {
        "key": {
          "type": 0,
          "file": 2,
          "line": 83,
          "col": 3,
          "lit": "lfs"
        },
        "value": {
          "type": 0,
          "file": 2,
          "line": 85,
          "col": 14,
          "lit": "false"
        }
      },
      {
        "key": {
          "type": 0,
          "file": 2,
          "line": 86,
          "col": 3,
          "lit": "submodules"
        },
        "value": {
          "type": 0,
          "file": 2,
          "line": 94,
          "col": 14,
          "lit": "false"
        }
      },
      {
        "key": {
          "type": 0,
          "file": 2,
          "line": 95,
          "col": 3,
          "lit": "set-safe-directory"
        },
        "value": {
          "type": 0,
          "file": 2,
          "line": 97,
          "col": 14,
          "lit": "true"
        }
      },
      {
        "key": {
          "type": 0,
          "file": 2,
          "line": 98,
          "col": 3,
          "lit": "github-server-url"
        },
        "value": ""
      },
      {
        "key": {
          "type": 0,
          "file": 2,
          "line": 101,
          "col": 3,
          "lit": "allow-unsafe-pr-checkout"
        },
        "value": {
          "type": 0,
          "file": 2,
          "line": 109,
          "col": 14,
          "lit": "false"
        }
      }
    ]
  },
  "execution": {
    "executionType": "nodeJS",
    "hasPre": false,
    "hasPost": true,
    "script": "dist/index.js",
    "pre": null,
    "post": "dist/index.js",
    "nodeVersion": "node20",
    "cleanupCondition": "always()",
    "initCondition": "always()"
  },
  "deprecated": null
}
[2026-08-30 11:52:25Z INFO ActionManager] Action node.js file: dist/index.js, no more preparation.
[2026-08-30 11:52:25Z INFO HostContext] Well known directory 'Bin': 'C:\Users\krish\Documents\BITS\mlops-project\actions-runner\bin'
[2026-08-30 11:52:25Z INFO HostContext] Well known directory 'Root': 'C:\Users\krish\Documents\BITS\mlops-project\actions-runner'
[2026-08-30 11:52:25Z INFO HostContext] Well known directory 'Work': 'C:\Users\krish\Documents\BITS\mlops-project\actions-runner\_work'
[2026-08-30 11:52:25Z INFO HostContext] Well known directory 'Actions': 'C:\Users\krish\Documents\BITS\mlops-project\actions-runner\_work\_actions'
[2026-08-30 11:52:25Z INFO ActionManager] Load action that reference repository from 'C:\Users\krish\Documents\BITS\mlops-project\actions-runner\_work\_actions\actions\checkout\v4'
[2026-08-30 11:52:25Z INFO HostContext] Well known directory 'Bin': 'C:\Users\krish\Documents\BITS\mlops-project\actions-runner\bin'
[2026-08-30 11:52:25Z INFO HostContext] Well known directory 'Root': 'C:\Users\krish\Documents\BITS\mlops-project\actions-runner'
[2026-08-30 11:52:25Z INFO HostContext] Well known directory 'Work': 'C:\Users\krish\Documents\BITS\mlops-project\actions-runner\_work'
[2026-08-30 11:52:25Z INFO HostContext] Well known directory 'Actions': 'C:\Users\krish\Documents\BITS\mlops-project\actions-runner\_work\_actions'
[2026-08-30 11:52:25Z INFO ActionManifestManagerLegacy] Loaded action.yml file: {
  "name": "Checkout",
  "description": "Checkout a Git repository at a particular version",
  "inputs": {
    "type": 2,
    "map": [
      {
        "key": {
          "type": 0,
          "file": 2,
          "line": 4,
          "col": 3,
          "lit": "repository"
        },
        "value": {
          "type": 3,
          "file": 2,
          "line": 6,
          "col": 14,
          "expr": "github.repository"
        }
      },
      {
        "key": {
          "type": 0,
          "file": 2,
          "line": 7,
          "col": 3,
          "lit": "ref"
        },
        "value": ""
      },
      {
        "key": {
          "type": 0,
          "file": 2,
          "line": 12,
          "col": 3,
          "lit": "token"
        },
        "value": {
          "type": 3,
          "file": 2,
          "line": 24,
          "col": 14,
          "expr": "github.token"
        }
      },
      {
        "key": {
          "type": 0,
          "file": 2,
          "line": 25,
          "col": 3,
          "lit": "ssh-key"
        },
        "value": ""
      },
      {
        "key": {
          "type": 0,
          "file": 2,
          "line": 37,
          "col": 3,
          "lit": "ssh-known-hosts"
        },
        "value": ""
      },
      {
        "key": {
          "type": 0,
          "file": 2,
          "line": 42,
          "col": 3,
          "lit": "ssh-strict"
        },
        "value": {
          "type": 0,
          "file": 2,
          "line": 47,
          "col": 14,
          "lit": "true"
        }
      },
      {
        "key": {
          "type": 0,
          "file": 2,
          "line": 48,
          "col": 3,
          "lit": "ssh-user"
        },
        "value": {
          "type": 0,
          "file": 2,
          "line": 51,
          "col": 14,
          "lit": "git"
        }
      },
      {
        "key": {
          "type": 0,
          "file": 2,
          "line": 52,
          "col": 3,
          "lit": "persist-credentials"
        },
        "value": {
          "type": 0,
          "file": 2,
          "line": 54,
          "col": 14,
          "lit": "true"
        }
      },
      {
        "key": {
          "type": 0,
          "file": 2,
          "line": 55,
          "col": 3,
          "lit": "path"
        },
        "value": ""
      },
      {
        "key": {
          "type": 0,
          "file": 2,
          "line": 57,
          "col": 3,
          "lit": "clean"
        },
        "value": {
          "type": 0,
          "file": 2,
          "line": 59,
          "col": 14,
          "lit": "true"
        }
      },
      {
        "key": {
          "type": 0,
          "file": 2,
          "line": 60,
          "col": 3,
          "lit": "filter"
        },
        "value": {
          "type": 0,
          "file": 2,
          "line": 64,
          "col": 14,
          "lit": ""
        }
      },
      {
        "key": {
          "type": 0,
          "file": 2,
          "line": 65,
          "col": 3,
          "lit": "sparse-checkout"
        },
        "value": {
          "type": 0,
          "file": 2,
          "line": 69,
          "col": 14,
          "lit": ""
        }
      },
      {
        "key": {
          "type": 0,
          "file": 2,
          "line": 70,
          "col": 3,
          "lit": "sparse-checkout-cone-mode"
        },
        "value": {
          "type": 0,
          "file": 2,
          "line": 73,
          "col": 14,
          "lit": "true"
        }
      },
      {
        "key": {
          "type": 0,
          "file": 2,
          "line": 74,
          "col": 3,
          "lit": "fetch-depth"
        },
        "value": {
          "type": 0,
          "file": 2,
          "line": 76,
          "col": 14,
          "lit": "1"
        }
      },
      {
        "key": {
          "type": 0,
          "file": 2,
          "line": 77,
          "col": 3,
          "lit": "fetch-tags"
        },
        "value": {
          "type": 0,
          "file": 2,
          "line": 79,
          "col": 14,
          "lit": "false"
        }
      },
      {
        "key": {
          "type": 0,
          "file": 2,
          "line": 80,
          "col": 3,
          "lit": "show-progress"
        },
        "value": {
          "type": 0,
          "file": 2,
          "line": 82,
          "col": 14,
          "lit": "true"
        }
      },
      {
        "key": {
          "type": 0,
          "file": 2,
          "line": 83,
          "col": 3,
          "lit": "lfs"
        },
        "value": {
          "type": 0,
          "file": 2,
          "line": 85,
          "col": 14,
          "lit": "false"
        }
      },
      {
        "key": {
          "type": 0,
          "file": 2,
          "line": 86,
          "col": 3,
          "lit": "submodules"
        },
        "value": {
          "type": 0,
          "file": 2,
          "line": 94,
          "col": 14,
          "lit": "false"
        }
      },
      {
        "key": {
          "type": 0,
          "file": 2,
          "line": 95,
          "col": 3,
          "lit": "set-safe-directory"
        },
        "value": {
          "type": 0,
          "file": 2,
          "line": 97,
          "col": 14,
          "lit": "true"
        }
      },
      {
        "key": {
          "type": 0,
          "file": 2,
          "line": 98,
          "col": 3,
          "lit": "github-server-url"
        },
        "value": ""
      },
      {
        "key": {
          "type": 0,
          "file": 2,
          "line": 101,
          "col": 3,
          "lit": "allow-unsafe-pr-checkout"
        },
        "value": {
          "type": 0,
          "file": 2,
          "line": 109,
          "col": 14,
          "lit": "false"
        }
      }
    ]
  },
  "execution": {
    "executionType": "nodeJS",
    "hasPre": false,
    "hasPost": true,
    "script": "dist/index.js",
    "pre": null,
    "post": "dist/index.js",
    "nodeVersion": "node20",
    "cleanupCondition": "always()",
    "initCondition": "always()"
  },
  "deprecated": null
}
[2026-08-30 11:52:25Z INFO ActionManager] Action pre node.js file: N/A.
[2026-08-30 11:52:25Z INFO ActionManager] Action node.js file: dist/index.js.
[2026-08-30 11:52:25Z INFO ActionManager] Action post node.js file: dist/index.js.
[2026-08-30 11:52:25Z INFO JobExtension] Adding .
[2026-08-30 11:52:25Z INFO JobExtension] Adding .
[2026-08-30 11:52:25Z INFO JobExtension] Adding .
[2026-08-30 11:52:25Z INFO JobExtension] Adding .
[2026-08-30 11:52:25Z INFO JobExtension] Adding .
[2026-08-30 11:52:25Z INFO JobExtension] Adding .
[2026-08-30 11:52:25Z INFO JobExtension] Adding .
[2026-08-30 11:52:25Z INFO HostContext] Well known directory 'Bin': 'C:\Users\krish\Documents\BITS\mlops-project\actions-runner\bin'
[2026-08-30 11:52:25Z INFO HostContext] Well known directory 'Root': 'C:\Users\krish\Documents\BITS\mlops-project\actions-runner'
[2026-08-30 11:52:25Z INFO HostContext] Well known directory 'Diag': 'C:\Users\krish\Documents\BITS\mlops-project\actions-runner\_diag'
[2026-08-30 11:52:25Z INFO HostContext] Well known directory 'Bin': 'C:\Users\krish\Documents\BITS\mlops-project\actions-runner\bin'
[2026-08-30 11:52:25Z INFO HostContext] Well known directory 'Root': 'C:\Users\krish\Documents\BITS\mlops-project\actions-runner'
[2026-08-30 11:52:25Z INFO HostContext] Well known directory 'Diag': 'C:\Users\krish\Documents\BITS\mlops-project\actions-runner\_diag'
[2026-08-30 11:52:25Z INFO HostContext] Well known directory 'Bin': 'C:\Users\krish\Documents\BITS\mlops-project\actions-runner\bin'
[2026-08-30 11:52:25Z INFO HostContext] Well known directory 'Root': 'C:\Users\krish\Documents\BITS\mlops-project\actions-runner'
[2026-08-30 11:52:25Z INFO HostContext] Well known directory 'Diag': 'C:\Users\krish\Documents\BITS\mlops-project\actions-runner\_diag'
[2026-08-30 11:52:25Z INFO HostContext] Well known directory 'Bin': 'C:\Users\krish\Documents\BITS\mlops-project\actions-runner\bin'
[2026-08-30 11:52:25Z INFO HostContext] Well known directory 'Root': 'C:\Users\krish\Documents\BITS\mlops-project\actions-runner'
[2026-08-30 11:52:25Z INFO HostContext] Well known directory 'Diag': 'C:\Users\krish\Documents\BITS\mlops-project\actions-runner\_diag'
[2026-08-30 11:52:25Z INFO HostContext] Well known directory 'Bin': 'C:\Users\krish\Documents\BITS\mlops-project\actions-runner\bin'
[2026-08-30 11:52:25Z INFO HostContext] Well known directory 'Root': 'C:\Users\krish\Documents\BITS\mlops-project\actions-runner'
[2026-08-30 11:52:25Z INFO HostContext] Well known directory 'Diag': 'C:\Users\krish\Documents\BITS\mlops-project\actions-runner\_diag'
[2026-08-30 11:52:25Z INFO HostContext] Well known directory 'Bin': 'C:\Users\krish\Documents\BITS\mlops-project\actions-runner\bin'
[2026-08-30 11:52:25Z INFO HostContext] Well known directory 'Root': 'C:\Users\krish\Documents\BITS\mlops-project\actions-runner'
[2026-08-30 11:52:25Z INFO HostContext] Well known directory 'Diag': 'C:\Users\krish\Documents\BITS\mlops-project\actions-runner\_diag'
[2026-08-30 11:52:25Z INFO HostContext] Well known directory 'Bin': 'C:\Users\krish\Documents\BITS\mlops-project\actions-runner\bin'
[2026-08-30 11:52:25Z INFO HostContext] Well known directory 'Root': 'C:\Users\krish\Documents\BITS\mlops-project\actions-runner'
[2026-08-30 11:52:25Z INFO HostContext] Well known directory 'Diag': 'C:\Users\krish\Documents\BITS\mlops-project\actions-runner\_diag'
[2026-08-30 11:52:25Z INFO HostContext] Well known directory 'Bin': 'C:\Users\krish\Documents\BITS\mlops-project\actions-runner\bin'
[2026-08-30 11:52:25Z INFO HostContext] Well known directory 'Root': 'C:\Users\krish\Documents\BITS\mlops-project\actions-runner'
[2026-08-30 11:52:25Z INFO HostContext] Well known directory 'Diag': 'C:\Users\krish\Documents\BITS\mlops-project\actions-runner\_diag'
[2026-08-30 11:52:25Z INFO HostContext] Well known directory 'Bin': 'C:\Users\krish\Documents\BITS\mlops-project\actions-runner\bin'
[2026-08-30 11:52:25Z INFO HostContext] Well known directory 'Root': 'C:\Users\krish\Documents\BITS\mlops-project\actions-runner'
[2026-08-30 11:52:25Z INFO HostContext] Well known directory 'Diag': 'C:\Users\krish\Documents\BITS\mlops-project\actions-runner\_diag'
[2026-08-30 11:52:25Z INFO HostContext] Well known directory 'Bin': 'C:\Users\krish\Documents\BITS\mlops-project\actions-runner\bin'
[2026-08-30 11:52:25Z INFO HostContext] Well known directory 'Root': 'C:\Users\krish\Documents\BITS\mlops-project\actions-runner'
[2026-08-30 11:52:25Z INFO HostContext] Well known directory 'Diag': 'C:\Users\krish\Documents\BITS\mlops-project\actions-runner\_diag'
[2026-08-30 11:52:25Z INFO HostContext] Well known directory 'Bin': 'C:\Users\krish\Documents\BITS\mlops-project\actions-runner\bin'
[2026-08-30 11:52:25Z INFO HostContext] Well known directory 'Root': 'C:\Users\krish\Documents\BITS\mlops-project\actions-runner'
[2026-08-30 11:52:25Z INFO JobServerQueue] Try to append 1 batches web console lines for record 'c06e7f3b-8d99-4dc8-bf82-b0702636d20c', success rate: 1/1.
[2026-08-30 11:52:25Z INFO HostContext] Well known directory 'Diag': 'C:\Users\krish\Documents\BITS\mlops-project\actions-runner\_diag'
[2026-08-30 11:52:25Z INFO HostContext] Well known directory 'Bin': 'C:\Users\krish\Documents\BITS\mlops-project\actions-runner\bin'
[2026-08-30 11:52:25Z INFO HostContext] Well known directory 'Root': 'C:\Users\krish\Documents\BITS\mlops-project\actions-runner'
[2026-08-30 11:52:25Z INFO HostContext] Well known directory 'Diag': 'C:\Users\krish\Documents\BITS\mlops-project\actions-runner\_diag'
[2026-08-30 11:52:25Z INFO HostContext] Well known directory 'Bin': 'C:\Users\krish\Documents\BITS\mlops-project\actions-runner\bin'
[2026-08-30 11:52:25Z INFO HostContext] Well known directory 'Root': 'C:\Users\krish\Documents\BITS\mlops-project\actions-runner'
[2026-08-30 11:52:25Z INFO HostContext] Well known directory 'Diag': 'C:\Users\krish\Documents\BITS\mlops-project\actions-runner\_diag'
[2026-08-30 11:52:25Z INFO HostContext] Well known directory 'Bin': 'C:\Users\krish\Documents\BITS\mlops-project\actions-runner\bin'
[2026-08-30 11:52:25Z INFO HostContext] Well known directory 'Root': 'C:\Users\krish\Documents\BITS\mlops-project\actions-runner'
[2026-08-30 11:52:25Z INFO HostContext] Well known directory 'Diag': 'C:\Users\krish\Documents\BITS\mlops-project\actions-runner\_diag'
[2026-08-30 11:52:25Z INFO JobExtension] Total accessible running process: 301.
[2026-08-30 11:52:26Z INFO HostContext] Well known directory 'Bin': 'C:\Users\krish\Documents\BITS\mlops-project\actions-runner\bin'
[2026-08-30 11:52:26Z INFO HostContext] Well known directory 'Root': 'C:\Users\krish\Documents\BITS\mlops-project\actions-runner'
[2026-08-30 11:52:26Z INFO HostContext] Well known directory 'Work': 'C:\Users\krish\Documents\BITS\mlops-project\actions-runner\_work'
[2026-08-30 11:52:26Z INFO JobExtension] Start checking server connectivity.
[2026-08-30 11:52:26Z INFO JobExtension] Check server connectivity for https://broker.actions.githubusercontent.com/health.
[2026-08-30 11:52:26Z INFO JobExtension] Check server connectivity for https://token.actions.githubusercontent.com/ready.
[2026-08-30 11:52:26Z INFO JobExtension] Check server connectivity for https://run.actions.githubusercontent.com/health.
[2026-08-30 11:52:26Z INFO JobExtension] Start checking service connectivity in background.
[2026-08-30 11:52:26Z INFO ExecutionContext] Publish step telemetry for current step {
  "action": "setup_job",
  "type": "runner",
  "stage": "Pre",
  "stepId": "c06e7f3b-8d99-4dc8-bf82-b0702636d20c",
  "result": "succeeded",
  "errorMessages": [],
  "executionTimeInSeconds": 15,
  "startTime": "2026-08-30T11:52:11.7199548Z",
  "finishTime": "2026-08-30T11:52:26.2055689Z"
}.
[2026-08-30 11:52:26Z INFO JobRunner] Total job steps: 7.
[2026-08-30 11:52:26Z INFO JobRunner] Run all job steps.
[2026-08-30 11:52:26Z INFO DapDebugger] DapDebugger initialized
[2026-08-30 11:52:26Z INFO StepsRunner] Processing step: DisplayName='Checkout repository'
[2026-08-30 11:52:26Z INFO StepsRunner] Evaluating: success()
[2026-08-30 11:52:26Z INFO StepsRunner] Result: true
[2026-08-30 11:52:26Z INFO StepsRunner] Starting the step.
[2026-08-30 11:52:26Z INFO HostContext] Well known directory 'Bin': 'C:\Users\krish\Documents\BITS\mlops-project\actions-runner\bin'
[2026-08-30 11:52:26Z INFO HostContext] Well known directory 'Root': 'C:\Users\krish\Documents\BITS\mlops-project\actions-runner'
[2026-08-30 11:52:26Z INFO HostContext] Well known directory 'Work': 'C:\Users\krish\Documents\BITS\mlops-project\actions-runner\_work'
[2026-08-30 11:52:26Z INFO StepsRunner] Which2: 'chcp'
[2026-08-30 11:52:26Z INFO StepsRunner] Location: 'C:\WINDOWS\system32\chcp.COM'
[2026-08-30 11:52:27Z INFO JobServerQueue] Got a step log file to send to results service.
[2026-08-30 11:52:27Z INFO JobServerQueue] Starting upload of step log file to results service ResultsLog, C:\Users\krish\Documents\BITS\mlops-project\actions-runner\_diag\blocks\24f57b02-4e04-425a-ad5f-5ef0099f9ecc_c06e7f3b-8d99-4dc8-bf82-b0702636d20c.1
[2026-08-30 11:52:27Z INFO ProcessInvokerWrapper] Starting process:
[2026-08-30 11:52:27Z INFO ProcessInvokerWrapper]   File name: 'C:\WINDOWS\system32\chcp.COM'
[2026-08-30 11:52:27Z INFO ProcessInvokerWrapper]   Arguments: '65001'
[2026-08-30 11:52:27Z INFO ProcessInvokerWrapper]   Working directory: 'C:\Users\krish\Documents\BITS\mlops-project\actions-runner\_work'
[2026-08-30 11:52:27Z INFO ProcessInvokerWrapper]   Require exit code zero: 'False'
[2026-08-30 11:52:27Z INFO ProcessInvokerWrapper]   Encoding web name:  ; code page: ''
[2026-08-30 11:52:27Z INFO ProcessInvokerWrapper]   Force kill process on cancellation: 'False'
[2026-08-30 11:52:27Z INFO ProcessInvokerWrapper]   Redirected STDIN: 'False'
[2026-08-30 11:52:27Z INFO ProcessInvokerWrapper]   Persist current code page: 'True'
[2026-08-30 11:52:27Z INFO ProcessInvokerWrapper]   Keep redirected STDIN open: 'False'
[2026-08-30 11:52:27Z INFO ProcessInvokerWrapper]   High priority process: 'False'
[2026-08-30 11:52:27Z INFO JobServerQueue] Try to upload 1 log files or attachments, success rate: 1/1.
[2026-08-30 11:52:27Z INFO ProcessInvokerWrapper] Process started with process id 6716, waiting for process exit.
[2026-08-30 11:52:29Z INFO ProcessInvokerWrapper] STDOUT/STDERR stream read finished.
[2026-08-30 11:52:29Z INFO ProcessInvokerWrapper] STDOUT/STDERR stream read finished.
[2026-08-30 11:52:29Z INFO ProcessInvokerWrapper] Finished process 6716 with exit code 0, and elapsed time 00:00:02.7480985.
[2026-08-30 11:52:29Z INFO StepsRunner] Successfully returned to code page 65001 (UTF8)
[2026-08-30 11:52:29Z INFO HostContext] Well known directory 'Bin': 'C:\Users\krish\Documents\BITS\mlops-project\actions-runner\bin'
[2026-08-30 11:52:29Z INFO HostContext] Well known directory 'Root': 'C:\Users\krish\Documents\BITS\mlops-project\actions-runner'
[2026-08-30 11:52:29Z INFO HostContext] Well known directory 'Work': 'C:\Users\krish\Documents\BITS\mlops-project\actions-runner\_work'
[2026-08-30 11:52:29Z INFO HostContext] Well known directory 'Actions': 'C:\Users\krish\Documents\BITS\mlops-project\actions-runner\_work\_actions'
[2026-08-30 11:52:29Z INFO ActionManager] Load action that reference repository from 'C:\Users\krish\Documents\BITS\mlops-project\actions-runner\_work\_actions\actions\checkout\v4'
[2026-08-30 11:52:29Z INFO HostContext] Well known directory 'Bin': 'C:\Users\krish\Documents\BITS\mlops-project\actions-runner\bin'
[2026-08-30 11:52:29Z INFO HostContext] Well known directory 'Root': 'C:\Users\krish\Documents\BITS\mlops-project\actions-runner'
[2026-08-30 11:52:29Z INFO HostContext] Well known directory 'Work': 'C:\Users\krish\Documents\BITS\mlops-project\actions-runner\_work'
[2026-08-30 11:52:29Z INFO HostContext] Well known directory 'Actions': 'C:\Users\krish\Documents\BITS\mlops-project\actions-runner\_work\_actions'
[2026-08-30 11:52:30Z INFO ActionManifestManagerLegacy] Loaded action.yml file: {
  "name": "Checkout",
  "description": "Checkout a Git repository at a particular version",
  "inputs": {
    "type": 2,
    "map": [
      {
        "key": {
          "type": 0,
          "file": 2,
          "line": 4,
          "col": 3,
          "lit": "repository"
        },
        "value": {
          "type": 3,
          "file": 2,
          "line": 6,
          "col": 14,
          "expr": "github.repository"
        }
      },
      {
        "key": {
          "type": 0,
          "file": 2,
          "line": 7,
          "col": 3,
          "lit": "ref"
        },
        "value": ""
      },
      {
        "key": {
          "type": 0,
          "file": 2,
          "line": 12,
          "col": 3,
          "lit": "token"
        },
        "value": {
          "type": 3,
          "file": 2,
          "line": 24,
          "col": 14,
          "expr": "github.token"
        }
      },
      {
        "key": {
          "type": 0,
          "file": 2,
          "line": 25,
          "col": 3,
          "lit": "ssh-key"
        },
        "value": ""
      },
      {
        "key": {
          "type": 0,
          "file": 2,
          "line": 37,
          "col": 3,
          "lit": "ssh-known-hosts"
        },
        "value": ""
      },
      {
        "key": {
          "type": 0,
          "file": 2,
          "line": 42,
          "col": 3,
          "lit": "ssh-strict"
        },
        "value": {
          "type": 0,
          "file": 2,
          "line": 47,
          "col": 14,
          "lit": "true"
        }
      },
      {
        "key": {
          "type": 0,
          "file": 2,
          "line": 48,
          "col": 3,
          "lit": "ssh-user"
        },
        "value": {
          "type": 0,
          "file": 2,
          "line": 51,
          "col": 14,
          "lit": "git"
        }
      },
      {
        "key": {
          "type": 0,
          "file": 2,
          "line": 52,
          "col": 3,
          "lit": "persist-credentials"
        },
        "value": {
          "type": 0,
          "file": 2,
          "line": 54,
          "col": 14,
          "lit": "true"
        }
      },
      {
        "key": {
          "type": 0,
          "file": 2,
          "line": 55,
          "col": 3,
          "lit": "path"
        },
        "value": ""
      },
      {
        "key": {
          "type": 0,
          "file": 2,
          "line": 57,
          "col": 3,
          "lit": "clean"
        },
        "value": {
          "type": 0,
          "file": 2,
          "line": 59,
          "col": 14,
          "lit": "true"
        }
      },
      {
        "key": {
          "type": 0,
          "file": 2,
          "line": 60,
          "col": 3,
          "lit": "filter"
        },
        "value": {
          "type": 0,
          "file": 2,
          "line": 64,
          "col": 14,
          "lit": ""
        }
      },
      {
        "key": {
          "type": 0,
          "file": 2,
          "line": 65,
          "col": 3,
          "lit": "sparse-checkout"
        },
        "value": {
          "type": 0,
          "file": 2,
          "line": 69,
          "col": 14,
          "lit": ""
        }
      },
      {
        "key": {
          "type": 0,
          "file": 2,
          "line": 70,
          "col": 3,
          "lit": "sparse-checkout-cone-mode"
        },
        "value": {
          "type": 0,
          "file": 2,
          "line": 73,
          "col": 14,
          "lit": "true"
        }
      },
      {
        "key": {
          "type": 0,
          "file": 2,
          "line": 74,
          "col": 3,
          "lit": "fetch-depth"
        },
        "value": {
          "type": 0,
          "file": 2,
          "line": 76,
          "col": 14,
          "lit": "1"
        }
      },
      {
        "key": {
          "type": 0,
          "file": 2,
          "line": 77,
          "col": 3,
          "lit": "fetch-tags"
        },
        "value": {
          "type": 0,
          "file": 2,
          "line": 79,
          "col": 14,
          "lit": "false"
        }
      },
      {
        "key": {
          "type": 0,
          "file": 2,
          "line": 80,
          "col": 3,
          "lit": "show-progress"
        },
        "value": {
          "type": 0,
          "file": 2,
          "line": 82,
          "col": 14,
          "lit": "true"
        }
      },
      {
        "key": {
          "type": 0,
          "file": 2,
          "line": 83,
          "col": 3,
          "lit": "lfs"
        },
        "value": {
          "type": 0,
          "file": 2,
          "line": 85,
          "col": 14,
          "lit": "false"
        }
      },
      {
        "key": {
          "type": 0,
          "file": 2,
          "line": 86,
          "col": 3,
          "lit": "submodules"
        },
        "value": {
          "type": 0,
          "file": 2,
          "line": 94,
          "col": 14,
          "lit": "false"
        }
      },
      {
        "key": {
          "type": 0,
          "file": 2,
          "line": 95,
          "col": 3,
          "lit": "set-safe-directory"
        },
        "value": {
          "type": 0,
          "file": 2,
          "line": 97,
          "col": 14,
          "lit": "true"
        }
      },
      {
        "key": {
          "type": 0,
          "file": 2,
          "line": 98,
          "col": 3,
          "lit": "github-server-url"
        },
        "value": ""
      },
      {
        "key": {
          "type": 0,
          "file": 2,
          "line": 101,
          "col": 3,
          "lit": "allow-unsafe-pr-checkout"
        },
        "value": {
          "type": 0,
          "file": 2,
          "line": 109,
          "col": 14,
          "lit": "false"
        }
      }
    ]
  },
  "execution": {
    "executionType": "nodeJS",
    "hasPre": false,
    "hasPost": true,
    "script": "dist/index.js",
    "pre": null,
    "post": "dist/index.js",
    "nodeVersion": "node20",
    "cleanupCondition": "always()",
    "initCondition": "always()"
  },
  "deprecated": null
}
[2026-08-30 11:52:30Z INFO ActionManager] Action pre node.js file: N/A.
[2026-08-30 11:52:30Z INFO ActionManager] Action node.js file: dist/index.js.
[2026-08-30 11:52:30Z INFO ActionManager] Action post node.js file: dist/index.js.
[2026-08-30 11:52:30Z INFO ExecutionContext] Reserve record order 9 to 16 for post job actions.
[2026-08-30 11:52:30Z INFO HostContext] Well known directory 'Bin': 'C:\Users\krish\Documents\BITS\mlops-project\actions-runner\bin'
[2026-08-30 11:52:30Z INFO HostContext] Well known directory 'Root': 'C:\Users\krish\Documents\BITS\mlops-project\actions-runner'
[2026-08-30 11:52:30Z INFO HostContext] Well known directory 'Diag': 'C:\Users\krish\Documents\BITS\mlops-project\actions-runner\_diag'
[2026-08-30 11:52:30Z INFO HostContext] Well known directory 'Bin': 'C:\Users\krish\Documents\BITS\mlops-project\actions-runner\bin'
[2026-08-30 11:52:30Z INFO HostContext] Well known directory 'Root': 'C:\Users\krish\Documents\BITS\mlops-project\actions-runner'
[2026-08-30 11:52:30Z INFO HostContext] Well known directory 'Diag': 'C:\Users\krish\Documents\BITS\mlops-project\actions-runner\_diag'
[2026-08-30 11:52:30Z INFO HostContext] Well known directory 'Bin': 'C:\Users\krish\Documents\BITS\mlops-project\actions-runner\bin'
[2026-08-30 11:52:30Z INFO HostContext] Well known directory 'Root': 'C:\Users\krish\Documents\BITS\mlops-project\actions-runner'
[2026-08-30 11:52:30Z INFO HostContext] Well known directory 'Work': 'C:\Users\krish\Documents\BITS\mlops-project\actions-runner\_work'
[2026-08-30 11:52:30Z INFO HostContext] Well known directory 'Temp': 'C:\Users\krish\Documents\BITS\mlops-project\actions-runner\_work\_temp'
[2026-08-30 11:52:30Z INFO ExecutionContext] Write event payload to C:\Users\krish\Documents\BITS\mlops-project\actions-runner\_work\_temp\_github_workflow\event.json
[2026-08-30 11:52:30Z INFO HostContext] Well known directory 'Bin': 'C:\Users\krish\Documents\BITS\mlops-project\actions-runner\bin'
[2026-08-30 11:52:30Z INFO HostContext] Well known directory 'Root': 'C:\Users\krish\Documents\BITS\mlops-project\actions-runner'
[2026-08-30 11:52:30Z INFO HostContext] Well known directory 'Work': 'C:\Users\krish\Documents\BITS\mlops-project\actions-runner\_work'
[2026-08-30 11:52:30Z INFO HostContext] Well known directory 'Temp': 'C:\Users\krish\Documents\BITS\mlops-project\actions-runner\_work\_temp'
[2026-08-30 11:52:30Z INFO ExtensionManager] Getting extensions for interface: 'GitHub.Runner.Worker.IFileCommandExtension'
[2026-08-30 11:52:30Z INFO ExtensionManager] Creating instance: GitHub.Runner.Worker.AddPathFileCommand, Runner.Worker
[2026-08-30 11:52:30Z INFO ExtensionManager] Creating instance: GitHub.Runner.Worker.SetEnvFileCommand, Runner.Worker
[2026-08-30 11:52:30Z INFO ExtensionManager] Creating instance: GitHub.Runner.Worker.CreateStepSummaryCommand, Runner.Worker
[2026-08-30 11:52:30Z INFO ExtensionManager] Creating instance: GitHub.Runner.Worker.SaveStateFileCommand, Runner.Worker
[2026-08-30 11:52:30Z INFO ExtensionManager] Creating instance: GitHub.Runner.Worker.SetOutputFileCommand, Runner.Worker
[2026-08-30 11:52:30Z INFO ExtensionManager] Creating instance: GitHub.Runner.Worker.CreateArtifactsFileCommand, Runner.Worker
[2026-08-30 11:52:30Z INFO ExtensionManager] Creating instance: GitHub.Runner.Worker.ArtifactsListFileCommand, Runner.Worker
[2026-08-30 11:52:30Z INFO ActionManifestManagerLegacy] Input 'repository': default value evaluate result: {
  "type": 0,
  "file": 2,
  "line": 6,
  "col": 14,
  "lit": "2024ac05127-tech/assignment2"
}
[2026-08-30 11:52:30Z INFO ActionManifestManagerLegacy] Input 'ref': default value evaluate result: ""
[2026-08-30 11:52:30Z INFO ActionManifestManagerLegacy] Input 'token': default value evaluate result: {
  "type": 0,
  "file": 2,
  "line": 24,
  "col": 14,
  "lit": "***"
}
[2026-08-30 11:52:30Z INFO ActionManifestManagerLegacy] Input 'ssh-key': default value evaluate result: ""
[2026-08-30 11:52:30Z INFO ActionManifestManagerLegacy] Input 'ssh-known-hosts': default value evaluate result: ""
[2026-08-30 11:52:30Z INFO ActionManifestManagerLegacy] Input 'ssh-strict': default value evaluate result: {
  "type": 0,
  "file": 2,
  "line": 47,
  "col": 14,
  "lit": "true"
}
[2026-08-30 11:52:30Z INFO ActionManifestManagerLegacy] Input 'ssh-user': default value evaluate result: {
  "type": 0,
  "file": 2,
  "line": 51,
  "col": 14,
  "lit": "git"
}
[2026-08-30 11:52:30Z INFO ActionManifestManagerLegacy] Input 'persist-credentials': default value evaluate result: {
  "type": 0,
  "file": 2,
  "line": 54,
  "col": 14,
  "lit": "true"
}
[2026-08-30 11:52:30Z INFO ActionManifestManagerLegacy] Input 'path': default value evaluate result: ""
[2026-08-30 11:52:30Z INFO ActionManifestManagerLegacy] Input 'clean': default value evaluate result: {
  "type": 0,
  "file": 2,
  "line": 59,
  "col": 14,
  "lit": "true"
}
[2026-08-30 11:52:30Z INFO ActionManifestManagerLegacy] Input 'filter': default value evaluate result: {
  "type": 0,
  "file": 2,
  "line": 64,
  "col": 14,
  "lit": ""
}
[2026-08-30 11:52:30Z INFO ActionManifestManagerLegacy] Input 'sparse-checkout': default value evaluate result: {
  "type": 0,
  "file": 2,
  "line": 69,
  "col": 14,
  "lit": ""
}
[2026-08-30 11:52:30Z INFO ActionManifestManagerLegacy] Input 'sparse-checkout-cone-mode': default value evaluate result: {
  "type": 0,
  "file": 2,
  "line": 73,
  "col": 14,
  "lit": "true"
}
[2026-08-30 11:52:30Z INFO ActionManifestManagerLegacy] Input 'fetch-depth': default value evaluate result: {
  "type": 0,
  "file": 2,
  "line": 76,
  "col": 14,
  "lit": "1"
}
[2026-08-30 11:52:30Z INFO ActionManifestManagerLegacy] Input 'fetch-tags': default value evaluate result: {
  "type": 0,
  "file": 2,
  "line": 79,
  "col": 14,
  "lit": "false"
}
[2026-08-30 11:52:30Z INFO ActionManifestManagerLegacy] Input 'show-progress': default value evaluate result: {
  "type": 0,
  "file": 2,
  "line": 82,
  "col": 14,
  "lit": "true"
}
[2026-08-30 11:52:30Z INFO ActionManifestManagerLegacy] Input 'lfs': default value evaluate result: {
  "type": 0,
  "file": 2,
  "line": 85,
  "col": 14,
  "lit": "false"
}
[2026-08-30 11:52:30Z INFO ActionManifestManagerLegacy] Input 'submodules': default value evaluate result: {
  "type": 0,
  "file": 2,
  "line": 94,
  "col": 14,
  "lit": "false"
}
[2026-08-30 11:52:30Z INFO ActionManifestManagerLegacy] Input 'set-safe-directory': default value evaluate result: {
  "type": 0,
  "file": 2,
  "line": 97,
  "col": 14,
  "lit": "true"
}
[2026-08-30 11:52:30Z INFO ActionManifestManagerLegacy] Input 'github-server-url': default value evaluate result: ""
[2026-08-30 11:52:30Z INFO ActionManifestManagerLegacy] Input 'allow-unsafe-pr-checkout': default value evaluate result: {
  "type": 0,
  "file": 2,
  "line": 109,
  "col": 14,
  "lit": "false"
}
[2026-08-30 11:52:30Z INFO ExtensionManager] Getting extensions for interface: 'GitHub.Runner.Worker.IActionCommandExtension'
[2026-08-30 11:52:30Z INFO ExtensionManager] Creating instance: GitHub.Runner.Worker.InternalPluginSetRepoPathCommandExtension, Runner.Worker
[2026-08-30 11:52:30Z INFO ExtensionManager] Creating instance: GitHub.Runner.Worker.SetEnvCommandExtension, Runner.Worker
[2026-08-30 11:52:30Z INFO ExtensionManager] Creating instance: GitHub.Runner.Worker.SetOutputCommandExtension, Runner.Worker
[2026-08-30 11:52:30Z INFO ExtensionManager] Creating instance: GitHub.Runner.Worker.SaveStateCommandExtension, Runner.Worker
[2026-08-30 11:52:30Z INFO ExtensionManager] Creating instance: GitHub.Runner.Worker.AddPathCommandExtension, Runner.Worker
[2026-08-30 11:52:30Z INFO ExtensionManager] Creating instance: GitHub.Runner.Worker.AddMaskCommandExtension, Runner.Worker
[2026-08-30 11:52:30Z INFO ExtensionManager] Creating instance: GitHub.Runner.Worker.AddMatcherCommandExtension, Runner.Worker
[2026-08-30 11:52:30Z INFO ExtensionManager] Creating instance: GitHub.Runner.Worker.RemoveMatcherCommandExtension, Runner.Worker
[2026-08-30 11:52:30Z INFO ExtensionManager] Creating instance: GitHub.Runner.Worker.WarningCommandExtension, Runner.Worker
[2026-08-30 11:52:30Z INFO ExtensionManager] Creating instance: GitHub.Runner.Worker.ErrorCommandExtension, Runner.Worker
[2026-08-30 11:52:30Z INFO ExtensionManager] Creating instance: GitHub.Runner.Worker.NoticeCommandExtension, Runner.Worker
[2026-08-30 11:52:30Z INFO ExtensionManager] Creating instance: GitHub.Runner.Worker.DebugCommandExtension, Runner.Worker
[2026-08-30 11:52:30Z INFO ExtensionManager] Creating instance: GitHub.Runner.Worker.GroupCommandExtension, Runner.Worker
[2026-08-30 11:52:30Z INFO ExtensionManager] Creating instance: GitHub.Runner.Worker.EndGroupCommandExtension, Runner.Worker
[2026-08-30 11:52:30Z INFO ExtensionManager] Creating instance: GitHub.Runner.Worker.EchoCommandExtension, Runner.Worker
[2026-08-30 11:52:30Z INFO ActionCommandManager] Register action command extension for command internal-set-repo-path
[2026-08-30 11:52:30Z INFO ActionCommandManager] Register action command extension for command set-env
[2026-08-30 11:52:30Z INFO ActionCommandManager] Register action command extension for command set-output
[2026-08-30 11:52:30Z INFO ActionCommandManager] Register action command extension for command save-state
[2026-08-30 11:52:30Z INFO ActionCommandManager] Register action command extension for command add-path
[2026-08-30 11:52:30Z INFO ActionCommandManager] Register action command extension for command add-mask
[2026-08-30 11:52:30Z INFO ActionCommandManager] Register action command extension for command add-matcher
[2026-08-30 11:52:31Z INFO ActionCommandManager] Register action command extension for command remove-matcher
[2026-08-30 11:52:31Z INFO ActionCommandManager] Register action command extension for command warning
[2026-08-30 11:52:31Z INFO ActionCommandManager] Register action command extension for command error
[2026-08-30 11:52:31Z INFO ActionCommandManager] Register action command extension for command notice
[2026-08-30 11:52:31Z INFO ActionCommandManager] Register action command extension for command debug
[2026-08-30 11:52:31Z INFO ActionCommandManager] Register action command extension for command group
[2026-08-30 11:52:31Z INFO ActionCommandManager] Register action command extension for command endgroup
[2026-08-30 11:52:31Z INFO ActionCommandManager] Register action command extension for command echo
[2026-08-30 11:52:31Z INFO HostContext] Well known directory 'Bin': 'C:\Users\krish\Documents\BITS\mlops-project\actions-runner\bin'
[2026-08-30 11:52:31Z INFO HostContext] Well known directory 'Root': 'C:\Users\krish\Documents\BITS\mlops-project\actions-runner'
[2026-08-30 11:52:31Z INFO HostContext] Well known directory 'Externals': 'C:\Users\krish\Documents\BITS\mlops-project\actions-runner\externals'
[2026-08-30 11:52:31Z INFO JobServerQueue] Try to append 1 batches web console lines for record 'af196971-c78d-43e4-b50f-287d16512126', success rate: 1/1.
[2026-08-30 11:52:31Z INFO JobServerQueue] Tried to upload 1 file(s) to results, success rate: 1/1.
[2026-08-30 11:52:31Z INFO ProcessInvokerWrapper] Starting process:
[2026-08-30 11:52:31Z INFO ProcessInvokerWrapper]   File name: 'C:\Users\krish\Documents\BITS\mlops-project\actions-runner\externals\node24\bin\node.exe'
[2026-08-30 11:52:31Z INFO ProcessInvokerWrapper]   Arguments: '"C:\Users\krish\Documents\BITS\mlops-project\actions-runner\_work\_actions\actions\checkout\v4\dist/index.js"'
[2026-08-30 11:52:31Z INFO ProcessInvokerWrapper]   Working directory: 'C:\Users\krish\Documents\BITS\mlops-project\actions-runner\_work\assignment2\assignment2'
[2026-08-30 11:52:31Z INFO ProcessInvokerWrapper]   Require exit code zero: 'False'
[2026-08-30 11:52:31Z INFO ProcessInvokerWrapper]   Encoding web name: utf-8 ; code page: '65001'
[2026-08-30 11:52:31Z INFO ProcessInvokerWrapper]   Force kill process on cancellation: 'False'
[2026-08-30 11:52:31Z INFO ProcessInvokerWrapper]   Redirected STDIN: 'False'
[2026-08-30 11:52:31Z INFO ProcessInvokerWrapper]   Persist current code page: 'True'
[2026-08-30 11:52:31Z INFO ProcessInvokerWrapper]   Keep redirected STDIN open: 'False'
[2026-08-30 11:52:31Z INFO ProcessInvokerWrapper]   High priority process: 'False'
[2026-08-30 11:52:31Z INFO ProcessInvokerWrapper] Process started with process id 17440, waiting for process exit.
[2026-08-30 11:52:36Z INFO HostContext] Well known directory 'Bin': 'C:\Users\krish\Documents\BITS\mlops-project\actions-runner\bin'
[2026-08-30 11:52:36Z INFO HostContext] Well known directory 'Root': 'C:\Users\krish\Documents\BITS\mlops-project\actions-runner'
[2026-08-30 11:52:36Z INFO HostContext] Well known directory 'Work': 'C:\Users\krish\Documents\BITS\mlops-project\actions-runner\_work'
[2026-08-30 11:52:42Z INFO JobServerQueue] Try to append 1 batches web console lines for record 'af196971-c78d-43e4-b50f-287d16512126', success rate: 1/1.
[2026-08-30 11:52:43Z INFO JobServerQueue] Try to append 1 batches web console lines for record 'af196971-c78d-43e4-b50f-287d16512126', success rate: 1/1.
[2026-08-30 11:52:44Z INFO JobServerQueue] Try to append 1 batches web console lines for record 'af196971-c78d-43e4-b50f-287d16512126', success rate: 1/1.
[2026-08-30 11:52:45Z INFO JobServerQueue] Try to append 1 batches web console lines for record 'af196971-c78d-43e4-b50f-287d16512126', success rate: 1/1.
[2026-08-30 11:52:45Z INFO AddMaskCommandExtension] Add new secret mask with length of 524
[2026-08-30 11:52:45Z INFO JobServerQueue] Try to append 1 batches web console lines for record 'af196971-c78d-43e4-b50f-287d16512126', success rate: 1/1.
[2026-08-30 11:52:46Z INFO HostContext] Well known directory 'Bin': 'C:\Users\krish\Documents\BITS\mlops-project\actions-runner\bin'
[2026-08-30 11:52:46Z INFO HostContext] Well known directory 'Root': 'C:\Users\krish\Documents\BITS\mlops-project\actions-runner'
[2026-08-30 11:52:46Z INFO HostContext] Well known directory 'Work': 'C:\Users\krish\Documents\BITS\mlops-project\actions-runner\_work'
[2026-08-30 11:52:46Z INFO JobServerQueue] Try to append 1 batches web console lines for record 'af196971-c78d-43e4-b50f-287d16512126', success rate: 1/1.
[2026-08-30 11:52:46Z INFO JobServerQueue] Try to append 1 batches web console lines for record 'af196971-c78d-43e4-b50f-287d16512126', success rate: 1/1.
[2026-08-30 11:52:47Z INFO JobServerQueue] Try to append 1 batches web console lines for record 'af196971-c78d-43e4-b50f-287d16512126', success rate: 1/1.
[2026-08-30 11:52:47Z INFO JobServerQueue] Try to append 1 batches web console lines for record 'af196971-c78d-43e4-b50f-287d16512126', success rate: 1/1.
[2026-08-30 11:52:48Z INFO JobServerQueue] Try to append 1 batches web console lines for record 'af196971-c78d-43e4-b50f-287d16512126', success rate: 1/1.
[2026-08-30 11:52:49Z INFO JobServerQueue] Try to append 1 batches web console lines for record 'af196971-c78d-43e4-b50f-287d16512126', success rate: 1/1.
[2026-08-30 11:52:50Z INFO JobServerQueue] Try to append 1 batches web console lines for record 'af196971-c78d-43e4-b50f-287d16512126', success rate: 1/1.
[2026-08-30 11:52:53Z INFO JobServerQueue] Try to append 1 batches web console lines for record 'af196971-c78d-43e4-b50f-287d16512126', success rate: 1/1.
[2026-08-30 11:52:53Z INFO JobServerQueue] Try to append 1 batches web console lines for record 'af196971-c78d-43e4-b50f-287d16512126', success rate: 1/1.
[2026-08-30 11:52:56Z INFO HostContext] Well known directory 'Bin': 'C:\Users\krish\Documents\BITS\mlops-project\actions-runner\bin'
[2026-08-30 11:52:56Z INFO HostContext] Well known directory 'Root': 'C:\Users\krish\Documents\BITS\mlops-project\actions-runner'
[2026-08-30 11:52:56Z INFO HostContext] Well known directory 'Work': 'C:\Users\krish\Documents\BITS\mlops-project\actions-runner\_work'
[2026-08-30 11:53:06Z INFO HostContext] Well known directory 'Bin': 'C:\Users\krish\Documents\BITS\mlops-project\actions-runner\bin'
[2026-08-30 11:53:06Z INFO HostContext] Well known directory 'Root': 'C:\Users\krish\Documents\BITS\mlops-project\actions-runner'
[2026-08-30 11:53:06Z INFO HostContext] Well known directory 'Work': 'C:\Users\krish\Documents\BITS\mlops-project\actions-runner\_work'
[2026-08-30 11:53:16Z INFO HostContext] Well known directory 'Bin': 'C:\Users\krish\Documents\BITS\mlops-project\actions-runner\bin'
[2026-08-30 11:53:16Z INFO HostContext] Well known directory 'Root': 'C:\Users\krish\Documents\BITS\mlops-project\actions-runner'
[2026-08-30 11:53:16Z INFO HostContext] Well known directory 'Work': 'C:\Users\krish\Documents\BITS\mlops-project\actions-runner\_work'
[2026-08-30 11:53:26Z INFO HostContext] Well known directory 'Bin': 'C:\Users\krish\Documents\BITS\mlops-project\actions-runner\bin'
[2026-08-30 11:53:26Z INFO HostContext] Well known directory 'Root': 'C:\Users\krish\Documents\BITS\mlops-project\actions-runner'
[2026-08-30 11:53:26Z INFO HostContext] Well known directory 'Work': 'C:\Users\krish\Documents\BITS\mlops-project\actions-runner\_work'
[2026-08-30 11:53:30Z INFO JobServerQueue] Stop aggressive process web console line queue.
[2026-08-30 11:53:36Z INFO HostContext] Well known directory 'Bin': 'C:\Users\krish\Documents\BITS\mlops-project\actions-runner\bin'
[2026-08-30 11:53:36Z INFO HostContext] Well known directory 'Root': 'C:\Users\krish\Documents\BITS\mlops-project\actions-runner'
[2026-08-30 11:53:36Z INFO HostContext] Well known directory 'Work': 'C:\Users\krish\Documents\BITS\mlops-project\actions-runner\_work'
[2026-08-30 11:53:36Z INFO JobServerQueue] Try to append 1 batches web console lines for record 'af196971-c78d-43e4-b50f-287d16512126', success rate: 1/1.
[2026-08-30 11:53:38Z INFO JobServerQueue] Try to append 1 batches web console lines for record 'af196971-c78d-43e4-b50f-287d16512126', success rate: 1/1.
[2026-08-30 11:53:45Z INFO JobServerQueue] Try to append 1 batches web console lines for record 'af196971-c78d-43e4-b50f-287d16512126', success rate: 1/1.
[2026-08-30 11:53:45Z INFO JobServerQueue] Try to append 1 batches web console lines for record 'af196971-c78d-43e4-b50f-287d16512126', success rate: 1/1.
[2026-08-30 11:53:46Z INFO JobServerQueue] Try to append 1 batches web console lines for record 'af196971-c78d-43e4-b50f-287d16512126', success rate: 1/1.
[2026-08-30 11:53:46Z INFO HostContext] Well known directory 'Bin': 'C:\Users\krish\Documents\BITS\mlops-project\actions-runner\bin'
[2026-08-30 11:53:46Z INFO HostContext] Well known directory 'Root': 'C:\Users\krish\Documents\BITS\mlops-project\actions-runner'
[2026-08-30 11:53:46Z INFO HostContext] Well known directory 'Work': 'C:\Users\krish\Documents\BITS\mlops-project\actions-runner\_work'
[2026-08-30 11:53:49Z INFO JobServerQueue] Try to append 1 batches web console lines for record 'af196971-c78d-43e4-b50f-287d16512126', success rate: 1/1.
[2026-08-30 11:53:50Z INFO JobServerQueue] Try to append 1 batches web console lines for record 'af196971-c78d-43e4-b50f-287d16512126', success rate: 1/1.
[2026-08-30 11:53:56Z INFO HostContext] Well known directory 'Bin': 'C:\Users\krish\Documents\BITS\mlops-project\actions-runner\bin'
[2026-08-30 11:53:56Z INFO HostContext] Well known directory 'Root': 'C:\Users\krish\Documents\BITS\mlops-project\actions-runner'
[2026-08-30 11:53:56Z INFO HostContext] Well known directory 'Work': 'C:\Users\krish\Documents\BITS\mlops-project\actions-runner\_work'
[2026-08-30 11:54:06Z INFO HostContext] Well known directory 'Bin': 'C:\Users\krish\Documents\BITS\mlops-project\actions-runner\bin'
[2026-08-30 11:54:06Z INFO HostContext] Well known directory 'Root': 'C:\Users\krish\Documents\BITS\mlops-project\actions-runner'
[2026-08-30 11:54:06Z INFO HostContext] Well known directory 'Work': 'C:\Users\krish\Documents\BITS\mlops-project\actions-runner\_work'
[2026-08-30 11:54:16Z INFO HostContext] Well known directory 'Bin': 'C:\Users\krish\Documents\BITS\mlops-project\actions-runner\bin'
[2026-08-30 11:54:16Z INFO HostContext] Well known directory 'Root': 'C:\Users\krish\Documents\BITS\mlops-project\actions-runner'
[2026-08-30 11:54:16Z INFO HostContext] Well known directory 'Work': 'C:\Users\krish\Documents\BITS\mlops-project\actions-runner\_work'
[2026-08-30 11:54:26Z INFO HostContext] Well known directory 'Bin': 'C:\Users\krish\Documents\BITS\mlops-project\actions-runner\bin'
[2026-08-30 11:54:26Z INFO HostContext] Well known directory 'Root': 'C:\Users\krish\Documents\BITS\mlops-project\actions-runner'
[2026-08-30 11:54:26Z INFO HostContext] Well known directory 'Work': 'C:\Users\krish\Documents\BITS\mlops-project\actions-runner\_work'
[2026-08-30 11:54:37Z INFO HostContext] Well known directory 'Bin': 'C:\Users\krish\Documents\BITS\mlops-project\actions-runner\bin'
[2026-08-30 11:54:37Z INFO HostContext] Well known directory 'Root': 'C:\Users\krish\Documents\BITS\mlops-project\actions-runner'
[2026-08-30 11:54:37Z INFO HostContext] Well known directory 'Work': 'C:\Users\krish\Documents\BITS\mlops-project\actions-runner\_work'
[2026-08-30 11:54:41Z INFO JobServerQueue] Try to append 1 batches web console lines for record 'af196971-c78d-43e4-b50f-287d16512126', success rate: 1/1.
[2026-08-30 11:54:44Z INFO JobServerQueue] Try to append 1 batches web console lines for record 'af196971-c78d-43e4-b50f-287d16512126', success rate: 1/1.
[2026-08-30 11:54:47Z INFO HostContext] Well known directory 'Bin': 'C:\Users\krish\Documents\BITS\mlops-project\actions-runner\bin'
[2026-08-30 11:54:47Z INFO HostContext] Well known directory 'Root': 'C:\Users\krish\Documents\BITS\mlops-project\actions-runner'
[2026-08-30 11:54:47Z INFO HostContext] Well known directory 'Work': 'C:\Users\krish\Documents\BITS\mlops-project\actions-runner\_work'
[2026-08-30 11:54:57Z INFO HostContext] Well known directory 'Bin': 'C:\Users\krish\Documents\BITS\mlops-project\actions-runner\bin'
[2026-08-30 11:54:57Z INFO HostContext] Well known directory 'Root': 'C:\Users\krish\Documents\BITS\mlops-project\actions-runner'
[2026-08-30 11:54:57Z INFO HostContext] Well known directory 'Work': 'C:\Users\krish\Documents\BITS\mlops-project\actions-runner\_work'
[2026-08-30 11:55:07Z INFO HostContext] Well known directory 'Bin': 'C:\Users\krish\Documents\BITS\mlops-project\actions-runner\bin'
[2026-08-30 11:55:07Z INFO HostContext] Well known directory 'Root': 'C:\Users\krish\Documents\BITS\mlops-project\actions-runner'
[2026-08-30 11:55:07Z INFO HostContext] Well known directory 'Work': 'C:\Users\krish\Documents\BITS\mlops-project\actions-runner\_work'
[2026-08-30 11:55:17Z INFO HostContext] Well known directory 'Bin': 'C:\Users\krish\Documents\BITS\mlops-project\actions-runner\bin'
[2026-08-30 11:55:17Z INFO HostContext] Well known directory 'Root': 'C:\Users\krish\Documents\BITS\mlops-project\actions-runner'
[2026-08-30 11:55:17Z INFO HostContext] Well known directory 'Work': 'C:\Users\krish\Documents\BITS\mlops-project\actions-runner\_work'
[2026-08-30 11:55:20Z INFO JobServerQueue] Try to append 1 batches web console lines for record 'af196971-c78d-43e4-b50f-287d16512126', success rate: 1/1.
[2026-08-30 11:55:21Z INFO JobServerQueue] Try to append 1 batches web console lines for record 'af196971-c78d-43e4-b50f-287d16512126', success rate: 1/1.
[2026-08-30 11:55:25Z INFO JobServerQueue] Try to append 1 batches web console lines for record 'af196971-c78d-43e4-b50f-287d16512126', success rate: 1/1.
[2026-08-30 11:55:27Z INFO JobServerQueue] Try to append 1 batches web console lines for record 'af196971-c78d-43e4-b50f-287d16512126', success rate: 1/1.
[2026-08-30 11:55:27Z INFO HostContext] Well known directory 'Bin': 'C:\Users\krish\Documents\BITS\mlops-project\actions-runner\bin'
[2026-08-30 11:55:27Z INFO HostContext] Well known directory 'Root': 'C:\Users\krish\Documents\BITS\mlops-project\actions-runner'
[2026-08-30 11:55:27Z INFO HostContext] Well known directory 'Work': 'C:\Users\krish\Documents\BITS\mlops-project\actions-runner\_work'
[2026-08-30 11:55:27Z INFO JobServerQueue] Try to append 1 batches web console lines for record 'af196971-c78d-43e4-b50f-287d16512126', success rate: 1/1.
[2026-08-30 11:55:28Z INFO JobServerQueue] Try to append 1 batches web console lines for record 'af196971-c78d-43e4-b50f-287d16512126', success rate: 1/1.
[2026-08-30 11:55:29Z INFO JobServerQueue] Try to append 1 batches web console lines for record 'af196971-c78d-43e4-b50f-287d16512126', success rate: 1/1.
[2026-08-30 11:55:29Z INFO JobServerQueue] Try to append 1 batches web console lines for record 'af196971-c78d-43e4-b50f-287d16512126', success rate: 1/1.
[2026-08-30 11:55:30Z INFO ProcessInvokerWrapper] STDOUT/STDERR stream read finished.
[2026-08-30 11:55:30Z INFO JobServerQueue] Try to append 1 batches web console lines for record 'af196971-c78d-43e4-b50f-287d16512126', success rate: 1/1.
[2026-08-30 11:55:30Z INFO ProcessInvokerWrapper] STDOUT/STDERR stream read finished.
[2026-08-30 11:55:30Z INFO ProcessInvokerWrapper] Finished process 17440 with exit code 0, and elapsed time 00:02:59.0874582.
[2026-08-30 11:55:30Z INFO CreateStepSummaryCommand] Step Summary file (C:\Users\krish\Documents\BITS\mlops-project\actions-runner\_work\_temp\_runner_file_commands\step_summary_443e1952-fac3-4916-9f3c-32b991476531) is empty; skipping attachment upload
[2026-08-30 11:55:30Z INFO StepsRunner] Step result: 
[2026-08-30 11:55:30Z INFO ExecutionContext] Publish step telemetry for current step {
  "action": "actions/checkout",
  "ref": "v4",
  "type": "node24",
  "stage": "Main",
  "stepId": "af196971-c78d-43e4-b50f-287d16512126",
  "stepContextName": "__actions_checkout",
  "hasPreStep": false,
  "hasPostStep": true,
  "result": "succeeded",
  "errorMessages": [],
  "executionTimeInSeconds": 184,
  "startTime": "2026-08-30T11:52:26.6373085Z",
  "finishTime": "2026-08-30T11:55:30.5274488Z"
}.
[2026-08-30 11:55:30Z INFO StepsRunner] No need for updating job result with current step result 'Succeeded'.
[2026-08-30 11:55:30Z INFO StepsRunner] Current state: job state = ''
[2026-08-30 11:55:30Z INFO StepsRunner] Processing step: DisplayName='Pull latest Docker image'
[2026-08-30 11:55:30Z INFO StepsRunner] Evaluating: success()
[2026-08-30 11:55:30Z INFO StepsRunner] Result: true
[2026-08-30 11:55:30Z INFO StepsRunner] Starting the step.
[2026-08-30 11:55:30Z INFO HostContext] Well known directory 'Bin': 'C:\Users\krish\Documents\BITS\mlops-project\actions-runner\bin'
[2026-08-30 11:55:30Z INFO HostContext] Well known directory 'Root': 'C:\Users\krish\Documents\BITS\mlops-project\actions-runner'
[2026-08-30 11:55:30Z INFO HostContext] Well known directory 'Work': 'C:\Users\krish\Documents\BITS\mlops-project\actions-runner\_work'
[2026-08-30 11:55:30Z INFO StepsRunner] Which2: 'chcp'
[2026-08-30 11:55:30Z INFO StepsRunner] Location: 'C:\WINDOWS\system32\chcp.COM'
[2026-08-30 11:55:30Z INFO ProcessInvokerWrapper] Starting process:
[2026-08-30 11:55:30Z INFO ProcessInvokerWrapper]   File name: 'C:\WINDOWS\system32\chcp.COM'
[2026-08-30 11:55:30Z INFO ProcessInvokerWrapper]   Arguments: '65001'
[2026-08-30 11:55:30Z INFO ProcessInvokerWrapper]   Working directory: 'C:\Users\krish\Documents\BITS\mlops-project\actions-runner\_work'
[2026-08-30 11:55:30Z INFO ProcessInvokerWrapper]   Require exit code zero: 'False'
[2026-08-30 11:55:30Z INFO ProcessInvokerWrapper]   Encoding web name:  ; code page: ''
[2026-08-30 11:55:30Z INFO ProcessInvokerWrapper]   Force kill process on cancellation: 'False'
[2026-08-30 11:55:30Z INFO ProcessInvokerWrapper]   Redirected STDIN: 'False'
[2026-08-30 11:55:30Z INFO ProcessInvokerWrapper]   Persist current code page: 'True'
[2026-08-30 11:55:30Z INFO ProcessInvokerWrapper]   Keep redirected STDIN open: 'False'
[2026-08-30 11:55:30Z INFO ProcessInvokerWrapper]   High priority process: 'False'
[2026-08-30 11:55:30Z INFO ProcessInvokerWrapper] Process started with process id 2680, waiting for process exit.
[2026-08-30 11:55:30Z INFO ProcessInvokerWrapper] STDOUT/STDERR stream read finished.
[2026-08-30 11:55:30Z INFO ProcessInvokerWrapper] STDOUT/STDERR stream read finished.
[2026-08-30 11:55:30Z INFO ProcessInvokerWrapper] Finished process 2680 with exit code 0, and elapsed time 00:00:00.1644672.
[2026-08-30 11:55:30Z INFO StepsRunner] Successfully returned to code page 65001 (UTF8)
[2026-08-30 11:55:30Z INFO HostContext] Well known directory 'Bin': 'C:\Users\krish\Documents\BITS\mlops-project\actions-runner\bin'
[2026-08-30 11:55:30Z INFO HostContext] Well known directory 'Root': 'C:\Users\krish\Documents\BITS\mlops-project\actions-runner'
[2026-08-30 11:55:30Z INFO HostContext] Well known directory 'Work': 'C:\Users\krish\Documents\BITS\mlops-project\actions-runner\_work'
[2026-08-30 11:55:30Z INFO HostContext] Well known directory 'Temp': 'C:\Users\krish\Documents\BITS\mlops-project\actions-runner\_work\_temp'
[2026-08-30 11:55:30Z INFO ExecutionContext] Write event payload to C:\Users\krish\Documents\BITS\mlops-project\actions-runner\_work\_temp\_github_workflow\event.json
[2026-08-30 11:55:30Z INFO HostContext] Well known directory 'Bin': 'C:\Users\krish\Documents\BITS\mlops-project\actions-runner\bin'
[2026-08-30 11:55:30Z INFO HostContext] Well known directory 'Root': 'C:\Users\krish\Documents\BITS\mlops-project\actions-runner'
[2026-08-30 11:55:30Z INFO HostContext] Well known directory 'Work': 'C:\Users\krish\Documents\BITS\mlops-project\actions-runner\_work'
[2026-08-30 11:55:30Z INFO HostContext] Well known directory 'Temp': 'C:\Users\krish\Documents\BITS\mlops-project\actions-runner\_work\_temp'
[2026-08-30 11:55:30Z INFO ExtensionManager] Getting extensions for interface: 'GitHub.Runner.Worker.IFileCommandExtension'
[2026-08-30 11:55:30Z INFO ExtensionManager] Getting extensions for interface: 'GitHub.Runner.Worker.IActionCommandExtension'
[2026-08-30 11:55:30Z INFO ActionCommandManager] Register action command extension for command internal-set-repo-path
[2026-08-30 11:55:30Z INFO ActionCommandManager] Register action command extension for command set-env
[2026-08-30 11:55:30Z INFO ActionCommandManager] Register action command extension for command set-output
[2026-08-30 11:55:30Z INFO ActionCommandManager] Register action command extension for command save-state
[2026-08-30 11:55:30Z INFO ActionCommandManager] Register action command extension for command add-path
[2026-08-30 11:55:30Z INFO ActionCommandManager] Register action command extension for command add-mask
[2026-08-30 11:55:30Z INFO ActionCommandManager] Register action command extension for command add-matcher
[2026-08-30 11:55:30Z INFO ActionCommandManager] Register action command extension for command remove-matcher
[2026-08-30 11:55:30Z INFO ActionCommandManager] Register action command extension for command warning
[2026-08-30 11:55:30Z INFO ActionCommandManager] Register action command extension for command error
[2026-08-30 11:55:30Z INFO ActionCommandManager] Register action command extension for command notice
[2026-08-30 11:55:30Z INFO ActionCommandManager] Register action command extension for command debug
[2026-08-30 11:55:30Z INFO ActionCommandManager] Register action command extension for command group
[2026-08-30 11:55:30Z INFO ActionCommandManager] Register action command extension for command endgroup
[2026-08-30 11:55:30Z INFO ActionCommandManager] Register action command extension for command echo
[2026-08-30 11:55:30Z INFO ScriptHandler] Which2: 'cmd'
[2026-08-30 11:55:30Z INFO ScriptHandler] Location: 'C:\WINDOWS\system32\cmd.EXE'
[2026-08-30 11:55:30Z INFO HostContext] Well known directory 'Bin': 'C:\Users\krish\Documents\BITS\mlops-project\actions-runner\bin'
[2026-08-30 11:55:30Z INFO HostContext] Well known directory 'Root': 'C:\Users\krish\Documents\BITS\mlops-project\actions-runner'
[2026-08-30 11:55:30Z INFO HostContext] Well known directory 'Work': 'C:\Users\krish\Documents\BITS\mlops-project\actions-runner\_work'
[2026-08-30 11:55:30Z INFO HostContext] Well known directory 'Temp': 'C:\Users\krish\Documents\BITS\mlops-project\actions-runner\_work\_temp'
[2026-08-30 11:55:30Z INFO ScriptHandler] Which2: 'cmd'
[2026-08-30 11:55:30Z INFO ScriptHandler] Location: 'C:\WINDOWS\system32\cmd.EXE'
[2026-08-30 11:55:30Z INFO ProcessInvokerWrapper] Starting process:
[2026-08-30 11:55:30Z INFO ProcessInvokerWrapper]   File name: 'C:\WINDOWS\system32\cmd.EXE'
[2026-08-30 11:55:30Z INFO ProcessInvokerWrapper]   Arguments: '/D /E:ON /V:OFF /S /C "CALL "C:\Users\krish\Documents\BITS\mlops-project\actions-runner\_work\_temp\6343feff-4910-44bf-9cfa-87b690d238ab.cmd""'
[2026-08-30 11:55:30Z INFO ProcessInvokerWrapper]   Working directory: 'C:\Users\krish\Documents\BITS\mlops-project\actions-runner\_work\assignment2\assignment2'
[2026-08-30 11:55:30Z INFO ProcessInvokerWrapper]   Require exit code zero: 'False'
[2026-08-30 11:55:30Z INFO ProcessInvokerWrapper]   Encoding web name:  ; code page: ''
[2026-08-30 11:55:30Z INFO ProcessInvokerWrapper]   Force kill process on cancellation: 'False'
[2026-08-30 11:55:30Z INFO ProcessInvokerWrapper]   Redirected STDIN: 'False'
[2026-08-30 11:55:30Z INFO ProcessInvokerWrapper]   Persist current code page: 'True'
[2026-08-30 11:55:30Z INFO ProcessInvokerWrapper]   Keep redirected STDIN open: 'False'
[2026-08-30 11:55:30Z INFO ProcessInvokerWrapper]   High priority process: 'False'
[2026-08-30 11:55:30Z INFO JobServerQueue] Got a step log file to send to results service.
[2026-08-30 11:55:30Z INFO JobServerQueue] Starting upload of step log file to results service ResultsLog, C:\Users\krish\Documents\BITS\mlops-project\actions-runner\_diag\blocks\24f57b02-4e04-425a-ad5f-5ef0099f9ecc_af196971-c78d-43e4-b50f-287d16512126.1
[2026-08-30 11:55:30Z INFO JobServerQueue] Try to upload 1 log files or attachments, success rate: 1/1.
[2026-08-30 11:55:30Z INFO ProcessInvokerWrapper] Process started with process id 7568, waiting for process exit.
[2026-08-30 11:55:30Z INFO JobServerQueue] Try to append 1 batches web console lines for record '594c1c1b-e523-4125-85d1-e338ffc7f7c3', success rate: 1/1.
[2026-08-30 11:55:33Z INFO JobServerQueue] Tried to upload 1 file(s) to results, success rate: 1/1.
[2026-08-30 11:55:33Z INFO JobServerQueue] Try to append 1 batches web console lines for record '594c1c1b-e523-4125-85d1-e338ffc7f7c3', success rate: 1/1.
[2026-08-30 11:55:37Z INFO HostContext] Well known directory 'Bin': 'C:\Users\krish\Documents\BITS\mlops-project\actions-runner\bin'
[2026-08-30 11:55:37Z INFO HostContext] Well known directory 'Root': 'C:\Users\krish\Documents\BITS\mlops-project\actions-runner'
[2026-08-30 11:55:37Z INFO HostContext] Well known directory 'Work': 'C:\Users\krish\Documents\BITS\mlops-project\actions-runner\_work'
[2026-08-30 11:55:39Z INFO JobServerQueue] Try to append 1 batches web console lines for record '594c1c1b-e523-4125-85d1-e338ffc7f7c3', success rate: 1/1.
[2026-08-30 11:55:40Z INFO JobServerQueue] Try to append 1 batches web console lines for record '594c1c1b-e523-4125-85d1-e338ffc7f7c3', success rate: 1/1.
[2026-08-30 11:55:40Z INFO JobServerQueue] Try to append 1 batches web console lines for record '594c1c1b-e523-4125-85d1-e338ffc7f7c3', success rate: 1/1.
[2026-08-30 11:55:41Z INFO JobServerQueue] Try to append 1 batches web console lines for record '594c1c1b-e523-4125-85d1-e338ffc7f7c3', success rate: 1/1.
[2026-08-30 11:55:42Z INFO JobServerQueue] Try to append 1 batches web console lines for record '594c1c1b-e523-4125-85d1-e338ffc7f7c3', success rate: 1/1.
[2026-08-30 11:55:42Z INFO JobServerQueue] Try to append 1 batches web console lines for record '594c1c1b-e523-4125-85d1-e338ffc7f7c3', success rate: 1/1.
[2026-08-30 11:55:43Z INFO JobServerQueue] Try to append 1 batches web console lines for record '594c1c1b-e523-4125-85d1-e338ffc7f7c3', success rate: 1/1.
[2026-08-30 11:55:43Z INFO JobServerQueue] Try to append 1 batches web console lines for record '594c1c1b-e523-4125-85d1-e338ffc7f7c3', success rate: 1/1.
[2026-08-30 11:55:44Z INFO JobServerQueue] Try to append 1 batches web console lines for record '594c1c1b-e523-4125-85d1-e338ffc7f7c3', success rate: 1/1.
[2026-08-30 11:55:44Z INFO JobServerQueue] Try to append 1 batches web console lines for record '594c1c1b-e523-4125-85d1-e338ffc7f7c3', success rate: 1/1.
[2026-08-30 11:55:45Z INFO JobServerQueue] Try to append 1 batches web console lines for record '594c1c1b-e523-4125-85d1-e338ffc7f7c3', success rate: 1/1.
[2026-08-30 11:55:45Z INFO JobServerQueue] Try to append 1 batches web console lines for record '594c1c1b-e523-4125-85d1-e338ffc7f7c3', success rate: 1/1.
[2026-08-30 11:55:46Z INFO JobServerQueue] Try to append 1 batches web console lines for record '594c1c1b-e523-4125-85d1-e338ffc7f7c3', success rate: 1/1.
[2026-08-30 11:55:47Z INFO JobServerQueue] Try to append 1 batches web console lines for record '594c1c1b-e523-4125-85d1-e338ffc7f7c3', success rate: 1/1.
[2026-08-30 11:55:47Z INFO JobServerQueue] Try to append 1 batches web console lines for record '594c1c1b-e523-4125-85d1-e338ffc7f7c3', success rate: 1/1.
[2026-08-30 11:55:47Z INFO HostContext] Well known directory 'Bin': 'C:\Users\krish\Documents\BITS\mlops-project\actions-runner\bin'
[2026-08-30 11:55:47Z INFO HostContext] Well known directory 'Root': 'C:\Users\krish\Documents\BITS\mlops-project\actions-runner'
[2026-08-30 11:55:47Z INFO HostContext] Well known directory 'Work': 'C:\Users\krish\Documents\BITS\mlops-project\actions-runner\_work'
[2026-08-30 11:55:48Z INFO JobServerQueue] Try to append 1 batches web console lines for record '594c1c1b-e523-4125-85d1-e338ffc7f7c3', success rate: 1/1.
[2026-08-30 11:55:48Z INFO JobServerQueue] Try to append 1 batches web console lines for record '594c1c1b-e523-4125-85d1-e338ffc7f7c3', success rate: 1/1.
[2026-08-30 11:55:49Z INFO JobServerQueue] Try to append 1 batches web console lines for record '594c1c1b-e523-4125-85d1-e338ffc7f7c3', success rate: 1/1.
[2026-08-30 11:55:49Z INFO JobServerQueue] Try to append 1 batches web console lines for record '594c1c1b-e523-4125-85d1-e338ffc7f7c3', success rate: 1/1.
[2026-08-30 11:55:50Z INFO JobServerQueue] Try to append 1 batches web console lines for record '594c1c1b-e523-4125-85d1-e338ffc7f7c3', success rate: 1/1.
[2026-08-30 11:55:51Z INFO JobServerQueue] Try to append 1 batches web console lines for record '594c1c1b-e523-4125-85d1-e338ffc7f7c3', success rate: 1/1.
[2026-08-30 11:55:51Z INFO JobServerQueue] Try to append 1 batches web console lines for record '594c1c1b-e523-4125-85d1-e338ffc7f7c3', success rate: 1/1.
[2026-08-30 11:55:52Z INFO JobServerQueue] Try to append 1 batches web console lines for record '594c1c1b-e523-4125-85d1-e338ffc7f7c3', success rate: 1/1.
[2026-08-30 11:55:54Z INFO JobServerQueue] Try to append 1 batches web console lines for record '594c1c1b-e523-4125-85d1-e338ffc7f7c3', success rate: 1/1.
[2026-08-30 11:55:54Z INFO JobServerQueue] Try to append 1 batches web console lines for record '594c1c1b-e523-4125-85d1-e338ffc7f7c3', success rate: 1/1.
[2026-08-30 11:55:55Z INFO JobServerQueue] Try to append 1 batches web console lines for record '594c1c1b-e523-4125-85d1-e338ffc7f7c3', success rate: 1/1.
[2026-08-30 11:55:55Z INFO JobServerQueue] Try to append 1 batches web console lines for record '594c1c1b-e523-4125-85d1-e338ffc7f7c3', success rate: 1/1.
[2026-08-30 11:55:56Z INFO JobServerQueue] Try to append 1 batches web console lines for record '594c1c1b-e523-4125-85d1-e338ffc7f7c3', success rate: 1/1.
[2026-08-30 11:55:56Z INFO JobServerQueue] Try to append 1 batches web console lines for record '594c1c1b-e523-4125-85d1-e338ffc7f7c3', success rate: 1/1.
[2026-08-30 11:55:57Z INFO JobServerQueue] Try to append 1 batches web console lines for record '594c1c1b-e523-4125-85d1-e338ffc7f7c3', success rate: 1/1.
[2026-08-30 11:55:57Z INFO HostContext] Well known directory 'Bin': 'C:\Users\krish\Documents\BITS\mlops-project\actions-runner\bin'
[2026-08-30 11:55:57Z INFO HostContext] Well known directory 'Root': 'C:\Users\krish\Documents\BITS\mlops-project\actions-runner'
[2026-08-30 11:55:57Z INFO HostContext] Well known directory 'Work': 'C:\Users\krish\Documents\BITS\mlops-project\actions-runner\_work'
[2026-08-30 11:55:57Z INFO JobServerQueue] Try to append 1 batches web console lines for record '594c1c1b-e523-4125-85d1-e338ffc7f7c3', success rate: 1/1.
[2026-08-30 11:55:58Z INFO JobServerQueue] Try to append 1 batches web console lines for record '594c1c1b-e523-4125-85d1-e338ffc7f7c3', success rate: 1/1.
[2026-08-30 11:55:58Z INFO JobServerQueue] Try to append 1 batches web console lines for record '594c1c1b-e523-4125-85d1-e338ffc7f7c3', success rate: 1/1.
[2026-08-30 11:55:59Z INFO JobServerQueue] Try to append 1 batches web console lines for record '594c1c1b-e523-4125-85d1-e338ffc7f7c3', success rate: 1/1.
[2026-08-30 11:55:59Z INFO JobServerQueue] Try to append 1 batches web console lines for record '594c1c1b-e523-4125-85d1-e338ffc7f7c3', success rate: 1/1.
[2026-08-30 11:56:00Z INFO JobServerQueue] Try to append 1 batches web console lines for record '594c1c1b-e523-4125-85d1-e338ffc7f7c3', success rate: 1/1.
[2026-08-30 11:56:01Z INFO JobServerQueue] Try to append 1 batches web console lines for record '594c1c1b-e523-4125-85d1-e338ffc7f7c3', success rate: 1/1.
[2026-08-30 11:56:01Z INFO JobServerQueue] Try to append 1 batches web console lines for record '594c1c1b-e523-4125-85d1-e338ffc7f7c3', success rate: 1/1.
[2026-08-30 11:56:02Z INFO JobServerQueue] Try to append 1 batches web console lines for record '594c1c1b-e523-4125-85d1-e338ffc7f7c3', success rate: 1/1.
[2026-08-30 11:56:02Z INFO JobServerQueue] Try to append 1 batches web console lines for record '594c1c1b-e523-4125-85d1-e338ffc7f7c3', success rate: 1/1.
[2026-08-30 11:56:03Z INFO JobServerQueue] Try to append 1 batches web console lines for record '594c1c1b-e523-4125-85d1-e338ffc7f7c3', success rate: 1/1.
[2026-08-30 11:56:04Z INFO JobServerQueue] Try to append 1 batches web console lines for record '594c1c1b-e523-4125-85d1-e338ffc7f7c3', success rate: 1/1.
[2026-08-30 11:56:04Z INFO JobServerQueue] Try to append 1 batches web console lines for record '594c1c1b-e523-4125-85d1-e338ffc7f7c3', success rate: 1/1.
[2026-08-30 11:56:05Z INFO JobServerQueue] Try to append 1 batches web console lines for record '594c1c1b-e523-4125-85d1-e338ffc7f7c3', success rate: 1/1.
[2026-08-30 11:56:05Z INFO JobServerQueue] Try to append 1 batches web console lines for record '594c1c1b-e523-4125-85d1-e338ffc7f7c3', success rate: 1/1.
[2026-08-30 11:56:06Z INFO JobServerQueue] Try to append 1 batches web console lines for record '594c1c1b-e523-4125-85d1-e338ffc7f7c3', success rate: 1/1.
[2026-08-30 11:56:07Z INFO JobServerQueue] Try to append 1 batches web console lines for record '594c1c1b-e523-4125-85d1-e338ffc7f7c3', success rate: 1/1.
[2026-08-30 11:56:07Z INFO JobServerQueue] Try to append 1 batches web console lines for record '594c1c1b-e523-4125-85d1-e338ffc7f7c3', success rate: 1/1.
[2026-08-30 11:56:07Z INFO HostContext] Well known directory 'Bin': 'C:\Users\krish\Documents\BITS\mlops-project\actions-runner\bin'
[2026-08-30 11:56:07Z INFO HostContext] Well known directory 'Root': 'C:\Users\krish\Documents\BITS\mlops-project\actions-runner'
[2026-08-30 11:56:07Z INFO HostContext] Well known directory 'Work': 'C:\Users\krish\Documents\BITS\mlops-project\actions-runner\_work'
[2026-08-30 11:56:08Z INFO JobServerQueue] Try to append 1 batches web console lines for record '594c1c1b-e523-4125-85d1-e338ffc7f7c3', success rate: 1/1.
[2026-08-30 11:56:08Z INFO JobServerQueue] Try to append 1 batches web console lines for record '594c1c1b-e523-4125-85d1-e338ffc7f7c3', success rate: 1/1.
[2026-08-30 11:56:09Z INFO JobServerQueue] Try to append 1 batches web console lines for record '594c1c1b-e523-4125-85d1-e338ffc7f7c3', success rate: 1/1.
[2026-08-30 11:56:09Z INFO JobServerQueue] Try to append 1 batches web console lines for record '594c1c1b-e523-4125-85d1-e338ffc7f7c3', success rate: 1/1.
[2026-08-30 11:56:10Z INFO JobServerQueue] Try to append 1 batches web console lines for record '594c1c1b-e523-4125-85d1-e338ffc7f7c3', success rate: 1/1.
[2026-08-30 11:56:10Z INFO JobServerQueue] Try to append 1 batches web console lines for record '594c1c1b-e523-4125-85d1-e338ffc7f7c3', success rate: 1/1.
[2026-08-30 11:56:11Z INFO JobServerQueue] Try to append 1 batches web console lines for record '594c1c1b-e523-4125-85d1-e338ffc7f7c3', success rate: 1/1.
[2026-08-30 11:56:11Z INFO JobServerQueue] Try to append 1 batches web console lines for record '594c1c1b-e523-4125-85d1-e338ffc7f7c3', success rate: 1/1.
[2026-08-30 11:56:12Z INFO JobServerQueue] Try to append 1 batches web console lines for record '594c1c1b-e523-4125-85d1-e338ffc7f7c3', success rate: 1/1.
[2026-08-30 11:56:12Z INFO JobServerQueue] Try to append 1 batches web console lines for record '594c1c1b-e523-4125-85d1-e338ffc7f7c3', success rate: 1/1.
[2026-08-30 11:56:13Z INFO JobServerQueue] Try to append 1 batches web console lines for record '594c1c1b-e523-4125-85d1-e338ffc7f7c3', success rate: 1/1.
[2026-08-30 11:56:14Z INFO JobServerQueue] Try to append 1 batches web console lines for record '594c1c1b-e523-4125-85d1-e338ffc7f7c3', success rate: 1/1.
[2026-08-30 11:56:14Z INFO JobServerQueue] Try to append 1 batches web console lines for record '594c1c1b-e523-4125-85d1-e338ffc7f7c3', success rate: 1/1.
[2026-08-30 11:56:15Z INFO JobServerQueue] Try to append 1 batches web console lines for record '594c1c1b-e523-4125-85d1-e338ffc7f7c3', success rate: 1/1.
[2026-08-30 11:56:15Z INFO JobServerQueue] Try to append 1 batches web console lines for record '594c1c1b-e523-4125-85d1-e338ffc7f7c3', success rate: 1/1.
[2026-08-30 11:56:16Z INFO JobServerQueue] Try to append 1 batches web console lines for record '594c1c1b-e523-4125-85d1-e338ffc7f7c3', success rate: 1/1.
[2026-08-30 11:56:16Z INFO JobServerQueue] Try to append 1 batches web console lines for record '594c1c1b-e523-4125-85d1-e338ffc7f7c3', success rate: 1/1.
[2026-08-30 11:56:17Z INFO JobServerQueue] Try to append 1 batches web console lines for record '594c1c1b-e523-4125-85d1-e338ffc7f7c3', success rate: 1/1.
[2026-08-30 11:56:17Z INFO JobServerQueue] Try to append 1 batches web console lines for record '594c1c1b-e523-4125-85d1-e338ffc7f7c3', success rate: 1/1.
[2026-08-30 11:56:17Z INFO HostContext] Well known directory 'Bin': 'C:\Users\krish\Documents\BITS\mlops-project\actions-runner\bin'
[2026-08-30 11:56:18Z INFO HostContext] Well known directory 'Root': 'C:\Users\krish\Documents\BITS\mlops-project\actions-runner'
[2026-08-30 11:56:18Z INFO HostContext] Well known directory 'Work': 'C:\Users\krish\Documents\BITS\mlops-project\actions-runner\_work'
[2026-08-30 11:56:18Z INFO JobServerQueue] Try to append 1 batches web console lines for record '594c1c1b-e523-4125-85d1-e338ffc7f7c3', success rate: 1/1.
[2026-08-30 11:56:19Z INFO JobServerQueue] Try to append 1 batches web console lines for record '594c1c1b-e523-4125-85d1-e338ffc7f7c3', success rate: 1/1.
[2026-08-30 11:56:19Z INFO JobServerQueue] Try to append 1 batches web console lines for record '594c1c1b-e523-4125-85d1-e338ffc7f7c3', success rate: 1/1.
[2026-08-30 11:56:20Z INFO JobServerQueue] Try to append 1 batches web console lines for record '594c1c1b-e523-4125-85d1-e338ffc7f7c3', success rate: 1/1.
[2026-08-30 11:56:20Z INFO JobServerQueue] Try to append 1 batches web console lines for record '594c1c1b-e523-4125-85d1-e338ffc7f7c3', success rate: 1/1.
[2026-08-30 11:56:21Z INFO JobServerQueue] Try to append 1 batches web console lines for record '594c1c1b-e523-4125-85d1-e338ffc7f7c3', success rate: 1/1.
[2026-08-30 11:56:21Z INFO JobServerQueue] Try to append 1 batches web console lines for record '594c1c1b-e523-4125-85d1-e338ffc7f7c3', success rate: 1/1.
[2026-08-30 11:56:22Z INFO JobServerQueue] Try to append 1 batches web console lines for record '594c1c1b-e523-4125-85d1-e338ffc7f7c3', success rate: 1/1.
[2026-08-30 11:56:22Z INFO JobServerQueue] Try to append 1 batches web console lines for record '594c1c1b-e523-4125-85d1-e338ffc7f7c3', success rate: 1/1.
[2026-08-30 11:56:23Z INFO JobServerQueue] Try to append 1 batches web console lines for record '594c1c1b-e523-4125-85d1-e338ffc7f7c3', success rate: 1/1.
[2026-08-30 11:56:23Z INFO JobServerQueue] Try to append 1 batches web console lines for record '594c1c1b-e523-4125-85d1-e338ffc7f7c3', success rate: 1/1.
[2026-08-30 11:56:24Z INFO JobServerQueue] Try to append 1 batches web console lines for record '594c1c1b-e523-4125-85d1-e338ffc7f7c3', success rate: 1/1.
[2026-08-30 11:56:25Z INFO JobServerQueue] Try to append 1 batches web console lines for record '594c1c1b-e523-4125-85d1-e338ffc7f7c3', success rate: 1/1.
[2026-08-30 11:56:25Z INFO JobServerQueue] Try to append 1 batches web console lines for record '594c1c1b-e523-4125-85d1-e338ffc7f7c3', success rate: 1/1.
[2026-08-30 11:56:26Z INFO JobServerQueue] Try to append 1 batches web console lines for record '594c1c1b-e523-4125-85d1-e338ffc7f7c3', success rate: 1/1.
[2026-08-30 11:56:26Z INFO JobServerQueue] Try to append 1 batches web console lines for record '594c1c1b-e523-4125-85d1-e338ffc7f7c3', success rate: 1/1.
[2026-08-30 11:56:27Z INFO JobServerQueue] Try to append 1 batches web console lines for record '594c1c1b-e523-4125-85d1-e338ffc7f7c3', success rate: 1/1.
[2026-08-30 11:56:27Z INFO JobServerQueue] Try to append 1 batches web console lines for record '594c1c1b-e523-4125-85d1-e338ffc7f7c3', success rate: 1/1.
[2026-08-30 11:56:28Z INFO HostContext] Well known directory 'Bin': 'C:\Users\krish\Documents\BITS\mlops-project\actions-runner\bin'
[2026-08-30 11:56:28Z INFO HostContext] Well known directory 'Root': 'C:\Users\krish\Documents\BITS\mlops-project\actions-runner'
[2026-08-30 11:56:28Z INFO HostContext] Well known directory 'Work': 'C:\Users\krish\Documents\BITS\mlops-project\actions-runner\_work'
[2026-08-30 11:56:28Z INFO JobServerQueue] Try to append 1 batches web console lines for record '594c1c1b-e523-4125-85d1-e338ffc7f7c3', success rate: 1/1.
[2026-08-30 11:56:28Z INFO JobServerQueue] Try to append 1 batches web console lines for record '594c1c1b-e523-4125-85d1-e338ffc7f7c3', success rate: 1/1.
[2026-08-30 11:56:29Z INFO JobServerQueue] Try to append 1 batches web console lines for record '594c1c1b-e523-4125-85d1-e338ffc7f7c3', success rate: 1/1.
[2026-08-30 11:56:29Z INFO JobServerQueue] Try to append 1 batches web console lines for record '594c1c1b-e523-4125-85d1-e338ffc7f7c3', success rate: 1/1.
[2026-08-30 11:56:30Z INFO JobServerQueue] Try to append 1 batches web console lines for record '594c1c1b-e523-4125-85d1-e338ffc7f7c3', success rate: 1/1.
[2026-08-30 11:56:31Z INFO ResultServer] Websocket is not open, let's attempt to connect back again with random backoff 00:00:00.4120000 ms.
[2026-08-30 11:56:31Z INFO ResultServer] Creating websocket client ...wss://results-receiver.actions.githubusercontent.com/_ws/ingest.sock
[2026-08-30 11:56:31Z INFO ResultServer] Attempting to start websocket client with delay 00:00:00.4120000.
[2026-08-30 11:56:31Z INFO ResultServer] Websocket is not open, let's attempt to connect back again with random backoff 00:00:00.2770000 ms.
[2026-08-30 11:56:31Z INFO ResultServer] Creating websocket client ...wss://results-receiver.actions.githubusercontent.com/_ws/ingest.sock
[2026-08-30 11:56:31Z INFO ResultServer] Attempting to start websocket client with delay 00:00:00.2770000.
[2026-08-30 11:56:31Z INFO ResultServer] Websocket is not open, let's attempt to connect back again with random backoff 00:00:00.1760000 ms.
[2026-08-30 11:56:31Z INFO ResultServer] Creating websocket client ...wss://results-receiver.actions.githubusercontent.com/_ws/ingest.sock
[2026-08-30 11:56:31Z INFO ResultServer] Attempting to start websocket client with delay 00:00:00.1760000.
[2026-08-30 11:56:31Z INFO JobServerQueue] Try to append 1 batches web console lines for record '594c1c1b-e523-4125-85d1-e338ffc7f7c3', success rate: 1/1.
[2026-08-30 11:56:31Z INFO ResultServer] Exception caught during websocket client connect, retry connection.
[2026-08-30 11:56:31Z ERR  ResultServer] System.NullReferenceException: Object reference not set to an instance of an object.
   at GitHub.Runner.Common.ResultServer.ConnectWebSocketClient(String feedStreamUrl, TimeSpan delay, Boolean retryConnection)
[2026-08-30 11:56:31Z INFO ResultServer] Exception caught during websocket client connect, retry connection.
[2026-08-30 11:56:31Z ERR  ResultServer] System.NullReferenceException: Object reference not set to an instance of an object.
   at GitHub.Runner.Common.ResultServer.ConnectWebSocketClient(String feedStreamUrl, TimeSpan delay, Boolean retryConnection)
[2026-08-30 11:56:31Z INFO ResultServer] Exception caught during websocket client connect, retry connection.
[2026-08-30 11:56:31Z ERR  ResultServer] System.NullReferenceException: Object reference not set to an instance of an object.
   at GitHub.Runner.Common.ResultServer.ConnectWebSocketClient(String feedStreamUrl, TimeSpan delay, Boolean retryConnection)
[2026-08-30 11:56:31Z INFO JobServerQueue] Try to append 1 batches web console lines for record '594c1c1b-e523-4125-85d1-e338ffc7f7c3', success rate: 1/1.
[2026-08-30 11:56:32Z INFO JobServerQueue] Try to append 1 batches web console lines for record '594c1c1b-e523-4125-85d1-e338ffc7f7c3', success rate: 1/1.
[2026-08-30 11:56:32Z INFO JobServerQueue] Try to append 1 batches web console lines for record '594c1c1b-e523-4125-85d1-e338ffc7f7c3', success rate: 1/1.
[2026-08-30 11:56:33Z INFO JobServerQueue] Try to append 1 batches web console lines for record '594c1c1b-e523-4125-85d1-e338ffc7f7c3', success rate: 1/1.
[2026-08-30 11:56:33Z INFO JobServerQueue] Try to append 1 batches web console lines for record '594c1c1b-e523-4125-85d1-e338ffc7f7c3', success rate: 1/1.
[2026-08-30 11:56:34Z INFO JobServerQueue] Try to append 1 batches web console lines for record '594c1c1b-e523-4125-85d1-e338ffc7f7c3', success rate: 1/1.
[2026-08-30 11:56:34Z INFO JobServerQueue] Try to append 1 batches web console lines for record '594c1c1b-e523-4125-85d1-e338ffc7f7c3', success rate: 1/1.
[2026-08-30 11:56:35Z INFO JobServerQueue] Try to append 1 batches web console lines for record '594c1c1b-e523-4125-85d1-e338ffc7f7c3', success rate: 1/1.
[2026-08-30 11:56:36Z INFO JobServerQueue] Try to append 1 batches web console lines for record '594c1c1b-e523-4125-85d1-e338ffc7f7c3', success rate: 1/1.
[2026-08-30 11:56:36Z INFO JobServerQueue] Try to append 1 batches web console lines for record '594c1c1b-e523-4125-85d1-e338ffc7f7c3', success rate: 1/1.
[2026-08-30 11:56:37Z INFO JobServerQueue] Try to append 1 batches web console lines for record '594c1c1b-e523-4125-85d1-e338ffc7f7c3', success rate: 1/1.
[2026-08-30 11:56:37Z INFO JobServerQueue] Try to append 1 batches web console lines for record '594c1c1b-e523-4125-85d1-e338ffc7f7c3', success rate: 1/1.
[2026-08-30 11:56:38Z INFO JobServerQueue] Try to append 1 batches web console lines for record '594c1c1b-e523-4125-85d1-e338ffc7f7c3', success rate: 1/1.
[2026-08-30 11:56:38Z INFO HostContext] Well known directory 'Bin': 'C:\Users\krish\Documents\BITS\mlops-project\actions-runner\bin'
[2026-08-30 11:56:38Z INFO HostContext] Well known directory 'Root': 'C:\Users\krish\Documents\BITS\mlops-project\actions-runner'
[2026-08-30 11:56:38Z INFO HostContext] Well known directory 'Work': 'C:\Users\krish\Documents\BITS\mlops-project\actions-runner\_work'
[2026-08-30 11:56:38Z INFO JobServerQueue] Try to append 1 batches web console lines for record '594c1c1b-e523-4125-85d1-e338ffc7f7c3', success rate: 1/1.
[2026-08-30 11:56:39Z INFO JobServerQueue] Try to append 1 batches web console lines for record '594c1c1b-e523-4125-85d1-e338ffc7f7c3', success rate: 1/1.
[2026-08-30 11:56:39Z INFO JobServerQueue] Try to append 1 batches web console lines for record '594c1c1b-e523-4125-85d1-e338ffc7f7c3', success rate: 1/1.
[2026-08-30 11:56:40Z INFO JobServerQueue] Try to append 1 batches web console lines for record '594c1c1b-e523-4125-85d1-e338ffc7f7c3', success rate: 1/1.
[2026-08-30 11:56:40Z INFO JobServerQueue] Try to append 1 batches web console lines for record '594c1c1b-e523-4125-85d1-e338ffc7f7c3', success rate: 1/1.
[2026-08-30 11:56:41Z INFO JobServerQueue] Try to append 1 batches web console lines for record '594c1c1b-e523-4125-85d1-e338ffc7f7c3', success rate: 1/1.
[2026-08-30 11:56:42Z INFO JobServerQueue] Try to append 1 batches web console lines for record '594c1c1b-e523-4125-85d1-e338ffc7f7c3', success rate: 1/1.
[2026-08-30 11:56:42Z INFO JobServerQueue] Try to append 1 batches web console lines for record '594c1c1b-e523-4125-85d1-e338ffc7f7c3', success rate: 1/1.
[2026-08-30 11:56:45Z INFO JobServerQueue] Try to append 1 batches web console lines for record '594c1c1b-e523-4125-85d1-e338ffc7f7c3', success rate: 1/1.
[2026-08-30 11:56:46Z INFO JobServerQueue] Try to append 1 batches web console lines for record '594c1c1b-e523-4125-85d1-e338ffc7f7c3', success rate: 1/1.
[2026-08-30 11:56:48Z INFO HostContext] Well known directory 'Bin': 'C:\Users\krish\Documents\BITS\mlops-project\actions-runner\bin'
[2026-08-30 11:56:48Z INFO HostContext] Well known directory 'Root': 'C:\Users\krish\Documents\BITS\mlops-project\actions-runner'
[2026-08-30 11:56:48Z INFO HostContext] Well known directory 'Work': 'C:\Users\krish\Documents\BITS\mlops-project\actions-runner\_work'
[2026-08-30 11:56:48Z INFO JobServerQueue] Try to append 1 batches web console lines for record '594c1c1b-e523-4125-85d1-e338ffc7f7c3', success rate: 1/1.
[2026-08-30 11:56:49Z INFO JobServerQueue] Try to append 1 batches web console lines for record '594c1c1b-e523-4125-85d1-e338ffc7f7c3', success rate: 1/1.
[2026-08-30 11:56:49Z INFO JobServerQueue] Try to append 1 batches web console lines for record '594c1c1b-e523-4125-85d1-e338ffc7f7c3', success rate: 1/1.
[2026-08-30 11:56:50Z INFO JobServerQueue] Try to append 1 batches web console lines for record '594c1c1b-e523-4125-85d1-e338ffc7f7c3', success rate: 1/1.
[2026-08-30 11:56:51Z INFO JobServerQueue] Try to append 1 batches web console lines for record '594c1c1b-e523-4125-85d1-e338ffc7f7c3', success rate: 1/1.
[2026-08-30 11:56:52Z INFO JobServerQueue] Try to append 1 batches web console lines for record '594c1c1b-e523-4125-85d1-e338ffc7f7c3', success rate: 1/1.
[2026-08-30 11:56:52Z INFO JobServerQueue] Try to append 1 batches web console lines for record '594c1c1b-e523-4125-85d1-e338ffc7f7c3', success rate: 1/1.
[2026-08-30 11:56:53Z INFO JobServerQueue] Try to append 1 batches web console lines for record '594c1c1b-e523-4125-85d1-e338ffc7f7c3', success rate: 1/1.
[2026-08-30 11:56:53Z INFO JobServerQueue] Try to append 1 batches web console lines for record '594c1c1b-e523-4125-85d1-e338ffc7f7c3', success rate: 1/1.
[2026-08-30 11:56:54Z INFO JobServerQueue] Try to append 1 batches web console lines for record '594c1c1b-e523-4125-85d1-e338ffc7f7c3', success rate: 1/1.
[2026-08-30 11:56:54Z INFO JobServerQueue] Try to append 1 batches web console lines for record '594c1c1b-e523-4125-85d1-e338ffc7f7c3', success rate: 1/1.
[2026-08-30 11:56:55Z INFO JobServerQueue] Try to append 1 batches web console lines for record '594c1c1b-e523-4125-85d1-e338ffc7f7c3', success rate: 1/1.
[2026-08-30 11:56:55Z INFO JobServerQueue] Try to append 1 batches web console lines for record '594c1c1b-e523-4125-85d1-e338ffc7f7c3', success rate: 1/1.
[2026-08-30 11:56:56Z INFO JobServerQueue] Try to append 1 batches web console lines for record '594c1c1b-e523-4125-85d1-e338ffc7f7c3', success rate: 1/1.
[2026-08-30 11:56:56Z INFO JobServerQueue] Try to append 1 batches web console lines for record '594c1c1b-e523-4125-85d1-e338ffc7f7c3', success rate: 1/1.
[2026-08-30 11:56:57Z INFO JobServerQueue] Try to append 1 batches web console lines for record '594c1c1b-e523-4125-85d1-e338ffc7f7c3', success rate: 1/1.
[2026-08-30 11:56:58Z INFO JobServerQueue] Try to append 1 batches web console lines for record '594c1c1b-e523-4125-85d1-e338ffc7f7c3', success rate: 1/1.
[2026-08-30 11:56:58Z INFO HostContext] Well known directory 'Bin': 'C:\Users\krish\Documents\BITS\mlops-project\actions-runner\bin'
[2026-08-30 11:56:58Z INFO HostContext] Well known directory 'Root': 'C:\Users\krish\Documents\BITS\mlops-project\actions-runner'
[2026-08-30 11:56:58Z INFO HostContext] Well known directory 'Work': 'C:\Users\krish\Documents\BITS\mlops-project\actions-runner\_work'
[2026-08-30 11:56:58Z INFO JobServerQueue] Try to append 1 batches web console lines for record '594c1c1b-e523-4125-85d1-e338ffc7f7c3', success rate: 1/1.
[2026-08-30 11:56:59Z INFO JobServerQueue] Try to append 1 batches web console lines for record '594c1c1b-e523-4125-85d1-e338ffc7f7c3', success rate: 1/1.
[2026-08-30 11:56:59Z INFO JobServerQueue] Try to append 1 batches web console lines for record '594c1c1b-e523-4125-85d1-e338ffc7f7c3', success rate: 1/1.
[2026-08-30 11:57:00Z INFO JobServerQueue] Try to append 1 batches web console lines for record '594c1c1b-e523-4125-85d1-e338ffc7f7c3', success rate: 1/1.
[2026-08-30 11:57:00Z INFO JobServerQueue] Try to append 1 batches web console lines for record '594c1c1b-e523-4125-85d1-e338ffc7f7c3', success rate: 1/1.
[2026-08-30 11:57:01Z INFO JobServerQueue] Try to append 1 batches web console lines for record '594c1c1b-e523-4125-85d1-e338ffc7f7c3', success rate: 1/1.
[2026-08-30 11:57:01Z INFO JobServerQueue] Try to append 1 batches web console lines for record '594c1c1b-e523-4125-85d1-e338ffc7f7c3', success rate: 1/1.
[2026-08-30 11:57:02Z INFO JobServerQueue] Try to append 1 batches web console lines for record '594c1c1b-e523-4125-85d1-e338ffc7f7c3', success rate: 1/1.
[2026-08-30 11:57:02Z INFO JobServerQueue] Try to append 1 batches web console lines for record '594c1c1b-e523-4125-85d1-e338ffc7f7c3', success rate: 1/1.
[2026-08-30 11:57:03Z INFO JobServerQueue] Try to append 1 batches web console lines for record '594c1c1b-e523-4125-85d1-e338ffc7f7c3', success rate: 1/1.
[2026-08-30 11:57:03Z INFO JobServerQueue] Try to append 1 batches web console lines for record '594c1c1b-e523-4125-85d1-e338ffc7f7c3', success rate: 1/1.
[2026-08-30 11:57:04Z INFO JobServerQueue] Try to append 1 batches web console lines for record '594c1c1b-e523-4125-85d1-e338ffc7f7c3', success rate: 1/1.
[2026-08-30 11:57:04Z INFO JobServerQueue] Try to append 1 batches web console lines for record '594c1c1b-e523-4125-85d1-e338ffc7f7c3', success rate: 1/1.
[2026-08-30 11:57:05Z INFO JobServerQueue] Try to append 1 batches web console lines for record '594c1c1b-e523-4125-85d1-e338ffc7f7c3', success rate: 1/1.
[2026-08-30 11:57:06Z INFO JobServerQueue] Try to append 1 batches web console lines for record '594c1c1b-e523-4125-85d1-e338ffc7f7c3', success rate: 1/1.
[2026-08-30 11:57:06Z INFO JobServerQueue] Try to append 1 batches web console lines for record '594c1c1b-e523-4125-85d1-e338ffc7f7c3', success rate: 1/1.
[2026-08-30 11:57:07Z INFO JobServerQueue] Try to append 1 batches web console lines for record '594c1c1b-e523-4125-85d1-e338ffc7f7c3', success rate: 1/1.
[2026-08-30 11:57:07Z INFO JobServerQueue] Try to append 1 batches web console lines for record '594c1c1b-e523-4125-85d1-e338ffc7f7c3', success rate: 1/1.
[2026-08-30 11:57:08Z INFO JobServerQueue] Try to append 1 batches web console lines for record '594c1c1b-e523-4125-85d1-e338ffc7f7c3', success rate: 1/1.
[2026-08-30 11:57:08Z INFO HostContext] Well known directory 'Bin': 'C:\Users\krish\Documents\BITS\mlops-project\actions-runner\bin'
[2026-08-30 11:57:08Z INFO HostContext] Well known directory 'Root': 'C:\Users\krish\Documents\BITS\mlops-project\actions-runner'
[2026-08-30 11:57:08Z INFO HostContext] Well known directory 'Work': 'C:\Users\krish\Documents\BITS\mlops-project\actions-runner\_work'
[2026-08-30 11:57:08Z INFO JobServerQueue] Try to append 1 batches web console lines for record '594c1c1b-e523-4125-85d1-e338ffc7f7c3', success rate: 1/1.
[2026-08-30 11:57:09Z INFO JobServerQueue] Try to append 1 batches web console lines for record '594c1c1b-e523-4125-85d1-e338ffc7f7c3', success rate: 1/1.
[2026-08-30 11:57:09Z INFO JobServerQueue] Try to append 1 batches web console lines for record '594c1c1b-e523-4125-85d1-e338ffc7f7c3', success rate: 1/1.
[2026-08-30 11:57:10Z INFO JobServerQueue] Try to append 1 batches web console lines for record '594c1c1b-e523-4125-85d1-e338ffc7f7c3', success rate: 1/1.
[2026-08-30 11:57:11Z INFO JobServerQueue] Try to append 1 batches web console lines for record '594c1c1b-e523-4125-85d1-e338ffc7f7c3', success rate: 1/1.
[2026-08-30 11:57:11Z INFO JobServerQueue] Try to append 1 batches web console lines for record '594c1c1b-e523-4125-85d1-e338ffc7f7c3', success rate: 1/1.
[2026-08-30 11:57:12Z INFO JobServerQueue] Try to append 1 batches web console lines for record '594c1c1b-e523-4125-85d1-e338ffc7f7c3', success rate: 1/1.
[2026-08-30 11:57:12Z INFO JobServerQueue] Try to append 1 batches web console lines for record '594c1c1b-e523-4125-85d1-e338ffc7f7c3', success rate: 1/1.
[2026-08-30 11:57:13Z INFO JobServerQueue] Try to append 1 batches web console lines for record '594c1c1b-e523-4125-85d1-e338ffc7f7c3', success rate: 1/1.
[2026-08-30 11:57:13Z INFO JobServerQueue] Try to append 1 batches web console lines for record '594c1c1b-e523-4125-85d1-e338ffc7f7c3', success rate: 1/1.
[2026-08-30 11:57:14Z INFO JobServerQueue] Try to append 1 batches web console lines for record '594c1c1b-e523-4125-85d1-e338ffc7f7c3', success rate: 1/1.
[2026-08-30 11:57:14Z INFO JobServerQueue] Try to append 1 batches web console lines for record '594c1c1b-e523-4125-85d1-e338ffc7f7c3', success rate: 1/1.
[2026-08-30 11:57:15Z INFO JobServerQueue] Try to append 1 batches web console lines for record '594c1c1b-e523-4125-85d1-e338ffc7f7c3', success rate: 1/1.
[2026-08-30 11:57:16Z INFO JobServerQueue] Try to append 1 batches web console lines for record '594c1c1b-e523-4125-85d1-e338ffc7f7c3', success rate: 1/1.
[2026-08-30 11:57:16Z INFO JobServerQueue] Try to append 1 batches web console lines for record '594c1c1b-e523-4125-85d1-e338ffc7f7c3', success rate: 1/1.
[2026-08-30 11:57:17Z INFO JobServerQueue] Try to append 1 batches web console lines for record '594c1c1b-e523-4125-85d1-e338ffc7f7c3', success rate: 1/1.
[2026-08-30 11:57:17Z INFO JobServerQueue] Try to append 1 batches web console lines for record '594c1c1b-e523-4125-85d1-e338ffc7f7c3', success rate: 1/1.
[2026-08-30 11:57:18Z INFO JobServerQueue] Try to append 1 batches web console lines for record '594c1c1b-e523-4125-85d1-e338ffc7f7c3', success rate: 1/1.
[2026-08-30 11:57:18Z INFO HostContext] Well known directory 'Bin': 'C:\Users\krish\Documents\BITS\mlops-project\actions-runner\bin'
[2026-08-30 11:57:18Z INFO HostContext] Well known directory 'Root': 'C:\Users\krish\Documents\BITS\mlops-project\actions-runner'
[2026-08-30 11:57:18Z INFO HostContext] Well known directory 'Work': 'C:\Users\krish\Documents\BITS\mlops-project\actions-runner\_work'
[2026-08-30 11:57:18Z INFO JobServerQueue] Try to append 1 batches web console lines for record '594c1c1b-e523-4125-85d1-e338ffc7f7c3', success rate: 1/1.
[2026-08-30 11:57:19Z INFO JobServerQueue] Try to append 1 batches web console lines for record '594c1c1b-e523-4125-85d1-e338ffc7f7c3', success rate: 1/1.
[2026-08-30 11:57:19Z INFO JobServerQueue] Try to append 1 batches web console lines for record '594c1c1b-e523-4125-85d1-e338ffc7f7c3', success rate: 1/1.
[2026-08-30 11:57:20Z INFO JobServerQueue] Try to append 1 batches web console lines for record '594c1c1b-e523-4125-85d1-e338ffc7f7c3', success rate: 1/1.
[2026-08-30 11:57:21Z INFO JobServerQueue] Try to append 1 batches web console lines for record '594c1c1b-e523-4125-85d1-e338ffc7f7c3', success rate: 1/1.
[2026-08-30 11:57:21Z INFO JobServerQueue] Try to append 1 batches web console lines for record '594c1c1b-e523-4125-85d1-e338ffc7f7c3', success rate: 1/1.
[2026-08-30 11:57:22Z INFO JobServerQueue] Try to append 1 batches web console lines for record '594c1c1b-e523-4125-85d1-e338ffc7f7c3', success rate: 1/1.
[2026-08-30 11:57:22Z INFO JobServerQueue] Try to append 1 batches web console lines for record '594c1c1b-e523-4125-85d1-e338ffc7f7c3', success rate: 1/1.
[2026-08-30 11:57:23Z INFO JobServerQueue] Try to append 1 batches web console lines for record '594c1c1b-e523-4125-85d1-e338ffc7f7c3', success rate: 1/1.
[2026-08-30 11:57:23Z INFO JobServerQueue] Try to append 1 batches web console lines for record '594c1c1b-e523-4125-85d1-e338ffc7f7c3', success rate: 1/1.
[2026-08-30 11:57:24Z INFO JobServerQueue] Try to append 1 batches web console lines for record '594c1c1b-e523-4125-85d1-e338ffc7f7c3', success rate: 1/1.
[2026-08-30 11:57:25Z INFO JobServerQueue] Try to append 1 batches web console lines for record '594c1c1b-e523-4125-85d1-e338ffc7f7c3', success rate: 1/1.
[2026-08-30 11:57:25Z INFO JobServerQueue] Try to append 1 batches web console lines for record '594c1c1b-e523-4125-85d1-e338ffc7f7c3', success rate: 1/1.
[2026-08-30 11:57:26Z INFO JobServerQueue] Try to append 1 batches web console lines for record '594c1c1b-e523-4125-85d1-e338ffc7f7c3', success rate: 1/1.
[2026-08-30 11:57:26Z INFO JobServerQueue] Try to append 1 batches web console lines for record '594c1c1b-e523-4125-85d1-e338ffc7f7c3', success rate: 1/1.
[2026-08-30 11:57:27Z INFO JobServerQueue] Try to append 1 batches web console lines for record '594c1c1b-e523-4125-85d1-e338ffc7f7c3', success rate: 1/1.
[2026-08-30 11:57:27Z INFO JobServerQueue] Try to append 1 batches web console lines for record '594c1c1b-e523-4125-85d1-e338ffc7f7c3', success rate: 1/1.
[2026-08-30 11:57:28Z INFO JobServerQueue] Try to append 1 batches web console lines for record '594c1c1b-e523-4125-85d1-e338ffc7f7c3', success rate: 1/1.
[2026-08-30 11:57:28Z INFO HostContext] Well known directory 'Bin': 'C:\Users\krish\Documents\BITS\mlops-project\actions-runner\bin'
[2026-08-30 11:57:28Z INFO HostContext] Well known directory 'Root': 'C:\Users\krish\Documents\BITS\mlops-project\actions-runner'
[2026-08-30 11:57:28Z INFO HostContext] Well known directory 'Work': 'C:\Users\krish\Documents\BITS\mlops-project\actions-runner\_work'
[2026-08-30 11:57:29Z INFO JobServerQueue] Try to append 1 batches web console lines for record '594c1c1b-e523-4125-85d1-e338ffc7f7c3', success rate: 1/1.
[2026-08-30 11:57:29Z INFO JobServerQueue] Try to append 1 batches web console lines for record '594c1c1b-e523-4125-85d1-e338ffc7f7c3', success rate: 1/1.
[2026-08-30 11:57:30Z INFO JobServerQueue] Try to append 1 batches web console lines for record '594c1c1b-e523-4125-85d1-e338ffc7f7c3', success rate: 1/1.
[2026-08-30 11:57:30Z INFO JobServerQueue] Try to append 1 batches web console lines for record '594c1c1b-e523-4125-85d1-e338ffc7f7c3', success rate: 1/1.
[2026-08-30 11:57:31Z INFO JobServerQueue] Try to append 1 batches web console lines for record '594c1c1b-e523-4125-85d1-e338ffc7f7c3', success rate: 1/1.
[2026-08-30 11:57:31Z INFO JobServerQueue] Try to append 1 batches web console lines for record '594c1c1b-e523-4125-85d1-e338ffc7f7c3', success rate: 1/1.
[2026-08-30 11:57:32Z INFO JobServerQueue] Try to append 1 batches web console lines for record '594c1c1b-e523-4125-85d1-e338ffc7f7c3', success rate: 1/1.
[2026-08-30 11:57:32Z INFO JobServerQueue] Try to append 1 batches web console lines for record '594c1c1b-e523-4125-85d1-e338ffc7f7c3', success rate: 1/1.
[2026-08-30 11:57:33Z INFO JobServerQueue] Try to append 1 batches web console lines for record '594c1c1b-e523-4125-85d1-e338ffc7f7c3', success rate: 1/1.
[2026-08-30 11:57:33Z INFO JobServerQueue] Try to append 1 batches web console lines for record '594c1c1b-e523-4125-85d1-e338ffc7f7c3', success rate: 1/1.
[2026-08-30 11:57:34Z INFO JobServerQueue] Try to append 1 batches web console lines for record '594c1c1b-e523-4125-85d1-e338ffc7f7c3', success rate: 1/1.
[2026-08-30 11:57:34Z INFO JobServerQueue] Try to append 1 batches web console lines for record '594c1c1b-e523-4125-85d1-e338ffc7f7c3', success rate: 1/1.
[2026-08-30 11:57:35Z INFO JobServerQueue] Try to append 1 batches web console lines for record '594c1c1b-e523-4125-85d1-e338ffc7f7c3', success rate: 1/1.
[2026-08-30 11:57:35Z INFO JobServerQueue] Try to append 1 batches web console lines for record '594c1c1b-e523-4125-85d1-e338ffc7f7c3', success rate: 1/1.
[2026-08-30 11:57:36Z INFO JobServerQueue] Try to append 1 batches web console lines for record '594c1c1b-e523-4125-85d1-e338ffc7f7c3', success rate: 1/1.
[2026-08-30 11:57:37Z INFO JobServerQueue] Try to append 1 batches web console lines for record '594c1c1b-e523-4125-85d1-e338ffc7f7c3', success rate: 1/1.
[2026-08-30 11:57:37Z INFO JobServerQueue] Try to append 1 batches web console lines for record '594c1c1b-e523-4125-85d1-e338ffc7f7c3', success rate: 1/1.
[2026-08-30 11:57:38Z INFO JobServerQueue] Try to append 1 batches web console lines for record '594c1c1b-e523-4125-85d1-e338ffc7f7c3', success rate: 1/1.
[2026-08-30 11:57:38Z INFO JobServerQueue] Try to append 1 batches web console lines for record '594c1c1b-e523-4125-85d1-e338ffc7f7c3', success rate: 1/1.
[2026-08-30 11:57:38Z INFO HostContext] Well known directory 'Bin': 'C:\Users\krish\Documents\BITS\mlops-project\actions-runner\bin'
[2026-08-30 11:57:38Z INFO HostContext] Well known directory 'Root': 'C:\Users\krish\Documents\BITS\mlops-project\actions-runner'
[2026-08-30 11:57:38Z INFO HostContext] Well known directory 'Work': 'C:\Users\krish\Documents\BITS\mlops-project\actions-runner\_work'
[2026-08-30 11:57:39Z INFO JobServerQueue] Try to append 1 batches web console lines for record '594c1c1b-e523-4125-85d1-e338ffc7f7c3', success rate: 1/1.
[2026-08-30 11:57:39Z INFO JobServerQueue] Try to append 1 batches web console lines for record '594c1c1b-e523-4125-85d1-e338ffc7f7c3', success rate: 1/1.
[2026-08-30 11:57:40Z INFO JobServerQueue] Try to append 1 batches web console lines for record '594c1c1b-e523-4125-85d1-e338ffc7f7c3', success rate: 1/1.
[2026-08-30 11:57:40Z INFO JobServerQueue] Try to append 1 batches web console lines for record '594c1c1b-e523-4125-85d1-e338ffc7f7c3', success rate: 1/1.
[2026-08-30 11:57:41Z INFO JobServerQueue] Try to append 1 batches web console lines for record '594c1c1b-e523-4125-85d1-e338ffc7f7c3', success rate: 1/1.
[2026-08-30 11:57:41Z INFO JobServerQueue] Try to append 1 batches web console lines for record '594c1c1b-e523-4125-85d1-e338ffc7f7c3', success rate: 1/1.
[2026-08-30 11:57:42Z INFO JobServerQueue] Try to append 1 batches web console lines for record '594c1c1b-e523-4125-85d1-e338ffc7f7c3', success rate: 1/1.
[2026-08-30 11:57:42Z INFO JobServerQueue] Try to append 1 batches web console lines for record '594c1c1b-e523-4125-85d1-e338ffc7f7c3', success rate: 1/1.
[2026-08-30 11:57:43Z INFO JobServerQueue] Try to append 1 batches web console lines for record '594c1c1b-e523-4125-85d1-e338ffc7f7c3', success rate: 1/1.
[2026-08-30 11:57:43Z INFO JobServerQueue] Try to append 1 batches web console lines for record '594c1c1b-e523-4125-85d1-e338ffc7f7c3', success rate: 1/1.
[2026-08-30 11:57:44Z INFO JobServerQueue] Try to append 1 batches web console lines for record '594c1c1b-e523-4125-85d1-e338ffc7f7c3', success rate: 1/1.
[2026-08-30 11:57:44Z INFO JobServerQueue] Try to append 1 batches web console lines for record '594c1c1b-e523-4125-85d1-e338ffc7f7c3', success rate: 1/1.
[2026-08-30 11:57:45Z INFO JobServerQueue] Try to append 1 batches web console lines for record '594c1c1b-e523-4125-85d1-e338ffc7f7c3', success rate: 1/1.
[2026-08-30 11:57:45Z INFO JobServerQueue] Try to append 1 batches web console lines for record '594c1c1b-e523-4125-85d1-e338ffc7f7c3', success rate: 1/1.
[2026-08-30 11:57:46Z INFO JobServerQueue] Try to append 1 batches web console lines for record '594c1c1b-e523-4125-85d1-e338ffc7f7c3', success rate: 1/1.
[2026-08-30 11:57:46Z INFO JobServerQueue] Try to append 1 batches web console lines for record '594c1c1b-e523-4125-85d1-e338ffc7f7c3', success rate: 1/1.
[2026-08-30 11:57:47Z INFO JobServerQueue] Try to append 1 batches web console lines for record '594c1c1b-e523-4125-85d1-e338ffc7f7c3', success rate: 1/1.
[2026-08-30 11:57:48Z INFO JobServerQueue] Try to append 1 batches web console lines for record '594c1c1b-e523-4125-85d1-e338ffc7f7c3', success rate: 1/1.
[2026-08-30 11:57:48Z INFO JobServerQueue] Try to append 1 batches web console lines for record '594c1c1b-e523-4125-85d1-e338ffc7f7c3', success rate: 1/1.
[2026-08-30 11:57:48Z INFO HostContext] Well known directory 'Bin': 'C:\Users\krish\Documents\BITS\mlops-project\actions-runner\bin'
[2026-08-30 11:57:48Z INFO HostContext] Well known directory 'Root': 'C:\Users\krish\Documents\BITS\mlops-project\actions-runner'
[2026-08-30 11:57:48Z INFO HostContext] Well known directory 'Work': 'C:\Users\krish\Documents\BITS\mlops-project\actions-runner\_work'
[2026-08-30 11:57:49Z INFO JobServerQueue] Try to append 1 batches web console lines for record '594c1c1b-e523-4125-85d1-e338ffc7f7c3', success rate: 1/1.
[2026-08-30 11:57:49Z INFO JobServerQueue] Try to append 1 batches web console lines for record '594c1c1b-e523-4125-85d1-e338ffc7f7c3', success rate: 1/1.
[2026-08-30 11:57:50Z INFO JobServerQueue] Try to append 1 batches web console lines for record '594c1c1b-e523-4125-85d1-e338ffc7f7c3', success rate: 1/1.
[2026-08-30 11:57:50Z INFO JobServerQueue] Try to append 1 batches web console lines for record '594c1c1b-e523-4125-85d1-e338ffc7f7c3', success rate: 1/1.
[2026-08-30 11:57:51Z INFO JobServerQueue] Try to append 1 batches web console lines for record '594c1c1b-e523-4125-85d1-e338ffc7f7c3', success rate: 1/1.
[2026-08-30 11:57:51Z INFO JobServerQueue] Try to append 1 batches web console lines for record '594c1c1b-e523-4125-85d1-e338ffc7f7c3', success rate: 1/1.
[2026-08-30 11:57:52Z INFO JobServerQueue] Try to append 1 batches web console lines for record '594c1c1b-e523-4125-85d1-e338ffc7f7c3', success rate: 1/1.
[2026-08-30 11:57:52Z INFO JobServerQueue] Try to append 1 batches web console lines for record '594c1c1b-e523-4125-85d1-e338ffc7f7c3', success rate: 1/1.
[2026-08-30 11:57:54Z INFO JobServerQueue] Try to append 1 batches web console lines for record '594c1c1b-e523-4125-85d1-e338ffc7f7c3', success rate: 1/1.
[2026-08-30 11:57:55Z INFO JobServerQueue] Try to append 1 batches web console lines for record '594c1c1b-e523-4125-85d1-e338ffc7f7c3', success rate: 1/1.
[2026-08-30 11:57:55Z INFO JobServerQueue] Try to append 1 batches web console lines for record '594c1c1b-e523-4125-85d1-e338ffc7f7c3', success rate: 1/1.
[2026-08-30 11:57:56Z INFO JobServerQueue] Try to append 1 batches web console lines for record '594c1c1b-e523-4125-85d1-e338ffc7f7c3', success rate: 1/1.
[2026-08-30 11:57:57Z INFO JobServerQueue] Try to append 1 batches web console lines for record '594c1c1b-e523-4125-85d1-e338ffc7f7c3', success rate: 1/1.
[2026-08-30 11:57:57Z INFO JobServerQueue] Try to append 1 batches web console lines for record '594c1c1b-e523-4125-85d1-e338ffc7f7c3', success rate: 1/1.
[2026-08-30 11:57:58Z INFO JobServerQueue] Try to append 1 batches web console lines for record '594c1c1b-e523-4125-85d1-e338ffc7f7c3', success rate: 1/1.
[2026-08-30 11:57:58Z INFO HostContext] Well known directory 'Bin': 'C:\Users\krish\Documents\BITS\mlops-project\actions-runner\bin'
[2026-08-30 11:57:58Z INFO HostContext] Well known directory 'Root': 'C:\Users\krish\Documents\BITS\mlops-project\actions-runner'
[2026-08-30 11:57:58Z INFO HostContext] Well known directory 'Work': 'C:\Users\krish\Documents\BITS\mlops-project\actions-runner\_work'
[2026-08-30 11:57:58Z INFO JobServerQueue] Try to append 1 batches web console lines for record '594c1c1b-e523-4125-85d1-e338ffc7f7c3', success rate: 1/1.
[2026-08-30 11:57:59Z INFO JobServerQueue] Try to append 1 batches web console lines for record '594c1c1b-e523-4125-85d1-e338ffc7f7c3', success rate: 1/1.
[2026-08-30 11:57:59Z INFO JobServerQueue] Try to append 1 batches web console lines for record '594c1c1b-e523-4125-85d1-e338ffc7f7c3', success rate: 1/1.
[2026-08-30 11:58:00Z INFO JobServerQueue] Try to append 1 batches web console lines for record '594c1c1b-e523-4125-85d1-e338ffc7f7c3', success rate: 1/1.
[2026-08-30 11:58:00Z INFO JobServerQueue] Try to append 1 batches web console lines for record '594c1c1b-e523-4125-85d1-e338ffc7f7c3', success rate: 1/1.
[2026-08-30 11:58:01Z INFO JobServerQueue] Try to append 1 batches web console lines for record '594c1c1b-e523-4125-85d1-e338ffc7f7c3', success rate: 1/1.
[2026-08-30 11:58:01Z INFO JobServerQueue] Try to append 1 batches web console lines for record '594c1c1b-e523-4125-85d1-e338ffc7f7c3', success rate: 1/1.
[2026-08-30 11:58:02Z INFO JobServerQueue] Try to append 1 batches web console lines for record '594c1c1b-e523-4125-85d1-e338ffc7f7c3', success rate: 1/1.
[2026-08-30 11:58:02Z INFO JobServerQueue] Try to append 1 batches web console lines for record '594c1c1b-e523-4125-85d1-e338ffc7f7c3', success rate: 1/1.
[2026-08-30 11:58:03Z INFO JobServerQueue] Try to append 1 batches web console lines for record '594c1c1b-e523-4125-85d1-e338ffc7f7c3', success rate: 1/1.
[2026-08-30 11:58:03Z INFO JobServerQueue] Try to append 1 batches web console lines for record '594c1c1b-e523-4125-85d1-e338ffc7f7c3', success rate: 1/1.
[2026-08-30 11:58:04Z INFO JobServerQueue] Try to append 1 batches web console lines for record '594c1c1b-e523-4125-85d1-e338ffc7f7c3', success rate: 1/1.
[2026-08-30 11:58:05Z INFO JobServerQueue] Try to append 1 batches web console lines for record '594c1c1b-e523-4125-85d1-e338ffc7f7c3', success rate: 1/1.
[2026-08-30 11:58:05Z INFO JobServerQueue] Try to append 1 batches web console lines for record '594c1c1b-e523-4125-85d1-e338ffc7f7c3', success rate: 1/1.
[2026-08-30 11:58:06Z INFO JobServerQueue] Try to append 1 batches web console lines for record '594c1c1b-e523-4125-85d1-e338ffc7f7c3', success rate: 1/1.
[2026-08-30 11:58:06Z INFO JobServerQueue] Try to append 1 batches web console lines for record '594c1c1b-e523-4125-85d1-e338ffc7f7c3', success rate: 1/1.
[2026-08-30 11:58:07Z INFO JobServerQueue] Try to append 1 batches web console lines for record '594c1c1b-e523-4125-85d1-e338ffc7f7c3', success rate: 1/1.
[2026-08-30 11:58:07Z INFO JobServerQueue] Try to append 1 batches web console lines for record '594c1c1b-e523-4125-85d1-e338ffc7f7c3', success rate: 1/1.
[2026-08-30 11:58:08Z INFO JobServerQueue] Try to append 1 batches web console lines for record '594c1c1b-e523-4125-85d1-e338ffc7f7c3', success rate: 1/1.
[2026-08-30 11:58:08Z INFO JobServerQueue] Try to append 1 batches web console lines for record '594c1c1b-e523-4125-85d1-e338ffc7f7c3', success rate: 1/1.
[2026-08-30 11:58:08Z INFO HostContext] Well known directory 'Bin': 'C:\Users\krish\Documents\BITS\mlops-project\actions-runner\bin'
[2026-08-30 11:58:08Z INFO HostContext] Well known directory 'Root': 'C:\Users\krish\Documents\BITS\mlops-project\actions-runner'
[2026-08-30 11:58:08Z INFO HostContext] Well known directory 'Work': 'C:\Users\krish\Documents\BITS\mlops-project\actions-runner\_work'
[2026-08-30 11:58:09Z INFO JobServerQueue] Try to append 1 batches web console lines for record '594c1c1b-e523-4125-85d1-e338ffc7f7c3', success rate: 1/1.
[2026-08-30 11:58:09Z INFO JobServerQueue] Try to append 1 batches web console lines for record '594c1c1b-e523-4125-85d1-e338ffc7f7c3', success rate: 1/1.
[2026-08-30 11:58:10Z INFO JobServerQueue] Try to append 1 batches web console lines for record '594c1c1b-e523-4125-85d1-e338ffc7f7c3', success rate: 1/1.
[2026-08-30 11:58:10Z INFO JobServerQueue] Try to append 1 batches web console lines for record '594c1c1b-e523-4125-85d1-e338ffc7f7c3', success rate: 1/1.
[2026-08-30 11:58:11Z INFO JobServerQueue] Try to append 1 batches web console lines for record '594c1c1b-e523-4125-85d1-e338ffc7f7c3', success rate: 1/1.
[2026-08-30 11:58:11Z INFO JobServerQueue] Try to append 1 batches web console lines for record '594c1c1b-e523-4125-85d1-e338ffc7f7c3', success rate: 1/1.
[2026-08-30 11:58:12Z INFO JobServerQueue] Try to append 1 batches web console lines for record '594c1c1b-e523-4125-85d1-e338ffc7f7c3', success rate: 1/1.
[2026-08-30 11:58:12Z INFO JobServerQueue] Try to append 1 batches web console lines for record '594c1c1b-e523-4125-85d1-e338ffc7f7c3', success rate: 1/1.
[2026-08-30 11:58:13Z INFO JobServerQueue] Try to append 1 batches web console lines for record '594c1c1b-e523-4125-85d1-e338ffc7f7c3', success rate: 1/1.
[2026-08-30 11:58:13Z INFO JobServerQueue] Try to append 1 batches web console lines for record '594c1c1b-e523-4125-85d1-e338ffc7f7c3', success rate: 1/1.
[2026-08-30 11:58:14Z INFO JobServerQueue] Try to append 1 batches web console lines for record '594c1c1b-e523-4125-85d1-e338ffc7f7c3', success rate: 1/1.
[2026-08-30 11:58:14Z INFO JobServerQueue] Try to append 1 batches web console lines for record '594c1c1b-e523-4125-85d1-e338ffc7f7c3', success rate: 1/1.
[2026-08-30 11:58:15Z INFO JobServerQueue] Try to append 1 batches web console lines for record '594c1c1b-e523-4125-85d1-e338ffc7f7c3', success rate: 1/1.
[2026-08-30 11:58:15Z INFO JobServerQueue] Try to append 1 batches web console lines for record '594c1c1b-e523-4125-85d1-e338ffc7f7c3', success rate: 1/1.
[2026-08-30 11:58:16Z INFO JobServerQueue] Try to append 1 batches web console lines for record '594c1c1b-e523-4125-85d1-e338ffc7f7c3', success rate: 1/1.
[2026-08-30 11:58:16Z INFO JobServerQueue] Try to append 1 batches web console lines for record '594c1c1b-e523-4125-85d1-e338ffc7f7c3', success rate: 1/1.
[2026-08-30 11:58:17Z INFO JobServerQueue] Try to append 1 batches web console lines for record '594c1c1b-e523-4125-85d1-e338ffc7f7c3', success rate: 1/1.
[2026-08-30 11:58:17Z INFO JobServerQueue] Try to append 1 batches web console lines for record '594c1c1b-e523-4125-85d1-e338ffc7f7c3', success rate: 1/1.
[2026-08-30 11:58:18Z INFO JobServerQueue] Try to append 1 batches web console lines for record '594c1c1b-e523-4125-85d1-e338ffc7f7c3', success rate: 1/1.
[2026-08-30 11:58:18Z INFO HostContext] Well known directory 'Bin': 'C:\Users\krish\Documents\BITS\mlops-project\actions-runner\bin'
[2026-08-30 11:58:18Z INFO HostContext] Well known directory 'Root': 'C:\Users\krish\Documents\BITS\mlops-project\actions-runner'
[2026-08-30 11:58:18Z INFO HostContext] Well known directory 'Work': 'C:\Users\krish\Documents\BITS\mlops-project\actions-runner\_work'
[2026-08-30 11:58:18Z INFO JobServerQueue] Try to append 1 batches web console lines for record '594c1c1b-e523-4125-85d1-e338ffc7f7c3', success rate: 1/1.
[2026-08-30 11:58:19Z INFO JobServerQueue] Try to append 1 batches web console lines for record '594c1c1b-e523-4125-85d1-e338ffc7f7c3', success rate: 1/1.
[2026-08-30 11:58:19Z INFO JobServerQueue] Try to append 1 batches web console lines for record '594c1c1b-e523-4125-85d1-e338ffc7f7c3', success rate: 1/1.
[2026-08-30 11:58:20Z INFO JobServerQueue] Try to append 1 batches web console lines for record '594c1c1b-e523-4125-85d1-e338ffc7f7c3', success rate: 1/1.
[2026-08-30 11:58:20Z INFO JobServerQueue] Try to append 1 batches web console lines for record '594c1c1b-e523-4125-85d1-e338ffc7f7c3', success rate: 1/1.
[2026-08-30 11:58:21Z INFO JobServerQueue] Try to append 1 batches web console lines for record '594c1c1b-e523-4125-85d1-e338ffc7f7c3', success rate: 1/1.
[2026-08-30 11:58:21Z INFO JobServerQueue] Try to append 1 batches web console lines for record '594c1c1b-e523-4125-85d1-e338ffc7f7c3', success rate: 1/1.
[2026-08-30 11:58:22Z INFO JobServerQueue] Try to append 1 batches web console lines for record '594c1c1b-e523-4125-85d1-e338ffc7f7c3', success rate: 1/1.
[2026-08-30 11:58:23Z INFO JobServerQueue] Try to append 1 batches web console lines for record '594c1c1b-e523-4125-85d1-e338ffc7f7c3', success rate: 1/1.
[2026-08-30 11:58:24Z INFO JobServerQueue] Try to append 1 batches web console lines for record '594c1c1b-e523-4125-85d1-e338ffc7f7c3', success rate: 1/1.
[2026-08-30 11:58:24Z INFO JobServerQueue] Try to append 1 batches web console lines for record '594c1c1b-e523-4125-85d1-e338ffc7f7c3', success rate: 1/1.
[2026-08-30 11:58:25Z INFO JobServerQueue] Try to append 1 batches web console lines for record '594c1c1b-e523-4125-85d1-e338ffc7f7c3', success rate: 1/1.
[2026-08-30 11:58:25Z INFO JobServerQueue] Try to append 1 batches web console lines for record '594c1c1b-e523-4125-85d1-e338ffc7f7c3', success rate: 1/1.
[2026-08-30 11:58:26Z INFO JobServerQueue] Try to append 1 batches web console lines for record '594c1c1b-e523-4125-85d1-e338ffc7f7c3', success rate: 1/1.
[2026-08-30 11:58:26Z INFO JobServerQueue] Try to append 1 batches web console lines for record '594c1c1b-e523-4125-85d1-e338ffc7f7c3', success rate: 1/1.
[2026-08-30 11:58:27Z INFO JobServerQueue] Try to append 1 batches web console lines for record '594c1c1b-e523-4125-85d1-e338ffc7f7c3', success rate: 1/1.
[2026-08-30 11:58:27Z INFO JobServerQueue] Try to append 1 batches web console lines for record '594c1c1b-e523-4125-85d1-e338ffc7f7c3', success rate: 1/1.
[2026-08-30 11:58:28Z INFO JobServerQueue] Try to append 1 batches web console lines for record '594c1c1b-e523-4125-85d1-e338ffc7f7c3', success rate: 1/1.
[2026-08-30 11:58:28Z INFO JobServerQueue] Try to append 1 batches web console lines for record '594c1c1b-e523-4125-85d1-e338ffc7f7c3', success rate: 1/1.
[2026-08-30 11:58:28Z INFO HostContext] Well known directory 'Bin': 'C:\Users\krish\Documents\BITS\mlops-project\actions-runner\bin'
[2026-08-30 11:58:28Z INFO HostContext] Well known directory 'Root': 'C:\Users\krish\Documents\BITS\mlops-project\actions-runner'
[2026-08-30 11:58:28Z INFO HostContext] Well known directory 'Work': 'C:\Users\krish\Documents\BITS\mlops-project\actions-runner\_work'
[2026-08-30 11:58:29Z INFO JobServerQueue] Try to append 1 batches web console lines for record '594c1c1b-e523-4125-85d1-e338ffc7f7c3', success rate: 1/1.
[2026-08-30 11:58:29Z INFO JobServerQueue] Try to append 1 batches web console lines for record '594c1c1b-e523-4125-85d1-e338ffc7f7c3', success rate: 1/1.
[2026-08-30 11:58:30Z INFO JobServerQueue] Try to append 1 batches web console lines for record '594c1c1b-e523-4125-85d1-e338ffc7f7c3', success rate: 1/1.
[2026-08-30 11:58:30Z INFO JobServerQueue] Try to append 1 batches web console lines for record '594c1c1b-e523-4125-85d1-e338ffc7f7c3', success rate: 1/1.
[2026-08-30 11:58:31Z INFO JobServerQueue] Try to append 1 batches web console lines for record '594c1c1b-e523-4125-85d1-e338ffc7f7c3', success rate: 1/1.
[2026-08-30 11:58:31Z INFO JobServerQueue] Try to append 1 batches web console lines for record '594c1c1b-e523-4125-85d1-e338ffc7f7c3', success rate: 1/1.
[2026-08-30 11:58:32Z INFO JobServerQueue] Try to append 1 batches web console lines for record '594c1c1b-e523-4125-85d1-e338ffc7f7c3', success rate: 1/1.
[2026-08-30 11:58:32Z INFO JobServerQueue] Try to append 1 batches web console lines for record '594c1c1b-e523-4125-85d1-e338ffc7f7c3', success rate: 1/1.
[2026-08-30 11:58:33Z INFO JobServerQueue] Try to append 1 batches web console lines for record '594c1c1b-e523-4125-85d1-e338ffc7f7c3', success rate: 1/1.
[2026-08-30 11:58:33Z INFO JobServerQueue] Try to append 1 batches web console lines for record '594c1c1b-e523-4125-85d1-e338ffc7f7c3', success rate: 1/1.
[2026-08-30 11:58:34Z INFO JobServerQueue] Try to append 1 batches web console lines for record '594c1c1b-e523-4125-85d1-e338ffc7f7c3', success rate: 1/1.
[2026-08-30 11:58:34Z INFO JobServerQueue] Try to append 1 batches web console lines for record '594c1c1b-e523-4125-85d1-e338ffc7f7c3', success rate: 1/1.
[2026-08-30 11:58:35Z INFO JobServerQueue] Try to append 1 batches web console lines for record '594c1c1b-e523-4125-85d1-e338ffc7f7c3', success rate: 1/1.
[2026-08-30 11:58:36Z INFO JobServerQueue] Try to append 1 batches web console lines for record '594c1c1b-e523-4125-85d1-e338ffc7f7c3', success rate: 1/1.
[2026-08-30 11:58:36Z INFO JobServerQueue] Try to append 1 batches web console lines for record '594c1c1b-e523-4125-85d1-e338ffc7f7c3', success rate: 1/1.
[2026-08-30 11:58:37Z INFO JobServerQueue] Try to append 1 batches web console lines for record '594c1c1b-e523-4125-85d1-e338ffc7f7c3', success rate: 1/1.
[2026-08-30 11:58:37Z INFO JobServerQueue] Try to append 1 batches web console lines for record '594c1c1b-e523-4125-85d1-e338ffc7f7c3', success rate: 1/1.
[2026-08-30 11:58:38Z INFO JobServerQueue] Try to append 1 batches web console lines for record '594c1c1b-e523-4125-85d1-e338ffc7f7c3', success rate: 1/1.
[2026-08-30 11:58:38Z INFO JobServerQueue] Try to append 1 batches web console lines for record '594c1c1b-e523-4125-85d1-e338ffc7f7c3', success rate: 1/1.
[2026-08-30 11:58:38Z INFO HostContext] Well known directory 'Bin': 'C:\Users\krish\Documents\BITS\mlops-project\actions-runner\bin'
[2026-08-30 11:58:38Z INFO HostContext] Well known directory 'Root': 'C:\Users\krish\Documents\BITS\mlops-project\actions-runner'
[2026-08-30 11:58:38Z INFO HostContext] Well known directory 'Work': 'C:\Users\krish\Documents\BITS\mlops-project\actions-runner\_work'
[2026-08-30 11:58:39Z INFO JobServerQueue] Try to append 1 batches web console lines for record '594c1c1b-e523-4125-85d1-e338ffc7f7c3', success rate: 1/1.
[2026-08-30 11:58:39Z INFO JobServerQueue] Try to append 1 batches web console lines for record '594c1c1b-e523-4125-85d1-e338ffc7f7c3', success rate: 1/1.
[2026-08-30 11:58:40Z INFO JobServerQueue] Try to append 1 batches web console lines for record '594c1c1b-e523-4125-85d1-e338ffc7f7c3', success rate: 1/1.
[2026-08-30 11:58:40Z INFO JobServerQueue] Try to append 1 batches web console lines for record '594c1c1b-e523-4125-85d1-e338ffc7f7c3', success rate: 1/1.
[2026-08-30 11:58:41Z INFO JobServerQueue] Try to append 1 batches web console lines for record '594c1c1b-e523-4125-85d1-e338ffc7f7c3', success rate: 1/1.
[2026-08-30 11:58:41Z INFO JobServerQueue] Try to append 1 batches web console lines for record '594c1c1b-e523-4125-85d1-e338ffc7f7c3', success rate: 1/1.
[2026-08-30 11:58:42Z INFO JobServerQueue] Try to append 1 batches web console lines for record '594c1c1b-e523-4125-85d1-e338ffc7f7c3', success rate: 1/1.
[2026-08-30 11:58:42Z INFO JobServerQueue] Try to append 1 batches web console lines for record '594c1c1b-e523-4125-85d1-e338ffc7f7c3', success rate: 1/1.
[2026-08-30 11:58:43Z INFO JobServerQueue] Try to append 1 batches web console lines for record '594c1c1b-e523-4125-85d1-e338ffc7f7c3', success rate: 1/1.
[2026-08-30 11:58:43Z INFO JobServerQueue] Try to append 1 batches web console lines for record '594c1c1b-e523-4125-85d1-e338ffc7f7c3', success rate: 1/1.
[2026-08-30 11:58:44Z INFO JobServerQueue] Try to append 1 batches web console lines for record '594c1c1b-e523-4125-85d1-e338ffc7f7c3', success rate: 1/1.
[2026-08-30 11:58:44Z INFO JobServerQueue] Try to append 1 batches web console lines for record '594c1c1b-e523-4125-85d1-e338ffc7f7c3', success rate: 1/1.
[2026-08-30 11:58:45Z INFO JobServerQueue] Try to append 1 batches web console lines for record '594c1c1b-e523-4125-85d1-e338ffc7f7c3', success rate: 1/1.
[2026-08-30 11:58:45Z INFO JobServerQueue] Try to append 1 batches web console lines for record '594c1c1b-e523-4125-85d1-e338ffc7f7c3', success rate: 1/1.
[2026-08-30 11:58:46Z INFO JobServerQueue] Try to append 1 batches web console lines for record '594c1c1b-e523-4125-85d1-e338ffc7f7c3', success rate: 1/1.
[2026-08-30 11:58:46Z INFO JobServerQueue] Try to append 1 batches web console lines for record '594c1c1b-e523-4125-85d1-e338ffc7f7c3', success rate: 1/1.
[2026-08-30 11:58:47Z INFO JobServerQueue] Try to append 1 batches web console lines for record '594c1c1b-e523-4125-85d1-e338ffc7f7c3', success rate: 1/1.
[2026-08-30 11:58:47Z INFO JobServerQueue] Try to append 1 batches web console lines for record '594c1c1b-e523-4125-85d1-e338ffc7f7c3', success rate: 1/1.
[2026-08-30 11:58:48Z INFO JobServerQueue] Try to append 1 batches web console lines for record '594c1c1b-e523-4125-85d1-e338ffc7f7c3', success rate: 1/1.
[2026-08-30 11:58:48Z INFO HostContext] Well known directory 'Bin': 'C:\Users\krish\Documents\BITS\mlops-project\actions-runner\bin'
[2026-08-30 11:58:48Z INFO HostContext] Well known directory 'Root': 'C:\Users\krish\Documents\BITS\mlops-project\actions-runner'
[2026-08-30 11:58:48Z INFO HostContext] Well known directory 'Work': 'C:\Users\krish\Documents\BITS\mlops-project\actions-runner\_work'
[2026-08-30 11:58:48Z INFO JobServerQueue] Try to append 1 batches web console lines for record '594c1c1b-e523-4125-85d1-e338ffc7f7c3', success rate: 1/1.
[2026-08-30 11:58:49Z INFO JobServerQueue] Try to append 1 batches web console lines for record '594c1c1b-e523-4125-85d1-e338ffc7f7c3', success rate: 1/1.
[2026-08-30 11:58:49Z INFO JobServerQueue] Try to append 1 batches web console lines for record '594c1c1b-e523-4125-85d1-e338ffc7f7c3', success rate: 1/1.
[2026-08-30 11:58:50Z INFO JobServerQueue] Try to append 1 batches web console lines for record '594c1c1b-e523-4125-85d1-e338ffc7f7c3', success rate: 1/1.
[2026-08-30 11:58:51Z INFO JobServerQueue] Try to append 1 batches web console lines for record '594c1c1b-e523-4125-85d1-e338ffc7f7c3', success rate: 1/1.
[2026-08-30 11:58:51Z INFO JobServerQueue] Try to append 1 batches web console lines for record '594c1c1b-e523-4125-85d1-e338ffc7f7c3', success rate: 1/1.
[2026-08-30 11:58:52Z INFO JobServerQueue] Try to append 1 batches web console lines for record '594c1c1b-e523-4125-85d1-e338ffc7f7c3', success rate: 1/1.
[2026-08-30 11:58:52Z INFO JobServerQueue] Try to append 1 batches web console lines for record '594c1c1b-e523-4125-85d1-e338ffc7f7c3', success rate: 1/1.
[2026-08-30 11:58:53Z INFO JobServerQueue] Try to append 1 batches web console lines for record '594c1c1b-e523-4125-85d1-e338ffc7f7c3', success rate: 1/1.
[2026-08-30 11:58:53Z INFO JobServerQueue] Try to append 1 batches web console lines for record '594c1c1b-e523-4125-85d1-e338ffc7f7c3', success rate: 1/1.
[2026-08-30 11:58:54Z INFO JobServerQueue] Try to append 1 batches web console lines for record '594c1c1b-e523-4125-85d1-e338ffc7f7c3', success rate: 1/1.
[2026-08-30 11:58:54Z INFO JobServerQueue] Try to append 1 batches web console lines for record '594c1c1b-e523-4125-85d1-e338ffc7f7c3', success rate: 1/1.
[2026-08-30 11:58:55Z INFO JobServerQueue] Try to append 1 batches web console lines for record '594c1c1b-e523-4125-85d1-e338ffc7f7c3', success rate: 1/1.
[2026-08-30 11:58:55Z INFO JobServerQueue] Try to append 1 batches web console lines for record '594c1c1b-e523-4125-85d1-e338ffc7f7c3', success rate: 1/1.
[2026-08-30 11:58:56Z INFO JobServerQueue] Try to append 1 batches web console lines for record '594c1c1b-e523-4125-85d1-e338ffc7f7c3', success rate: 1/1.
[2026-08-30 11:58:56Z INFO JobServerQueue] Try to append 1 batches web console lines for record '594c1c1b-e523-4125-85d1-e338ffc7f7c3', success rate: 1/1.
[2026-08-30 11:58:57Z INFO JobServerQueue] Try to append 1 batches web console lines for record '594c1c1b-e523-4125-85d1-e338ffc7f7c3', success rate: 1/1.
[2026-08-30 11:58:57Z INFO JobServerQueue] Try to append 1 batches web console lines for record '594c1c1b-e523-4125-85d1-e338ffc7f7c3', success rate: 1/1.
[2026-08-30 11:58:58Z INFO JobServerQueue] Try to append 1 batches web console lines for record '594c1c1b-e523-4125-85d1-e338ffc7f7c3', success rate: 1/1.
[2026-08-30 11:58:58Z INFO JobServerQueue] Try to append 1 batches web console lines for record '594c1c1b-e523-4125-85d1-e338ffc7f7c3', success rate: 1/1.
[2026-08-30 11:58:58Z INFO HostContext] Well known directory 'Bin': 'C:\Users\krish\Documents\BITS\mlops-project\actions-runner\bin'
[2026-08-30 11:58:58Z INFO HostContext] Well known directory 'Root': 'C:\Users\krish\Documents\BITS\mlops-project\actions-runner'
[2026-08-30 11:58:58Z INFO HostContext] Well known directory 'Work': 'C:\Users\krish\Documents\BITS\mlops-project\actions-runner\_work'
[2026-08-30 11:58:59Z INFO JobServerQueue] Try to append 1 batches web console lines for record '594c1c1b-e523-4125-85d1-e338ffc7f7c3', success rate: 1/1.
[2026-08-30 11:58:59Z INFO JobServerQueue] Try to append 1 batches web console lines for record '594c1c1b-e523-4125-85d1-e338ffc7f7c3', success rate: 1/1.
[2026-08-30 11:59:00Z INFO JobServerQueue] Try to append 1 batches web console lines for record '594c1c1b-e523-4125-85d1-e338ffc7f7c3', success rate: 1/1.
[2026-08-30 11:59:00Z INFO JobServerQueue] Try to append 1 batches web console lines for record '594c1c1b-e523-4125-85d1-e338ffc7f7c3', success rate: 1/1.
[2026-08-30 11:59:01Z INFO JobServerQueue] Try to append 1 batches web console lines for record '594c1c1b-e523-4125-85d1-e338ffc7f7c3', success rate: 1/1.
[2026-08-30 11:59:01Z INFO JobServerQueue] Try to append 1 batches web console lines for record '594c1c1b-e523-4125-85d1-e338ffc7f7c3', success rate: 1/1.
[2026-08-30 11:59:02Z INFO JobServerQueue] Try to append 1 batches web console lines for record '594c1c1b-e523-4125-85d1-e338ffc7f7c3', success rate: 1/1.
[2026-08-30 11:59:02Z INFO JobServerQueue] Try to append 1 batches web console lines for record '594c1c1b-e523-4125-85d1-e338ffc7f7c3', success rate: 1/1.
[2026-08-30 11:59:03Z INFO JobServerQueue] Try to append 1 batches web console lines for record '594c1c1b-e523-4125-85d1-e338ffc7f7c3', success rate: 1/1.
[2026-08-30 11:59:03Z INFO JobServerQueue] Try to append 1 batches web console lines for record '594c1c1b-e523-4125-85d1-e338ffc7f7c3', success rate: 1/1.
[2026-08-30 11:59:04Z INFO JobServerQueue] Try to append 1 batches web console lines for record '594c1c1b-e523-4125-85d1-e338ffc7f7c3', success rate: 1/1.
[2026-08-30 11:59:04Z INFO JobServerQueue] Try to append 1 batches web console lines for record '594c1c1b-e523-4125-85d1-e338ffc7f7c3', success rate: 1/1.
[2026-08-30 11:59:05Z INFO JobServerQueue] Try to append 1 batches web console lines for record '594c1c1b-e523-4125-85d1-e338ffc7f7c3', success rate: 1/1.
[2026-08-30 11:59:05Z INFO JobServerQueue] Try to append 1 batches web console lines for record '594c1c1b-e523-4125-85d1-e338ffc7f7c3', success rate: 1/1.
[2026-08-30 11:59:06Z INFO JobServerQueue] Try to append 1 batches web console lines for record '594c1c1b-e523-4125-85d1-e338ffc7f7c3', success rate: 1/1.
[2026-08-30 11:59:07Z INFO JobServerQueue] Try to append 1 batches web console lines for record '594c1c1b-e523-4125-85d1-e338ffc7f7c3', success rate: 1/1.
[2026-08-30 11:59:07Z INFO JobServerQueue] Try to append 1 batches web console lines for record '594c1c1b-e523-4125-85d1-e338ffc7f7c3', success rate: 1/1.
[2026-08-30 11:59:08Z INFO JobServerQueue] Try to append 1 batches web console lines for record '594c1c1b-e523-4125-85d1-e338ffc7f7c3', success rate: 1/1.
[2026-08-30 11:59:08Z INFO JobServerQueue] Try to append 1 batches web console lines for record '594c1c1b-e523-4125-85d1-e338ffc7f7c3', success rate: 1/1.
[2026-08-30 11:59:08Z INFO HostContext] Well known directory 'Bin': 'C:\Users\krish\Documents\BITS\mlops-project\actions-runner\bin'
[2026-08-30 11:59:08Z INFO HostContext] Well known directory 'Root': 'C:\Users\krish\Documents\BITS\mlops-project\actions-runner'
[2026-08-30 11:59:08Z INFO HostContext] Well known directory 'Work': 'C:\Users\krish\Documents\BITS\mlops-project\actions-runner\_work'
[2026-08-30 11:59:09Z INFO JobServerQueue] Try to append 1 batches web console lines for record '594c1c1b-e523-4125-85d1-e338ffc7f7c3', success rate: 1/1.
[2026-08-30 11:59:09Z INFO JobServerQueue] Try to append 1 batches web console lines for record '594c1c1b-e523-4125-85d1-e338ffc7f7c3', success rate: 1/1.
[2026-08-30 11:59:10Z INFO JobServerQueue] Try to append 1 batches web console lines for record '594c1c1b-e523-4125-85d1-e338ffc7f7c3', success rate: 1/1.
[2026-08-30 11:59:10Z INFO JobServerQueue] Try to append 1 batches web console lines for record '594c1c1b-e523-4125-85d1-e338ffc7f7c3', success rate: 1/1.
[2026-08-30 11:59:11Z INFO JobServerQueue] Try to append 1 batches web console lines for record '594c1c1b-e523-4125-85d1-e338ffc7f7c3', success rate: 1/1.
[2026-08-30 11:59:11Z INFO JobServerQueue] Try to append 1 batches web console lines for record '594c1c1b-e523-4125-85d1-e338ffc7f7c3', success rate: 1/1.
[2026-08-30 11:59:12Z INFO JobServerQueue] Try to append 1 batches web console lines for record '594c1c1b-e523-4125-85d1-e338ffc7f7c3', success rate: 1/1.
[2026-08-30 11:59:12Z INFO JobServerQueue] Try to append 1 batches web console lines for record '594c1c1b-e523-4125-85d1-e338ffc7f7c3', success rate: 1/1.
[2026-08-30 11:59:13Z INFO JobServerQueue] Try to append 1 batches web console lines for record '594c1c1b-e523-4125-85d1-e338ffc7f7c3', success rate: 1/1.
[2026-08-30 11:59:13Z INFO JobServerQueue] Try to append 1 batches web console lines for record '594c1c1b-e523-4125-85d1-e338ffc7f7c3', success rate: 1/1.
[2026-08-30 11:59:14Z INFO JobServerQueue] Try to append 1 batches web console lines for record '594c1c1b-e523-4125-85d1-e338ffc7f7c3', success rate: 1/1.
[2026-08-30 11:59:14Z INFO JobServerQueue] Try to append 1 batches web console lines for record '594c1c1b-e523-4125-85d1-e338ffc7f7c3', success rate: 1/1.
[2026-08-30 11:59:15Z INFO JobServerQueue] Try to append 1 batches web console lines for record '594c1c1b-e523-4125-85d1-e338ffc7f7c3', success rate: 1/1.
[2026-08-30 11:59:15Z INFO JobServerQueue] Try to append 1 batches web console lines for record '594c1c1b-e523-4125-85d1-e338ffc7f7c3', success rate: 1/1.
[2026-08-30 11:59:16Z INFO JobServerQueue] Try to append 1 batches web console lines for record '594c1c1b-e523-4125-85d1-e338ffc7f7c3', success rate: 1/1.
[2026-08-30 11:59:16Z INFO JobServerQueue] Try to append 1 batches web console lines for record '594c1c1b-e523-4125-85d1-e338ffc7f7c3', success rate: 1/1.
[2026-08-30 11:59:17Z INFO JobServerQueue] Try to append 1 batches web console lines for record '594c1c1b-e523-4125-85d1-e338ffc7f7c3', success rate: 1/1.
[2026-08-30 11:59:17Z INFO JobServerQueue] Try to append 1 batches web console lines for record '594c1c1b-e523-4125-85d1-e338ffc7f7c3', success rate: 1/1.
[2026-08-30 11:59:18Z INFO JobServerQueue] Try to append 1 batches web console lines for record '594c1c1b-e523-4125-85d1-e338ffc7f7c3', success rate: 1/1.
[2026-08-30 11:59:18Z INFO JobServerQueue] Try to append 1 batches web console lines for record '594c1c1b-e523-4125-85d1-e338ffc7f7c3', success rate: 1/1.
[2026-08-30 11:59:18Z INFO HostContext] Well known directory 'Bin': 'C:\Users\krish\Documents\BITS\mlops-project\actions-runner\bin'
[2026-08-30 11:59:18Z INFO HostContext] Well known directory 'Root': 'C:\Users\krish\Documents\BITS\mlops-project\actions-runner'
[2026-08-30 11:59:18Z INFO HostContext] Well known directory 'Work': 'C:\Users\krish\Documents\BITS\mlops-project\actions-runner\_work'
[2026-08-30 11:59:19Z INFO JobServerQueue] Try to append 1 batches web console lines for record '594c1c1b-e523-4125-85d1-e338ffc7f7c3', success rate: 1/1.
[2026-08-30 11:59:19Z INFO JobServerQueue] Try to append 1 batches web console lines for record 'c06e7f3b-8d99-4dc8-bf82-b0702636d20c', success rate: 1/1.
[2026-08-30 11:59:19Z INFO JobServerQueue] Try to append 1 batches web console lines for record '594c1c1b-e523-4125-85d1-e338ffc7f7c3', success rate: 1/1.
[2026-08-30 11:59:20Z INFO JobServerQueue] Try to append 1 batches web console lines for record '594c1c1b-e523-4125-85d1-e338ffc7f7c3', success rate: 1/1.
[2026-08-30 11:59:20Z INFO JobServerQueue] Try to append 1 batches web console lines for record '594c1c1b-e523-4125-85d1-e338ffc7f7c3', success rate: 1/1.
[2026-08-30 11:59:21Z INFO JobServerQueue] Try to append 1 batches web console lines for record '594c1c1b-e523-4125-85d1-e338ffc7f7c3', success rate: 1/1.
[2026-08-30 11:59:21Z INFO JobServerQueue] Try to append 1 batches web console lines for record '594c1c1b-e523-4125-85d1-e338ffc7f7c3', success rate: 1/1.
[2026-08-30 11:59:22Z INFO JobServerQueue] Try to append 1 batches web console lines for record '594c1c1b-e523-4125-85d1-e338ffc7f7c3', success rate: 1/1.
[2026-08-30 11:59:23Z INFO JobServerQueue] Try to append 1 batches web console lines for record '594c1c1b-e523-4125-85d1-e338ffc7f7c3', success rate: 1/1.
[2026-08-30 11:59:23Z INFO JobServerQueue] Try to append 1 batches web console lines for record '594c1c1b-e523-4125-85d1-e338ffc7f7c3', success rate: 1/1.
[2026-08-30 11:59:24Z INFO JobServerQueue] Try to append 1 batches web console lines for record '594c1c1b-e523-4125-85d1-e338ffc7f7c3', success rate: 1/1.
[2026-08-30 11:59:24Z INFO JobServerQueue] Try to append 1 batches web console lines for record '594c1c1b-e523-4125-85d1-e338ffc7f7c3', success rate: 1/1.
[2026-08-30 11:59:25Z INFO JobServerQueue] Try to append 1 batches web console lines for record '594c1c1b-e523-4125-85d1-e338ffc7f7c3', success rate: 1/1.
[2026-08-30 11:59:25Z INFO JobServerQueue] Try to append 1 batches web console lines for record '594c1c1b-e523-4125-85d1-e338ffc7f7c3', success rate: 1/1.
[2026-08-30 11:59:26Z INFO JobServerQueue] Try to append 1 batches web console lines for record '594c1c1b-e523-4125-85d1-e338ffc7f7c3', success rate: 1/1.
[2026-08-30 11:59:26Z INFO JobServerQueue] Try to append 1 batches web console lines for record '594c1c1b-e523-4125-85d1-e338ffc7f7c3', success rate: 1/1.
[2026-08-30 11:59:27Z INFO JobServerQueue] Try to append 1 batches web console lines for record '594c1c1b-e523-4125-85d1-e338ffc7f7c3', success rate: 1/1.
[2026-08-30 11:59:27Z INFO JobServerQueue] Try to append 1 batches web console lines for record '594c1c1b-e523-4125-85d1-e338ffc7f7c3', success rate: 1/1.
[2026-08-30 11:59:28Z INFO JobServerQueue] Try to append 1 batches web console lines for record '594c1c1b-e523-4125-85d1-e338ffc7f7c3', success rate: 1/1.
[2026-08-30 11:59:28Z INFO JobServerQueue] Try to append 1 batches web console lines for record '594c1c1b-e523-4125-85d1-e338ffc7f7c3', success rate: 1/1.
[2026-08-30 11:59:29Z INFO JobServerQueue] Try to append 1 batches web console lines for record '594c1c1b-e523-4125-85d1-e338ffc7f7c3', success rate: 1/1.
[2026-08-30 11:59:29Z INFO JobServerQueue] Try to append 1 batches web console lines for record '594c1c1b-e523-4125-85d1-e338ffc7f7c3', success rate: 1/1.
[2026-08-30 11:59:30Z INFO JobServerQueue] Try to append 1 batches web console lines for record '594c1c1b-e523-4125-85d1-e338ffc7f7c3', success rate: 1/1.
[2026-08-30 11:59:31Z INFO JobServerQueue] Try to append 1 batches web console lines for record '594c1c1b-e523-4125-85d1-e338ffc7f7c3', success rate: 1/1.
[2026-08-30 11:59:31Z INFO JobServerQueue] Try to append 1 batches web console lines for record '594c1c1b-e523-4125-85d1-e338ffc7f7c3', success rate: 1/1.
[2026-08-30 11:59:32Z INFO JobServerQueue] Try to append 1 batches web console lines for record '594c1c1b-e523-4125-85d1-e338ffc7f7c3', success rate: 1/1.
[2026-08-30 11:59:32Z INFO JobServerQueue] Try to append 1 batches web console lines for record '594c1c1b-e523-4125-85d1-e338ffc7f7c3', success rate: 1/1.
[2026-08-30 11:59:33Z INFO JobServerQueue] Try to append 1 batches web console lines for record '594c1c1b-e523-4125-85d1-e338ffc7f7c3', success rate: 1/1.
[2026-08-30 11:59:33Z INFO JobServerQueue] Try to append 1 batches web console lines for record '594c1c1b-e523-4125-85d1-e338ffc7f7c3', success rate: 1/1.
[2026-08-30 11:59:34Z INFO JobServerQueue] Try to append 1 batches web console lines for record '594c1c1b-e523-4125-85d1-e338ffc7f7c3', success rate: 1/1.
[2026-08-30 11:59:34Z INFO JobServerQueue] Try to append 1 batches web console lines for record '594c1c1b-e523-4125-85d1-e338ffc7f7c3', success rate: 1/1.
[2026-08-30 11:59:35Z INFO JobServerQueue] Try to append 1 batches web console lines for record '594c1c1b-e523-4125-85d1-e338ffc7f7c3', success rate: 1/1.
[2026-08-30 11:59:35Z INFO JobServerQueue] Try to append 1 batches web console lines for record '594c1c1b-e523-4125-85d1-e338ffc7f7c3', success rate: 1/1.
[2026-08-30 11:59:36Z INFO JobServerQueue] Try to append 1 batches web console lines for record '594c1c1b-e523-4125-85d1-e338ffc7f7c3', success rate: 1/1.
[2026-08-30 11:59:36Z INFO JobServerQueue] Try to append 1 batches web console lines for record '594c1c1b-e523-4125-85d1-e338ffc7f7c3', success rate: 1/1.
[2026-08-30 11:59:37Z INFO JobServerQueue] Try to append 1 batches web console lines for record '594c1c1b-e523-4125-85d1-e338ffc7f7c3', success rate: 1/1.
[2026-08-30 11:59:38Z INFO JobServerQueue] Try to append 1 batches web console lines for record '594c1c1b-e523-4125-85d1-e338ffc7f7c3', success rate: 1/1.
[2026-08-30 11:59:38Z INFO JobServerQueue] Try to append 1 batches web console lines for record '594c1c1b-e523-4125-85d1-e338ffc7f7c3', success rate: 1/1.
[2026-08-30 11:59:39Z INFO JobServerQueue] Try to append 1 batches web console lines for record '594c1c1b-e523-4125-85d1-e338ffc7f7c3', success rate: 1/1.
[2026-08-30 11:59:39Z INFO JobServerQueue] Try to append 1 batches web console lines for record '594c1c1b-e523-4125-85d1-e338ffc7f7c3', success rate: 1/1.
[2026-08-30 11:59:40Z INFO JobServerQueue] Try to append 1 batches web console lines for record '594c1c1b-e523-4125-85d1-e338ffc7f7c3', success rate: 1/1.
[2026-08-30 11:59:40Z INFO JobServerQueue] Try to append 1 batches web console lines for record '594c1c1b-e523-4125-85d1-e338ffc7f7c3', success rate: 1/1.
[2026-08-30 11:59:41Z INFO JobServerQueue] Try to append 1 batches web console lines for record '594c1c1b-e523-4125-85d1-e338ffc7f7c3', success rate: 1/1.
[2026-08-30 11:59:41Z INFO JobServerQueue] Try to append 1 batches web console lines for record '594c1c1b-e523-4125-85d1-e338ffc7f7c3', success rate: 1/1.
[2026-08-30 11:59:42Z INFO JobServerQueue] Try to append 1 batches web console lines for record '594c1c1b-e523-4125-85d1-e338ffc7f7c3', success rate: 1/1.
[2026-08-30 11:59:42Z INFO JobServerQueue] Try to append 1 batches web console lines for record '594c1c1b-e523-4125-85d1-e338ffc7f7c3', success rate: 1/1.
[2026-08-30 11:59:43Z INFO JobServerQueue] Try to append 1 batches web console lines for record '594c1c1b-e523-4125-85d1-e338ffc7f7c3', success rate: 1/1.
[2026-08-30 11:59:43Z INFO JobServerQueue] Try to append 1 batches web console lines for record '594c1c1b-e523-4125-85d1-e338ffc7f7c3', success rate: 1/1.
[2026-08-30 11:59:44Z INFO JobServerQueue] Try to append 1 batches web console lines for record '594c1c1b-e523-4125-85d1-e338ffc7f7c3', success rate: 1/1.
[2026-08-30 11:59:44Z INFO JobServerQueue] Try to append 1 batches web console lines for record '594c1c1b-e523-4125-85d1-e338ffc7f7c3', success rate: 1/1.
[2026-08-30 11:59:45Z INFO JobServerQueue] Try to append 1 batches web console lines for record '594c1c1b-e523-4125-85d1-e338ffc7f7c3', success rate: 1/1.
[2026-08-30 11:59:45Z INFO JobServerQueue] Try to append 1 batches web console lines for record '594c1c1b-e523-4125-85d1-e338ffc7f7c3', success rate: 1/1.
[2026-08-30 11:59:46Z INFO JobServerQueue] Try to append 1 batches web console lines for record '594c1c1b-e523-4125-85d1-e338ffc7f7c3', success rate: 1/1.
[2026-08-30 11:59:46Z INFO JobServerQueue] Try to append 1 batches web console lines for record '594c1c1b-e523-4125-85d1-e338ffc7f7c3', success rate: 1/1.
[2026-08-30 11:59:47Z INFO JobServerQueue] Try to append 1 batches web console lines for record '594c1c1b-e523-4125-85d1-e338ffc7f7c3', success rate: 1/1.
[2026-08-30 11:59:47Z INFO JobServerQueue] Try to append 1 batches web console lines for record '594c1c1b-e523-4125-85d1-e338ffc7f7c3', success rate: 1/1.
[2026-08-30 11:59:48Z INFO JobServerQueue] Try to append 1 batches web console lines for record '594c1c1b-e523-4125-85d1-e338ffc7f7c3', success rate: 1/1.
[2026-08-30 11:59:48Z INFO JobServerQueue] Try to append 1 batches web console lines for record '594c1c1b-e523-4125-85d1-e338ffc7f7c3', success rate: 1/1.
[2026-08-30 11:59:49Z INFO JobServerQueue] Try to append 1 batches web console lines for record '594c1c1b-e523-4125-85d1-e338ffc7f7c3', success rate: 1/1.
[2026-08-30 11:59:49Z INFO JobServerQueue] Try to append 1 batches web console lines for record '594c1c1b-e523-4125-85d1-e338ffc7f7c3', success rate: 1/1.
[2026-08-30 11:59:50Z INFO JobServerQueue] Try to append 1 batches web console lines for record '594c1c1b-e523-4125-85d1-e338ffc7f7c3', success rate: 1/1.
[2026-08-30 11:59:50Z INFO JobServerQueue] Try to append 1 batches web console lines for record '594c1c1b-e523-4125-85d1-e338ffc7f7c3', success rate: 1/1.
[2026-08-30 11:59:51Z INFO JobServerQueue] Try to append 1 batches web console lines for record '594c1c1b-e523-4125-85d1-e338ffc7f7c3', success rate: 1/1.
[2026-08-30 11:59:52Z INFO JobServerQueue] Try to append 1 batches web console lines for record '594c1c1b-e523-4125-85d1-e338ffc7f7c3', success rate: 1/1.
[2026-08-30 11:59:52Z INFO JobServerQueue] Try to append 1 batches web console lines for record '594c1c1b-e523-4125-85d1-e338ffc7f7c3', success rate: 1/1.
[2026-08-30 11:59:53Z INFO JobServerQueue] Try to append 1 batches web console lines for record '594c1c1b-e523-4125-85d1-e338ffc7f7c3', success rate: 1/1.
[2026-08-30 11:59:53Z INFO JobServerQueue] Try to append 1 batches web console lines for record '594c1c1b-e523-4125-85d1-e338ffc7f7c3', success rate: 1/1.
[2026-08-30 11:59:54Z INFO JobServerQueue] Try to append 1 batches web console lines for record '594c1c1b-e523-4125-85d1-e338ffc7f7c3', success rate: 1/1.
[2026-08-30 11:59:54Z INFO JobServerQueue] Try to append 1 batches web console lines for record '594c1c1b-e523-4125-85d1-e338ffc7f7c3', success rate: 1/1.
[2026-08-30 11:59:55Z INFO JobServerQueue] Try to append 1 batches web console lines for record '594c1c1b-e523-4125-85d1-e338ffc7f7c3', success rate: 1/1.
[2026-08-30 11:59:55Z INFO JobServerQueue] Try to append 1 batches web console lines for record '594c1c1b-e523-4125-85d1-e338ffc7f7c3', success rate: 1/1.
[2026-08-30 11:59:56Z INFO JobServerQueue] Try to append 1 batches web console lines for record '594c1c1b-e523-4125-85d1-e338ffc7f7c3', success rate: 1/1.
[2026-08-30 11:59:56Z INFO JobServerQueue] Try to append 1 batches web console lines for record '594c1c1b-e523-4125-85d1-e338ffc7f7c3', success rate: 1/1.
[2026-08-30 11:59:57Z INFO JobServerQueue] Try to append 1 batches web console lines for record '594c1c1b-e523-4125-85d1-e338ffc7f7c3', success rate: 1/1.
[2026-08-30 11:59:57Z INFO JobServerQueue] Try to append 1 batches web console lines for record '594c1c1b-e523-4125-85d1-e338ffc7f7c3', success rate: 1/1.
[2026-08-30 11:59:58Z INFO JobServerQueue] Try to append 1 batches web console lines for record '594c1c1b-e523-4125-85d1-e338ffc7f7c3', success rate: 1/1.
[2026-08-30 11:59:58Z INFO JobServerQueue] Try to append 1 batches web console lines for record '594c1c1b-e523-4125-85d1-e338ffc7f7c3', success rate: 1/1.
[2026-08-30 11:59:59Z INFO JobServerQueue] Try to append 1 batches web console lines for record '594c1c1b-e523-4125-85d1-e338ffc7f7c3', success rate: 1/1.
[2026-08-30 11:59:59Z INFO JobServerQueue] Try to append 1 batches web console lines for record '594c1c1b-e523-4125-85d1-e338ffc7f7c3', success rate: 1/1.
[2026-08-30 12:00:00Z INFO JobServerQueue] Try to append 1 batches web console lines for record '594c1c1b-e523-4125-85d1-e338ffc7f7c3', success rate: 1/1.
[2026-08-30 12:00:00Z INFO JobServerQueue] Try to append 1 batches web console lines for record '594c1c1b-e523-4125-85d1-e338ffc7f7c3', success rate: 1/1.
[2026-08-30 12:00:01Z INFO JobServerQueue] Try to append 1 batches web console lines for record '594c1c1b-e523-4125-85d1-e338ffc7f7c3', success rate: 1/1.
[2026-08-30 12:00:01Z INFO JobServerQueue] Try to append 1 batches web console lines for record '594c1c1b-e523-4125-85d1-e338ffc7f7c3', success rate: 1/1.
[2026-08-30 12:00:02Z INFO JobServerQueue] Try to append 1 batches web console lines for record '594c1c1b-e523-4125-85d1-e338ffc7f7c3', success rate: 1/1.
[2026-08-30 12:00:02Z INFO JobServerQueue] Try to append 1 batches web console lines for record '594c1c1b-e523-4125-85d1-e338ffc7f7c3', success rate: 1/1.
[2026-08-30 12:00:03Z INFO JobServerQueue] Try to append 1 batches web console lines for record '594c1c1b-e523-4125-85d1-e338ffc7f7c3', success rate: 1/1.
[2026-08-30 12:00:03Z INFO JobServerQueue] Try to append 1 batches web console lines for record '594c1c1b-e523-4125-85d1-e338ffc7f7c3', success rate: 1/1.
[2026-08-30 12:00:04Z INFO JobServerQueue] Try to append 1 batches web console lines for record '594c1c1b-e523-4125-85d1-e338ffc7f7c3', success rate: 1/1.
[2026-08-30 12:00:04Z INFO JobServerQueue] Try to append 1 batches web console lines for record '594c1c1b-e523-4125-85d1-e338ffc7f7c3', success rate: 1/1.
[2026-08-30 12:00:05Z INFO JobServerQueue] Try to append 1 batches web console lines for record '594c1c1b-e523-4125-85d1-e338ffc7f7c3', success rate: 1/1.
[2026-08-30 12:00:05Z INFO JobServerQueue] Try to append 1 batches web console lines for record '594c1c1b-e523-4125-85d1-e338ffc7f7c3', success rate: 1/1.
[2026-08-30 12:00:06Z INFO JobServerQueue] Try to append 1 batches web console lines for record '594c1c1b-e523-4125-85d1-e338ffc7f7c3', success rate: 1/1.
[2026-08-30 12:00:06Z INFO JobServerQueue] Try to append 1 batches web console lines for record '594c1c1b-e523-4125-85d1-e338ffc7f7c3', success rate: 1/1.
[2026-08-30 12:00:07Z INFO JobServerQueue] Try to append 1 batches web console lines for record '594c1c1b-e523-4125-85d1-e338ffc7f7c3', success rate: 1/1.
[2026-08-30 12:00:08Z INFO JobServerQueue] Try to append 1 batches web console lines for record '594c1c1b-e523-4125-85d1-e338ffc7f7c3', success rate: 1/1.
[2026-08-30 12:00:08Z INFO ProcessInvokerWrapper] STDOUT/STDERR stream read finished.
[2026-08-30 12:00:08Z INFO ProcessInvokerWrapper] STDOUT/STDERR stream read finished.
[2026-08-30 12:00:08Z INFO ProcessInvokerWrapper] Finished process 7568 with exit code 1, and elapsed time 00:04:37.6007380.
[2026-08-30 12:00:08Z INFO CreateStepSummaryCommand] Step Summary file (C:\Users\krish\Documents\BITS\mlops-project\actions-runner\_work\_temp\_runner_file_commands\step_summary_77069eca-23a1-445c-8be0-ec7acc154512) is empty; skipping attachment upload
[2026-08-30 12:00:08Z INFO StepsRunner] Step result: Failed
[2026-08-30 12:00:08Z INFO ExecutionContext] Publish step telemetry for current step {
  "action": "cmd",
  "type": "run",
  "stage": "Main",
  "stepId": "594c1c1b-e523-4125-85d1-e338ffc7f7c3",
  "stepContextName": "__run",
  "result": "failed",
  "errorMessages": [
    "Process completed with exit code 1."
  ],
  "executionTimeInSeconds": 278,
  "startTime": "2026-08-30T11:55:30.534893Z",
  "finishTime": "2026-08-30T12:00:08.4216457Z"
}.
[2026-08-30 12:00:08Z INFO StepsRunner] Update job result with current step result 'Failed'.
[2026-08-30 12:00:08Z INFO StepsRunner] Current state: job state = 'Failed'
[2026-08-30 12:00:08Z INFO StepsRunner] Processing step: DisplayName='Remove old container'
[2026-08-30 12:00:08Z INFO StepsRunner] Evaluating: success()
[2026-08-30 12:00:08Z INFO StepsRunner] Result: false
[2026-08-30 12:00:08Z INFO StepsRunner] Skipping step due to condition evaluation.
[2026-08-30 12:00:08Z INFO StepsRunner] No need for updating job result with current step result 'Skipped'.
[2026-08-30 12:00:08Z INFO StepsRunner] Current state: job state = 'Failed'
[2026-08-30 12:00:08Z INFO StepsRunner] Processing step: DisplayName='Deploy application'
[2026-08-30 12:00:08Z INFO StepsRunner] Evaluating: success()
[2026-08-30 12:00:08Z INFO StepsRunner] Result: false
[2026-08-30 12:00:08Z INFO StepsRunner] Skipping step due to condition evaluation.
[2026-08-30 12:00:08Z INFO StepsRunner] No need for updating job result with current step result 'Skipped'.
[2026-08-30 12:00:08Z INFO StepsRunner] Current state: job state = 'Failed'
[2026-08-30 12:00:08Z INFO StepsRunner] Processing step: DisplayName='Check deployment'
[2026-08-30 12:00:08Z INFO StepsRunner] Evaluating: success()
[2026-08-30 12:00:08Z INFO StepsRunner] Result: false
[2026-08-30 12:00:08Z INFO StepsRunner] Skipping step due to condition evaluation.
[2026-08-30 12:00:08Z INFO StepsRunner] No need for updating job result with current step result 'Skipped'.
[2026-08-30 12:00:08Z INFO StepsRunner] Current state: job state = 'Failed'
[2026-08-30 12:00:08Z INFO StepsRunner] Processing step: DisplayName='Wait for application'
[2026-08-30 12:00:08Z INFO StepsRunner] Evaluating: success()
[2026-08-30 12:00:08Z INFO StepsRunner] Result: false
[2026-08-30 12:00:08Z INFO StepsRunner] Skipping step due to condition evaluation.
[2026-08-30 12:00:08Z INFO StepsRunner] No need for updating job result with current step result 'Skipped'.
[2026-08-30 12:00:08Z INFO StepsRunner] Current state: job state = 'Failed'
[2026-08-30 12:00:08Z INFO StepsRunner] Processing step: DisplayName='Run smoke tests'
[2026-08-30 12:00:08Z INFO StepsRunner] Evaluating: success()
[2026-08-30 12:00:08Z INFO StepsRunner] Result: false
[2026-08-30 12:00:08Z INFO StepsRunner] Skipping step due to condition evaluation.
[2026-08-30 12:00:08Z INFO StepsRunner] No need for updating job result with current step result 'Skipped'.
[2026-08-30 12:00:08Z INFO StepsRunner] Current state: job state = 'Failed'
[2026-08-30 12:00:08Z INFO StepsRunner] Processing step: DisplayName='Post Checkout repository'
[2026-08-30 12:00:08Z INFO StepsRunner] Evaluating: always()
[2026-08-30 12:00:08Z INFO StepsRunner] Result: true
[2026-08-30 12:00:08Z INFO StepsRunner] Starting the step.
[2026-08-30 12:00:08Z INFO HostContext] Well known directory 'Bin': 'C:\Users\krish\Documents\BITS\mlops-project\actions-runner\bin'
[2026-08-30 12:00:08Z INFO HostContext] Well known directory 'Root': 'C:\Users\krish\Documents\BITS\mlops-project\actions-runner'
[2026-08-30 12:00:08Z INFO HostContext] Well known directory 'Work': 'C:\Users\krish\Documents\BITS\mlops-project\actions-runner\_work'
[2026-08-30 12:00:08Z INFO StepsRunner] Which2: 'chcp'
[2026-08-30 12:00:08Z INFO StepsRunner] Location: 'C:\WINDOWS\system32\chcp.COM'
[2026-08-30 12:00:08Z INFO ProcessInvokerWrapper] Starting process:
[2026-08-30 12:00:08Z INFO ProcessInvokerWrapper]   File name: 'C:\WINDOWS\system32\chcp.COM'
[2026-08-30 12:00:08Z INFO ProcessInvokerWrapper]   Arguments: '65001'
[2026-08-30 12:00:08Z INFO ProcessInvokerWrapper]   Working directory: 'C:\Users\krish\Documents\BITS\mlops-project\actions-runner\_work'
[2026-08-30 12:00:08Z INFO ProcessInvokerWrapper]   Require exit code zero: 'False'
[2026-08-30 12:00:08Z INFO ProcessInvokerWrapper]   Encoding web name:  ; code page: ''
[2026-08-30 12:00:08Z INFO ProcessInvokerWrapper]   Force kill process on cancellation: 'False'
[2026-08-30 12:00:08Z INFO ProcessInvokerWrapper]   Redirected STDIN: 'False'
[2026-08-30 12:00:08Z INFO ProcessInvokerWrapper]   Persist current code page: 'True'
[2026-08-30 12:00:08Z INFO ProcessInvokerWrapper]   Keep redirected STDIN open: 'False'
[2026-08-30 12:00:08Z INFO ProcessInvokerWrapper]   High priority process: 'False'
[2026-08-30 12:00:08Z INFO ProcessInvokerWrapper] Process started with process id 18892, waiting for process exit.
[2026-08-30 12:00:08Z INFO ProcessInvokerWrapper] STDOUT/STDERR stream read finished.
[2026-08-30 12:00:08Z INFO ProcessInvokerWrapper] STDOUT/STDERR stream read finished.
[2026-08-30 12:00:08Z INFO ProcessInvokerWrapper] Finished process 18892 with exit code 0, and elapsed time 00:00:00.0299204.
[2026-08-30 12:00:08Z INFO StepsRunner] Successfully returned to code page 65001 (UTF8)
[2026-08-30 12:00:08Z INFO HostContext] Well known directory 'Bin': 'C:\Users\krish\Documents\BITS\mlops-project\actions-runner\bin'
[2026-08-30 12:00:08Z INFO HostContext] Well known directory 'Root': 'C:\Users\krish\Documents\BITS\mlops-project\actions-runner'
[2026-08-30 12:00:08Z INFO HostContext] Well known directory 'Work': 'C:\Users\krish\Documents\BITS\mlops-project\actions-runner\_work'
[2026-08-30 12:00:08Z INFO HostContext] Well known directory 'Actions': 'C:\Users\krish\Documents\BITS\mlops-project\actions-runner\_work\_actions'
[2026-08-30 12:00:08Z INFO ActionManager] Load action that reference repository from 'C:\Users\krish\Documents\BITS\mlops-project\actions-runner\_work\_actions\actions\checkout\v4'
[2026-08-30 12:00:08Z INFO HostContext] Well known directory 'Bin': 'C:\Users\krish\Documents\BITS\mlops-project\actions-runner\bin'
[2026-08-30 12:00:08Z INFO HostContext] Well known directory 'Root': 'C:\Users\krish\Documents\BITS\mlops-project\actions-runner'
[2026-08-30 12:00:08Z INFO HostContext] Well known directory 'Work': 'C:\Users\krish\Documents\BITS\mlops-project\actions-runner\_work'
[2026-08-30 12:00:08Z INFO HostContext] Well known directory 'Actions': 'C:\Users\krish\Documents\BITS\mlops-project\actions-runner\_work\_actions'
[2026-08-30 12:00:08Z INFO ActionManifestManagerLegacy] Loaded action.yml file: {
  "name": "Checkout",
  "description": "Checkout a Git repository at a particular version",
  "inputs": {
    "type": 2,
    "map": [
      {
        "key": {
          "type": 0,
          "file": 2,
          "line": 4,
          "col": 3,
          "lit": "repository"
        },
        "value": {
          "type": 3,
          "file": 2,
          "line": 6,
          "col": 14,
          "expr": "github.repository"
        }
      },
      {
        "key": {
          "type": 0,
          "file": 2,
          "line": 7,
          "col": 3,
          "lit": "ref"
        },
        "value": ""
      },
      {
        "key": {
          "type": 0,
          "file": 2,
          "line": 12,
          "col": 3,
          "lit": "token"
        },
        "value": {
          "type": 3,
          "file": 2,
          "line": 24,
          "col": 14,
          "expr": "github.token"
        }
      },
      {
        "key": {
          "type": 0,
          "file": 2,
          "line": 25,
          "col": 3,
          "lit": "ssh-key"
        },
        "value": ""
      },
      {
        "key": {
          "type": 0,
          "file": 2,
          "line": 37,
          "col": 3,
          "lit": "ssh-known-hosts"
        },
        "value": ""
      },
      {
        "key": {
          "type": 0,
          "file": 2,
          "line": 42,
          "col": 3,
          "lit": "ssh-strict"
        },
        "value": {
          "type": 0,
          "file": 2,
          "line": 47,
          "col": 14,
          "lit": "true"
        }
      },
      {
        "key": {
          "type": 0,
          "file": 2,
          "line": 48,
          "col": 3,
          "lit": "ssh-user"
        },
        "value": {
          "type": 0,
          "file": 2,
          "line": 51,
          "col": 14,
          "lit": "git"
        }
      },
      {
        "key": {
          "type": 0,
          "file": 2,
          "line": 52,
          "col": 3,
          "lit": "persist-credentials"
        },
        "value": {
          "type": 0,
          "file": 2,
          "line": 54,
          "col": 14,
          "lit": "true"
        }
      },
      {
        "key": {
          "type": 0,
          "file": 2,
          "line": 55,
          "col": 3,
          "lit": "path"
        },
        "value": ""
      },
      {
        "key": {
          "type": 0,
          "file": 2,
          "line": 57,
          "col": 3,
          "lit": "clean"
        },
        "value": {
          "type": 0,
          "file": 2,
          "line": 59,
          "col": 14,
          "lit": "true"
        }
      },
      {
        "key": {
          "type": 0,
          "file": 2,
          "line": 60,
          "col": 3,
          "lit": "filter"
        },
        "value": {
          "type": 0,
          "file": 2,
          "line": 64,
          "col": 14,
          "lit": ""
        }
      },
      {
        "key": {
          "type": 0,
          "file": 2,
          "line": 65,
          "col": 3,
          "lit": "sparse-checkout"
        },
        "value": {
          "type": 0,
          "file": 2,
          "line": 69,
          "col": 14,
          "lit": ""
        }
      },
      {
        "key": {
          "type": 0,
          "file": 2,
          "line": 70,
          "col": 3,
          "lit": "sparse-checkout-cone-mode"
        },
        "value": {
          "type": 0,
          "file": 2,
          "line": 73,
          "col": 14,
          "lit": "true"
        }
      },
      {
        "key": {
          "type": 0,
          "file": 2,
          "line": 74,
          "col": 3,
          "lit": "fetch-depth"
        },
        "value": {
          "type": 0,
          "file": 2,
          "line": 76,
          "col": 14,
          "lit": "1"
        }
      },
      {
        "key": {
          "type": 0,
          "file": 2,
          "line": 77,
          "col": 3,
          "lit": "fetch-tags"
        },
        "value": {
          "type": 0,
          "file": 2,
          "line": 79,
          "col": 14,
          "lit": "false"
        }
      },
      {
        "key": {
          "type": 0,
          "file": 2,
          "line": 80,
          "col": 3,
          "lit": "show-progress"
        },
        "value": {
          "type": 0,
          "file": 2,
          "line": 82,
          "col": 14,
          "lit": "true"
        }
      },
      {
        "key": {
          "type": 0,
          "file": 2,
          "line": 83,
          "col": 3,
          "lit": "lfs"
        },
        "value": {
          "type": 0,
          "file": 2,
          "line": 85,
          "col": 14,
          "lit": "false"
        }
      },
      {
        "key": {
          "type": 0,
          "file": 2,
          "line": 86,
          "col": 3,
          "lit": "submodules"
        },
        "value": {
          "type": 0,
          "file": 2,
          "line": 94,
          "col": 14,
          "lit": "false"
        }
      },
      {
        "key": {
          "type": 0,
          "file": 2,
          "line": 95,
          "col": 3,
          "lit": "set-safe-directory"
        },
        "value": {
          "type": 0,
          "file": 2,
          "line": 97,
          "col": 14,
          "lit": "true"
        }
      },
      {
        "key": {
          "type": 0,
          "file": 2,
          "line": 98,
          "col": 3,
          "lit": "github-server-url"
        },
        "value": ""
      },
      {
        "key": {
          "type": 0,
          "file": 2,
          "line": 101,
          "col": 3,
          "lit": "allow-unsafe-pr-checkout"
        },
        "value": {
          "type": 0,
          "file": 2,
          "line": 109,
          "col": 14,
          "lit": "false"
        }
      }
    ]
  },
  "execution": {
    "executionType": "nodeJS",
    "hasPre": false,
    "hasPost": true,
    "script": "dist/index.js",
    "pre": null,
    "post": "dist/index.js",
    "nodeVersion": "node20",
    "cleanupCondition": "always()",
    "initCondition": "always()"
  },
  "deprecated": null
}
[2026-08-30 12:00:08Z INFO ActionManager] Action pre node.js file: N/A.
[2026-08-30 12:00:08Z INFO ActionManager] Action node.js file: dist/index.js.
[2026-08-30 12:00:08Z INFO ActionManager] Action post node.js file: dist/index.js.
[2026-08-30 12:00:08Z INFO HostContext] Well known directory 'Bin': 'C:\Users\krish\Documents\BITS\mlops-project\actions-runner\bin'
[2026-08-30 12:00:08Z INFO HostContext] Well known directory 'Root': 'C:\Users\krish\Documents\BITS\mlops-project\actions-runner'
[2026-08-30 12:00:08Z INFO HostContext] Well known directory 'Work': 'C:\Users\krish\Documents\BITS\mlops-project\actions-runner\_work'
[2026-08-30 12:00:08Z INFO HostContext] Well known directory 'Temp': 'C:\Users\krish\Documents\BITS\mlops-project\actions-runner\_work\_temp'
[2026-08-30 12:00:08Z INFO ExecutionContext] Write event payload to C:\Users\krish\Documents\BITS\mlops-project\actions-runner\_work\_temp\_github_workflow\event.json
[2026-08-30 12:00:08Z INFO JobServerQueue] Try to append 1 batches web console lines for record '594c1c1b-e523-4125-85d1-e338ffc7f7c3', success rate: 1/1.
[2026-08-30 12:00:08Z INFO HostContext] Well known directory 'Bin': 'C:\Users\krish\Documents\BITS\mlops-project\actions-runner\bin'
[2026-08-30 12:00:08Z INFO HostContext] Well known directory 'Root': 'C:\Users\krish\Documents\BITS\mlops-project\actions-runner'
[2026-08-30 12:00:08Z INFO HostContext] Well known directory 'Work': 'C:\Users\krish\Documents\BITS\mlops-project\actions-runner\_work'
[2026-08-30 12:00:08Z INFO HostContext] Well known directory 'Temp': 'C:\Users\krish\Documents\BITS\mlops-project\actions-runner\_work\_temp'
[2026-08-30 12:00:08Z INFO ExtensionManager] Getting extensions for interface: 'GitHub.Runner.Worker.IFileCommandExtension'
[2026-08-30 12:00:08Z INFO ActionManifestManagerLegacy] Input 'repository': default value evaluate result: {
  "type": 0,
  "file": 2,
  "line": 6,
  "col": 14,
  "lit": "2024ac05127-tech/assignment2"
}
[2026-08-30 12:00:08Z INFO ActionManifestManagerLegacy] Input 'ref': default value evaluate result: ""
[2026-08-30 12:00:08Z INFO ActionManifestManagerLegacy] Input 'token': default value evaluate result: {
  "type": 0,
  "file": 2,
  "line": 24,
  "col": 14,
  "lit": "***"
}
[2026-08-30 12:00:08Z INFO ActionManifestManagerLegacy] Input 'ssh-key': default value evaluate result: ""
[2026-08-30 12:00:08Z INFO ActionManifestManagerLegacy] Input 'ssh-known-hosts': default value evaluate result: ""
[2026-08-30 12:00:08Z INFO ActionManifestManagerLegacy] Input 'ssh-strict': default value evaluate result: {
  "type": 0,
  "file": 2,
  "line": 47,
  "col": 14,
  "lit": "true"
}
[2026-08-30 12:00:08Z INFO ActionManifestManagerLegacy] Input 'ssh-user': default value evaluate result: {
  "type": 0,
  "file": 2,
  "line": 51,
  "col": 14,
  "lit": "git"
}
[2026-08-30 12:00:08Z INFO ActionManifestManagerLegacy] Input 'persist-credentials': default value evaluate result: {
  "type": 0,
  "file": 2,
  "line": 54,
  "col": 14,
  "lit": "true"
}
[2026-08-30 12:00:08Z INFO ActionManifestManagerLegacy] Input 'path': default value evaluate result: ""
[2026-08-30 12:00:08Z INFO ActionManifestManagerLegacy] Input 'clean': default value evaluate result: {
  "type": 0,
  "file": 2,
  "line": 59,
  "col": 14,
  "lit": "true"
}
[2026-08-30 12:00:08Z INFO ActionManifestManagerLegacy] Input 'filter': default value evaluate result: {
  "type": 0,
  "file": 2,
  "line": 64,
  "col": 14,
  "lit": ""
}
[2026-08-30 12:00:08Z INFO ActionManifestManagerLegacy] Input 'sparse-checkout': default value evaluate result: {
  "type": 0,
  "file": 2,
  "line": 69,
  "col": 14,
  "lit": ""
}
[2026-08-30 12:00:08Z INFO ActionManifestManagerLegacy] Input 'sparse-checkout-cone-mode': default value evaluate result: {
  "type": 0,
  "file": 2,
  "line": 73,
  "col": 14,
  "lit": "true"
}
[2026-08-30 12:00:08Z INFO ActionManifestManagerLegacy] Input 'fetch-depth': default value evaluate result: {
  "type": 0,
  "file": 2,
  "line": 76,
  "col": 14,
  "lit": "1"
}
[2026-08-30 12:00:08Z INFO ActionManifestManagerLegacy] Input 'fetch-tags': default value evaluate result: {
  "type": 0,
  "file": 2,
  "line": 79,
  "col": 14,
  "lit": "false"
}
[2026-08-30 12:00:08Z INFO ActionManifestManagerLegacy] Input 'show-progress': default value evaluate result: {
  "type": 0,
  "file": 2,
  "line": 82,
  "col": 14,
  "lit": "true"
}
[2026-08-30 12:00:08Z INFO ActionManifestManagerLegacy] Input 'lfs': default value evaluate result: {
  "type": 0,
  "file": 2,
  "line": 85,
  "col": 14,
  "lit": "false"
}
[2026-08-30 12:00:08Z INFO ActionManifestManagerLegacy] Input 'submodules': default value evaluate result: {
  "type": 0,
  "file": 2,
  "line": 94,
  "col": 14,
  "lit": "false"
}
[2026-08-30 12:00:08Z INFO ActionManifestManagerLegacy] Input 'set-safe-directory': default value evaluate result: {
  "type": 0,
  "file": 2,
  "line": 97,
  "col": 14,
  "lit": "true"
}
[2026-08-30 12:00:08Z INFO ActionManifestManagerLegacy] Input 'github-server-url': default value evaluate result: ""
[2026-08-30 12:00:08Z INFO ActionManifestManagerLegacy] Input 'allow-unsafe-pr-checkout': default value evaluate result: {
  "type": 0,
  "file": 2,
  "line": 109,
  "col": 14,
  "lit": "false"
}
[2026-08-30 12:00:08Z INFO ExtensionManager] Getting extensions for interface: 'GitHub.Runner.Worker.IActionCommandExtension'
[2026-08-30 12:00:08Z INFO ActionCommandManager] Register action command extension for command internal-set-repo-path
[2026-08-30 12:00:08Z INFO ActionCommandManager] Register action command extension for command set-env
[2026-08-30 12:00:08Z INFO ActionCommandManager] Register action command extension for command set-output
[2026-08-30 12:00:08Z INFO ActionCommandManager] Register action command extension for command save-state
[2026-08-30 12:00:08Z INFO ActionCommandManager] Register action command extension for command add-path
[2026-08-30 12:00:08Z INFO ActionCommandManager] Register action command extension for command add-mask
[2026-08-30 12:00:08Z INFO ActionCommandManager] Register action command extension for command add-matcher
[2026-08-30 12:00:08Z INFO ActionCommandManager] Register action command extension for command remove-matcher
[2026-08-30 12:00:08Z INFO ActionCommandManager] Register action command extension for command warning
[2026-08-30 12:00:08Z INFO ActionCommandManager] Register action command extension for command error
[2026-08-30 12:00:08Z INFO ActionCommandManager] Register action command extension for command notice
[2026-08-30 12:00:08Z INFO ActionCommandManager] Register action command extension for command debug
[2026-08-30 12:00:08Z INFO ActionCommandManager] Register action command extension for command group
[2026-08-30 12:00:08Z INFO ActionCommandManager] Register action command extension for command endgroup
[2026-08-30 12:00:08Z INFO ActionCommandManager] Register action command extension for command echo
[2026-08-30 12:00:08Z INFO HostContext] Well known directory 'Bin': 'C:\Users\krish\Documents\BITS\mlops-project\actions-runner\bin'
[2026-08-30 12:00:08Z INFO HostContext] Well known directory 'Root': 'C:\Users\krish\Documents\BITS\mlops-project\actions-runner'
[2026-08-30 12:00:08Z INFO HostContext] Well known directory 'Externals': 'C:\Users\krish\Documents\BITS\mlops-project\actions-runner\externals'
[2026-08-30 12:00:08Z INFO ProcessInvokerWrapper] Starting process:
[2026-08-30 12:00:08Z INFO ProcessInvokerWrapper]   File name: 'C:\Users\krish\Documents\BITS\mlops-project\actions-runner\externals\node24\bin\node.exe'
[2026-08-30 12:00:08Z INFO ProcessInvokerWrapper]   Arguments: '"C:\Users\krish\Documents\BITS\mlops-project\actions-runner\_work\_actions\actions\checkout\v4\dist/index.js"'
[2026-08-30 12:00:08Z INFO ProcessInvokerWrapper]   Working directory: 'C:\Users\krish\Documents\BITS\mlops-project\actions-runner\_work\assignment2\assignment2'
[2026-08-30 12:00:08Z INFO ProcessInvokerWrapper]   Require exit code zero: 'False'
[2026-08-30 12:00:08Z INFO ProcessInvokerWrapper]   Encoding web name: utf-8 ; code page: '65001'
[2026-08-30 12:00:08Z INFO ProcessInvokerWrapper]   Force kill process on cancellation: 'False'
[2026-08-30 12:00:08Z INFO ProcessInvokerWrapper]   Redirected STDIN: 'False'
[2026-08-30 12:00:08Z INFO ProcessInvokerWrapper]   Persist current code page: 'True'
[2026-08-30 12:00:08Z INFO ProcessInvokerWrapper]   Keep redirected STDIN open: 'False'
[2026-08-30 12:00:08Z INFO ProcessInvokerWrapper]   High priority process: 'False'
[2026-08-30 12:00:08Z INFO ProcessInvokerWrapper] Process started with process id 17424, waiting for process exit.
[2026-08-30 12:00:09Z INFO AddMaskCommandExtension] Add new secret mask with length of 32
[2026-08-30 12:00:09Z INFO JobServerQueue] Try to append 1 batches web console lines for record '0a223452-8725-4021-9406-434944396437', success rate: 1/1.
[2026-08-30 12:00:09Z INFO JobServerQueue] Got a step log file to send to results service.
[2026-08-30 12:00:09Z INFO JobServerQueue] Starting upload of step log file to results service ResultsLog, C:\Users\krish\Documents\BITS\mlops-project\actions-runner\_diag\blocks\24f57b02-4e04-425a-ad5f-5ef0099f9ecc_594c1c1b-e523-4125-85d1-e338ffc7f7c3.1
[2026-08-30 12:00:09Z INFO JobServerQueue] Try to upload 1 log files or attachments, success rate: 1/1.
[2026-08-30 12:00:09Z INFO JobServerQueue] Try to append 1 batches web console lines for record '0a223452-8725-4021-9406-434944396437', success rate: 1/1.
[2026-08-30 12:00:10Z INFO JobServerQueue] Try to append 1 batches web console lines for record '0a223452-8725-4021-9406-434944396437', success rate: 1/1.
[2026-08-30 12:00:11Z INFO JobServerQueue] Try to append 1 batches web console lines for record '0a223452-8725-4021-9406-434944396437', success rate: 1/1.
[2026-08-30 12:00:11Z INFO JobServerQueue] Tried to upload 1 file(s) to results, success rate: 1/1.
[2026-08-30 12:00:12Z INFO JobServerQueue] Try to append 1 batches web console lines for record '0a223452-8725-4021-9406-434944396437', success rate: 1/1.
[2026-08-30 12:00:12Z INFO JobServerQueue] Try to append 1 batches web console lines for record '0a223452-8725-4021-9406-434944396437', success rate: 1/1.
[2026-08-30 12:00:13Z INFO ProcessInvokerWrapper] STDOUT/STDERR stream read finished.
[2026-08-30 12:00:13Z INFO ProcessInvokerWrapper] STDOUT/STDERR stream read finished.
[2026-08-30 12:00:13Z INFO ProcessInvokerWrapper] Finished process 17424 with exit code 0, and elapsed time 00:00:04.7772233.
[2026-08-30 12:00:13Z INFO CreateStepSummaryCommand] Step Summary file (C:\Users\krish\Documents\BITS\mlops-project\actions-runner\_work\_temp\_runner_file_commands\step_summary_ff4b8053-8c4e-4d37-84ff-f8e3230ef2ef) is empty; skipping attachment upload
[2026-08-30 12:00:13Z INFO StepsRunner] Step result: 
[2026-08-30 12:00:13Z INFO ExecutionContext] Publish step telemetry for current step {
  "action": "actions/checkout",
  "ref": "v4",
  "type": "node24",
  "stage": "Post",
  "stepId": "0a223452-8725-4021-9406-434944396437",
  "result": "succeeded",
  "errorMessages": [],
  "executionTimeInSeconds": 5,
  "startTime": "2026-08-30T12:00:08.4581213Z",
  "finishTime": "2026-08-30T12:00:13.3494797Z"
}.
[2026-08-30 12:00:13Z INFO StepsRunner] No need for updating job result with current step result 'Succeeded'.
[2026-08-30 12:00:13Z INFO StepsRunner] Current state: job state = 'Failed'
[2026-08-30 12:00:13Z INFO JobRunner] Finalize job.
[2026-08-30 12:00:13Z INFO JobServerQueue] Try to upload 1 log files or attachments, success rate: 1/1.
[2026-08-30 12:00:13Z INFO HostContext] Well known directory 'Bin': 'C:\Users\krish\Documents\BITS\mlops-project\actions-runner\bin'
[2026-08-30 12:00:13Z INFO HostContext] Well known directory 'Root': 'C:\Users\krish\Documents\BITS\mlops-project\actions-runner'
[2026-08-30 12:00:13Z INFO HostContext] Well known directory 'Diag': 'C:\Users\krish\Documents\BITS\mlops-project\actions-runner\_diag'
[2026-08-30 12:00:13Z INFO HostContext] Well known directory 'Bin': 'C:\Users\krish\Documents\BITS\mlops-project\actions-runner\bin'
[2026-08-30 12:00:13Z INFO HostContext] Well known directory 'Root': 'C:\Users\krish\Documents\BITS\mlops-project\actions-runner'
[2026-08-30 12:00:13Z INFO HostContext] Well known directory 'Diag': 'C:\Users\krish\Documents\BITS\mlops-project\actions-runner\_diag'
[2026-08-30 12:00:13Z INFO JobExtension] Initialize Env context
[2026-08-30 12:00:13Z INFO JobExtension] Initialize steps context
[2026-08-30 12:00:13Z INFO JobExtension] Total accessible running process: 306.
[2026-08-30 12:00:13Z INFO JobExtension] Inspecting process environment variables. PID: 18524 (perl)
[2026-08-30 12:00:13Z WARN JobExtension] Ignore exception during read process environment variables: Access is denied.
[2026-08-30 12:00:13Z INFO JobExtension] Inspecting process environment variables. PID: 17532 (svchost)
[2026-08-30 12:00:13Z WARN JobExtension] Ignore exception during read process environment variables: Access is denied.
[2026-08-30 12:00:13Z INFO JobExtension] Inspecting process environment variables. PID: 15796 (backgroundTaskHost)
[2026-08-30 12:00:13Z INFO JobExtension] Inspecting process environment variables. PID: 10608 (msedgewebview2)
[2026-08-30 12:00:13Z INFO JobExtension] Inspecting process environment variables. PID: 14240 (WmiApSrv)
[2026-08-30 12:00:13Z WARN JobExtension] Ignore exception during read process environment variables: Access is denied.
[2026-08-30 12:00:13Z INFO JobExtension] Inspecting process environment variables. PID: 18224 (RuntimeBroker)
[2026-08-30 12:00:13Z INFO JobExtension] Inspecting process environment variables. PID: 17076 (PhoneExperienceHost)
[2026-08-30 12:00:13Z INFO JobExtension] Inspecting process environment variables. PID: 11648 (svchost)
[2026-08-30 12:00:13Z WARN JobExtension] Ignore exception during read process environment variables: Access is denied.
[2026-08-30 12:00:13Z INFO JobExtension] Inspecting process environment variables. PID: 8264 (docker)
[2026-08-30 12:00:13Z INFO JobExtension] Inspecting process environment variables. PID: 8624 (conhost)
[2026-08-30 12:00:13Z INFO JobExtension] Inspecting process environment variables. PID: 18084 (docker)
[2026-08-30 12:00:13Z INFO JobExtension] Inspecting process environment variables. PID: 20108 (conhost)
[2026-08-30 12:00:13Z INFO JobExtension] Inspecting process environment variables. PID: 20360 (docker)
[2026-08-30 12:00:13Z INFO JobExtension] Inspecting process environment variables. PID: 9452 (conhost)
[2026-08-30 12:00:13Z INFO JobExtension] Wait for all connectivity checks to finish.
[2026-08-30 12:00:13Z INFO JobExtension] Connectivity check result: {
  "endpointUrl": "https://broker.actions.githubusercontent.com/health",
  "endpointIPs": null,
  "startTime": "2026-08-30T11:52:26.0602071Z",
  "statusCode": "http_OK",
  "requestId": "E58D:AC7EE:2427B:2CDB7:6A94197B",
  "httpRequestDurationInMs": 1333,
  "dnsResolutionDurationInMs": 0,
  "dnsError": null
}
[2026-08-30 12:00:13Z INFO JobExtension] Connectivity check result: {
  "endpointUrl": "https://token.actions.githubusercontent.com/ready",
  "endpointIPs": null,
  "startTime": "2026-08-30T11:52:26.0737789Z",
  "statusCode": "http_NoContent",
  "requestId": "E58E:3A5C7C:2FD755C:3C8EBC6:6A94197C",
  "httpRequestDurationInMs": 2603,
  "dnsResolutionDurationInMs": 0,
  "dnsError": null
}
[2026-08-30 12:00:13Z INFO JobExtension] Connectivity check result: {
  "endpointUrl": "https://run.actions.githubusercontent.com/health",
  "endpointIPs": null,
  "startTime": "2026-08-30T11:52:26.0743189Z",
  "statusCode": "http_OK",
  "requestId": "E58C:3C3DA7:2459E:2D3B6:6A94197B",
  "httpRequestDurationInMs": 1316,
  "dnsResolutionDurationInMs": 0,
  "dnsError": null
}
[2026-08-30 12:00:13Z INFO ExecutionContext] Publish step telemetry for current step {
  "action": "complete_job",
  "type": "runner",
  "stage": "Post",
  "stepId": "29c37974-489f-45e0-982f-a6963e8ce50c",
  "result": "succeeded",
  "errorMessages": [
    "Node.js 20 is deprecated. The following actions target Node.js 20 but are being forced to run on Node.js 24: actions/checkout@v4. For more information see: https://github.blog/changelog/2025-09-19-deprecation-of-node-20-on-github-actions-runners/"
  ],
  "executionTimeInSeconds": 1,
  "startTime": "2026-08-30T12:00:13.3688961Z",
  "finishTime": "2026-08-30T12:00:13.4810292Z"
}.
[2026-08-30 12:00:13Z INFO JobRunner] Job result after all job steps finish: Failed
[2026-08-30 12:00:13Z INFO JobRunner] Completing the job execution context.
[2026-08-30 12:00:13Z INFO JobRunner] Shutting down the job server queue.
[2026-08-30 12:00:13Z INFO JobServerQueue] Fire signal to shutdown all queues.
[2026-08-30 12:00:14Z INFO JobServerQueue] All queue process task stopped.
[2026-08-30 12:00:14Z INFO JobServerQueue] Try to append 1 batches web console lines for record '29c37974-489f-45e0-982f-a6963e8ce50c', success rate: 1/1.
[2026-08-30 12:00:14Z INFO JobServerQueue] Web console line queue drained.
[2026-08-30 12:00:14Z INFO JobServerQueue] Uploading 2 files in one shot.
[2026-08-30 12:00:14Z INFO JobServerQueue] Try to upload 2 log files or attachments, success rate: 2/2.
[2026-08-30 12:00:14Z INFO JobServerQueue] File upload queue drained.
[2026-08-30 12:00:14Z INFO JobServerQueue] Starting results-based upload queue...
[2026-08-30 12:00:14Z INFO JobServerQueue] Uploading 3 file(s) in one shot through results service.
[2026-08-30 12:00:14Z INFO JobServerQueue] Got a step log file to send to results service.
[2026-08-30 12:00:14Z INFO JobServerQueue] Starting upload of step log file to results service ResultsLog, C:\Users\krish\Documents\BITS\mlops-project\actions-runner\_diag\blocks\24f57b02-4e04-425a-ad5f-5ef0099f9ecc_0a223452-8725-4021-9406-434944396437.1
[2026-08-30 12:00:15Z INFO JobServerQueue] Got a step log file to send to results service.
[2026-08-30 12:00:15Z INFO JobServerQueue] Starting upload of step log file to results service ResultsLog, C:\Users\krish\Documents\BITS\mlops-project\actions-runner\_diag\blocks\24f57b02-4e04-425a-ad5f-5ef0099f9ecc_29c37974-489f-45e0-982f-a6963e8ce50c.1
[2026-08-30 12:00:16Z INFO JobServerQueue] Got a job log file to send to results service.
[2026-08-30 12:00:16Z INFO JobServerQueue] Starting upload of job log file to results service ResultsLog, C:\Users\krish\Documents\BITS\mlops-project\actions-runner\_diag\blocks\24f57b02-4e04-425a-ad5f-5ef0099f9ecc_e7cdbda2-957d-57c5-b0d1-0f69dd463c6f.1
[2026-08-30 12:00:17Z INFO JobServerQueue] Tried to upload 3 file(s) to results, success rate: 3/3.
[2026-08-30 12:00:17Z INFO JobServerQueue] Results upload queue drained.
[2026-08-30 12:00:17Z INFO JobServerQueue] Timeline update queue drained.
[2026-08-30 12:00:17Z INFO JobServerQueue] Disposing job server ...
[2026-08-30 12:00:17Z INFO JobServerQueue] Disposing results server ...
[2026-08-30 12:00:17Z INFO JobServerQueue] All queue process tasks have been stopped, and all queues are drained.
[2026-08-30 12:00:17Z INFO TempDirectoryManager] Cleaning runner temp folder: C:\Users\krish\Documents\BITS\mlops-project\actions-runner\_work\_temp
[2026-08-30 12:00:17Z INFO HostContext] Well known directory 'Bin': 'C:\Users\krish\Documents\BITS\mlops-project\actions-runner\bin'
[2026-08-30 12:00:17Z INFO HostContext] Well known directory 'Root': 'C:\Users\krish\Documents\BITS\mlops-project\actions-runner'
[2026-08-30 12:00:17Z INFO HostContext] Well known directory 'Diag': 'C:\Users\krish\Documents\BITS\mlops-project\actions-runner\_diag'
[2026-08-30 12:00:17Z INFO HostContext] Well known config file 'Telemetry': 'C:\Users\krish\Documents\BITS\mlops-project\actions-runner\_diag\.telemetry'
[2026-08-30 12:00:17Z INFO JobRunner] Raising job completed against run service
[2026-08-30 12:00:18Z INFO Worker] Job completed.
