[2026-08-30 10:56:54Z INFO HostContext] No proxy settings were found based on environmental variables (http_proxy/https_proxy/HTTP_PROXY/HTTPS_PROXY)
[2026-08-30 10:56:54Z INFO HostContext] Well known directory 'Bin': 'C:\Users\krish\Documents\BITS\mlops-project\actions-runner\bin'
[2026-08-30 10:56:54Z INFO HostContext] Well known directory 'Root': 'C:\Users\krish\Documents\BITS\mlops-project\actions-runner'
[2026-08-30 10:56:54Z INFO HostContext] Well known config file 'Credentials': 'C:\Users\krish\Documents\BITS\mlops-project\actions-runner\.credentials'
[2026-08-30 10:56:54Z INFO HostContext] Well known directory 'Bin': 'C:\Users\krish\Documents\BITS\mlops-project\actions-runner\bin'
[2026-08-30 10:56:54Z INFO HostContext] Well known directory 'Root': 'C:\Users\krish\Documents\BITS\mlops-project\actions-runner'
[2026-08-30 10:56:54Z INFO HostContext] Well known config file 'Runner': 'C:\Users\krish\Documents\BITS\mlops-project\actions-runner\.runner'
[2026-08-30 10:56:54Z INFO Worker] Version: 2.336.0
[2026-08-30 10:56:54Z INFO Worker] Commit: 98aabcd429c4e8402406c56ce2d26387fed3b9ce
[2026-08-30 10:56:54Z INFO Worker] Culture: en-IN
[2026-08-30 10:56:54Z INFO Worker] UI Culture: en-US
[2026-08-30 10:56:54Z INFO Worker] Waiting to receive the job message from the channel.
[2026-08-30 10:56:54Z INFO ProcessChannel] Receiving message of length 24527, with hash 'bbb4104e149f880cce3deeba2ae29293c592584b4d7eb9944bbed802ebc02447'
[2026-08-30 10:56:54Z INFO Worker] Message received.
[2026-08-30 10:56:54Z INFO Worker] Job message:
 {
  "defaults": [
    {
      "type": 2,
      "file": 1,
      "line": 14,
      "col": 7,
      "map": [
        {
          "key": {
            "type": 0,
            "file": 1,
            "line": 14,
            "col": 7,
            "lit": "run"
          },
          "value": {
            "type": 2,
            "file": 1,
            "line": 15,
            "col": 9,
            "map": [
              {
                "key": {
                  "type": 0,
                  "file": 1,
                  "line": 15,
                  "col": 9,
                  "lit": "shell"
                },
                "value": {
                  "type": 0,
                  "file": 1,
                  "line": 15,
                  "col": 16,
                  "lit": "cmd"
                }
              }
            ]
          }
        }
      ]
    }
  ],
  "fileTable": [
    ".github/workflows/cd.yml"
  ],
  "mask": [
    {
      "type": "regex",
      "value": "***"
    },
    {
      "type": "regex",
      "value": "***"
    },
    {
      "type": "regex",
      "value": "***"
    },
    {
      "type": "regex",
      "value": "***"
    },
    {
      "type": "regex",
      "value": "***"
    },
    {
      "type": "regex",
      "value": "***"
    },
    {
      "type": "regex",
      "value": "***"
    },
    {
      "type": "regex",
      "value": "***"
    },
    {
      "type": "regex",
      "value": "***"
    },
    {
      "type": "regex",
      "value": "***"
    },
    {
      "type": "regex",
      "value": "***"
    },
    {
      "type": "regex",
      "value": "***"
    },
    {
      "type": "regex",
      "value": "***"
    },
    {
      "type": "regex",
      "value": "***"
    },
    {
      "type": "regex",
      "value": "***"
    },
    {
      "type": "regex",
      "value": "***"
    },
    {
      "type": "regex",
      "value": "***"
    },
    {
      "type": "regex",
      "value": "***"
    },
    {
      "type": "regex",
      "value": "***"
    },
    {
      "type": "regex",
      "value": "***"
    },
    {
      "type": "regex",
      "value": "***"
    },
    {
      "type": "regex",
      "value": "***"
    },
    {
      "type": "regex",
      "value": "***"
    },
    {
      "type": "regex",
      "value": "***"
    }
  ],
  "steps": [
    {
      "type": "action",
      "reference": {
        "type": "repository",
        "name": "actions/checkout",
        "ref": "v4",
        "repositoryType": "GitHub"
      },
      "displayNameToken": {
        "type": 0,
        "file": 1,
        "line": 19,
        "col": 15,
        "lit": "Checkout repository"
      },
      "contextName": "__actions_checkout",
      "condition": "success()",
      "id": "08c58463-d243-4a31-98da-ca4a8482118d",
      "name": "__actions_checkout"
    },
    {
      "type": "action",
      "reference": {
        "type": "script"
      },
      "displayNameToken": {
        "type": 0,
        "file": 1,
        "line": 22,
        "col": 15,
        "lit": "Pull latest Docker image"
      },
      "contextName": "__run",
      "inputs": {
        "type": 2,
        "map": [
          {
            "key": "script",
            "value": {
              "type": 0,
              "file": 1,
              "line": 23,
              "col": 14,
              "lit": "docker compose pull\n"
            }
          }
        ]
      },
      "condition": "success()",
      "id": "6d34916a-e899-464d-894c-e889ad1ec9d0",
      "name": "__run"
    },
    {
      "type": "action",
      "reference": {
        "type": "script"
      },
      "displayNameToken": {
        "type": 0,
        "file": 1,
        "line": 26,
        "col": 15,
        "lit": "Remove old container"
      },
      "contextName": "__run_2",
      "inputs": {
        "type": 2,
        "map": [
          {
            "key": "script",
            "value": {
              "type": 0,
              "file": 1,
              "line": 27,
              "col": 14,
              "lit": "docker rm -f cats-dogs-api >nul 2>&1\nexit /b 0\n"
            }
          }
        ]
      },
      "condition": "success()",
      "id": "a8ec9082-3151-4ada-ae85-150d63f0db0b",
      "name": "__run_2"
    },
    {
      "type": "action",
      "reference": {
        "type": "script"
      },
      "displayNameToken": {
        "type": 0,
        "file": 1,
        "line": 31,
        "col": 15,
        "lit": "Deploy application"
      },
      "contextName": "__run_3",
      "inputs": {
        "type": 2,
        "map": [
          {
            "key": "script",
            "value": {
              "type": 0,
              "file": 1,
              "line": 32,
              "col": 14,
              "lit": "docker compose up -d\n"
            }
          }
        ]
      },
      "condition": "success()",
      "id": "179cbffa-ddf7-4f3b-ae0f-2ff1b4a1ef7b",
      "name": "__run_3"
    },
    {
      "type": "action",
      "reference": {
        "type": "script"
      },
      "displayNameToken": {
        "type": 0,
        "file": 1,
        "line": 35,
        "col": 15,
        "lit": "Check deployment"
      },
      "contextName": "__run_4",
      "inputs": {
        "type": 2,
        "map": [
          {
            "key": "script",
            "value": {
              "type": 0,
              "file": 1,
              "line": 36,
              "col": 14,
              "lit": "docker compose ps\n"
            }
          }
        ]
      },
      "condition": "success()",
      "id": "85e17f2b-5ef7-49bf-9e8f-0f9300caca30",
      "name": "__run_4"
    },
    {
      "type": "action",
      "reference": {
        "type": "script"
      },
      "displayNameToken": {
        "type": 0,
        "file": 1,
        "line": 39,
        "col": 15,
        "lit": "Wait for application"
      },
      "contextName": "__run_5",
      "inputs": {
        "type": 2,
        "map": [
          {
            "key": "script",
            "value": {
              "type": 0,
              "file": 1,
              "line": 40,
              "col": 14,
              "lit": "ping 127.0.0.1 -n 11 > nul\n"
            }
          }
        ]
      },
      "condition": "success()",
      "id": "bf7077cb-b085-4cd4-acec-a71505fb25f7",
      "name": "__run_5"
    },
    {
      "type": "action",
      "reference": {
        "type": "script"
      },
      "displayNameToken": {
        "type": 0,
        "file": 1,
        "line": 43,
        "col": 15,
        "lit": "Run smoke tests"
      },
      "contextName": "__run_6",
      "inputs": {
        "type": 2,
        "map": [
          {
            "key": "script",
            "value": {
              "type": 0,
              "file": 1,
              "line": 44,
              "col": 14,
              "lit": "python smoke_tests.py"
            }
          }
        ]
      },
      "condition": "success()",
      "id": "721d3cad-fa00-4e14-8d9a-337fc136594c",
      "name": "__run_6"
    }
  ],
  "variables": {
    "Actions.EnableHttpRedirects": {
      "value": "true"
    },
    "DistributedTask.AddWarningToNode12Action": {
      "value": "true"
    },
    "DistributedTask.AddWarningToNode16Action": {
      "value": "true"
    },
    "DistributedTask.AllowRunnerContainerHooks": {
      "value": "true"
    },
    "DistributedTask.DeprecateStepOutputCommands": {
      "value": "true"
    },
    "DistributedTask.DetailUntarFailure": {
      "value": "true"
    },
    "DistributedTask.EnableCompositeActions": {
      "value": "true"
    },
    "DistributedTask.EnableJobServerQueueTelemetry": {
      "value": "true"
    },
    "DistributedTask.EnhancedAnnotations": {
      "value": "true"
    },
    "DistributedTask.ForceGithubJavascriptActionsToNode16": {
      "value": "true"
    },
    "DistributedTask.ForceGithubJavascriptActionsToNode20": {
      "value": "true"
    },
    "DistributedTask.LogTemplateErrorsAsDebugMessages": {
      "value": "true"
    },
    "DistributedTask.MarkJobAsFailedOnWorkerCrash": {
      "value": "true"
    },
    "DistributedTask.NewActionMetadata": {
      "value": "true"
    },
    "DistributedTask.UploadStepSummary": {
      "value": "true"
    },
    "DistributedTask.UseActionArchiveCache": {
      "value": "true"
    },
    "DistributedTask.UseWhich2": {
      "value": "true"
    },
    "RunService.FixEmbeddedIssues": {
      "value": "true"
    },
    "actions.runner.requirenode24": {
      "value": "false"
    },
    "actions.runner.usenode24bydefault": {
      "value": "true"
    },
    "actions.runner.warnonnode20": {
      "value": "true"
    },
    "actions_add_check_run_id_to_job_context": {
      "value": "true"
    },
    "actions_batch_action_resolution": {
      "value": "false"
    },
    "actions_container_action_runner_temp": {
      "value": "true"
    },
    "actions_display_helpful_actions_download_errors": {
      "value": "true"
    },
    "actions_runner_allow_artifacts_file": {
      "value": "false"
    },
    "actions_runner_compare_workflow_parser": {
      "value": "false"
    },
    "actions_runner_deprecate_linux_arm32": {
      "value": "true"
    },
    "actions_runner_emit_composite_markers": {
      "value": "true"
    },
    "actions_runner_kill_linux_arm32": {
      "value": "false"
    },
    "actions_runner_node20_removal_date": {
      "value": ""
    },
    "actions_runner_node24_default_date": {
      "value": "June 16th, 2026"
    },
    "actions_self_repository": {
      "value": "true"
    },
    "actions_service_container_command": {
      "value": "true"
    },
    "actions_set_orchestration_id_env_for_actions": {
      "value": "true"
    },
    "actions_skip_retry_complete_job_upon_known_errors": {
      "value": "true"
    },
    "actions_snapshot_preflight_hosted_runner_check": {
      "value": "false"
    },
    "actions_snapshot_preflight_image_gen_pool_check": {
      "value": "false"
    },
    "actions_use_bearer_token_for_codeload": {
      "value": "false"
    },
    "actions_uses_cache_service_v2": {
      "value": "true"
    },
    "github_token": {
      "value": "***",
      "isSecret": true
    },
    "system.from_run_service": {
      "value": "true"
    },
    "system.github.job": {
      "value": "deploy"
    },
    "system.github.launch_endpoint": {
      "value": "https://launch.actions.githubusercontent.com"
    },
    "system.github.results_endpoint": {
      "value": "https://results-receiver.actions.githubusercontent.com/"
    },
    "system.github.results_upload_with_sdk": {
      "value": "true"
    },
    "system.github.token": {
      "value": "***",
      "isSecret": true
    },
    "system.github.token.permissions": {
      "value": "{\"Contents\":\"read\",\"Metadata\":\"read\",\"Packages\":\"read\"}"
    },
    "system.orchestrationId": {
      "value": "5ab6d68c-3fde-494c-9515-69b832a29d5e.deploy.__default"
    },
    "system.phaseDisplayName": {
      "value": "deploy"
    },
    "system.runner.lowdiskspacethreshold": {
      "value": "100"
    },
    "system.runnerEnvironment": {
      "value": "self-hosted"
    },
    "system.runnerGroupName": {
      "value": "Default"
    }
  },
  "messageType": "RunnerJobRequest",
  "plan": {
    "scopeIdentifier": "00000000-0000-0000-0000-000000000000",
    "planType": "actions",
    "version": 0,
    "planId": "5ab6d68c-3fde-494c-9515-69b832a29d5e",
    "planGroup": null,
    "artifactUri": null,
    "artifactLocation": null,
    "definition": null,
    "owner": null
  },
  "timeline": {
    "id": "5ab6d68c-3fde-494c-9515-69b832a29d5e",
    "changeId": 0,
    "location": null
  },
  "jobId": "9b2ca1e5-5568-5245-9331-2fa0d62b5bd1",
  "jobDisplayName": "deploy",
  "jobName": "__default",
  "requestId": 0,
  "lockedUntil": "0001-01-01T00:00:00",
  "resources": {
    "endpoints": [
      {
        "data": {
          "ServerId": "",
          "ServerName": "",
          "CacheServerUrl": "https://artifactcache.actions.githubusercontent.com/HYuKmglMQMl7trVwvnqxtOY8iQZGcBLZase1hxQ2xSLdHe4AJJ/",
          "FeedStreamUrl": "wss://results-receiver.actions.githubusercontent.com/_ws/ingest.sock",
          "ResultsServiceUrl": "https://results-receiver.actions.githubusercontent.com/",
          "PipelinesServiceUrl": "https://pipelinesghubeus11.actions.githubusercontent.com/HYuKmglMQMl7trVwvnqxtOY8iQZGcBLZase1hxQ2xSLdHe4AJJ/",
          "GenerateIdTokenUrl": "",
          "ConnectivityChecks": "[\"https://broker.actions.githubusercontent.com/health\",\"https://token.actions.githubusercontent.com/ready\",\"https://run.actions.githubusercontent.com/health\"]",
          "ConnectivityAndDNSChecks": ""
        },
        "name": "SystemVssConnection",
        "url": "https://run-actions-3-azure-eastus.actions.githubusercontent.com/64/",
        "authorization": {
          "parameters": {
            "AccessToken": "***"
          },
          "scheme": "OAuth"
        },
        "isShared": false,
        "isReady": true
      }
    ]
  },
  "contextData": {
    "github": {
      "t": 2,
      "d": [
        {
          "k": "ref",
          "v": "refs/heads/main"
        },
        {
          "k": "sha",
          "v": "52091294f6ea1480d9e7811943197ea0fef7fb26"
        },
        {
          "k": "repository",
          "v": "2024ac05127-tech/assignment2"
        },
        {
          "k": "repository_owner",
          "v": "2024ac05127-tech"
        },
        {
          "k": "repository_owner_id",
          "v": "299813098"
        },
        {
          "k": "repositoryUrl",
          "v": "git://github.com/2024ac05127-tech/assignment2.git"
        },
        {
          "k": "run_id",
          "v": "33307690546"
        },
        {
          "k": "run_number",
          "v": "7"
        },
        {
          "k": "retention_days",
          "v": "90"
        },
        {
          "k": "run_attempt",
          "v": "1"
        },
        {
          "k": "artifact_cache_size_limit",
          "v": "10"
        },
        {
          "k": "repository_visibility",
          "v": "public"
        },
        {
          "k": "actor_id",
          "v": "299813098"
        },
        {
          "k": "actor",
          "v": "2024ac05127-tech"
        },
        {
          "k": "workflow",
          "v": "M4 CD Pipeline"
        },
        {
          "k": "head_ref",
          "v": ""
        },
        {
          "k": "base_ref",
          "v": ""
        },
        {
          "k": "event_name",
          "v": "push"
        },
        {
          "k": "server_url",
          "v": "https://github.com"
        },
        {
          "k": "api_url",
          "v": "https://api.github.com"
        },
        {
          "k": "graphql_url",
          "v": "https://api.github.com/graphql"
        },
        {
          "k": "ref_name",
          "v": "main"
        },
        {
          "k": "ref_protected",
          "v": false
        },
        {
          "k": "ref_type",
          "v": "branch"
        },
        {
          "k": "secret_source",
          "v": "Actions"
        },
        {
          "k": "event",
          "v": {
            "t": 2,
            "d": [
              {
                "k": "after",
                "v": "52091294f6ea1480d9e7811943197ea0fef7fb26"
              },
              {
                "k": "base_ref",
                "v": null
              },
              {
                "k": "before",
                "v": "4c151f0f15b4863227996c29f330d88216199977"
              },
              {
                "k": "commits",
                "v": {
                  "t": 1,
                  "a": [
                    {
                      "t": 2,
                      "d": [
                        {
                          "k": "author",
                          "v": {
                            "t": 2,
                            "d": [
                              {
                                "k": "email",
                                "v": "krishnareghu2018@gmail.com"
                              },
                              {
                                "k": "name",
                                "v": "Krishna Priya R"
                              },
                              {
                                "k": "username",
                                "v": "krishnapriya5"
                              }
                            ]
                          }
                        },
                        {
                          "k": "committer",
                          "v": {
                            "t": 2,
                            "d": [
                              {
                                "k": "email",
                                "v": "krishnareghu2018@gmail.com"
                              },
                              {
                                "k": "name",
                                "v": "Krishna Priya R"
                              },
                              {
                                "k": "username",
                                "v": "krishnapriya5"
                              }
                            ]
                          }
                        },
                        {
                          "k": "distinct",
                          "v": true
                        },
                        {
                          "k": "id",
                          "v": "52091294f6ea1480d9e7811943197ea0fef7fb26"
                        },
                        {
                          "k": "message",
                          "v": "Fix Windows self-hosted runner shell"
                        },
                        {
                          "k": "timestamp",
                          "v": "2026-08-30T16:26:39+05:30"
                        },
                        {
                          "k": "tree_id",
                          "v": "a6d93f66210c90ba29d46eb52371978986030c90"
                        },
                        {
                          "k": "url",
                          "v": "https://github.com/2024ac05127-tech/assignment2/commit/52091294f6ea1480d9e7811943197ea0fef7fb26"
                        }
                      ]
                    }
                  ]
                }
              },
              {
                "k": "compare",
                "v": "https://github.com/2024ac05127-tech/assignment2/compare/4c151f0f15b4...52091294f6ea"
              },
              {
                "k": "created",
                "v": false
              },
              {
                "k": "deleted",
                "v": false
              },
              {
                "k": "forced",
                "v": false
              },
              {
                "k": "head_commit",
                "v": {
                  "t": 2,
                  "d": [
                    {
                      "k": "author",
                      "v": {
                        "t": 2,
                        "d": [
                          {
                            "k": "email",
                            "v": "krishnareghu2018@gmail.com"
                          },
                          {
                            "k": "name",
                            "v": "Krishna Priya R"
                          },
                          {
                            "k": "username",
                            "v": "krishnapriya5"
                          }
                        ]
                      }
                    },
                    {
                      "k": "committer",
                      "v": {
                        "t": 2,
                        "d": [
                          {
                            "k": "email",
                            "v": "krishnareghu2018@gmail.com"
                          },
                          {
                            "k": "name",
                            "v": "Krishna Priya R"
                          },
                          {
                            "k": "username",
                            "v": "krishnapriya5"
                          }
                        ]
                      }
                    },
                    {
                      "k": "distinct",
                      "v": true
                    },
                    {
                      "k": "id",
                      "v": "52091294f6ea1480d9e7811943197ea0fef7fb26"
                    },
                    {
                      "k": "message",
                      "v": "Fix Windows self-hosted runner shell"
                    },
                    {
                      "k": "timestamp",
                      "v": "2026-08-30T16:26:39+05:30"
                    },
                    {
                      "k": "tree_id",
                      "v": "a6d93f66210c90ba29d46eb52371978986030c90"
                    },
                    {
                      "k": "url",
                      "v": "https://github.com/2024ac05127-tech/assignment2/commit/52091294f6ea1480d9e7811943197ea0fef7fb26"
                    }
                  ]
                }
              },
              {
                "k": "pusher",
                "v": {
                  "t": 2,
                  "d": [
                    {
                      "k": "email",
                      "v": "2024ac05127@wilp.bits-pilani.ac.in"
                    },
                    {
                      "k": "name",
                      "v": "2024ac05127-tech"
                    }
                  ]
                }
              },
              {
                "k": "ref",
                "v": "refs/heads/main"
              },
              {
                "k": "repository",
                "v": {
                  "t": 2,
                  "d": [
                    {
                      "k": "allow_forking",
                      "v": true
                    },
                    {
                      "k": "archive_url",
                      "v": "https://api.github.com/repos/2024ac05127-tech/assignment2/{archive_format}{/ref}"
                    },
                    {
                      "k": "archived",
                      "v": false
                    },
                    {
                      "k": "assignees_url",
                      "v": "https://api.github.com/repos/2024ac05127-tech/assignment2/assignees{/user}"
                    },
                    {
                      "k": "blobs_url",
                      "v": "https://api.github.com/repos/2024ac05127-tech/assignment2/git/blobs{/sha}"
                    },
                    {
                      "k": "branches_url",
                      "v": "https://api.github.com/repos/2024ac05127-tech/assignment2/branches{/branch}"
                    },
                    {
                      "k": "clone_url",
                      "v": "https://github.com/2024ac05127-tech/assignment2.git"
                    },
                    {
                      "k": "collaborators_url",
                      "v": "https://api.github.com/repos/2024ac05127-tech/assignment2/collaborators{/collaborator}"
                    },
                    {
                      "k": "comments_url",
                      "v": "https://api.github.com/repos/2024ac05127-tech/assignment2/comments{/number}"
                    },
                    {
                      "k": "commits_url",
                      "v": "https://api.github.com/repos/2024ac05127-tech/assignment2/commits{/sha}"
                    },
                    {
                      "k": "compare_url",
                      "v": "https://api.github.com/repos/2024ac05127-tech/assignment2/compare/{base}...{head}"
                    },
                    {
                      "k": "contents_url",
                      "v": "https://api.github.com/repos/2024ac05127-tech/assignment2/contents/{+path}"
                    },
                    {
                      "k": "contributors_url",
                      "v": "https://api.github.com/repos/2024ac05127-tech/assignment2/contributors"
                    },
                    {
                      "k": "created_at",
                      "v": 1787839779.0
                    },
                    {
                      "k": "default_branch",
                      "v": "main"
                    },
                    {
                      "k": "deployments_url",
                      "v": "https://api.github.com/repos/2024ac05127-tech/assignment2/deployments"
                    },
                    {
                      "k": "description",
                      "v": null
                    },
                    {
                      "k": "disabled",
                      "v": false
                    },
                    {
                      "k": "downloads_url",
                      "v": "https://api.github.com/repos/2024ac05127-tech/assignment2/downloads"
                    },
                    {
                      "k": "events_url",
                      "v": "https://api.github.com/repos/2024ac05127-tech/assignment2/events"
                    },
                    {
                      "k": "fork",
                      "v": false
                    },
                    {
                      "k": "forks",
                      "v": 0.0
                    },
                    {
                      "k": "forks_count",
                      "v": 0.0
                    },
                    {
                      "k": "forks_url",
                      "v": "https://api.github.com/repos/2024ac05127-tech/assignment2/forks"
                    },
                    {
                      "k": "full_name",
                      "v": "2024ac05127-tech/assignment2"
                    },
                    {
                      "k": "git_commits_url",
                      "v": "https://api.github.com/repos/2024ac05127-tech/assignment2/git/commits{/sha}"
                    },
                    {
                      "k": "git_refs_url",
                      "v": "https://api.github.com/repos/2024ac05127-tech/assignment2/git/refs{/sha}"
                    },
                    {
                      "k": "git_tags_url",
                      "v": "https://api.github.com/repos/2024ac05127-tech/assignment2/git/tags{/sha}"
                    },
                    {
                      "k": "git_url",
                      "v": "git://github.com/2024ac05127-tech/assignment2.git"
                    },
                    {
                      "k": "has_discussions",
                      "v": false
                    },
                    {
                      "k": "has_downloads",
                      "v": true
                    },
                    {
                      "k": "has_issues",
                      "v": true
                    },
                    {
                      "k": "has_pages",
                      "v": false
                    },
                    {
                      "k": "has_projects",
                      "v": true
                    },
                    {
                      "k": "has_pull_requests",
                      "v": true
                    },
                    {
                      "k": "has_wiki",
                      "v": true
                    },
                    {
                      "k": "homepage",
                      "v": null
                    },
                    {
                      "k": "hooks_url",
                      "v": "https://api.github.com/repos/2024ac05127-tech/assignment2/hooks"
                    },
                    {
                      "k": "html_url",
                      "v": "https://github.com/2024ac05127-tech/assignment2"
                    },
                    {
                      "k": "id",
                      "v": 1348565472.0
                    },
                    {
                      "k": "is_template",
                      "v": false
                    },
                    {
                      "k": "issue_comment_url",
                      "v": "https://api.github.com/repos/2024ac05127-tech/assignment2/issues/comments{/number}"
                    },
                    {
                      "k": "issue_events_url",
                      "v": "https://api.github.com/repos/2024ac05127-tech/assignment2/issues/events{/number}"
                    },
                    {
                      "k": "issues_url",
                      "v": "https://api.github.com/repos/2024ac05127-tech/assignment2/issues{/number}"
                    },
                    {
                      "k": "keys_url",
                      "v": "https://api.github.com/repos/2024ac05127-tech/assignment2/keys{/key_id}"
                    },
                    {
                      "k": "labels_url",
                      "v": "https://api.github.com/repos/2024ac05127-tech/assignment2/labels{/name}"
                    },
                    {
                      "k": "language",
                      "v": "Python"
                    },
                    {
                      "k": "languages_url",
                      "v": "https://api.github.com/repos/2024ac05127-tech/assignment2/languages"
                    },
                    {
                      "k": "license",
                      "v": null
                    },
                    {
                      "k": "master_branch",
                      "v": "main"
                    },
                    {
                      "k": "merges_url",
                      "v": "https://api.github.com/repos/2024ac05127-tech/assignment2/merges"
                    },
                    {
                      "k": "milestones_url",
                      "v": "https://api.github.com/repos/2024ac05127-tech/assignment2/milestones{/number}"
                    },
                    {
                      "k": "mirror_url",
                      "v": null
                    },
                    {
                      "k": "name",
                      "v": "assignment2"
                    },
                    {
                      "k": "node_id",
                      "v": "R_kgDOUGF54A"
                    },
                    {
                      "k": "notifications_url",
                      "v": "https://api.github.com/repos/2024ac05127-tech/assignment2/notifications{?since,all,participating}"
                    },
                    {
                      "k": "open_issues",
                      "v": 0.0
                    },
                    {
                      "k": "open_issues_count",
                      "v": 0.0
                    },
                    {
                      "k": "owner",
                      "v": {
                        "t": 2,
                        "d": [
                          {
                            "k": "avatar_url",
                            "v": "https://avatars.githubusercontent.com/u/299813098?v=4"
                          },
                          {
                            "k": "email",
                            "v": "2024ac05127@wilp.bits-pilani.ac.in"
                          },
                          {
                            "k": "events_url",
                            "v": "https://api.github.com/users/2024ac05127-tech/events{/privacy}"
                          },
                          {
                            "k": "followers_url",
                            "v": "https://api.github.com/users/2024ac05127-tech/followers"
                          },
                          {
                            "k": "following_url",
                            "v": "https://api.github.com/users/2024ac05127-tech/following{/other_user}"
                          },
                          {
                            "k": "gists_url",
                            "v": "https://api.github.com/users/2024ac05127-tech/gists{/gist_id}"
                          },
                          {
                            "k": "gravatar_id",
                            "v": ""
                          },
                          {
                            "k": "html_url",
                            "v": "https://github.com/2024ac05127-tech"
                          },
                          {
                            "k": "id",
                            "v": 299813098.0
                          },
                          {
                            "k": "login",
                            "v": "2024ac05127-tech"
                          },
                          {
                            "k": "name",
                            "v": "2024ac05127-tech"
                          },
                          {
                            "k": "node_id",
                            "v": "U_kgDOEd7I6g"
                          },
                          {
                            "k": "organizations_url",
                            "v": "https://api.github.com/users/2024ac05127-tech/orgs"
                          },
                          {
                            "k": "received_events_url",
                            "v": "https://api.github.com/users/2024ac05127-tech/received_events"
                          },
                          {
                            "k": "repos_url",
                            "v": "https://api.github.com/users/2024ac05127-tech/repos"
                          },
                          {
                            "k": "site_admin",
                            "v": false
                          },
                          {
                            "k": "starred_url",
                            "v": "https://api.github.com/users/2024ac05127-tech/starred{/owner}{/repo}"
                          },
                          {
                            "k": "subscriptions_url",
                            "v": "https://api.github.com/users/2024ac05127-tech/subscriptions"
                          },
                          {
                            "k": "type",
                            "v": "User"
                          },
                          {
                            "k": "url",
                            "v": "https://api.github.com/users/2024ac05127-tech"
                          },
                          {
                            "k": "user_view_type",
                            "v": "public"
                          }
                        ]
                      }
                    },
                    {
                      "k": "private",
                      "v": false
                    },
                    {
                      "k": "pull_request_creation_policy",
                      "v": "all"
                    },
                    {
                      "k": "pulls_url",
                      "v": "https://api.github.com/repos/2024ac05127-tech/assignment2/pulls{/number}"
                    },
                    {
                      "k": "pushed_at",
                      "v": 1788087407.0
                    },
                    {
                      "k": "releases_url",
                      "v": "https://api.github.com/repos/2024ac05127-tech/assignment2/releases{/id}"
                    },
                    {
                      "k": "size",
                      "v": 74.0
                    },
                    {
                      "k": "ssh_url",
                      "v": "git@github.com:2024ac05127-tech/assignment2.git"
                    },
                    {
                      "k": "stargazers",
                      "v": 0.0
                    },
                    {
                      "k": "stargazers_count",
                      "v": 0.0
                    },
                    {
                      "k": "stargazers_url",
                      "v": "https://api.github.com/repos/2024ac05127-tech/assignment2/stargazers"
                    },
                    {
                      "k": "statuses_url",
                      "v": "https://api.github.com/repos/2024ac05127-tech/assignment2/statuses/{sha}"
                    },
                    {
                      "k": "subscribers_url",
                      "v": "https://api.github.com/repos/2024ac05127-tech/assignment2/subscribers"
                    },
                    {
                      "k": "subscription_url",
                      "v": "https://api.github.com/repos/2024ac05127-tech/assignment2/subscription"
                    },
                    {
                      "k": "svn_url",
                      "v": "https://github.com/2024ac05127-tech/assignment2"
                    },
                    {
                      "k": "tags_url",
                      "v": "https://api.github.com/repos/2024ac05127-tech/assignment2/tags"
                    },
                    {
                      "k": "teams_url",
                      "v": "https://api.github.com/repos/2024ac05127-tech/assignment2/teams"
                    },
                    {
                      "k": "topics",
                      "v": {
                        "t": 1
                      }
                    },
                    {
                      "k": "trees_url",
                      "v": "https://api.github.com/repos/2024ac05127-tech/assignment2/git/trees{/sha}"
                    },
                    {
                      "k": "updated_at",
                      "v": "2026-08-30T10:53:48Z"
                    },
                    {
                      "k": "url",
                      "v": "https://api.github.com/repos/2024ac05127-tech/assignment2"
                    },
                    {
                      "k": "visibility",
                      "v": "public"
                    },
                    {
                      "k": "watchers",
                      "v": 0.0
                    },
                    {
                      "k": "watchers_count",
                      "v": 0.0
                    },
                    {
                      "k": "web_commit_signoff_required",
                      "v": false
                    }
                  ]
                }
              },
              {
                "k": "sender",
                "v": {
                  "t": 2,
                  "d": [
                    {
                      "k": "avatar_url",
                      "v": "https://avatars.githubusercontent.com/u/299813098?v=4"
                    },
                    {
                      "k": "events_url",
                      "v": "https://api.github.com/users/2024ac05127-tech/events{/privacy}"
                    },
                    {
                      "k": "followers_url",
                      "v": "https://api.github.com/users/2024ac05127-tech/followers"
                    },
                    {
                      "k": "following_url",
                      "v": "https://api.github.com/users/2024ac05127-tech/following{/other_user}"
                    },
                    {
                      "k": "gists_url",
                      "v": "https://api.github.com/users/2024ac05127-tech/gists{/gist_id}"
                    },
                    {
                      "k": "gravatar_id",
                      "v": ""
                    },
                    {
                      "k": "html_url",
                      "v": "https://github.com/2024ac05127-tech"
                    },
                    {
                      "k": "id",
                      "v": 299813098.0
                    },
                    {
                      "k": "login",
                      "v": "2024ac05127-tech"
                    },
                    {
                      "k": "node_id",
                      "v": "U_kgDOEd7I6g"
                    },
                    {
                      "k": "organizations_url",
                      "v": "https://api.github.com/users/2024ac05127-tech/orgs"
                    },
                    {
                      "k": "received_events_url",
                      "v": "https://api.github.com/users/2024ac05127-tech/received_events"
                    },
                    {
                      "k": "repos_url",
                      "v": "https://api.github.com/users/2024ac05127-tech/repos"
                    },
                    {
                      "k": "site_admin",
                      "v": false
                    },
                    {
                      "k": "starred_url",
                      "v": "https://api.github.com/users/2024ac05127-tech/starred{/owner}{/repo}"
                    },
                    {
                      "k": "subscriptions_url",
                      "v": "https://api.github.com/users/2024ac05127-tech/subscriptions"
                    },
                    {
                      "k": "type",
                      "v": "User"
                    },
                    {
                      "k": "url",
                      "v": "https://api.github.com/users/2024ac05127-tech"
                    },
                    {
                      "k": "user_view_type",
                      "v": "public"
                    }
                  ]
                }
              }
            ]
          }
        },
        {
          "k": "workflow_ref",
          "v": "2024ac05127-tech/assignment2/.github/workflows/cd.yml@refs/heads/main"
        },
        {
          "k": "workflow_sha",
          "v": "52091294f6ea1480d9e7811943197ea0fef7fb26"
        },
        {
          "k": "repository_id",
          "v": "1348565472"
        },
        {
          "k": "triggering_actor",
          "v": "2024ac05127-tech"
        }
      ]
    },
    "inputs": {
      "t": 2
    },
    "job": {
      "t": 2,
      "d": [
        {
          "k": "check_run_id",
          "v": 99247036791.0
        },
        {
          "k": "workflow_ref",
          "v": "2024ac05127-tech/assignment2/.github/workflows/cd.yml@refs/heads/main"
        },
        {
          "k": "workflow_sha",
          "v": "52091294f6ea1480d9e7811943197ea0fef7fb26"
        },
        {
          "k": "workflow_repository",
          "v": "2024ac05127-tech/assignment2"
        },
        {
          "k": "workflow_file_path",
          "v": ".github/workflows/cd.yml"
        }
      ]
    },
    "matrix": null,
    "needs": {
      "t": 2
    },
    "strategy": {
      "t": 2,
      "d": [
        {
          "k": "fail-fast",
          "v": true
        },
        {
          "k": "job-index",
          "v": 0.0
        },
        {
          "k": "job-total",
          "v": 1.0
        },
        {
          "k": "max-parallel",
          "v": 1.0
        }
      ]
    },
    "vars": {
      "t": 2
    }
  },
  "billingOwnerId": "U_kgDOEd7I6g"
}
[2026-08-30 10:56:54Z INFO JobRunner] Job ID 9b2ca1e5-5568-5245-9331-2fa0d62b5bd1
[2026-08-30 10:56:54Z INFO ConfigurationStore] currentAssemblyLocation: C:\Users\krish\Documents\BITS\mlops-project\actions-runner\bin\Runner.Worker.dll
[2026-08-30 10:56:54Z INFO HostContext] Well known directory 'Bin': 'C:\Users\krish\Documents\BITS\mlops-project\actions-runner\bin'
[2026-08-30 10:56:54Z INFO ConfigurationStore] binPath: C:\Users\krish\Documents\BITS\mlops-project\actions-runner\bin
[2026-08-30 10:56:54Z INFO HostContext] Well known directory 'Bin': 'C:\Users\krish\Documents\BITS\mlops-project\actions-runner\bin'
[2026-08-30 10:56:54Z INFO HostContext] Well known directory 'Root': 'C:\Users\krish\Documents\BITS\mlops-project\actions-runner'
[2026-08-30 10:56:54Z INFO ConfigurationStore] RootFolder: C:\Users\krish\Documents\BITS\mlops-project\actions-runner
[2026-08-30 10:56:54Z INFO HostContext] Well known directory 'Bin': 'C:\Users\krish\Documents\BITS\mlops-project\actions-runner\bin'
[2026-08-30 10:56:54Z INFO HostContext] Well known directory 'Root': 'C:\Users\krish\Documents\BITS\mlops-project\actions-runner'
[2026-08-30 10:56:54Z INFO HostContext] Well known config file 'Runner': 'C:\Users\krish\Documents\BITS\mlops-project\actions-runner\.runner'
[2026-08-30 10:56:54Z INFO ConfigurationStore] ConfigFilePath: C:\Users\krish\Documents\BITS\mlops-project\actions-runner\.runner
[2026-08-30 10:56:54Z INFO HostContext] Well known directory 'Bin': 'C:\Users\krish\Documents\BITS\mlops-project\actions-runner\bin'
[2026-08-30 10:56:54Z INFO HostContext] Well known directory 'Root': 'C:\Users\krish\Documents\BITS\mlops-project\actions-runner'
[2026-08-30 10:56:54Z INFO HostContext] Well known config file 'MigratedRunner': 'C:\Users\krish\Documents\BITS\mlops-project\actions-runner\.runner_migrated'
[2026-08-30 10:56:54Z INFO ConfigurationStore] MigratedConfigFilePath: C:\Users\krish\Documents\BITS\mlops-project\actions-runner\.runner_migrated
[2026-08-30 10:56:54Z INFO HostContext] Well known directory 'Bin': 'C:\Users\krish\Documents\BITS\mlops-project\actions-runner\bin'
[2026-08-30 10:56:54Z INFO HostContext] Well known directory 'Root': 'C:\Users\krish\Documents\BITS\mlops-project\actions-runner'
[2026-08-30 10:56:54Z INFO HostContext] Well known config file 'Credentials': 'C:\Users\krish\Documents\BITS\mlops-project\actions-runner\.credentials'
[2026-08-30 10:56:54Z INFO ConfigurationStore] CredFilePath: C:\Users\krish\Documents\BITS\mlops-project\actions-runner\.credentials
[2026-08-30 10:56:54Z INFO HostContext] Well known directory 'Bin': 'C:\Users\krish\Documents\BITS\mlops-project\actions-runner\bin'
[2026-08-30 10:56:54Z INFO HostContext] Well known directory 'Root': 'C:\Users\krish\Documents\BITS\mlops-project\actions-runner'
[2026-08-30 10:56:54Z INFO HostContext] Well known config file 'MigratedCredentials': 'C:\Users\krish\Documents\BITS\mlops-project\actions-runner\.credentials_migrated'
[2026-08-30 10:56:54Z INFO ConfigurationStore] MigratedCredFilePath: C:\Users\krish\Documents\BITS\mlops-project\actions-runner\.credentials_migrated
[2026-08-30 10:56:54Z INFO HostContext] Well known directory 'Bin': 'C:\Users\krish\Documents\BITS\mlops-project\actions-runner\bin'
[2026-08-30 10:56:54Z INFO HostContext] Well known directory 'Root': 'C:\Users\krish\Documents\BITS\mlops-project\actions-runner'
[2026-08-30 10:56:54Z INFO HostContext] Well known config file 'Service': 'C:\Users\krish\Documents\BITS\mlops-project\actions-runner\.service'
[2026-08-30 10:56:54Z INFO ConfigurationStore] ServiceConfigFilePath: C:\Users\krish\Documents\BITS\mlops-project\actions-runner\.service
[2026-08-30 10:56:54Z INFO ConfigurationStore] Read setting file: 408 chars
[2026-08-30 10:56:54Z INFO JobRunner] Initializing launch client
[2026-08-30 10:56:54Z INFO JobServerQueue] Initializing results client
[2026-08-30 10:56:54Z INFO ResultServer] Creating websocket client ...wss://results-receiver.actions.githubusercontent.com/_ws/ingest.sock
[2026-08-30 10:56:54Z INFO ResultServer] Attempting to start websocket client with delay 00:00:00.
[2026-08-30 10:56:55Z INFO JobServerQueue] Start process web console line queue.
[2026-08-30 10:56:55Z INFO JobServerQueue] Start process file upload queue.
[2026-08-30 10:56:55Z INFO JobServerQueue] Start results file upload queue.
[2026-08-30 10:56:55Z INFO JobServerQueue] Starting results-based upload queue...
[2026-08-30 10:56:55Z INFO JobServerQueue] Start process timeline update queue.
[2026-08-30 10:56:55Z INFO ExecutionContext] Initializing Job context
[2026-08-30 10:56:55Z INFO ExecutionContext] Initialize GitHub context
[2026-08-30 10:56:55Z INFO ExecutionContext] Initialize Env context
[2026-08-30 10:56:55Z INFO HostContext] Well known directory 'Bin': 'C:\Users\krish\Documents\BITS\mlops-project\actions-runner\bin'
[2026-08-30 10:56:55Z INFO HostContext] Well known directory 'Root': 'C:\Users\krish\Documents\BITS\mlops-project\actions-runner'
[2026-08-30 10:56:55Z INFO HostContext] Well known directory 'Diag': 'C:\Users\krish\Documents\BITS\mlops-project\actions-runner\_diag'
[2026-08-30 10:56:55Z INFO HostContext] Well known directory 'Bin': 'C:\Users\krish\Documents\BITS\mlops-project\actions-runner\bin'
[2026-08-30 10:56:55Z INFO HostContext] Well known directory 'Root': 'C:\Users\krish\Documents\BITS\mlops-project\actions-runner'
[2026-08-30 10:56:55Z INFO HostContext] Well known directory 'Diag': 'C:\Users\krish\Documents\BITS\mlops-project\actions-runner\_diag'
[2026-08-30 10:56:55Z INFO JobRunner] Starting the job execution context.
[2026-08-30 10:56:55Z INFO HostContext] Well known directory 'Bin': 'C:\Users\krish\Documents\BITS\mlops-project\actions-runner\bin'
[2026-08-30 10:56:55Z INFO HostContext] Well known directory 'Root': 'C:\Users\krish\Documents\BITS\mlops-project\actions-runner'
[2026-08-30 10:56:55Z INFO HostContext] Well known directory 'Work': 'C:\Users\krish\Documents\BITS\mlops-project\actions-runner\_work'
[2026-08-30 10:56:55Z INFO JobRunner] Validating directory permissions for: 'C:\Users\krish\Documents\BITS\mlops-project\actions-runner\_work'
[2026-08-30 10:56:55Z INFO HostContext] Well known directory 'Bin': 'C:\Users\krish\Documents\BITS\mlops-project\actions-runner\bin'
[2026-08-30 10:56:55Z INFO HostContext] Well known directory 'Root': 'C:\Users\krish\Documents\BITS\mlops-project\actions-runner'
[2026-08-30 10:56:55Z INFO HostContext] Well known directory 'Work': 'C:\Users\krish\Documents\BITS\mlops-project\actions-runner\_work'
[2026-08-30 10:56:55Z INFO HostContext] Well known directory 'Tools': 'C:\Users\krish\Documents\BITS\mlops-project\actions-runner\_work\_tool'
[2026-08-30 10:56:55Z INFO HostContext] Well known directory 'Bin': 'C:\Users\krish\Documents\BITS\mlops-project\actions-runner\bin'
[2026-08-30 10:56:55Z INFO HostContext] Well known directory 'Root': 'C:\Users\krish\Documents\BITS\mlops-project\actions-runner'
[2026-08-30 10:56:55Z INFO HostContext] Well known directory 'Work': 'C:\Users\krish\Documents\BITS\mlops-project\actions-runner\_work'
[2026-08-30 10:56:55Z INFO HostContext] Well known directory 'Temp': 'C:\Users\krish\Documents\BITS\mlops-project\actions-runner\_work\_temp'
[2026-08-30 10:56:55Z INFO JobRunner] Getting job extension.
[2026-08-30 10:56:55Z INFO JobRunner] Initialize job. Getting all job steps.
[2026-08-30 10:56:55Z INFO HostContext] Well known directory 'Bin': 'C:\Users\krish\Documents\BITS\mlops-project\actions-runner\bin'
[2026-08-30 10:56:55Z INFO HostContext] Well known directory 'Root': 'C:\Users\krish\Documents\BITS\mlops-project\actions-runner'
[2026-08-30 10:56:55Z INFO HostContext] Well known directory 'Diag': 'C:\Users\krish\Documents\BITS\mlops-project\actions-runner\_diag'
[2026-08-30 10:56:55Z INFO HostContext] Well known directory 'Bin': 'C:\Users\krish\Documents\BITS\mlops-project\actions-runner\bin'
[2026-08-30 10:56:55Z INFO HostContext] Well known directory 'Root': 'C:\Users\krish\Documents\BITS\mlops-project\actions-runner'
[2026-08-30 10:56:55Z INFO HostContext] Well known directory 'Diag': 'C:\Users\krish\Documents\BITS\mlops-project\actions-runner\_diag'
[2026-08-30 10:56:55Z INFO HostContext] Well known directory 'Bin': 'C:\Users\krish\Documents\BITS\mlops-project\actions-runner\bin'
[2026-08-30 10:56:55Z INFO HostContext] Well known directory 'Root': 'C:\Users\krish\Documents\BITS\mlops-project\actions-runner'
[2026-08-30 10:56:55Z INFO HostContext] Well known config file 'Credentials': 'C:\Users\krish\Documents\BITS\mlops-project\actions-runner\.credentials'
[2026-08-30 10:56:55Z INFO HostContext] Well known directory 'Bin': 'C:\Users\krish\Documents\BITS\mlops-project\actions-runner\bin'
[2026-08-30 10:56:55Z INFO HostContext] Well known directory 'Root': 'C:\Users\krish\Documents\BITS\mlops-project\actions-runner'
[2026-08-30 10:56:55Z INFO HostContext] Well known config file 'SetupInfo': 'C:\Users\krish\Documents\BITS\mlops-project\actions-runner\.setup_info'
[2026-08-30 10:56:55Z INFO HostContext] Well known directory 'Bin': 'C:\Users\krish\Documents\BITS\mlops-project\actions-runner\bin'
[2026-08-30 10:56:55Z INFO HostContext] Well known directory 'Root': 'C:\Users\krish\Documents\BITS\mlops-project\actions-runner'
[2026-08-30 10:56:55Z INFO HostContext] Well known directory 'Work': 'C:\Users\krish\Documents\BITS\mlops-project\actions-runner\_work'
[2026-08-30 10:56:55Z INFO PipelineDirectoryManager] Loading tracking config if exists: C:\Users\krish\Documents\BITS\mlops-project\actions-runner\_work\_PipelineMapping\2024ac05127-tech/assignment2\PipelineFolder.json
[2026-08-30 10:56:55Z INFO PipelineDirectoryManager] Updating job run properties.
[2026-08-30 10:56:55Z INFO HostContext] Well known directory 'Bin': 'C:\Users\krish\Documents\BITS\mlops-project\actions-runner\bin'
[2026-08-30 10:56:55Z INFO HostContext] Well known directory 'Root': 'C:\Users\krish\Documents\BITS\mlops-project\actions-runner'
[2026-08-30 10:56:55Z INFO HostContext] Well known directory 'Work': 'C:\Users\krish\Documents\BITS\mlops-project\actions-runner\_work'
[2026-08-30 10:56:55Z INFO HostContext] Well known directory 'Bin': 'C:\Users\krish\Documents\BITS\mlops-project\actions-runner\bin'
[2026-08-30 10:56:55Z INFO HostContext] Well known directory 'Root': 'C:\Users\krish\Documents\BITS\mlops-project\actions-runner'
[2026-08-30 10:56:55Z INFO HostContext] Well known directory 'Work': 'C:\Users\krish\Documents\BITS\mlops-project\actions-runner\_work'
[2026-08-30 10:56:55Z INFO HostContext] Well known directory 'Bin': 'C:\Users\krish\Documents\BITS\mlops-project\actions-runner\bin'
[2026-08-30 10:56:55Z INFO HostContext] Well known directory 'Root': 'C:\Users\krish\Documents\BITS\mlops-project\actions-runner'
[2026-08-30 10:56:55Z INFO HostContext] Well known directory 'Work': 'C:\Users\krish\Documents\BITS\mlops-project\actions-runner\_work'
[2026-08-30 10:56:55Z INFO JobExtension] Downloading actions
[2026-08-30 10:56:55Z INFO HostContext] Well known directory 'Bin': 'C:\Users\krish\Documents\BITS\mlops-project\actions-runner\bin'
[2026-08-30 10:56:55Z INFO HostContext] Well known directory 'Root': 'C:\Users\krish\Documents\BITS\mlops-project\actions-runner'
[2026-08-30 10:56:55Z INFO HostContext] Well known directory 'Work': 'C:\Users\krish\Documents\BITS\mlops-project\actions-runner\_work'
[2026-08-30 10:56:55Z INFO HostContext] Well known directory 'Actions': 'C:\Users\krish\Documents\BITS\mlops-project\actions-runner\_work\_actions'
[2026-08-30 10:56:55Z INFO Worker] Listening for cancel message from the channel.
[2026-08-30 10:56:55Z INFO Worker] Waiting for the job to complete or for a cancel message from the channel.
[2026-08-30 10:56:56Z INFO ResultServer] Successfully started websocket client.
[2026-08-30 10:56:56Z INFO JobServerQueue] Try to append 1 batches web console lines for record 'f9175ddc-54f0-4fa9-afd2-fe78e93fa6d6', success rate: 1/1.
[2026-08-30 10:56:56Z INFO HostContext] Well known directory 'Bin': 'C:\Users\krish\Documents\BITS\mlops-project\actions-runner\bin'
[2026-08-30 10:56:56Z INFO HostContext] Well known directory 'Root': 'C:\Users\krish\Documents\BITS\mlops-project\actions-runner'
[2026-08-30 10:56:56Z INFO HostContext] Well known directory 'Work': 'C:\Users\krish\Documents\BITS\mlops-project\actions-runner\_work'
[2026-08-30 10:56:56Z INFO HostContext] Well known directory 'Actions': 'C:\Users\krish\Documents\BITS\mlops-project\actions-runner\_work\_actions'
[2026-08-30 10:56:56Z INFO HostContext] Well known directory 'Bin': 'C:\Users\krish\Documents\BITS\mlops-project\actions-runner\bin'
[2026-08-30 10:56:56Z INFO HostContext] Well known directory 'Root': 'C:\Users\krish\Documents\BITS\mlops-project\actions-runner'
[2026-08-30 10:56:56Z INFO HostContext] Well known directory 'Work': 'C:\Users\krish\Documents\BITS\mlops-project\actions-runner\_work'
[2026-08-30 10:56:56Z INFO HostContext] Well known directory 'Actions': 'C:\Users\krish\Documents\BITS\mlops-project\actions-runner\_work\_actions'
[2026-08-30 10:56:56Z INFO ActionManager] Save archive 'https://codeload.github.com/actions/checkout/zip/11d5960a326750d5838078e36cf38b85af677262' into C:\Users\krish\Documents\BITS\mlops-project\actions-runner\_work\_actions\_temp_8609716c-2d06-4178-8fe8-6dc489a91c34\0c833a6c-2d74-4730-b480-1f28287345a1.zip.
[2026-08-30 10:56:56Z INFO ActionManager] Using Basic token for action archive download.
[2026-08-30 10:56:56Z INFO JobServerQueue] Try to append 1 batches web console lines for record 'f9175ddc-54f0-4fa9-afd2-fe78e93fa6d6', success rate: 1/1.
[2026-08-30 10:56:56Z INFO JobServerQueue] Job timeline record has been updated for the first time.
[2026-08-30 10:56:57Z INFO ActionManager] Request URL: https://codeload.github.com/actions/checkout/zip/11d5960a326750d5838078e36cf38b85af677262 X-GitHub-Request-Id: EA4D:1367A0:320DA:3BD31C:6A940C78 Http Status: OK
[2026-08-30 10:56:58Z INFO ActionManager] Finished getting action repository.
[2026-08-30 10:56:58Z INFO HostContext] Well known directory 'Bin': 'C:\Users\krish\Documents\BITS\mlops-project\actions-runner\bin'
[2026-08-30 10:56:58Z INFO HostContext] Well known directory 'Root': 'C:\Users\krish\Documents\BITS\mlops-project\actions-runner'
[2026-08-30 10:56:58Z INFO HostContext] Well known directory 'Work': 'C:\Users\krish\Documents\BITS\mlops-project\actions-runner\_work'
[2026-08-30 10:56:58Z INFO HostContext] Well known directory 'Actions': 'C:\Users\krish\Documents\BITS\mlops-project\actions-runner\_work\_actions'
[2026-08-30 10:56:58Z INFO ActionManifestManagerLegacy] Load schema file with definitions: [
  "null",
  "boolean",
  "number",
  "string",
  "sequence",
  "mapping",
  "any",
  "action-root",
  "inputs",
  "input",
  "outputs",
  "output-definition",
  "runs",
  "container-runs",
  "container-runs-args",
  "container-runs-env",
  "node-runs",
  "plugin-runs",
  "composite-runs",
  "composite-steps",
  "composite-step",
  "run-step",
  "uses-step",
  "container-runs-context",
  "output-value",
  "input-default-context",
  "non-empty-string",
  "string-steps-context",
  "boolean-steps-context",
  "step-env",
  "step-if",
  "step-with"
]
[2026-08-30 10:56:58Z INFO ActionManifestManager] Load schema file with definitions: [
  "null",
  "boolean",
  "number",
  "string",
  "sequence",
  "mapping",
  "any",
  "action-root",
  "inputs",
  "input",
  "outputs",
  "output-definition",
  "runs",
  "container-runs",
  "container-runs-args",
  "container-runs-env",
  "node-runs",
  "plugin-runs",
  "composite-runs",
  "composite-steps",
  "composite-step",
  "run-step",
  "uses-step",
  "container-runs-context",
  "output-value",
  "input-default-context",
  "non-empty-string",
  "string-steps-context",
  "boolean-steps-context",
  "step-env",
  "step-if",
  "step-with"
]
[2026-08-30 10:56:58Z INFO HostContext] Well known directory 'Bin': 'C:\Users\krish\Documents\BITS\mlops-project\actions-runner\bin'
[2026-08-30 10:56:58Z INFO HostContext] Well known directory 'Root': 'C:\Users\krish\Documents\BITS\mlops-project\actions-runner'
[2026-08-30 10:56:58Z INFO HostContext] Well known directory 'Work': 'C:\Users\krish\Documents\BITS\mlops-project\actions-runner\_work'
[2026-08-30 10:56:58Z INFO HostContext] Well known directory 'Actions': 'C:\Users\krish\Documents\BITS\mlops-project\actions-runner\_work\_actions'
[2026-08-30 10:56:58Z INFO ActionManifestManagerLegacy] Loaded action.yml file: {
  "name": "Checkout",
  "description": "Checkout a Git repository at a particular version",
  "inputs": {
    "type": 2,
    "map": [
      {
        "key": {
          "type": 0,
          "file": 2,
          "line": 4,
          "col": 3,
          "lit": "repository"
        },
        "value": {
          "type": 3,
          "file": 2,
          "line": 6,
          "col": 14,
          "expr": "github.repository"
        }
      },
      {
        "key": {
          "type": 0,
          "file": 2,
          "line": 7,
          "col": 3,
          "lit": "ref"
        },
        "value": ""
      },
      {
        "key": {
          "type": 0,
          "file": 2,
          "line": 12,
          "col": 3,
          "lit": "token"
        },
        "value": {
          "type": 3,
          "file": 2,
          "line": 24,
          "col": 14,
          "expr": "github.token"
        }
      },
      {
        "key": {
          "type": 0,
          "file": 2,
          "line": 25,
          "col": 3,
          "lit": "ssh-key"
        },
        "value": ""
      },
      {
        "key": {
          "type": 0,
          "file": 2,
          "line": 37,
          "col": 3,
          "lit": "ssh-known-hosts"
        },
        "value": ""
      },
      {
        "key": {
          "type": 0,
          "file": 2,
          "line": 42,
          "col": 3,
          "lit": "ssh-strict"
        },
        "value": {
          "type": 0,
          "file": 2,
          "line": 47,
          "col": 14,
          "lit": "true"
        }
      },
      {
        "key": {
          "type": 0,
          "file": 2,
          "line": 48,
          "col": 3,
          "lit": "ssh-user"
        },
        "value": {
          "type": 0,
          "file": 2,
          "line": 51,
          "col": 14,
          "lit": "git"
        }
      },
      {
        "key": {
          "type": 0,
          "file": 2,
          "line": 52,
          "col": 3,
          "lit": "persist-credentials"
        },
        "value": {
          "type": 0,
          "file": 2,
          "line": 54,
          "col": 14,
          "lit": "true"
        }
      },
      {
        "key": {
          "type": 0,
          "file": 2,
          "line": 55,
          "col": 3,
          "lit": "path"
        },
        "value": ""
      },
      {
        "key": {
          "type": 0,
          "file": 2,
          "line": 57,
          "col": 3,
          "lit": "clean"
        },
        "value": {
          "type": 0,
          "file": 2,
          "line": 59,
          "col": 14,
          "lit": "true"
        }
      },
      {
        "key": {
          "type": 0,
          "file": 2,
          "line": 60,
          "col": 3,
          "lit": "filter"
        },
        "value": {
          "type": 0,
          "file": 2,
          "line": 64,
          "col": 14,
          "lit": ""
        }
      },
      {
        "key": {
          "type": 0,
          "file": 2,
          "line": 65,
          "col": 3,
          "lit": "sparse-checkout"
        },
        "value": {
          "type": 0,
          "file": 2,
          "line": 69,
          "col": 14,
          "lit": ""
        }
      },
      {
        "key": {
          "type": 0,
          "file": 2,
          "line": 70,
          "col": 3,
          "lit": "sparse-checkout-cone-mode"
        },
        "value": {
          "type": 0,
          "file": 2,
          "line": 73,
          "col": 14,
          "lit": "true"
        }
      },
      {
        "key": {
          "type": 0,
          "file": 2,
          "line": 74,
          "col": 3,
          "lit": "fetch-depth"
        },
        "value": {
          "type": 0,
          "file": 2,
          "line": 76,
          "col": 14,
          "lit": "1"
        }
      },
      {
        "key": {
          "type": 0,
          "file": 2,
          "line": 77,
          "col": 3,
          "lit": "fetch-tags"
        },
        "value": {
          "type": 0,
          "file": 2,
          "line": 79,
          "col": 14,
          "lit": "false"
        }
      },
      {
        "key": {
          "type": 0,
          "file": 2,
          "line": 80,
          "col": 3,
          "lit": "show-progress"
        },
        "value": {
          "type": 0,
          "file": 2,
          "line": 82,
          "col": 14,
          "lit": "true"
        }
      },
      {
        "key": {
          "type": 0,
          "file": 2,
          "line": 83,
          "col": 3,
          "lit": "lfs"
        },
        "value": {
          "type": 0,
          "file": 2,
          "line": 85,
          "col": 14,
          "lit": "false"
        }
      },
      {
        "key": {
          "type": 0,
          "file": 2,
          "line": 86,
          "col": 3,
          "lit": "submodules"
        },
        "value": {
          "type": 0,
          "file": 2,
          "line": 94,
          "col": 14,
          "lit": "false"
        }
      },
      {
        "key": {
          "type": 0,
          "file": 2,
          "line": 95,
          "col": 3,
          "lit": "set-safe-directory"
        },
        "value": {
          "type": 0,
          "file": 2,
          "line": 97,
          "col": 14,
          "lit": "true"
        }
      },
      {
        "key": {
          "type": 0,
          "file": 2,
          "line": 98,
          "col": 3,
          "lit": "github-server-url"
        },
        "value": ""
      },
      {
        "key": {
          "type": 0,
          "file": 2,
          "line": 101,
          "col": 3,
          "lit": "allow-unsafe-pr-checkout"
        },
        "value": {
          "type": 0,
          "file": 2,
          "line": 109,
          "col": 14,
          "lit": "false"
        }
      }
    ]
  },
  "execution": {
    "executionType": "nodeJS",
    "hasPre": false,
    "hasPost": true,
    "script": "dist/index.js",
    "pre": null,
    "post": "dist/index.js",
    "nodeVersion": "node20",
    "cleanupCondition": "always()",
    "initCondition": "always()"
  },
  "deprecated": null
}
[2026-08-30 10:56:58Z INFO ActionManager] Action node.js file: dist/index.js, no more preparation.
[2026-08-30 10:56:58Z INFO HostContext] Well known directory 'Bin': 'C:\Users\krish\Documents\BITS\mlops-project\actions-runner\bin'
[2026-08-30 10:56:58Z INFO HostContext] Well known directory 'Root': 'C:\Users\krish\Documents\BITS\mlops-project\actions-runner'
[2026-08-30 10:56:58Z INFO HostContext] Well known directory 'Work': 'C:\Users\krish\Documents\BITS\mlops-project\actions-runner\_work'
[2026-08-30 10:56:58Z INFO HostContext] Well known directory 'Actions': 'C:\Users\krish\Documents\BITS\mlops-project\actions-runner\_work\_actions'
[2026-08-30 10:56:58Z INFO ActionManager] Load action that reference repository from 'C:\Users\krish\Documents\BITS\mlops-project\actions-runner\_work\_actions\actions\checkout\v4'
[2026-08-30 10:56:58Z INFO HostContext] Well known directory 'Bin': 'C:\Users\krish\Documents\BITS\mlops-project\actions-runner\bin'
[2026-08-30 10:56:58Z INFO HostContext] Well known directory 'Root': 'C:\Users\krish\Documents\BITS\mlops-project\actions-runner'
[2026-08-30 10:56:58Z INFO HostContext] Well known directory 'Work': 'C:\Users\krish\Documents\BITS\mlops-project\actions-runner\_work'
[2026-08-30 10:56:58Z INFO HostContext] Well known directory 'Actions': 'C:\Users\krish\Documents\BITS\mlops-project\actions-runner\_work\_actions'
[2026-08-30 10:56:58Z INFO ActionManifestManagerLegacy] Loaded action.yml file: {
  "name": "Checkout",
  "description": "Checkout a Git repository at a particular version",
  "inputs": {
    "type": 2,
    "map": [
      {
        "key": {
          "type": 0,
          "file": 2,
          "line": 4,
          "col": 3,
          "lit": "repository"
        },
        "value": {
          "type": 3,
          "file": 2,
          "line": 6,
          "col": 14,
          "expr": "github.repository"
        }
      },
      {
        "key": {
          "type": 0,
          "file": 2,
          "line": 7,
          "col": 3,
          "lit": "ref"
        },
        "value": ""
      },
      {
        "key": {
          "type": 0,
          "file": 2,
          "line": 12,
          "col": 3,
          "lit": "token"
        },
        "value": {
          "type": 3,
          "file": 2,
          "line": 24,
          "col": 14,
          "expr": "github.token"
        }
      },
      {
        "key": {
          "type": 0,
          "file": 2,
          "line": 25,
          "col": 3,
          "lit": "ssh-key"
        },
        "value": ""
      },
      {
        "key": {
          "type": 0,
          "file": 2,
          "line": 37,
          "col": 3,
          "lit": "ssh-known-hosts"
        },
        "value": ""
      },
      {
        "key": {
          "type": 0,
          "file": 2,
          "line": 42,
          "col": 3,
          "lit": "ssh-strict"
        },
        "value": {
          "type": 0,
          "file": 2,
          "line": 47,
          "col": 14,
          "lit": "true"
        }
      },
      {
        "key": {
          "type": 0,
          "file": 2,
          "line": 48,
          "col": 3,
          "lit": "ssh-user"
        },
        "value": {
          "type": 0,
          "file": 2,
          "line": 51,
          "col": 14,
          "lit": "git"
        }
      },
      {
        "key": {
          "type": 0,
          "file": 2,
          "line": 52,
          "col": 3,
          "lit": "persist-credentials"
        },
        "value": {
          "type": 0,
          "file": 2,
          "line": 54,
          "col": 14,
          "lit": "true"
        }
      },
      {
        "key": {
          "type": 0,
          "file": 2,
          "line": 55,
          "col": 3,
          "lit": "path"
        },
        "value": ""
      },
      {
        "key": {
          "type": 0,
          "file": 2,
          "line": 57,
          "col": 3,
          "lit": "clean"
        },
        "value": {
          "type": 0,
          "file": 2,
          "line": 59,
          "col": 14,
          "lit": "true"
        }
      },
      {
        "key": {
          "type": 0,
          "file": 2,
          "line": 60,
          "col": 3,
          "lit": "filter"
        },
        "value": {
          "type": 0,
          "file": 2,
          "line": 64,
          "col": 14,
          "lit": ""
        }
      },
      {
        "key": {
          "type": 0,
          "file": 2,
          "line": 65,
          "col": 3,
          "lit": "sparse-checkout"
        },
        "value": {
          "type": 0,
          "file": 2,
          "line": 69,
          "col": 14,
          "lit": ""
        }
      },
      {
        "key": {
          "type": 0,
          "file": 2,
          "line": 70,
          "col": 3,
          "lit": "sparse-checkout-cone-mode"
        },
        "value": {
          "type": 0,
          "file": 2,
          "line": 73,
          "col": 14,
          "lit": "true"
        }
      },
      {
        "key": {
          "type": 0,
          "file": 2,
          "line": 74,
          "col": 3,
          "lit": "fetch-depth"
        },
        "value": {
          "type": 0,
          "file": 2,
          "line": 76,
          "col": 14,
          "lit": "1"
        }
      },
      {
        "key": {
          "type": 0,
          "file": 2,
          "line": 77,
          "col": 3,
          "lit": "fetch-tags"
        },
        "value": {
          "type": 0,
          "file": 2,
          "line": 79,
          "col": 14,
          "lit": "false"
        }
      },
      {
        "key": {
          "type": 0,
          "file": 2,
          "line": 80,
          "col": 3,
          "lit": "show-progress"
        },
        "value": {
          "type": 0,
          "file": 2,
          "line": 82,
          "col": 14,
          "lit": "true"
        }
      },
      {
        "key": {
          "type": 0,
          "file": 2,
          "line": 83,
          "col": 3,
          "lit": "lfs"
        },
        "value": {
          "type": 0,
          "file": 2,
          "line": 85,
          "col": 14,
          "lit": "false"
        }
      },
      {
        "key": {
          "type": 0,
          "file": 2,
          "line": 86,
          "col": 3,
          "lit": "submodules"
        },
        "value": {
          "type": 0,
          "file": 2,
          "line": 94,
          "col": 14,
          "lit": "false"
        }
      },
      {
        "key": {
          "type": 0,
          "file": 2,
          "line": 95,
          "col": 3,
          "lit": "set-safe-directory"
        },
        "value": {
          "type": 0,
          "file": 2,
          "line": 97,
          "col": 14,
          "lit": "true"
        }
      },
      {
        "key": {
          "type": 0,
          "file": 2,
          "line": 98,
          "col": 3,
          "lit": "github-server-url"
        },
        "value": ""
      },
      {
        "key": {
          "type": 0,
          "file": 2,
          "line": 101,
          "col": 3,
          "lit": "allow-unsafe-pr-checkout"
        },
        "value": {
          "type": 0,
          "file": 2,
          "line": 109,
          "col": 14,
          "lit": "false"
        }
      }
    ]
  },
  "execution": {
    "executionType": "nodeJS",
    "hasPre": false,
    "hasPost": true,
    "script": "dist/index.js",
    "pre": null,
    "post": "dist/index.js",
    "nodeVersion": "node20",
    "cleanupCondition": "always()",
    "initCondition": "always()"
  },
  "deprecated": null
}
[2026-08-30 10:56:58Z INFO ActionManager] Action pre node.js file: N/A.
[2026-08-30 10:56:58Z INFO ActionManager] Action node.js file: dist/index.js.
[2026-08-30 10:56:58Z INFO ActionManager] Action post node.js file: dist/index.js.
[2026-08-30 10:56:58Z INFO JobExtension] Adding .
[2026-08-30 10:56:58Z INFO JobExtension] Adding .
[2026-08-30 10:56:58Z INFO JobExtension] Adding .
[2026-08-30 10:56:58Z INFO JobExtension] Adding .
[2026-08-30 10:56:58Z INFO JobExtension] Adding .
[2026-08-30 10:56:58Z INFO JobExtension] Adding .
[2026-08-30 10:56:58Z INFO JobExtension] Adding .
[2026-08-30 10:56:58Z INFO HostContext] Well known directory 'Bin': 'C:\Users\krish\Documents\BITS\mlops-project\actions-runner\bin'
[2026-08-30 10:56:58Z INFO HostContext] Well known directory 'Root': 'C:\Users\krish\Documents\BITS\mlops-project\actions-runner'
[2026-08-30 10:56:58Z INFO HostContext] Well known directory 'Diag': 'C:\Users\krish\Documents\BITS\mlops-project\actions-runner\_diag'
[2026-08-30 10:56:58Z INFO HostContext] Well known directory 'Bin': 'C:\Users\krish\Documents\BITS\mlops-project\actions-runner\bin'
[2026-08-30 10:56:58Z INFO HostContext] Well known directory 'Root': 'C:\Users\krish\Documents\BITS\mlops-project\actions-runner'
[2026-08-30 10:56:58Z INFO HostContext] Well known directory 'Diag': 'C:\Users\krish\Documents\BITS\mlops-project\actions-runner\_diag'
[2026-08-30 10:56:58Z INFO HostContext] Well known directory 'Bin': 'C:\Users\krish\Documents\BITS\mlops-project\actions-runner\bin'
[2026-08-30 10:56:58Z INFO HostContext] Well known directory 'Root': 'C:\Users\krish\Documents\BITS\mlops-project\actions-runner'
[2026-08-30 10:56:58Z INFO HostContext] Well known directory 'Diag': 'C:\Users\krish\Documents\BITS\mlops-project\actions-runner\_diag'
[2026-08-30 10:56:58Z INFO HostContext] Well known directory 'Bin': 'C:\Users\krish\Documents\BITS\mlops-project\actions-runner\bin'
[2026-08-30 10:56:58Z INFO HostContext] Well known directory 'Root': 'C:\Users\krish\Documents\BITS\mlops-project\actions-runner'
[2026-08-30 10:56:58Z INFO HostContext] Well known directory 'Diag': 'C:\Users\krish\Documents\BITS\mlops-project\actions-runner\_diag'
[2026-08-30 10:56:58Z INFO HostContext] Well known directory 'Bin': 'C:\Users\krish\Documents\BITS\mlops-project\actions-runner\bin'
[2026-08-30 10:56:58Z INFO HostContext] Well known directory 'Root': 'C:\Users\krish\Documents\BITS\mlops-project\actions-runner'
[2026-08-30 10:56:58Z INFO HostContext] Well known directory 'Diag': 'C:\Users\krish\Documents\BITS\mlops-project\actions-runner\_diag'
[2026-08-30 10:56:58Z INFO HostContext] Well known directory 'Bin': 'C:\Users\krish\Documents\BITS\mlops-project\actions-runner\bin'
[2026-08-30 10:56:58Z INFO HostContext] Well known directory 'Root': 'C:\Users\krish\Documents\BITS\mlops-project\actions-runner'
[2026-08-30 10:56:58Z INFO HostContext] Well known directory 'Diag': 'C:\Users\krish\Documents\BITS\mlops-project\actions-runner\_diag'
[2026-08-30 10:56:58Z INFO HostContext] Well known directory 'Bin': 'C:\Users\krish\Documents\BITS\mlops-project\actions-runner\bin'
[2026-08-30 10:56:58Z INFO HostContext] Well known directory 'Root': 'C:\Users\krish\Documents\BITS\mlops-project\actions-runner'
[2026-08-30 10:56:58Z INFO HostContext] Well known directory 'Diag': 'C:\Users\krish\Documents\BITS\mlops-project\actions-runner\_diag'
[2026-08-30 10:56:58Z INFO HostContext] Well known directory 'Bin': 'C:\Users\krish\Documents\BITS\mlops-project\actions-runner\bin'
[2026-08-30 10:56:58Z INFO HostContext] Well known directory 'Root': 'C:\Users\krish\Documents\BITS\mlops-project\actions-runner'
[2026-08-30 10:56:58Z INFO HostContext] Well known directory 'Diag': 'C:\Users\krish\Documents\BITS\mlops-project\actions-runner\_diag'
[2026-08-30 10:56:58Z INFO HostContext] Well known directory 'Bin': 'C:\Users\krish\Documents\BITS\mlops-project\actions-runner\bin'
[2026-08-30 10:56:58Z INFO HostContext] Well known directory 'Root': 'C:\Users\krish\Documents\BITS\mlops-project\actions-runner'
[2026-08-30 10:56:58Z INFO HostContext] Well known directory 'Diag': 'C:\Users\krish\Documents\BITS\mlops-project\actions-runner\_diag'
[2026-08-30 10:56:58Z INFO HostContext] Well known directory 'Bin': 'C:\Users\krish\Documents\BITS\mlops-project\actions-runner\bin'
[2026-08-30 10:56:58Z INFO HostContext] Well known directory 'Root': 'C:\Users\krish\Documents\BITS\mlops-project\actions-runner'
[2026-08-30 10:56:58Z INFO HostContext] Well known directory 'Diag': 'C:\Users\krish\Documents\BITS\mlops-project\actions-runner\_diag'
[2026-08-30 10:56:58Z INFO HostContext] Well known directory 'Bin': 'C:\Users\krish\Documents\BITS\mlops-project\actions-runner\bin'
[2026-08-30 10:56:58Z INFO HostContext] Well known directory 'Root': 'C:\Users\krish\Documents\BITS\mlops-project\actions-runner'
[2026-08-30 10:56:58Z INFO HostContext] Well known directory 'Diag': 'C:\Users\krish\Documents\BITS\mlops-project\actions-runner\_diag'
[2026-08-30 10:56:58Z INFO HostContext] Well known directory 'Bin': 'C:\Users\krish\Documents\BITS\mlops-project\actions-runner\bin'
[2026-08-30 10:56:58Z INFO HostContext] Well known directory 'Root': 'C:\Users\krish\Documents\BITS\mlops-project\actions-runner'
[2026-08-30 10:56:58Z INFO HostContext] Well known directory 'Diag': 'C:\Users\krish\Documents\BITS\mlops-project\actions-runner\_diag'
[2026-08-30 10:56:58Z INFO HostContext] Well known directory 'Bin': 'C:\Users\krish\Documents\BITS\mlops-project\actions-runner\bin'
[2026-08-30 10:56:58Z INFO HostContext] Well known directory 'Root': 'C:\Users\krish\Documents\BITS\mlops-project\actions-runner'
[2026-08-30 10:56:58Z INFO HostContext] Well known directory 'Diag': 'C:\Users\krish\Documents\BITS\mlops-project\actions-runner\_diag'
[2026-08-30 10:56:58Z INFO HostContext] Well known directory 'Bin': 'C:\Users\krish\Documents\BITS\mlops-project\actions-runner\bin'
[2026-08-30 10:56:58Z INFO HostContext] Well known directory 'Root': 'C:\Users\krish\Documents\BITS\mlops-project\actions-runner'
[2026-08-30 10:56:58Z INFO HostContext] Well known directory 'Diag': 'C:\Users\krish\Documents\BITS\mlops-project\actions-runner\_diag'
[2026-08-30 10:56:58Z INFO JobExtension] Total accessible running process: 312.
[2026-08-30 10:56:58Z INFO HostContext] Well known directory 'Bin': 'C:\Users\krish\Documents\BITS\mlops-project\actions-runner\bin'
[2026-08-30 10:56:58Z INFO HostContext] Well known directory 'Root': 'C:\Users\krish\Documents\BITS\mlops-project\actions-runner'
[2026-08-30 10:56:58Z INFO HostContext] Well known directory 'Work': 'C:\Users\krish\Documents\BITS\mlops-project\actions-runner\_work'
[2026-08-30 10:56:58Z INFO JobExtension] Start checking server connectivity.
[2026-08-30 10:56:58Z INFO JobExtension] Check server connectivity for https://broker.actions.githubusercontent.com/health.
[2026-08-30 10:56:58Z INFO JobExtension] Check server connectivity for https://token.actions.githubusercontent.com/ready.
[2026-08-30 10:56:58Z INFO JobExtension] Check server connectivity for https://run.actions.githubusercontent.com/health.
[2026-08-30 10:56:58Z INFO JobExtension] Start checking service connectivity in background.
[2026-08-30 10:56:59Z INFO ExecutionContext] Publish step telemetry for current step {
  "action": "setup_job",
  "type": "runner",
  "stage": "Pre",
  "stepId": "f9175ddc-54f0-4fa9-afd2-fe78e93fa6d6",
  "result": "succeeded",
  "errorMessages": [],
  "executionTimeInSeconds": 4,
  "startTime": "2026-08-30T10:56:55.1893679Z",
  "finishTime": "2026-08-30T10:56:58.9561474Z"
}.
[2026-08-30 10:56:59Z INFO JobServerQueue] Try to append 1 batches web console lines for record 'f9175ddc-54f0-4fa9-afd2-fe78e93fa6d6', success rate: 1/1.
[2026-08-30 10:56:59Z INFO JobRunner] Total job steps: 7.
[2026-08-30 10:56:59Z INFO JobRunner] Run all job steps.
[2026-08-30 10:56:59Z INFO DapDebugger] DapDebugger initialized
[2026-08-30 10:56:59Z INFO StepsRunner] Processing step: DisplayName='Checkout repository'
[2026-08-30 10:56:59Z INFO JobServerQueue] Got a step log file to send to results service.
[2026-08-30 10:56:59Z INFO JobServerQueue] Starting upload of step log file to results service ResultsLog, C:\Users\krish\Documents\BITS\mlops-project\actions-runner\_diag\blocks\5ab6d68c-3fde-494c-9515-69b832a29d5e_f9175ddc-54f0-4fa9-afd2-fe78e93fa6d6.1
[2026-08-30 10:56:59Z INFO StepsRunner] Evaluating: success()
[2026-08-30 10:56:59Z INFO StepsRunner] Result: true
[2026-08-30 10:56:59Z INFO JobServerQueue] Try to upload 1 log files or attachments, success rate: 1/1.
[2026-08-30 10:56:59Z INFO StepsRunner] Starting the step.
[2026-08-30 10:56:59Z INFO HostContext] Well known directory 'Bin': 'C:\Users\krish\Documents\BITS\mlops-project\actions-runner\bin'
[2026-08-30 10:56:59Z INFO HostContext] Well known directory 'Root': 'C:\Users\krish\Documents\BITS\mlops-project\actions-runner'
[2026-08-30 10:56:59Z INFO HostContext] Well known directory 'Work': 'C:\Users\krish\Documents\BITS\mlops-project\actions-runner\_work'
[2026-08-30 10:56:59Z INFO StepsRunner] Which2: 'chcp'
[2026-08-30 10:56:59Z INFO StepsRunner] Location: 'C:\WINDOWS\system32\chcp.COM'
[2026-08-30 10:56:59Z INFO ProcessInvokerWrapper] Starting process:
[2026-08-30 10:56:59Z INFO ProcessInvokerWrapper]   File name: 'C:\WINDOWS\system32\chcp.COM'
[2026-08-30 10:56:59Z INFO ProcessInvokerWrapper]   Arguments: '65001'
[2026-08-30 10:56:59Z INFO ProcessInvokerWrapper]   Working directory: 'C:\Users\krish\Documents\BITS\mlops-project\actions-runner\_work'
[2026-08-30 10:56:59Z INFO ProcessInvokerWrapper]   Require exit code zero: 'False'
[2026-08-30 10:56:59Z INFO ProcessInvokerWrapper]   Encoding web name:  ; code page: ''
[2026-08-30 10:56:59Z INFO ProcessInvokerWrapper]   Force kill process on cancellation: 'False'
[2026-08-30 10:56:59Z INFO ProcessInvokerWrapper]   Redirected STDIN: 'False'
[2026-08-30 10:56:59Z INFO ProcessInvokerWrapper]   Persist current code page: 'True'
[2026-08-30 10:56:59Z INFO ProcessInvokerWrapper]   Keep redirected STDIN open: 'False'
[2026-08-30 10:56:59Z INFO ProcessInvokerWrapper]   High priority process: 'False'
[2026-08-30 10:56:59Z INFO ProcessInvokerWrapper] Process started with process id 19800, waiting for process exit.
[2026-08-30 10:56:59Z INFO ProcessInvokerWrapper] STDOUT/STDERR stream read finished.
[2026-08-30 10:56:59Z INFO ProcessInvokerWrapper] STDOUT/STDERR stream read finished.
[2026-08-30 10:56:59Z INFO ProcessInvokerWrapper] Finished process 19800 with exit code 0, and elapsed time 00:00:00.2824544.
[2026-08-30 10:56:59Z INFO StepsRunner] Successfully returned to code page 65001 (UTF8)
[2026-08-30 10:56:59Z INFO HostContext] Well known directory 'Bin': 'C:\Users\krish\Documents\BITS\mlops-project\actions-runner\bin'
[2026-08-30 10:56:59Z INFO HostContext] Well known directory 'Root': 'C:\Users\krish\Documents\BITS\mlops-project\actions-runner'
[2026-08-30 10:56:59Z INFO HostContext] Well known directory 'Work': 'C:\Users\krish\Documents\BITS\mlops-project\actions-runner\_work'
[2026-08-30 10:56:59Z INFO HostContext] Well known directory 'Actions': 'C:\Users\krish\Documents\BITS\mlops-project\actions-runner\_work\_actions'
[2026-08-30 10:56:59Z INFO ActionManager] Load action that reference repository from 'C:\Users\krish\Documents\BITS\mlops-project\actions-runner\_work\_actions\actions\checkout\v4'
[2026-08-30 10:56:59Z INFO HostContext] Well known directory 'Bin': 'C:\Users\krish\Documents\BITS\mlops-project\actions-runner\bin'
[2026-08-30 10:56:59Z INFO HostContext] Well known directory 'Root': 'C:\Users\krish\Documents\BITS\mlops-project\actions-runner'
[2026-08-30 10:56:59Z INFO HostContext] Well known directory 'Work': 'C:\Users\krish\Documents\BITS\mlops-project\actions-runner\_work'
[2026-08-30 10:56:59Z INFO HostContext] Well known directory 'Actions': 'C:\Users\krish\Documents\BITS\mlops-project\actions-runner\_work\_actions'
[2026-08-30 10:56:59Z INFO ActionManifestManagerLegacy] Loaded action.yml file: {
  "name": "Checkout",
  "description": "Checkout a Git repository at a particular version",
  "inputs": {
    "type": 2,
    "map": [
      {
        "key": {
          "type": 0,
          "file": 2,
          "line": 4,
          "col": 3,
          "lit": "repository"
        },
        "value": {
          "type": 3,
          "file": 2,
          "line": 6,
          "col": 14,
          "expr": "github.repository"
        }
      },
      {
        "key": {
          "type": 0,
          "file": 2,
          "line": 7,
          "col": 3,
          "lit": "ref"
        },
        "value": ""
      },
      {
        "key": {
          "type": 0,
          "file": 2,
          "line": 12,
          "col": 3,
          "lit": "token"
        },
        "value": {
          "type": 3,
          "file": 2,
          "line": 24,
          "col": 14,
          "expr": "github.token"
        }
      },
      {
        "key": {
          "type": 0,
          "file": 2,
          "line": 25,
          "col": 3,
          "lit": "ssh-key"
        },
        "value": ""
      },
      {
        "key": {
          "type": 0,
          "file": 2,
          "line": 37,
          "col": 3,
          "lit": "ssh-known-hosts"
        },
        "value": ""
      },
      {
        "key": {
          "type": 0,
          "file": 2,
          "line": 42,
          "col": 3,
          "lit": "ssh-strict"
        },
        "value": {
          "type": 0,
          "file": 2,
          "line": 47,
          "col": 14,
          "lit": "true"
        }
      },
      {
        "key": {
          "type": 0,
          "file": 2,
          "line": 48,
          "col": 3,
          "lit": "ssh-user"
        },
        "value": {
          "type": 0,
          "file": 2,
          "line": 51,
          "col": 14,
          "lit": "git"
        }
      },
      {
        "key": {
          "type": 0,
          "file": 2,
          "line": 52,
          "col": 3,
          "lit": "persist-credentials"
        },
        "value": {
          "type": 0,
          "file": 2,
          "line": 54,
          "col": 14,
          "lit": "true"
        }
      },
      {
        "key": {
          "type": 0,
          "file": 2,
          "line": 55,
          "col": 3,
          "lit": "path"
        },
        "value": ""
      },
      {
        "key": {
          "type": 0,
          "file": 2,
          "line": 57,
          "col": 3,
          "lit": "clean"
        },
        "value": {
          "type": 0,
          "file": 2,
          "line": 59,
          "col": 14,
          "lit": "true"
        }
      },
      {
        "key": {
          "type": 0,
          "file": 2,
          "line": 60,
          "col": 3,
          "lit": "filter"
        },
        "value": {
          "type": 0,
          "file": 2,
          "line": 64,
          "col": 14,
          "lit": ""
        }
      },
      {
        "key": {
          "type": 0,
          "file": 2,
          "line": 65,
          "col": 3,
          "lit": "sparse-checkout"
        },
        "value": {
          "type": 0,
          "file": 2,
          "line": 69,
          "col": 14,
          "lit": ""
        }
      },
      {
        "key": {
          "type": 0,
          "file": 2,
          "line": 70,
          "col": 3,
          "lit": "sparse-checkout-cone-mode"
        },
        "value": {
          "type": 0,
          "file": 2,
          "line": 73,
          "col": 14,
          "lit": "true"
        }
      },
      {
        "key": {
          "type": 0,
          "file": 2,
          "line": 74,
          "col": 3,
          "lit": "fetch-depth"
        },
        "value": {
          "type": 0,
          "file": 2,
          "line": 76,
          "col": 14,
          "lit": "1"
        }
      },
      {
        "key": {
          "type": 0,
          "file": 2,
          "line": 77,
          "col": 3,
          "lit": "fetch-tags"
        },
        "value": {
          "type": 0,
          "file": 2,
          "line": 79,
          "col": 14,
          "lit": "false"
        }
      },
      {
        "key": {
          "type": 0,
          "file": 2,
          "line": 80,
          "col": 3,
          "lit": "show-progress"
        },
        "value": {
          "type": 0,
          "file": 2,
          "line": 82,
          "col": 14,
          "lit": "true"
        }
      },
      {
        "key": {
          "type": 0,
          "file": 2,
          "line": 83,
          "col": 3,
          "lit": "lfs"
        },
        "value": {
          "type": 0,
          "file": 2,
          "line": 85,
          "col": 14,
          "lit": "false"
        }
      },
      {
        "key": {
          "type": 0,
          "file": 2,
          "line": 86,
          "col": 3,
          "lit": "submodules"
        },
        "value": {
          "type": 0,
          "file": 2,
          "line": 94,
          "col": 14,
          "lit": "false"
        }
      },
      {
        "key": {
          "type": 0,
          "file": 2,
          "line": 95,
          "col": 3,
          "lit": "set-safe-directory"
        },
        "value": {
          "type": 0,
          "file": 2,
          "line": 97,
          "col": 14,
          "lit": "true"
        }
      },
      {
        "key": {
          "type": 0,
          "file": 2,
          "line": 98,
          "col": 3,
          "lit": "github-server-url"
        },
        "value": ""
      },
      {
        "key": {
          "type": 0,
          "file": 2,
          "line": 101,
          "col": 3,
          "lit": "allow-unsafe-pr-checkout"
        },
        "value": {
          "type": 0,
          "file": 2,
          "line": 109,
          "col": 14,
          "lit": "false"
        }
      }
    ]
  },
  "execution": {
    "executionType": "nodeJS",
    "hasPre": false,
    "hasPost": true,
    "script": "dist/index.js",
    "pre": null,
    "post": "dist/index.js",
    "nodeVersion": "node20",
    "cleanupCondition": "always()",
    "initCondition": "always()"
  },
  "deprecated": null
}
[2026-08-30 10:56:59Z INFO ActionManager] Action pre node.js file: N/A.
[2026-08-30 10:56:59Z INFO ActionManager] Action node.js file: dist/index.js.
[2026-08-30 10:56:59Z INFO ActionManager] Action post node.js file: dist/index.js.
[2026-08-30 10:56:59Z INFO ExecutionContext] Reserve record order 9 to 16 for post job actions.
[2026-08-30 10:56:59Z INFO HostContext] Well known directory 'Bin': 'C:\Users\krish\Documents\BITS\mlops-project\actions-runner\bin'
[2026-08-30 10:56:59Z INFO HostContext] Well known directory 'Root': 'C:\Users\krish\Documents\BITS\mlops-project\actions-runner'
[2026-08-30 10:56:59Z INFO HostContext] Well known directory 'Diag': 'C:\Users\krish\Documents\BITS\mlops-project\actions-runner\_diag'
[2026-08-30 10:56:59Z INFO HostContext] Well known directory 'Bin': 'C:\Users\krish\Documents\BITS\mlops-project\actions-runner\bin'
[2026-08-30 10:56:59Z INFO HostContext] Well known directory 'Root': 'C:\Users\krish\Documents\BITS\mlops-project\actions-runner'
[2026-08-30 10:56:59Z INFO HostContext] Well known directory 'Diag': 'C:\Users\krish\Documents\BITS\mlops-project\actions-runner\_diag'
[2026-08-30 10:56:59Z INFO HostContext] Well known directory 'Bin': 'C:\Users\krish\Documents\BITS\mlops-project\actions-runner\bin'
[2026-08-30 10:56:59Z INFO HostContext] Well known directory 'Root': 'C:\Users\krish\Documents\BITS\mlops-project\actions-runner'
[2026-08-30 10:56:59Z INFO HostContext] Well known directory 'Work': 'C:\Users\krish\Documents\BITS\mlops-project\actions-runner\_work'
[2026-08-30 10:56:59Z INFO HostContext] Well known directory 'Temp': 'C:\Users\krish\Documents\BITS\mlops-project\actions-runner\_work\_temp'
[2026-08-30 10:56:59Z INFO ExecutionContext] Write event payload to C:\Users\krish\Documents\BITS\mlops-project\actions-runner\_work\_temp\_github_workflow\event.json
[2026-08-30 10:56:59Z INFO HostContext] Well known directory 'Bin': 'C:\Users\krish\Documents\BITS\mlops-project\actions-runner\bin'
[2026-08-30 10:56:59Z INFO HostContext] Well known directory 'Root': 'C:\Users\krish\Documents\BITS\mlops-project\actions-runner'
[2026-08-30 10:56:59Z INFO HostContext] Well known directory 'Work': 'C:\Users\krish\Documents\BITS\mlops-project\actions-runner\_work'
[2026-08-30 10:56:59Z INFO HostContext] Well known directory 'Temp': 'C:\Users\krish\Documents\BITS\mlops-project\actions-runner\_work\_temp'
[2026-08-30 10:56:59Z INFO ExtensionManager] Getting extensions for interface: 'GitHub.Runner.Worker.IFileCommandExtension'
[2026-08-30 10:56:59Z INFO ExtensionManager] Creating instance: GitHub.Runner.Worker.AddPathFileCommand, Runner.Worker
[2026-08-30 10:56:59Z INFO ExtensionManager] Creating instance: GitHub.Runner.Worker.SetEnvFileCommand, Runner.Worker
[2026-08-30 10:56:59Z INFO ExtensionManager] Creating instance: GitHub.Runner.Worker.CreateStepSummaryCommand, Runner.Worker
[2026-08-30 10:56:59Z INFO ExtensionManager] Creating instance: GitHub.Runner.Worker.SaveStateFileCommand, Runner.Worker
[2026-08-30 10:56:59Z INFO ExtensionManager] Creating instance: GitHub.Runner.Worker.SetOutputFileCommand, Runner.Worker
[2026-08-30 10:56:59Z INFO ExtensionManager] Creating instance: GitHub.Runner.Worker.CreateArtifactsFileCommand, Runner.Worker
[2026-08-30 10:56:59Z INFO ExtensionManager] Creating instance: GitHub.Runner.Worker.ArtifactsListFileCommand, Runner.Worker
[2026-08-30 10:56:59Z INFO ActionManifestManagerLegacy] Input 'repository': default value evaluate result: {
  "type": 0,
  "file": 2,
  "line": 6,
  "col": 14,
  "lit": "2024ac05127-tech/assignment2"
}
[2026-08-30 10:56:59Z INFO ActionManifestManagerLegacy] Input 'ref': default value evaluate result: ""
[2026-08-30 10:56:59Z INFO ActionManifestManagerLegacy] Input 'token': default value evaluate result: {
  "type": 0,
  "file": 2,
  "line": 24,
  "col": 14,
  "lit": "***"
}
[2026-08-30 10:56:59Z INFO ActionManifestManagerLegacy] Input 'ssh-key': default value evaluate result: ""
[2026-08-30 10:56:59Z INFO ActionManifestManagerLegacy] Input 'ssh-known-hosts': default value evaluate result: ""
[2026-08-30 10:56:59Z INFO ActionManifestManagerLegacy] Input 'ssh-strict': default value evaluate result: {
  "type": 0,
  "file": 2,
  "line": 47,
  "col": 14,
  "lit": "true"
}
[2026-08-30 10:56:59Z INFO ActionManifestManagerLegacy] Input 'ssh-user': default value evaluate result: {
  "type": 0,
  "file": 2,
  "line": 51,
  "col": 14,
  "lit": "git"
}
[2026-08-30 10:56:59Z INFO ActionManifestManagerLegacy] Input 'persist-credentials': default value evaluate result: {
  "type": 0,
  "file": 2,
  "line": 54,
  "col": 14,
  "lit": "true"
}
[2026-08-30 10:56:59Z INFO ActionManifestManagerLegacy] Input 'path': default value evaluate result: ""
[2026-08-30 10:56:59Z INFO ActionManifestManagerLegacy] Input 'clean': default value evaluate result: {
  "type": 0,
  "file": 2,
  "line": 59,
  "col": 14,
  "lit": "true"
}
[2026-08-30 10:56:59Z INFO ActionManifestManagerLegacy] Input 'filter': default value evaluate result: {
  "type": 0,
  "file": 2,
  "line": 64,
  "col": 14,
  "lit": ""
}
[2026-08-30 10:56:59Z INFO ActionManifestManagerLegacy] Input 'sparse-checkout': default value evaluate result: {
  "type": 0,
  "file": 2,
  "line": 69,
  "col": 14,
  "lit": ""
}
[2026-08-30 10:56:59Z INFO ActionManifestManagerLegacy] Input 'sparse-checkout-cone-mode': default value evaluate result: {
  "type": 0,
  "file": 2,
  "line": 73,
  "col": 14,
  "lit": "true"
}
[2026-08-30 10:56:59Z INFO ActionManifestManagerLegacy] Input 'fetch-depth': default value evaluate result: {
  "type": 0,
  "file": 2,
  "line": 76,
  "col": 14,
  "lit": "1"
}
[2026-08-30 10:56:59Z INFO ActionManifestManagerLegacy] Input 'fetch-tags': default value evaluate result: {
  "type": 0,
  "file": 2,
  "line": 79,
  "col": 14,
  "lit": "false"
}
[2026-08-30 10:56:59Z INFO ActionManifestManagerLegacy] Input 'show-progress': default value evaluate result: {
  "type": 0,
  "file": 2,
  "line": 82,
  "col": 14,
  "lit": "true"
}
[2026-08-30 10:56:59Z INFO ActionManifestManagerLegacy] Input 'lfs': default value evaluate result: {
  "type": 0,
  "file": 2,
  "line": 85,
  "col": 14,
  "lit": "false"
}
[2026-08-30 10:56:59Z INFO ActionManifestManagerLegacy] Input 'submodules': default value evaluate result: {
  "type": 0,
  "file": 2,
  "line": 94,
  "col": 14,
  "lit": "false"
}
[2026-08-30 10:56:59Z INFO ActionManifestManagerLegacy] Input 'set-safe-directory': default value evaluate result: {
  "type": 0,
  "file": 2,
  "line": 97,
  "col": 14,
  "lit": "true"
}
[2026-08-30 10:56:59Z INFO ActionManifestManagerLegacy] Input 'github-server-url': default value evaluate result: ""
[2026-08-30 10:56:59Z INFO ActionManifestManagerLegacy] Input 'allow-unsafe-pr-checkout': default value evaluate result: {
  "type": 0,
  "file": 2,
  "line": 109,
  "col": 14,
  "lit": "false"
}
[2026-08-30 10:56:59Z INFO ExtensionManager] Getting extensions for interface: 'GitHub.Runner.Worker.IActionCommandExtension'
[2026-08-30 10:56:59Z INFO ExtensionManager] Creating instance: GitHub.Runner.Worker.InternalPluginSetRepoPathCommandExtension, Runner.Worker
[2026-08-30 10:56:59Z INFO ExtensionManager] Creating instance: GitHub.Runner.Worker.SetEnvCommandExtension, Runner.Worker
[2026-08-30 10:56:59Z INFO ExtensionManager] Creating instance: GitHub.Runner.Worker.SetOutputCommandExtension, Runner.Worker
[2026-08-30 10:56:59Z INFO ExtensionManager] Creating instance: GitHub.Runner.Worker.SaveStateCommandExtension, Runner.Worker
[2026-08-30 10:56:59Z INFO ExtensionManager] Creating instance: GitHub.Runner.Worker.AddPathCommandExtension, Runner.Worker
[2026-08-30 10:56:59Z INFO ExtensionManager] Creating instance: GitHub.Runner.Worker.AddMaskCommandExtension, Runner.Worker
[2026-08-30 10:56:59Z INFO ExtensionManager] Creating instance: GitHub.Runner.Worker.AddMatcherCommandExtension, Runner.Worker
[2026-08-30 10:56:59Z INFO ExtensionManager] Creating instance: GitHub.Runner.Worker.RemoveMatcherCommandExtension, Runner.Worker
[2026-08-30 10:56:59Z INFO ExtensionManager] Creating instance: GitHub.Runner.Worker.WarningCommandExtension, Runner.Worker
[2026-08-30 10:56:59Z INFO ExtensionManager] Creating instance: GitHub.Runner.Worker.ErrorCommandExtension, Runner.Worker
[2026-08-30 10:56:59Z INFO ExtensionManager] Creating instance: GitHub.Runner.Worker.NoticeCommandExtension, Runner.Worker
[2026-08-30 10:56:59Z INFO ExtensionManager] Creating instance: GitHub.Runner.Worker.DebugCommandExtension, Runner.Worker
[2026-08-30 10:56:59Z INFO ExtensionManager] Creating instance: GitHub.Runner.Worker.GroupCommandExtension, Runner.Worker
[2026-08-30 10:56:59Z INFO ExtensionManager] Creating instance: GitHub.Runner.Worker.EndGroupCommandExtension, Runner.Worker
[2026-08-30 10:56:59Z INFO ExtensionManager] Creating instance: GitHub.Runner.Worker.EchoCommandExtension, Runner.Worker
[2026-08-30 10:56:59Z INFO ActionCommandManager] Register action command extension for command internal-set-repo-path
[2026-08-30 10:56:59Z INFO ActionCommandManager] Register action command extension for command set-env
[2026-08-30 10:56:59Z INFO ActionCommandManager] Register action command extension for command set-output
[2026-08-30 10:56:59Z INFO ActionCommandManager] Register action command extension for command save-state
[2026-08-30 10:56:59Z INFO ActionCommandManager] Register action command extension for command add-path
[2026-08-30 10:56:59Z INFO ActionCommandManager] Register action command extension for command add-mask
[2026-08-30 10:56:59Z INFO ActionCommandManager] Register action command extension for command add-matcher
[2026-08-30 10:56:59Z INFO ActionCommandManager] Register action command extension for command remove-matcher
[2026-08-30 10:56:59Z INFO ActionCommandManager] Register action command extension for command warning
[2026-08-30 10:56:59Z INFO ActionCommandManager] Register action command extension for command error
[2026-08-30 10:56:59Z INFO ActionCommandManager] Register action command extension for command notice
[2026-08-30 10:56:59Z INFO ActionCommandManager] Register action command extension for command debug
[2026-08-30 10:56:59Z INFO ActionCommandManager] Register action command extension for command group
[2026-08-30 10:56:59Z INFO ActionCommandManager] Register action command extension for command endgroup
[2026-08-30 10:56:59Z INFO ActionCommandManager] Register action command extension for command echo
[2026-08-30 10:56:59Z INFO HostContext] Well known directory 'Bin': 'C:\Users\krish\Documents\BITS\mlops-project\actions-runner\bin'
[2026-08-30 10:56:59Z INFO HostContext] Well known directory 'Root': 'C:\Users\krish\Documents\BITS\mlops-project\actions-runner'
[2026-08-30 10:56:59Z INFO HostContext] Well known directory 'Externals': 'C:\Users\krish\Documents\BITS\mlops-project\actions-runner\externals'
[2026-08-30 10:56:59Z INFO ProcessInvokerWrapper] Starting process:
[2026-08-30 10:56:59Z INFO ProcessInvokerWrapper]   File name: 'C:\Users\krish\Documents\BITS\mlops-project\actions-runner\externals\node24\bin\node.exe'
[2026-08-30 10:56:59Z INFO ProcessInvokerWrapper]   Arguments: '"C:\Users\krish\Documents\BITS\mlops-project\actions-runner\_work\_actions\actions\checkout\v4\dist/index.js"'
[2026-08-30 10:56:59Z INFO ProcessInvokerWrapper]   Working directory: 'C:\Users\krish\Documents\BITS\mlops-project\actions-runner\_work\assignment2\assignment2'
[2026-08-30 10:56:59Z INFO ProcessInvokerWrapper]   Require exit code zero: 'False'
[2026-08-30 10:56:59Z INFO ProcessInvokerWrapper]   Encoding web name: utf-8 ; code page: '65001'
[2026-08-30 10:56:59Z INFO ProcessInvokerWrapper]   Force kill process on cancellation: 'False'
[2026-08-30 10:56:59Z INFO ProcessInvokerWrapper]   Redirected STDIN: 'False'
[2026-08-30 10:56:59Z INFO ProcessInvokerWrapper]   Persist current code page: 'True'
[2026-08-30 10:56:59Z INFO ProcessInvokerWrapper]   Keep redirected STDIN open: 'False'
[2026-08-30 10:56:59Z INFO ProcessInvokerWrapper]   High priority process: 'False'
[2026-08-30 10:57:00Z INFO ProcessInvokerWrapper] Process started with process id 23044, waiting for process exit.
[2026-08-30 10:57:00Z INFO JobServerQueue] Try to append 1 batches web console lines for record '08c58463-d243-4a31-98da-ca4a8482118d', success rate: 1/1.
[2026-08-30 10:57:01Z INFO JobServerQueue] Try to append 1 batches web console lines for record '08c58463-d243-4a31-98da-ca4a8482118d', success rate: 1/1.
[2026-08-30 10:57:01Z INFO AddMaskCommandExtension] Add new secret mask with length of 524
[2026-08-30 10:57:01Z INFO JobServerQueue] Try to append 1 batches web console lines for record '08c58463-d243-4a31-98da-ca4a8482118d', success rate: 1/1.
[2026-08-30 10:57:01Z INFO JobServerQueue] Try to append 1 batches web console lines for record '08c58463-d243-4a31-98da-ca4a8482118d', success rate: 1/1.
[2026-08-30 10:57:01Z INFO JobServerQueue] Tried to upload 1 file(s) to results, success rate: 1/1.
[2026-08-30 10:57:01Z INFO JobServerQueue] Try to append 1 batches web console lines for record '08c58463-d243-4a31-98da-ca4a8482118d', success rate: 1/1.
[2026-08-30 10:57:02Z INFO JobServerQueue] Try to append 1 batches web console lines for record '08c58463-d243-4a31-98da-ca4a8482118d', success rate: 1/1.
[2026-08-30 10:57:05Z INFO JobServerQueue] Try to append 1 batches web console lines for record '08c58463-d243-4a31-98da-ca4a8482118d', success rate: 1/1.
[2026-08-30 10:57:06Z INFO JobServerQueue] Try to append 1 batches web console lines for record '08c58463-d243-4a31-98da-ca4a8482118d', success rate: 1/1.
[2026-08-30 10:57:06Z INFO JobServerQueue] Try to append 1 batches web console lines for record '08c58463-d243-4a31-98da-ca4a8482118d', success rate: 1/1.
[2026-08-30 10:57:07Z INFO JobServerQueue] Try to append 1 batches web console lines for record '08c58463-d243-4a31-98da-ca4a8482118d', success rate: 1/1.
[2026-08-30 10:57:08Z INFO JobServerQueue] Try to append 1 batches web console lines for record '08c58463-d243-4a31-98da-ca4a8482118d', success rate: 1/1.
[2026-08-30 10:57:08Z INFO HostContext] Well known directory 'Bin': 'C:\Users\krish\Documents\BITS\mlops-project\actions-runner\bin'
[2026-08-30 10:57:08Z INFO HostContext] Well known directory 'Root': 'C:\Users\krish\Documents\BITS\mlops-project\actions-runner'
[2026-08-30 10:57:08Z INFO HostContext] Well known directory 'Work': 'C:\Users\krish\Documents\BITS\mlops-project\actions-runner\_work'
[2026-08-30 10:57:09Z INFO JobServerQueue] Try to append 1 batches web console lines for record '08c58463-d243-4a31-98da-ca4a8482118d', success rate: 1/1.
[2026-08-30 10:57:09Z INFO JobServerQueue] Try to append 1 batches web console lines for record '08c58463-d243-4a31-98da-ca4a8482118d', success rate: 1/1.
[2026-08-30 10:57:11Z INFO JobServerQueue] Try to append 1 batches web console lines for record '08c58463-d243-4a31-98da-ca4a8482118d', success rate: 1/1.
[2026-08-30 10:57:12Z INFO JobServerQueue] Try to append 1 batches web console lines for record '08c58463-d243-4a31-98da-ca4a8482118d', success rate: 1/1.
[2026-08-30 10:57:12Z INFO JobServerQueue] Try to append 1 batches web console lines for record '08c58463-d243-4a31-98da-ca4a8482118d', success rate: 1/1.
[2026-08-30 10:57:12Z INFO JobServerQueue] Try to append 1 batches web console lines for record '08c58463-d243-4a31-98da-ca4a8482118d', success rate: 1/1.
[2026-08-30 10:57:12Z INFO ProcessInvokerWrapper] STDOUT/STDERR stream read finished.
[2026-08-30 10:57:12Z INFO ProcessInvokerWrapper] STDOUT/STDERR stream read finished.
[2026-08-30 10:57:12Z INFO ProcessInvokerWrapper] Finished process 23044 with exit code 0, and elapsed time 00:00:12.7827009.
[2026-08-30 10:57:12Z INFO CreateStepSummaryCommand] Step Summary file (C:\Users\krish\Documents\BITS\mlops-project\actions-runner\_work\_temp\_runner_file_commands\step_summary_90e7770e-fe2b-410b-82b1-ac3bc9639ed7) is empty; skipping attachment upload
[2026-08-30 10:57:12Z INFO StepsRunner] Step result: 
[2026-08-30 10:57:12Z INFO ExecutionContext] Publish step telemetry for current step {
  "action": "actions/checkout",
  "ref": "v4",
  "type": "node24",
  "stage": "Main",
  "stepId": "08c58463-d243-4a31-98da-ca4a8482118d",
  "stepContextName": "__actions_checkout",
  "hasPreStep": false,
  "hasPostStep": true,
  "result": "succeeded",
  "errorMessages": [],
  "executionTimeInSeconds": 14,
  "startTime": "2026-08-30T10:56:59.1354913Z",
  "finishTime": "2026-08-30T10:57:12.7919989Z"
}.
[2026-08-30 10:57:12Z INFO StepsRunner] No need for updating job result with current step result 'Succeeded'.
[2026-08-30 10:57:12Z INFO StepsRunner] Current state: job state = ''
[2026-08-30 10:57:12Z INFO StepsRunner] Processing step: DisplayName='Pull latest Docker image'
[2026-08-30 10:57:12Z INFO StepsRunner] Evaluating: success()
[2026-08-30 10:57:12Z INFO StepsRunner] Result: true
[2026-08-30 10:57:12Z INFO StepsRunner] Starting the step.
[2026-08-30 10:57:12Z INFO HostContext] Well known directory 'Bin': 'C:\Users\krish\Documents\BITS\mlops-project\actions-runner\bin'
[2026-08-30 10:57:12Z INFO HostContext] Well known directory 'Root': 'C:\Users\krish\Documents\BITS\mlops-project\actions-runner'
[2026-08-30 10:57:12Z INFO HostContext] Well known directory 'Work': 'C:\Users\krish\Documents\BITS\mlops-project\actions-runner\_work'
[2026-08-30 10:57:12Z INFO StepsRunner] Which2: 'chcp'
[2026-08-30 10:57:12Z INFO StepsRunner] Location: 'C:\WINDOWS\system32\chcp.COM'
[2026-08-30 10:57:12Z INFO ProcessInvokerWrapper] Starting process:
[2026-08-30 10:57:12Z INFO ProcessInvokerWrapper]   File name: 'C:\WINDOWS\system32\chcp.COM'
[2026-08-30 10:57:12Z INFO ProcessInvokerWrapper]   Arguments: '65001'
[2026-08-30 10:57:12Z INFO ProcessInvokerWrapper]   Working directory: 'C:\Users\krish\Documents\BITS\mlops-project\actions-runner\_work'
[2026-08-30 10:57:12Z INFO ProcessInvokerWrapper]   Require exit code zero: 'False'
[2026-08-30 10:57:12Z INFO ProcessInvokerWrapper]   Encoding web name:  ; code page: ''
[2026-08-30 10:57:12Z INFO ProcessInvokerWrapper]   Force kill process on cancellation: 'False'
[2026-08-30 10:57:12Z INFO ProcessInvokerWrapper]   Redirected STDIN: 'False'
[2026-08-30 10:57:12Z INFO ProcessInvokerWrapper]   Persist current code page: 'True'
[2026-08-30 10:57:12Z INFO ProcessInvokerWrapper]   Keep redirected STDIN open: 'False'
[2026-08-30 10:57:12Z INFO ProcessInvokerWrapper]   High priority process: 'False'
[2026-08-30 10:57:12Z INFO ProcessInvokerWrapper] Process started with process id 12632, waiting for process exit.
[2026-08-30 10:57:12Z INFO ProcessInvokerWrapper] STDOUT/STDERR stream read finished.
[2026-08-30 10:57:12Z INFO ProcessInvokerWrapper] STDOUT/STDERR stream read finished.
[2026-08-30 10:57:12Z INFO ProcessInvokerWrapper] Finished process 12632 with exit code 0, and elapsed time 00:00:00.0366638.
[2026-08-30 10:57:12Z INFO StepsRunner] Successfully returned to code page 65001 (UTF8)
[2026-08-30 10:57:12Z INFO HostContext] Well known directory 'Bin': 'C:\Users\krish\Documents\BITS\mlops-project\actions-runner\bin'
[2026-08-30 10:57:12Z INFO HostContext] Well known directory 'Root': 'C:\Users\krish\Documents\BITS\mlops-project\actions-runner'
[2026-08-30 10:57:12Z INFO HostContext] Well known directory 'Work': 'C:\Users\krish\Documents\BITS\mlops-project\actions-runner\_work'
[2026-08-30 10:57:12Z INFO HostContext] Well known directory 'Temp': 'C:\Users\krish\Documents\BITS\mlops-project\actions-runner\_work\_temp'
[2026-08-30 10:57:12Z INFO ExecutionContext] Write event payload to C:\Users\krish\Documents\BITS\mlops-project\actions-runner\_work\_temp\_github_workflow\event.json
[2026-08-30 10:57:12Z INFO HostContext] Well known directory 'Bin': 'C:\Users\krish\Documents\BITS\mlops-project\actions-runner\bin'
[2026-08-30 10:57:12Z INFO HostContext] Well known directory 'Root': 'C:\Users\krish\Documents\BITS\mlops-project\actions-runner'
[2026-08-30 10:57:12Z INFO HostContext] Well known directory 'Work': 'C:\Users\krish\Documents\BITS\mlops-project\actions-runner\_work'
[2026-08-30 10:57:12Z INFO HostContext] Well known directory 'Temp': 'C:\Users\krish\Documents\BITS\mlops-project\actions-runner\_work\_temp'
[2026-08-30 10:57:12Z INFO ExtensionManager] Getting extensions for interface: 'GitHub.Runner.Worker.IFileCommandExtension'
[2026-08-30 10:57:12Z INFO ExtensionManager] Getting extensions for interface: 'GitHub.Runner.Worker.IActionCommandExtension'
[2026-08-30 10:57:12Z INFO ActionCommandManager] Register action command extension for command internal-set-repo-path
[2026-08-30 10:57:12Z INFO ActionCommandManager] Register action command extension for command set-env
[2026-08-30 10:57:12Z INFO ActionCommandManager] Register action command extension for command set-output
[2026-08-30 10:57:12Z INFO ActionCommandManager] Register action command extension for command save-state
[2026-08-30 10:57:12Z INFO ActionCommandManager] Register action command extension for command add-path
[2026-08-30 10:57:12Z INFO ActionCommandManager] Register action command extension for command add-mask
[2026-08-30 10:57:12Z INFO ActionCommandManager] Register action command extension for command add-matcher
[2026-08-30 10:57:12Z INFO ActionCommandManager] Register action command extension for command remove-matcher
[2026-08-30 10:57:12Z INFO ActionCommandManager] Register action command extension for command warning
[2026-08-30 10:57:12Z INFO ActionCommandManager] Register action command extension for command error
[2026-08-30 10:57:12Z INFO ActionCommandManager] Register action command extension for command notice
[2026-08-30 10:57:12Z INFO ActionCommandManager] Register action command extension for command debug
[2026-08-30 10:57:12Z INFO ActionCommandManager] Register action command extension for command group
[2026-08-30 10:57:12Z INFO ActionCommandManager] Register action command extension for command endgroup
[2026-08-30 10:57:12Z INFO ActionCommandManager] Register action command extension for command echo
[2026-08-30 10:57:12Z INFO ScriptHandler] Which2: 'cmd'
[2026-08-30 10:57:12Z INFO ScriptHandler] Location: 'C:\WINDOWS\system32\cmd.EXE'
[2026-08-30 10:57:12Z INFO HostContext] Well known directory 'Bin': 'C:\Users\krish\Documents\BITS\mlops-project\actions-runner\bin'
[2026-08-30 10:57:12Z INFO HostContext] Well known directory 'Root': 'C:\Users\krish\Documents\BITS\mlops-project\actions-runner'
[2026-08-30 10:57:12Z INFO HostContext] Well known directory 'Work': 'C:\Users\krish\Documents\BITS\mlops-project\actions-runner\_work'
[2026-08-30 10:57:12Z INFO HostContext] Well known directory 'Temp': 'C:\Users\krish\Documents\BITS\mlops-project\actions-runner\_work\_temp'
[2026-08-30 10:57:12Z INFO ScriptHandler] Which2: 'cmd'
[2026-08-30 10:57:12Z INFO ScriptHandler] Location: 'C:\WINDOWS\system32\cmd.EXE'
[2026-08-30 10:57:12Z INFO ProcessInvokerWrapper] Starting process:
[2026-08-30 10:57:12Z INFO ProcessInvokerWrapper]   File name: 'C:\WINDOWS\system32\cmd.EXE'
[2026-08-30 10:57:12Z INFO ProcessInvokerWrapper]   Arguments: '/D /E:ON /V:OFF /S /C "CALL "C:\Users\krish\Documents\BITS\mlops-project\actions-runner\_work\_temp\d36d6443-73c0-4675-bf88-d1fd613b75c7.cmd""'
[2026-08-30 10:57:12Z INFO ProcessInvokerWrapper]   Working directory: 'C:\Users\krish\Documents\BITS\mlops-project\actions-runner\_work\assignment2\assignment2'
[2026-08-30 10:57:12Z INFO ProcessInvokerWrapper]   Require exit code zero: 'False'
[2026-08-30 10:57:12Z INFO ProcessInvokerWrapper]   Encoding web name:  ; code page: ''
[2026-08-30 10:57:12Z INFO ProcessInvokerWrapper]   Force kill process on cancellation: 'False'
[2026-08-30 10:57:12Z INFO ProcessInvokerWrapper]   Redirected STDIN: 'False'
[2026-08-30 10:57:12Z INFO ProcessInvokerWrapper]   Persist current code page: 'True'
[2026-08-30 10:57:12Z INFO ProcessInvokerWrapper]   Keep redirected STDIN open: 'False'
[2026-08-30 10:57:12Z INFO ProcessInvokerWrapper]   High priority process: 'False'
[2026-08-30 10:57:12Z INFO ProcessInvokerWrapper] Process started with process id 14420, waiting for process exit.
[2026-08-30 10:57:12Z INFO JobServerQueue] Try to append 1 batches web console lines for record '6d34916a-e899-464d-894c-e889ad1ec9d0', success rate: 1/1.
[2026-08-30 10:57:12Z INFO JobServerQueue] Got a step log file to send to results service.
[2026-08-30 10:57:12Z INFO JobServerQueue] Starting upload of step log file to results service ResultsLog, C:\Users\krish\Documents\BITS\mlops-project\actions-runner\_diag\blocks\5ab6d68c-3fde-494c-9515-69b832a29d5e_08c58463-d243-4a31-98da-ca4a8482118d.1
[2026-08-30 10:57:13Z INFO JobServerQueue] Try to upload 1 log files or attachments, success rate: 1/1.
[2026-08-30 10:57:13Z INFO JobServerQueue] Try to append 1 batches web console lines for record '6d34916a-e899-464d-894c-e889ad1ec9d0', success rate: 1/1.
[2026-08-30 10:57:13Z INFO JobServerQueue] Tried to upload 1 file(s) to results, success rate: 1/1.
[2026-08-30 10:57:18Z INFO JobServerQueue] Try to append 1 batches web console lines for record '6d34916a-e899-464d-894c-e889ad1ec9d0', success rate: 1/1.
[2026-08-30 10:57:18Z INFO HostContext] Well known directory 'Bin': 'C:\Users\krish\Documents\BITS\mlops-project\actions-runner\bin'
[2026-08-30 10:57:18Z INFO HostContext] Well known directory 'Root': 'C:\Users\krish\Documents\BITS\mlops-project\actions-runner'
[2026-08-30 10:57:18Z INFO HostContext] Well known directory 'Work': 'C:\Users\krish\Documents\BITS\mlops-project\actions-runner\_work'
[2026-08-30 10:57:19Z INFO JobServerQueue] Try to append 1 batches web console lines for record '6d34916a-e899-464d-894c-e889ad1ec9d0', success rate: 1/1.
[2026-08-30 10:57:20Z INFO JobServerQueue] Try to append 1 batches web console lines for record '6d34916a-e899-464d-894c-e889ad1ec9d0', success rate: 1/1.
[2026-08-30 10:57:20Z INFO JobServerQueue] Try to append 1 batches web console lines for record '6d34916a-e899-464d-894c-e889ad1ec9d0', success rate: 1/1.
[2026-08-30 10:57:21Z INFO JobServerQueue] Try to append 1 batches web console lines for record '6d34916a-e899-464d-894c-e889ad1ec9d0', success rate: 1/1.
[2026-08-30 10:57:21Z INFO JobServerQueue] Try to append 1 batches web console lines for record '6d34916a-e899-464d-894c-e889ad1ec9d0', success rate: 1/1.
[2026-08-30 10:57:22Z INFO JobServerQueue] Try to append 1 batches web console lines for record '6d34916a-e899-464d-894c-e889ad1ec9d0', success rate: 1/1.
[2026-08-30 10:57:22Z INFO JobServerQueue] Try to append 1 batches web console lines for record '6d34916a-e899-464d-894c-e889ad1ec9d0', success rate: 1/1.
[2026-08-30 10:57:22Z INFO JobServerQueue] Try to append 1 batches web console lines for record '6d34916a-e899-464d-894c-e889ad1ec9d0', success rate: 1/1.
[2026-08-30 10:57:22Z INFO JobServerQueue] Try to append 1 batches web console lines for record '6d34916a-e899-464d-894c-e889ad1ec9d0', success rate: 1/1.
[2026-08-30 10:57:23Z INFO JobServerQueue] Try to append 1 batches web console lines for record '6d34916a-e899-464d-894c-e889ad1ec9d0', success rate: 1/1.
[2026-08-30 10:57:23Z INFO JobServerQueue] Try to append 1 batches web console lines for record '6d34916a-e899-464d-894c-e889ad1ec9d0', success rate: 1/1.
[2026-08-30 10:57:23Z INFO JobServerQueue] Try to append 1 batches web console lines for record '6d34916a-e899-464d-894c-e889ad1ec9d0', success rate: 1/1.
[2026-08-30 10:57:23Z INFO JobServerQueue] Try to append 1 batches web console lines for record '6d34916a-e899-464d-894c-e889ad1ec9d0', success rate: 1/1.
[2026-08-30 10:57:24Z INFO JobServerQueue] Try to append 1 batches web console lines for record '6d34916a-e899-464d-894c-e889ad1ec9d0', success rate: 1/1.
[2026-08-30 10:57:24Z INFO JobServerQueue] Try to append 1 batches web console lines for record '6d34916a-e899-464d-894c-e889ad1ec9d0', success rate: 1/1.
[2026-08-30 10:57:24Z INFO JobServerQueue] Try to append 1 batches web console lines for record '6d34916a-e899-464d-894c-e889ad1ec9d0', success rate: 1/1.
[2026-08-30 10:57:24Z INFO JobServerQueue] Try to append 1 batches web console lines for record '6d34916a-e899-464d-894c-e889ad1ec9d0', success rate: 1/1.
[2026-08-30 10:57:25Z INFO JobServerQueue] Try to append 1 batches web console lines for record '6d34916a-e899-464d-894c-e889ad1ec9d0', success rate: 1/1.
[2026-08-30 10:57:25Z INFO JobServerQueue] Try to append 1 batches web console lines for record '6d34916a-e899-464d-894c-e889ad1ec9d0', success rate: 1/1.
[2026-08-30 10:57:25Z INFO JobServerQueue] Try to append 1 batches web console lines for record '6d34916a-e899-464d-894c-e889ad1ec9d0', success rate: 1/1.
[2026-08-30 10:57:26Z INFO JobServerQueue] Try to append 1 batches web console lines for record '6d34916a-e899-464d-894c-e889ad1ec9d0', success rate: 1/1.
[2026-08-30 10:57:26Z INFO JobServerQueue] Try to append 1 batches web console lines for record '6d34916a-e899-464d-894c-e889ad1ec9d0', success rate: 1/1.
[2026-08-30 10:57:26Z INFO JobServerQueue] Try to append 1 batches web console lines for record '6d34916a-e899-464d-894c-e889ad1ec9d0', success rate: 1/1.
[2026-08-30 10:57:26Z INFO JobServerQueue] Try to append 1 batches web console lines for record '6d34916a-e899-464d-894c-e889ad1ec9d0', success rate: 1/1.
[2026-08-30 10:57:27Z INFO JobServerQueue] Try to append 1 batches web console lines for record '6d34916a-e899-464d-894c-e889ad1ec9d0', success rate: 1/1.
[2026-08-30 10:57:27Z INFO JobServerQueue] Try to append 1 batches web console lines for record '6d34916a-e899-464d-894c-e889ad1ec9d0', success rate: 1/1.
[2026-08-30 10:57:27Z INFO JobServerQueue] Try to append 1 batches web console lines for record '6d34916a-e899-464d-894c-e889ad1ec9d0', success rate: 1/1.
[2026-08-30 10:57:27Z INFO JobServerQueue] Try to append 1 batches web console lines for record '6d34916a-e899-464d-894c-e889ad1ec9d0', success rate: 1/1.
[2026-08-30 10:57:28Z INFO JobServerQueue] Try to append 1 batches web console lines for record '6d34916a-e899-464d-894c-e889ad1ec9d0', success rate: 1/1.
[2026-08-30 10:57:28Z INFO JobServerQueue] Try to append 1 batches web console lines for record '6d34916a-e899-464d-894c-e889ad1ec9d0', success rate: 1/1.
[2026-08-30 10:57:28Z INFO JobServerQueue] Try to append 1 batches web console lines for record '6d34916a-e899-464d-894c-e889ad1ec9d0', success rate: 1/1.
[2026-08-30 10:57:28Z INFO HostContext] Well known directory 'Bin': 'C:\Users\krish\Documents\BITS\mlops-project\actions-runner\bin'
[2026-08-30 10:57:28Z INFO HostContext] Well known directory 'Root': 'C:\Users\krish\Documents\BITS\mlops-project\actions-runner'
[2026-08-30 10:57:28Z INFO JobServerQueue] Try to append 1 batches web console lines for record '6d34916a-e899-464d-894c-e889ad1ec9d0', success rate: 1/1.
[2026-08-30 10:57:28Z INFO HostContext] Well known directory 'Work': 'C:\Users\krish\Documents\BITS\mlops-project\actions-runner\_work'
[2026-08-30 10:57:29Z INFO JobServerQueue] Try to append 1 batches web console lines for record '6d34916a-e899-464d-894c-e889ad1ec9d0', success rate: 1/1.
[2026-08-30 10:57:29Z INFO JobServerQueue] Try to append 1 batches web console lines for record '6d34916a-e899-464d-894c-e889ad1ec9d0', success rate: 1/1.
[2026-08-30 10:57:29Z INFO JobServerQueue] Try to append 1 batches web console lines for record '6d34916a-e899-464d-894c-e889ad1ec9d0', success rate: 1/1.
[2026-08-30 10:57:30Z INFO JobServerQueue] Try to append 1 batches web console lines for record '6d34916a-e899-464d-894c-e889ad1ec9d0', success rate: 1/1.
[2026-08-30 10:57:30Z INFO JobServerQueue] Try to append 1 batches web console lines for record '6d34916a-e899-464d-894c-e889ad1ec9d0', success rate: 1/1.
[2026-08-30 10:57:30Z INFO JobServerQueue] Try to append 1 batches web console lines for record '6d34916a-e899-464d-894c-e889ad1ec9d0', success rate: 1/1.
[2026-08-30 10:57:30Z INFO JobServerQueue] Try to append 1 batches web console lines for record '6d34916a-e899-464d-894c-e889ad1ec9d0', success rate: 1/1.
[2026-08-30 10:57:31Z INFO JobServerQueue] Try to append 1 batches web console lines for record '6d34916a-e899-464d-894c-e889ad1ec9d0', success rate: 1/1.
[2026-08-30 10:57:31Z INFO JobServerQueue] Try to append 1 batches web console lines for record '6d34916a-e899-464d-894c-e889ad1ec9d0', success rate: 1/1.
[2026-08-30 10:57:31Z INFO JobServerQueue] Try to append 1 batches web console lines for record '6d34916a-e899-464d-894c-e889ad1ec9d0', success rate: 1/1.
[2026-08-30 10:57:31Z INFO JobServerQueue] Try to append 1 batches web console lines for record '6d34916a-e899-464d-894c-e889ad1ec9d0', success rate: 1/1.
[2026-08-30 10:57:32Z INFO JobServerQueue] Try to append 1 batches web console lines for record '6d34916a-e899-464d-894c-e889ad1ec9d0', success rate: 1/1.
[2026-08-30 10:57:32Z INFO JobServerQueue] Try to append 1 batches web console lines for record '6d34916a-e899-464d-894c-e889ad1ec9d0', success rate: 1/1.
[2026-08-30 10:57:32Z INFO JobServerQueue] Try to append 1 batches web console lines for record '6d34916a-e899-464d-894c-e889ad1ec9d0', success rate: 1/1.
[2026-08-30 10:57:32Z INFO JobServerQueue] Try to append 1 batches web console lines for record '6d34916a-e899-464d-894c-e889ad1ec9d0', success rate: 1/1.
[2026-08-30 10:57:33Z INFO JobServerQueue] Try to append 1 batches web console lines for record '6d34916a-e899-464d-894c-e889ad1ec9d0', success rate: 1/1.
[2026-08-30 10:57:33Z INFO JobServerQueue] Try to append 1 batches web console lines for record '6d34916a-e899-464d-894c-e889ad1ec9d0', success rate: 1/1.
[2026-08-30 10:57:33Z INFO JobServerQueue] Try to append 1 batches web console lines for record '6d34916a-e899-464d-894c-e889ad1ec9d0', success rate: 1/1.
[2026-08-30 10:57:34Z INFO JobServerQueue] Try to append 1 batches web console lines for record '6d34916a-e899-464d-894c-e889ad1ec9d0', success rate: 1/1.
[2026-08-30 10:57:34Z INFO JobServerQueue] Try to append 1 batches web console lines for record '6d34916a-e899-464d-894c-e889ad1ec9d0', success rate: 1/1.
[2026-08-30 10:57:34Z INFO JobServerQueue] Try to append 1 batches web console lines for record '6d34916a-e899-464d-894c-e889ad1ec9d0', success rate: 1/1.
[2026-08-30 10:57:34Z INFO JobServerQueue] Try to append 1 batches web console lines for record '6d34916a-e899-464d-894c-e889ad1ec9d0', success rate: 1/1.
[2026-08-30 10:57:35Z INFO JobServerQueue] Try to append 1 batches web console lines for record '6d34916a-e899-464d-894c-e889ad1ec9d0', success rate: 1/1.
[2026-08-30 10:57:35Z INFO JobServerQueue] Try to append 1 batches web console lines for record '6d34916a-e899-464d-894c-e889ad1ec9d0', success rate: 1/1.
[2026-08-30 10:57:35Z INFO JobServerQueue] Try to append 1 batches web console lines for record '6d34916a-e899-464d-894c-e889ad1ec9d0', success rate: 1/1.
[2026-08-30 10:57:35Z INFO JobServerQueue] Try to append 1 batches web console lines for record '6d34916a-e899-464d-894c-e889ad1ec9d0', success rate: 1/1.
[2026-08-30 10:57:36Z INFO JobServerQueue] Try to append 1 batches web console lines for record '6d34916a-e899-464d-894c-e889ad1ec9d0', success rate: 1/1.
[2026-08-30 10:57:36Z INFO JobServerQueue] Try to append 1 batches web console lines for record '6d34916a-e899-464d-894c-e889ad1ec9d0', success rate: 1/1.
[2026-08-30 10:57:36Z INFO JobServerQueue] Try to append 1 batches web console lines for record '6d34916a-e899-464d-894c-e889ad1ec9d0', success rate: 1/1.
[2026-08-30 10:57:36Z INFO JobServerQueue] Try to append 1 batches web console lines for record '6d34916a-e899-464d-894c-e889ad1ec9d0', success rate: 1/1.
[2026-08-30 10:57:37Z INFO JobServerQueue] Try to append 1 batches web console lines for record '6d34916a-e899-464d-894c-e889ad1ec9d0', success rate: 1/1.
[2026-08-30 10:57:37Z INFO JobServerQueue] Try to append 1 batches web console lines for record '6d34916a-e899-464d-894c-e889ad1ec9d0', success rate: 1/1.
[2026-08-30 10:57:37Z INFO JobServerQueue] Try to append 1 batches web console lines for record '6d34916a-e899-464d-894c-e889ad1ec9d0', success rate: 1/1.
[2026-08-30 10:57:37Z INFO JobServerQueue] Try to append 1 batches web console lines for record '6d34916a-e899-464d-894c-e889ad1ec9d0', success rate: 1/1.
[2026-08-30 10:57:38Z INFO JobServerQueue] Try to append 1 batches web console lines for record '6d34916a-e899-464d-894c-e889ad1ec9d0', success rate: 1/1.
[2026-08-30 10:57:38Z INFO JobServerQueue] Try to append 1 batches web console lines for record '6d34916a-e899-464d-894c-e889ad1ec9d0', success rate: 1/1.
[2026-08-30 10:57:38Z INFO JobServerQueue] Try to append 1 batches web console lines for record '6d34916a-e899-464d-894c-e889ad1ec9d0', success rate: 1/1.
[2026-08-30 10:57:38Z INFO HostContext] Well known directory 'Bin': 'C:\Users\krish\Documents\BITS\mlops-project\actions-runner\bin'
[2026-08-30 10:57:38Z INFO HostContext] Well known directory 'Root': 'C:\Users\krish\Documents\BITS\mlops-project\actions-runner'
[2026-08-30 10:57:38Z INFO HostContext] Well known directory 'Work': 'C:\Users\krish\Documents\BITS\mlops-project\actions-runner\_work'
[2026-08-30 10:57:39Z INFO JobServerQueue] Try to append 1 batches web console lines for record '6d34916a-e899-464d-894c-e889ad1ec9d0', success rate: 1/1.
[2026-08-30 10:57:39Z INFO JobServerQueue] Try to append 1 batches web console lines for record '6d34916a-e899-464d-894c-e889ad1ec9d0', success rate: 1/1.
[2026-08-30 10:57:39Z INFO JobServerQueue] Try to append 1 batches web console lines for record '6d34916a-e899-464d-894c-e889ad1ec9d0', success rate: 1/1.
[2026-08-30 10:57:39Z INFO JobServerQueue] Try to append 1 batches web console lines for record '6d34916a-e899-464d-894c-e889ad1ec9d0', success rate: 1/1.
[2026-08-30 10:57:40Z INFO JobServerQueue] Try to append 1 batches web console lines for record '6d34916a-e899-464d-894c-e889ad1ec9d0', success rate: 1/1.
[2026-08-30 10:57:40Z INFO JobServerQueue] Try to append 1 batches web console lines for record '6d34916a-e899-464d-894c-e889ad1ec9d0', success rate: 1/1.
[2026-08-30 10:57:40Z INFO JobServerQueue] Try to append 1 batches web console lines for record '6d34916a-e899-464d-894c-e889ad1ec9d0', success rate: 1/1.
[2026-08-30 10:57:40Z INFO JobServerQueue] Try to append 1 batches web console lines for record '6d34916a-e899-464d-894c-e889ad1ec9d0', success rate: 1/1.
[2026-08-30 10:57:41Z INFO JobServerQueue] Try to append 1 batches web console lines for record '6d34916a-e899-464d-894c-e889ad1ec9d0', success rate: 1/1.
[2026-08-30 10:57:41Z INFO JobServerQueue] Try to append 1 batches web console lines for record '6d34916a-e899-464d-894c-e889ad1ec9d0', success rate: 1/1.
[2026-08-30 10:57:41Z INFO JobServerQueue] Try to append 1 batches web console lines for record '6d34916a-e899-464d-894c-e889ad1ec9d0', success rate: 1/1.
[2026-08-30 10:57:42Z INFO JobServerQueue] Try to append 1 batches web console lines for record '6d34916a-e899-464d-894c-e889ad1ec9d0', success rate: 1/1.
[2026-08-30 10:57:42Z INFO JobServerQueue] Try to append 1 batches web console lines for record '6d34916a-e899-464d-894c-e889ad1ec9d0', success rate: 1/1.
[2026-08-30 10:57:42Z INFO JobServerQueue] Try to append 1 batches web console lines for record '6d34916a-e899-464d-894c-e889ad1ec9d0', success rate: 1/1.
[2026-08-30 10:57:42Z INFO JobServerQueue] Try to append 1 batches web console lines for record '6d34916a-e899-464d-894c-e889ad1ec9d0', success rate: 1/1.
[2026-08-30 10:57:43Z INFO JobServerQueue] Try to append 1 batches web console lines for record '6d34916a-e899-464d-894c-e889ad1ec9d0', success rate: 1/1.
[2026-08-30 10:57:43Z INFO JobServerQueue] Try to append 1 batches web console lines for record '6d34916a-e899-464d-894c-e889ad1ec9d0', success rate: 1/1.
[2026-08-30 10:57:43Z INFO JobServerQueue] Try to append 1 batches web console lines for record '6d34916a-e899-464d-894c-e889ad1ec9d0', success rate: 1/1.
[2026-08-30 10:57:43Z INFO JobServerQueue] Try to append 1 batches web console lines for record '6d34916a-e899-464d-894c-e889ad1ec9d0', success rate: 1/1.
[2026-08-30 10:57:44Z INFO JobServerQueue] Try to append 1 batches web console lines for record '6d34916a-e899-464d-894c-e889ad1ec9d0', success rate: 1/1.
[2026-08-30 10:57:44Z INFO JobServerQueue] Try to append 1 batches web console lines for record '6d34916a-e899-464d-894c-e889ad1ec9d0', success rate: 1/1.
[2026-08-30 10:57:44Z INFO JobServerQueue] Try to append 1 batches web console lines for record '6d34916a-e899-464d-894c-e889ad1ec9d0', success rate: 1/1.
[2026-08-30 10:57:45Z INFO JobServerQueue] Try to append 1 batches web console lines for record '6d34916a-e899-464d-894c-e889ad1ec9d0', success rate: 1/1.
[2026-08-30 10:57:45Z INFO JobServerQueue] Try to append 1 batches web console lines for record '6d34916a-e899-464d-894c-e889ad1ec9d0', success rate: 1/1.
[2026-08-30 10:57:45Z INFO JobServerQueue] Try to append 1 batches web console lines for record '6d34916a-e899-464d-894c-e889ad1ec9d0', success rate: 1/1.
[2026-08-30 10:57:45Z INFO JobServerQueue] Try to append 1 batches web console lines for record '6d34916a-e899-464d-894c-e889ad1ec9d0', success rate: 1/1.
[2026-08-30 10:57:46Z INFO JobServerQueue] Try to append 1 batches web console lines for record '6d34916a-e899-464d-894c-e889ad1ec9d0', success rate: 1/1.
[2026-08-30 10:57:46Z INFO JobServerQueue] Try to append 1 batches web console lines for record '6d34916a-e899-464d-894c-e889ad1ec9d0', success rate: 1/1.
[2026-08-30 10:57:46Z INFO JobServerQueue] Try to append 1 batches web console lines for record '6d34916a-e899-464d-894c-e889ad1ec9d0', success rate: 1/1.
[2026-08-30 10:57:47Z INFO JobServerQueue] Try to append 1 batches web console lines for record '6d34916a-e899-464d-894c-e889ad1ec9d0', success rate: 1/1.
[2026-08-30 10:57:47Z INFO JobServerQueue] Try to append 1 batches web console lines for record '6d34916a-e899-464d-894c-e889ad1ec9d0', success rate: 1/1.
[2026-08-30 10:57:47Z INFO JobServerQueue] Try to append 1 batches web console lines for record '6d34916a-e899-464d-894c-e889ad1ec9d0', success rate: 1/1.
[2026-08-30 10:57:47Z INFO JobServerQueue] Try to append 1 batches web console lines for record '6d34916a-e899-464d-894c-e889ad1ec9d0', success rate: 1/1.
[2026-08-30 10:57:48Z INFO JobServerQueue] Try to append 1 batches web console lines for record '6d34916a-e899-464d-894c-e889ad1ec9d0', success rate: 1/1.
[2026-08-30 10:57:48Z INFO JobServerQueue] Try to append 1 batches web console lines for record '6d34916a-e899-464d-894c-e889ad1ec9d0', success rate: 1/1.
[2026-08-30 10:57:48Z INFO JobServerQueue] Try to append 1 batches web console lines for record '6d34916a-e899-464d-894c-e889ad1ec9d0', success rate: 1/1.
[2026-08-30 10:57:49Z INFO JobServerQueue] Try to append 1 batches web console lines for record '6d34916a-e899-464d-894c-e889ad1ec9d0', success rate: 1/1.
[2026-08-30 10:57:49Z INFO HostContext] Well known directory 'Bin': 'C:\Users\krish\Documents\BITS\mlops-project\actions-runner\bin'
[2026-08-30 10:57:49Z INFO HostContext] Well known directory 'Root': 'C:\Users\krish\Documents\BITS\mlops-project\actions-runner'
[2026-08-30 10:57:49Z INFO HostContext] Well known directory 'Work': 'C:\Users\krish\Documents\BITS\mlops-project\actions-runner\_work'
[2026-08-30 10:57:49Z INFO JobServerQueue] Try to append 1 batches web console lines for record '6d34916a-e899-464d-894c-e889ad1ec9d0', success rate: 1/1.
[2026-08-30 10:57:49Z INFO JobServerQueue] Try to append 1 batches web console lines for record '6d34916a-e899-464d-894c-e889ad1ec9d0', success rate: 1/1.
[2026-08-30 10:57:49Z INFO JobServerQueue] Try to append 1 batches web console lines for record '6d34916a-e899-464d-894c-e889ad1ec9d0', success rate: 1/1.
[2026-08-30 10:57:50Z INFO JobServerQueue] Try to append 1 batches web console lines for record '6d34916a-e899-464d-894c-e889ad1ec9d0', success rate: 1/1.
[2026-08-30 10:57:50Z INFO JobServerQueue] Try to append 1 batches web console lines for record '6d34916a-e899-464d-894c-e889ad1ec9d0', success rate: 1/1.
[2026-08-30 10:57:50Z INFO JobServerQueue] Try to append 1 batches web console lines for record '6d34916a-e899-464d-894c-e889ad1ec9d0', success rate: 1/1.
[2026-08-30 10:57:50Z INFO JobServerQueue] Try to append 1 batches web console lines for record '6d34916a-e899-464d-894c-e889ad1ec9d0', success rate: 1/1.
[2026-08-30 10:57:51Z INFO JobServerQueue] Try to append 1 batches web console lines for record '6d34916a-e899-464d-894c-e889ad1ec9d0', success rate: 1/1.
[2026-08-30 10:57:51Z INFO JobServerQueue] Try to append 1 batches web console lines for record '6d34916a-e899-464d-894c-e889ad1ec9d0', success rate: 1/1.
[2026-08-30 10:57:51Z INFO JobServerQueue] Try to append 1 batches web console lines for record '6d34916a-e899-464d-894c-e889ad1ec9d0', success rate: 1/1.
[2026-08-30 10:57:52Z INFO JobServerQueue] Try to append 1 batches web console lines for record '6d34916a-e899-464d-894c-e889ad1ec9d0', success rate: 1/1.
[2026-08-30 10:57:52Z INFO JobServerQueue] Try to append 1 batches web console lines for record '6d34916a-e899-464d-894c-e889ad1ec9d0', success rate: 1/1.
[2026-08-30 10:57:52Z INFO JobServerQueue] Try to append 1 batches web console lines for record '6d34916a-e899-464d-894c-e889ad1ec9d0', success rate: 1/1.
[2026-08-30 10:57:52Z INFO JobServerQueue] Try to append 1 batches web console lines for record '6d34916a-e899-464d-894c-e889ad1ec9d0', success rate: 1/1.
[2026-08-30 10:57:53Z INFO JobServerQueue] Try to append 1 batches web console lines for record '6d34916a-e899-464d-894c-e889ad1ec9d0', success rate: 1/1.
[2026-08-30 10:57:53Z INFO JobServerQueue] Try to append 1 batches web console lines for record '6d34916a-e899-464d-894c-e889ad1ec9d0', success rate: 1/1.
[2026-08-30 10:57:53Z INFO JobServerQueue] Try to append 1 batches web console lines for record '6d34916a-e899-464d-894c-e889ad1ec9d0', success rate: 1/1.
[2026-08-30 10:57:53Z INFO JobServerQueue] Try to append 1 batches web console lines for record '6d34916a-e899-464d-894c-e889ad1ec9d0', success rate: 1/1.
[2026-08-30 10:57:54Z INFO JobServerQueue] Try to append 1 batches web console lines for record '6d34916a-e899-464d-894c-e889ad1ec9d0', success rate: 1/1.
[2026-08-30 10:57:54Z INFO JobServerQueue] Try to append 1 batches web console lines for record '6d34916a-e899-464d-894c-e889ad1ec9d0', success rate: 1/1.
[2026-08-30 10:57:54Z INFO JobServerQueue] Try to append 1 batches web console lines for record '6d34916a-e899-464d-894c-e889ad1ec9d0', success rate: 1/1.
[2026-08-30 10:57:55Z INFO JobServerQueue] Try to append 1 batches web console lines for record '6d34916a-e899-464d-894c-e889ad1ec9d0', success rate: 1/1.
[2026-08-30 10:57:55Z INFO JobServerQueue] Try to append 1 batches web console lines for record '6d34916a-e899-464d-894c-e889ad1ec9d0', success rate: 1/1.
[2026-08-30 10:57:55Z INFO JobServerQueue] Try to append 1 batches web console lines for record '6d34916a-e899-464d-894c-e889ad1ec9d0', success rate: 1/1.
[2026-08-30 10:57:56Z INFO JobServerQueue] Try to append 1 batches web console lines for record '6d34916a-e899-464d-894c-e889ad1ec9d0', success rate: 1/1.
[2026-08-30 10:57:56Z INFO JobServerQueue] Try to append 1 batches web console lines for record '6d34916a-e899-464d-894c-e889ad1ec9d0', success rate: 1/1.
[2026-08-30 10:57:56Z INFO JobServerQueue] Try to append 1 batches web console lines for record '6d34916a-e899-464d-894c-e889ad1ec9d0', success rate: 1/1.
[2026-08-30 10:57:56Z INFO JobServerQueue] Try to append 1 batches web console lines for record '6d34916a-e899-464d-894c-e889ad1ec9d0', success rate: 1/1.
[2026-08-30 10:57:57Z INFO JobServerQueue] Try to append 1 batches web console lines for record '6d34916a-e899-464d-894c-e889ad1ec9d0', success rate: 1/1.
[2026-08-30 10:57:57Z INFO JobServerQueue] Try to append 1 batches web console lines for record '6d34916a-e899-464d-894c-e889ad1ec9d0', success rate: 1/1.
[2026-08-30 10:57:57Z INFO JobServerQueue] Try to append 1 batches web console lines for record '6d34916a-e899-464d-894c-e889ad1ec9d0', success rate: 1/1.
[2026-08-30 10:57:58Z INFO JobServerQueue] Try to append 1 batches web console lines for record '6d34916a-e899-464d-894c-e889ad1ec9d0', success rate: 1/1.
[2026-08-30 10:57:58Z INFO JobServerQueue] Try to append 1 batches web console lines for record '6d34916a-e899-464d-894c-e889ad1ec9d0', success rate: 1/1.
[2026-08-30 10:57:58Z INFO JobServerQueue] Try to append 1 batches web console lines for record '6d34916a-e899-464d-894c-e889ad1ec9d0', success rate: 1/1.
[2026-08-30 10:57:58Z INFO JobServerQueue] Try to append 1 batches web console lines for record '6d34916a-e899-464d-894c-e889ad1ec9d0', success rate: 1/1.
[2026-08-30 10:57:59Z INFO HostContext] Well known directory 'Bin': 'C:\Users\krish\Documents\BITS\mlops-project\actions-runner\bin'
[2026-08-30 10:57:59Z INFO HostContext] Well known directory 'Root': 'C:\Users\krish\Documents\BITS\mlops-project\actions-runner'
[2026-08-30 10:57:59Z INFO HostContext] Well known directory 'Work': 'C:\Users\krish\Documents\BITS\mlops-project\actions-runner\_work'
[2026-08-30 10:57:59Z INFO JobServerQueue] Try to append 1 batches web console lines for record '6d34916a-e899-464d-894c-e889ad1ec9d0', success rate: 1/1.
[2026-08-30 10:57:59Z INFO JobServerQueue] Try to append 1 batches web console lines for record '6d34916a-e899-464d-894c-e889ad1ec9d0', success rate: 1/1.
[2026-08-30 10:57:59Z INFO JobServerQueue] Try to append 1 batches web console lines for record '6d34916a-e899-464d-894c-e889ad1ec9d0', success rate: 1/1.
[2026-08-30 10:57:59Z INFO JobServerQueue] Try to append 1 batches web console lines for record '6d34916a-e899-464d-894c-e889ad1ec9d0', success rate: 1/1.
[2026-08-30 10:58:00Z INFO JobServerQueue] Try to append 1 batches web console lines for record '6d34916a-e899-464d-894c-e889ad1ec9d0', success rate: 1/1.
[2026-08-30 10:58:00Z INFO JobServerQueue] Stop aggressive process web console line queue.
[2026-08-30 10:58:00Z INFO JobServerQueue] Try to append 1 batches web console lines for record '6d34916a-e899-464d-894c-e889ad1ec9d0', success rate: 1/1.
[2026-08-30 10:58:00Z INFO JobServerQueue] Try to append 1 batches web console lines for record '6d34916a-e899-464d-894c-e889ad1ec9d0', success rate: 1/1.
[2026-08-30 10:58:01Z INFO JobServerQueue] Try to append 1 batches web console lines for record '6d34916a-e899-464d-894c-e889ad1ec9d0', success rate: 1/1.
[2026-08-30 10:58:02Z INFO JobServerQueue] Try to append 1 batches web console lines for record '6d34916a-e899-464d-894c-e889ad1ec9d0', success rate: 1/1.
[2026-08-30 10:58:02Z INFO JobServerQueue] Try to append 1 batches web console lines for record '6d34916a-e899-464d-894c-e889ad1ec9d0', success rate: 1/1.
[2026-08-30 10:58:03Z INFO JobServerQueue] Try to append 1 batches web console lines for record '6d34916a-e899-464d-894c-e889ad1ec9d0', success rate: 1/1.
[2026-08-30 10:58:03Z INFO JobServerQueue] Try to append 1 batches web console lines for record '6d34916a-e899-464d-894c-e889ad1ec9d0', success rate: 1/1.
[2026-08-30 10:58:04Z INFO JobServerQueue] Try to append 1 batches web console lines for record '6d34916a-e899-464d-894c-e889ad1ec9d0', success rate: 1/1.
[2026-08-30 10:58:04Z INFO JobServerQueue] Try to append 1 batches web console lines for record '6d34916a-e899-464d-894c-e889ad1ec9d0', success rate: 1/1.
[2026-08-30 10:58:05Z INFO JobServerQueue] Try to append 1 batches web console lines for record '6d34916a-e899-464d-894c-e889ad1ec9d0', success rate: 1/1.
[2026-08-30 10:58:05Z INFO JobServerQueue] Try to append 1 batches web console lines for record '6d34916a-e899-464d-894c-e889ad1ec9d0', success rate: 1/1.
[2026-08-30 10:58:06Z INFO JobServerQueue] Try to append 1 batches web console lines for record '6d34916a-e899-464d-894c-e889ad1ec9d0', success rate: 1/1.
[2026-08-30 10:58:06Z INFO JobServerQueue] Try to append 1 batches web console lines for record '6d34916a-e899-464d-894c-e889ad1ec9d0', success rate: 1/1.
[2026-08-30 10:58:07Z INFO JobServerQueue] Try to append 1 batches web console lines for record '6d34916a-e899-464d-894c-e889ad1ec9d0', success rate: 1/1.
[2026-08-30 10:58:07Z INFO JobServerQueue] Try to append 1 batches web console lines for record '6d34916a-e899-464d-894c-e889ad1ec9d0', success rate: 1/1.
[2026-08-30 10:58:08Z INFO JobServerQueue] Try to append 1 batches web console lines for record '6d34916a-e899-464d-894c-e889ad1ec9d0', success rate: 1/1.
[2026-08-30 10:58:08Z INFO JobServerQueue] Try to append 1 batches web console lines for record '6d34916a-e899-464d-894c-e889ad1ec9d0', success rate: 1/1.
[2026-08-30 10:58:09Z INFO HostContext] Well known directory 'Bin': 'C:\Users\krish\Documents\BITS\mlops-project\actions-runner\bin'
[2026-08-30 10:58:09Z INFO HostContext] Well known directory 'Root': 'C:\Users\krish\Documents\BITS\mlops-project\actions-runner'
[2026-08-30 10:58:09Z INFO HostContext] Well known directory 'Work': 'C:\Users\krish\Documents\BITS\mlops-project\actions-runner\_work'
[2026-08-30 10:58:09Z INFO JobServerQueue] Try to append 1 batches web console lines for record '6d34916a-e899-464d-894c-e889ad1ec9d0', success rate: 1/1.
[2026-08-30 10:58:09Z INFO JobServerQueue] Try to append 1 batches web console lines for record '6d34916a-e899-464d-894c-e889ad1ec9d0', success rate: 1/1.
[2026-08-30 10:58:10Z INFO JobServerQueue] Try to append 1 batches web console lines for record '6d34916a-e899-464d-894c-e889ad1ec9d0', success rate: 1/1.
[2026-08-30 10:58:10Z INFO JobServerQueue] Try to append 1 batches web console lines for record '6d34916a-e899-464d-894c-e889ad1ec9d0', success rate: 1/1.
[2026-08-30 10:58:11Z INFO JobServerQueue] Try to append 1 batches web console lines for record '6d34916a-e899-464d-894c-e889ad1ec9d0', success rate: 1/1.
[2026-08-30 10:58:11Z INFO JobServerQueue] Try to append 1 batches web console lines for record '6d34916a-e899-464d-894c-e889ad1ec9d0', success rate: 1/1.
[2026-08-30 10:58:12Z INFO JobServerQueue] Try to append 1 batches web console lines for record '6d34916a-e899-464d-894c-e889ad1ec9d0', success rate: 1/1.
[2026-08-30 10:58:12Z INFO JobServerQueue] Try to append 1 batches web console lines for record '6d34916a-e899-464d-894c-e889ad1ec9d0', success rate: 1/1.
[2026-08-30 10:58:13Z INFO JobServerQueue] Try to append 1 batches web console lines for record '6d34916a-e899-464d-894c-e889ad1ec9d0', success rate: 1/1.
[2026-08-30 10:58:13Z INFO JobServerQueue] Try to append 1 batches web console lines for record '6d34916a-e899-464d-894c-e889ad1ec9d0', success rate: 1/1.
[2026-08-30 10:58:14Z INFO JobServerQueue] Try to append 1 batches web console lines for record '6d34916a-e899-464d-894c-e889ad1ec9d0', success rate: 1/1.
[2026-08-30 10:58:14Z INFO JobServerQueue] Try to append 1 batches web console lines for record '6d34916a-e899-464d-894c-e889ad1ec9d0', success rate: 1/1.
[2026-08-30 10:58:15Z INFO JobServerQueue] Try to append 1 batches web console lines for record '6d34916a-e899-464d-894c-e889ad1ec9d0', success rate: 1/1.
[2026-08-30 10:58:15Z INFO JobServerQueue] Try to append 1 batches web console lines for record '6d34916a-e899-464d-894c-e889ad1ec9d0', success rate: 1/1.
[2026-08-30 10:58:16Z INFO JobServerQueue] Try to append 1 batches web console lines for record '6d34916a-e899-464d-894c-e889ad1ec9d0', success rate: 1/1.
[2026-08-30 10:58:17Z INFO JobServerQueue] Try to append 1 batches web console lines for record '6d34916a-e899-464d-894c-e889ad1ec9d0', success rate: 1/1.
[2026-08-30 10:58:17Z INFO JobServerQueue] Try to append 1 batches web console lines for record '6d34916a-e899-464d-894c-e889ad1ec9d0', success rate: 1/1.
[2026-08-30 10:58:18Z INFO JobServerQueue] Try to append 1 batches web console lines for record '6d34916a-e899-464d-894c-e889ad1ec9d0', success rate: 1/1.
[2026-08-30 10:58:18Z INFO JobServerQueue] Try to append 1 batches web console lines for record '6d34916a-e899-464d-894c-e889ad1ec9d0', success rate: 1/1.
[2026-08-30 10:58:19Z INFO HostContext] Well known directory 'Bin': 'C:\Users\krish\Documents\BITS\mlops-project\actions-runner\bin'
[2026-08-30 10:58:19Z INFO HostContext] Well known directory 'Root': 'C:\Users\krish\Documents\BITS\mlops-project\actions-runner'
[2026-08-30 10:58:19Z INFO HostContext] Well known directory 'Work': 'C:\Users\krish\Documents\BITS\mlops-project\actions-runner\_work'
[2026-08-30 10:58:19Z INFO JobServerQueue] Try to append 1 batches web console lines for record '6d34916a-e899-464d-894c-e889ad1ec9d0', success rate: 1/1.
[2026-08-30 10:58:19Z INFO JobServerQueue] Try to append 1 batches web console lines for record '6d34916a-e899-464d-894c-e889ad1ec9d0', success rate: 1/1.
[2026-08-30 10:58:20Z INFO JobServerQueue] Try to append 1 batches web console lines for record '6d34916a-e899-464d-894c-e889ad1ec9d0', success rate: 1/1.
[2026-08-30 10:58:20Z INFO JobServerQueue] Try to append 1 batches web console lines for record '6d34916a-e899-464d-894c-e889ad1ec9d0', success rate: 1/1.
[2026-08-30 10:58:21Z INFO JobServerQueue] Try to append 1 batches web console lines for record '6d34916a-e899-464d-894c-e889ad1ec9d0', success rate: 1/1.
[2026-08-30 10:58:21Z INFO JobServerQueue] Try to append 1 batches web console lines for record '6d34916a-e899-464d-894c-e889ad1ec9d0', success rate: 1/1.
[2026-08-30 10:58:22Z INFO JobServerQueue] Try to append 1 batches web console lines for record '6d34916a-e899-464d-894c-e889ad1ec9d0', success rate: 1/1.
[2026-08-30 10:58:22Z INFO JobServerQueue] Try to append 1 batches web console lines for record '6d34916a-e899-464d-894c-e889ad1ec9d0', success rate: 1/1.
[2026-08-30 10:58:23Z INFO JobServerQueue] Try to append 1 batches web console lines for record '6d34916a-e899-464d-894c-e889ad1ec9d0', success rate: 1/1.
[2026-08-30 10:58:23Z INFO JobServerQueue] Try to append 1 batches web console lines for record '6d34916a-e899-464d-894c-e889ad1ec9d0', success rate: 1/1.
[2026-08-30 10:58:24Z INFO JobServerQueue] Try to append 1 batches web console lines for record '6d34916a-e899-464d-894c-e889ad1ec9d0', success rate: 1/1.
[2026-08-30 10:58:24Z INFO JobServerQueue] Try to append 1 batches web console lines for record '6d34916a-e899-464d-894c-e889ad1ec9d0', success rate: 1/1.
[2026-08-30 10:58:25Z INFO JobServerQueue] Try to append 1 batches web console lines for record '6d34916a-e899-464d-894c-e889ad1ec9d0', success rate: 1/1.
[2026-08-30 10:58:25Z INFO JobServerQueue] Try to append 1 batches web console lines for record '6d34916a-e899-464d-894c-e889ad1ec9d0', success rate: 1/1.
[2026-08-30 10:58:26Z INFO JobServerQueue] Try to append 1 batches web console lines for record '6d34916a-e899-464d-894c-e889ad1ec9d0', success rate: 1/1.
[2026-08-30 10:58:26Z INFO JobServerQueue] Try to append 1 batches web console lines for record '6d34916a-e899-464d-894c-e889ad1ec9d0', success rate: 1/1.
[2026-08-30 10:58:27Z INFO JobServerQueue] Try to append 1 batches web console lines for record '6d34916a-e899-464d-894c-e889ad1ec9d0', success rate: 1/1.
[2026-08-30 10:58:28Z INFO JobServerQueue] Try to append 1 batches web console lines for record '6d34916a-e899-464d-894c-e889ad1ec9d0', success rate: 1/1.
[2026-08-30 10:58:28Z INFO JobServerQueue] Try to append 1 batches web console lines for record '6d34916a-e899-464d-894c-e889ad1ec9d0', success rate: 1/1.
[2026-08-30 10:58:29Z INFO JobServerQueue] Try to append 1 batches web console lines for record '6d34916a-e899-464d-894c-e889ad1ec9d0', success rate: 1/1.
[2026-08-30 10:58:29Z INFO HostContext] Well known directory 'Bin': 'C:\Users\krish\Documents\BITS\mlops-project\actions-runner\bin'
[2026-08-30 10:58:29Z INFO HostContext] Well known directory 'Root': 'C:\Users\krish\Documents\BITS\mlops-project\actions-runner'
[2026-08-30 10:58:29Z INFO HostContext] Well known directory 'Work': 'C:\Users\krish\Documents\BITS\mlops-project\actions-runner\_work'
[2026-08-30 10:58:29Z INFO JobServerQueue] Try to append 1 batches web console lines for record '6d34916a-e899-464d-894c-e889ad1ec9d0', success rate: 1/1.
[2026-08-30 10:58:30Z INFO JobServerQueue] Try to append 1 batches web console lines for record '6d34916a-e899-464d-894c-e889ad1ec9d0', success rate: 1/1.
[2026-08-30 10:58:30Z INFO JobServerQueue] Try to append 1 batches web console lines for record '6d34916a-e899-464d-894c-e889ad1ec9d0', success rate: 1/1.
[2026-08-30 10:58:31Z INFO JobServerQueue] Try to append 1 batches web console lines for record '6d34916a-e899-464d-894c-e889ad1ec9d0', success rate: 1/1.
[2026-08-30 10:58:31Z INFO JobServerQueue] Try to append 1 batches web console lines for record '6d34916a-e899-464d-894c-e889ad1ec9d0', success rate: 1/1.
[2026-08-30 10:58:32Z INFO JobServerQueue] Try to append 1 batches web console lines for record '6d34916a-e899-464d-894c-e889ad1ec9d0', success rate: 1/1.
[2026-08-30 10:58:32Z INFO JobServerQueue] Try to append 1 batches web console lines for record '6d34916a-e899-464d-894c-e889ad1ec9d0', success rate: 1/1.
[2026-08-30 10:58:33Z INFO JobServerQueue] Try to append 1 batches web console lines for record '6d34916a-e899-464d-894c-e889ad1ec9d0', success rate: 1/1.
[2026-08-30 10:58:33Z INFO JobServerQueue] Try to append 1 batches web console lines for record '6d34916a-e899-464d-894c-e889ad1ec9d0', success rate: 1/1.
[2026-08-30 10:58:34Z INFO JobServerQueue] Try to append 1 batches web console lines for record '6d34916a-e899-464d-894c-e889ad1ec9d0', success rate: 1/1.
[2026-08-30 10:58:34Z INFO JobServerQueue] Try to append 1 batches web console lines for record '6d34916a-e899-464d-894c-e889ad1ec9d0', success rate: 1/1.
[2026-08-30 10:58:35Z INFO JobServerQueue] Try to append 1 batches web console lines for record '6d34916a-e899-464d-894c-e889ad1ec9d0', success rate: 1/1.
[2026-08-30 10:58:35Z INFO JobServerQueue] Try to append 1 batches web console lines for record '6d34916a-e899-464d-894c-e889ad1ec9d0', success rate: 1/1.
[2026-08-30 10:58:36Z INFO JobServerQueue] Try to append 1 batches web console lines for record '6d34916a-e899-464d-894c-e889ad1ec9d0', success rate: 1/1.
[2026-08-30 10:58:36Z INFO JobServerQueue] Try to append 1 batches web console lines for record '6d34916a-e899-464d-894c-e889ad1ec9d0', success rate: 1/1.
[2026-08-30 10:58:37Z INFO JobServerQueue] Try to append 1 batches web console lines for record '6d34916a-e899-464d-894c-e889ad1ec9d0', success rate: 1/1.
[2026-08-30 10:58:37Z INFO JobServerQueue] Try to append 1 batches web console lines for record '6d34916a-e899-464d-894c-e889ad1ec9d0', success rate: 1/1.
[2026-08-30 10:58:38Z INFO JobServerQueue] Try to append 1 batches web console lines for record '6d34916a-e899-464d-894c-e889ad1ec9d0', success rate: 1/1.
[2026-08-30 10:58:38Z INFO JobServerQueue] Try to append 1 batches web console lines for record '6d34916a-e899-464d-894c-e889ad1ec9d0', success rate: 1/1.
[2026-08-30 10:58:39Z INFO HostContext] Well known directory 'Bin': 'C:\Users\krish\Documents\BITS\mlops-project\actions-runner\bin'
[2026-08-30 10:58:39Z INFO HostContext] Well known directory 'Root': 'C:\Users\krish\Documents\BITS\mlops-project\actions-runner'
[2026-08-30 10:58:39Z INFO HostContext] Well known directory 'Work': 'C:\Users\krish\Documents\BITS\mlops-project\actions-runner\_work'
[2026-08-30 10:58:39Z INFO JobServerQueue] Try to append 1 batches web console lines for record '6d34916a-e899-464d-894c-e889ad1ec9d0', success rate: 1/1.
[2026-08-30 10:58:39Z INFO JobServerQueue] Try to append 1 batches web console lines for record '6d34916a-e899-464d-894c-e889ad1ec9d0', success rate: 1/1.
[2026-08-30 10:58:40Z INFO JobServerQueue] Try to append 1 batches web console lines for record '6d34916a-e899-464d-894c-e889ad1ec9d0', success rate: 1/1.
[2026-08-30 10:58:41Z INFO JobServerQueue] Try to append 1 batches web console lines for record '6d34916a-e899-464d-894c-e889ad1ec9d0', success rate: 1/1.
[2026-08-30 10:58:41Z INFO JobServerQueue] Try to append 1 batches web console lines for record '6d34916a-e899-464d-894c-e889ad1ec9d0', success rate: 1/1.
[2026-08-30 10:58:42Z INFO JobServerQueue] Try to append 1 batches web console lines for record '6d34916a-e899-464d-894c-e889ad1ec9d0', success rate: 1/1.
[2026-08-30 10:58:42Z INFO JobServerQueue] Try to append 1 batches web console lines for record '6d34916a-e899-464d-894c-e889ad1ec9d0', success rate: 1/1.
[2026-08-30 10:58:43Z INFO JobServerQueue] Try to append 1 batches web console lines for record '6d34916a-e899-464d-894c-e889ad1ec9d0', success rate: 1/1.
[2026-08-30 10:58:44Z INFO JobServerQueue] Try to append 1 batches web console lines for record '6d34916a-e899-464d-894c-e889ad1ec9d0', success rate: 1/1.
[2026-08-30 10:58:45Z INFO JobServerQueue] Try to append 1 batches web console lines for record '6d34916a-e899-464d-894c-e889ad1ec9d0', success rate: 1/1.
[2026-08-30 10:58:45Z INFO JobServerQueue] Try to append 1 batches web console lines for record '6d34916a-e899-464d-894c-e889ad1ec9d0', success rate: 1/1.
[2026-08-30 10:58:46Z INFO JobServerQueue] Try to append 1 batches web console lines for record '6d34916a-e899-464d-894c-e889ad1ec9d0', success rate: 1/1.
[2026-08-30 10:58:47Z INFO JobServerQueue] Try to append 1 batches web console lines for record '6d34916a-e899-464d-894c-e889ad1ec9d0', success rate: 1/1.
[2026-08-30 10:58:49Z INFO HostContext] Well known directory 'Bin': 'C:\Users\krish\Documents\BITS\mlops-project\actions-runner\bin'
[2026-08-30 10:58:49Z INFO HostContext] Well known directory 'Root': 'C:\Users\krish\Documents\BITS\mlops-project\actions-runner'
[2026-08-30 10:58:49Z INFO HostContext] Well known directory 'Work': 'C:\Users\krish\Documents\BITS\mlops-project\actions-runner\_work'
[2026-08-30 10:58:49Z INFO JobServerQueue] Try to append 1 batches web console lines for record '6d34916a-e899-464d-894c-e889ad1ec9d0', success rate: 1/1.
[2026-08-30 10:58:50Z INFO JobServerQueue] Try to append 1 batches web console lines for record '6d34916a-e899-464d-894c-e889ad1ec9d0', success rate: 1/1.
[2026-08-30 10:58:51Z INFO JobServerQueue] Try to append 1 batches web console lines for record '6d34916a-e899-464d-894c-e889ad1ec9d0', success rate: 1/1.
[2026-08-30 10:58:51Z INFO JobServerQueue] Try to append 1 batches web console lines for record '6d34916a-e899-464d-894c-e889ad1ec9d0', success rate: 1/1.
[2026-08-30 10:58:52Z INFO JobServerQueue] Try to append 1 batches web console lines for record '6d34916a-e899-464d-894c-e889ad1ec9d0', success rate: 1/1.
[2026-08-30 10:58:52Z INFO JobServerQueue] Try to append 1 batches web console lines for record '6d34916a-e899-464d-894c-e889ad1ec9d0', success rate: 1/1.
[2026-08-30 10:58:53Z INFO JobServerQueue] Try to append 1 batches web console lines for record '6d34916a-e899-464d-894c-e889ad1ec9d0', success rate: 1/1.
[2026-08-30 10:58:54Z INFO JobServerQueue] Try to append 1 batches web console lines for record '6d34916a-e899-464d-894c-e889ad1ec9d0', success rate: 1/1.
[2026-08-30 10:58:54Z INFO JobServerQueue] Try to append 1 batches web console lines for record '6d34916a-e899-464d-894c-e889ad1ec9d0', success rate: 1/1.
[2026-08-30 10:58:55Z INFO JobServerQueue] Try to append 1 batches web console lines for record '6d34916a-e899-464d-894c-e889ad1ec9d0', success rate: 1/1.
[2026-08-30 10:58:55Z INFO JobServerQueue] Try to append 1 batches web console lines for record '6d34916a-e899-464d-894c-e889ad1ec9d0', success rate: 1/1.
[2026-08-30 10:58:56Z INFO JobServerQueue] Try to append 1 batches web console lines for record '6d34916a-e899-464d-894c-e889ad1ec9d0', success rate: 1/1.
[2026-08-30 10:58:56Z INFO JobServerQueue] Try to append 1 batches web console lines for record '6d34916a-e899-464d-894c-e889ad1ec9d0', success rate: 1/1.
[2026-08-30 10:58:57Z INFO JobServerQueue] Try to append 1 batches web console lines for record '6d34916a-e899-464d-894c-e889ad1ec9d0', success rate: 1/1.
[2026-08-30 10:58:57Z INFO JobServerQueue] Try to append 1 batches web console lines for record '6d34916a-e899-464d-894c-e889ad1ec9d0', success rate: 1/1.
[2026-08-30 10:58:58Z INFO JobServerQueue] Try to append 1 batches web console lines for record '6d34916a-e899-464d-894c-e889ad1ec9d0', success rate: 1/1.
[2026-08-30 10:58:58Z INFO JobServerQueue] Try to append 1 batches web console lines for record '6d34916a-e899-464d-894c-e889ad1ec9d0', success rate: 1/1.
[2026-08-30 10:58:59Z INFO HostContext] Well known directory 'Bin': 'C:\Users\krish\Documents\BITS\mlops-project\actions-runner\bin'
[2026-08-30 10:58:59Z INFO HostContext] Well known directory 'Root': 'C:\Users\krish\Documents\BITS\mlops-project\actions-runner'
[2026-08-30 10:58:59Z INFO HostContext] Well known directory 'Work': 'C:\Users\krish\Documents\BITS\mlops-project\actions-runner\_work'
[2026-08-30 10:58:59Z INFO JobServerQueue] Try to append 1 batches web console lines for record '6d34916a-e899-464d-894c-e889ad1ec9d0', success rate: 1/1.
[2026-08-30 10:58:59Z INFO JobServerQueue] Try to append 1 batches web console lines for record '6d34916a-e899-464d-894c-e889ad1ec9d0', success rate: 1/1.
[2026-08-30 10:59:00Z INFO JobServerQueue] Try to append 1 batches web console lines for record '6d34916a-e899-464d-894c-e889ad1ec9d0', success rate: 1/1.
[2026-08-30 10:59:00Z INFO JobServerQueue] Try to append 1 batches web console lines for record '6d34916a-e899-464d-894c-e889ad1ec9d0', success rate: 1/1.
[2026-08-30 10:59:01Z INFO JobServerQueue] Try to append 1 batches web console lines for record '6d34916a-e899-464d-894c-e889ad1ec9d0', success rate: 1/1.
[2026-08-30 10:59:01Z INFO JobServerQueue] Try to append 1 batches web console lines for record '6d34916a-e899-464d-894c-e889ad1ec9d0', success rate: 1/1.
[2026-08-30 10:59:02Z INFO JobServerQueue] Try to append 1 batches web console lines for record '6d34916a-e899-464d-894c-e889ad1ec9d0', success rate: 1/1.
[2026-08-30 10:59:02Z INFO JobServerQueue] Try to append 1 batches web console lines for record '6d34916a-e899-464d-894c-e889ad1ec9d0', success rate: 1/1.
[2026-08-30 10:59:03Z INFO JobServerQueue] Try to append 1 batches web console lines for record '6d34916a-e899-464d-894c-e889ad1ec9d0', success rate: 1/1.
[2026-08-30 10:59:03Z INFO JobServerQueue] Try to append 1 batches web console lines for record '6d34916a-e899-464d-894c-e889ad1ec9d0', success rate: 1/1.
[2026-08-30 10:59:04Z INFO JobServerQueue] Try to append 1 batches web console lines for record '6d34916a-e899-464d-894c-e889ad1ec9d0', success rate: 1/1.
[2026-08-30 10:59:04Z INFO JobServerQueue] Try to append 1 batches web console lines for record '6d34916a-e899-464d-894c-e889ad1ec9d0', success rate: 1/1.
[2026-08-30 10:59:05Z INFO JobServerQueue] Try to append 1 batches web console lines for record '6d34916a-e899-464d-894c-e889ad1ec9d0', success rate: 1/1.
[2026-08-30 10:59:06Z INFO JobServerQueue] Try to append 1 batches web console lines for record '6d34916a-e899-464d-894c-e889ad1ec9d0', success rate: 1/1.
[2026-08-30 10:59:06Z INFO JobServerQueue] Try to append 1 batches web console lines for record '6d34916a-e899-464d-894c-e889ad1ec9d0', success rate: 1/1.
[2026-08-30 10:59:07Z INFO JobServerQueue] Try to append 1 batches web console lines for record '6d34916a-e899-464d-894c-e889ad1ec9d0', success rate: 1/1.
[2026-08-30 10:59:07Z INFO JobServerQueue] Try to append 1 batches web console lines for record '6d34916a-e899-464d-894c-e889ad1ec9d0', success rate: 1/1.
[2026-08-30 10:59:08Z INFO JobServerQueue] Try to append 1 batches web console lines for record '6d34916a-e899-464d-894c-e889ad1ec9d0', success rate: 1/1.
[2026-08-30 10:59:08Z INFO JobServerQueue] Try to append 1 batches web console lines for record '6d34916a-e899-464d-894c-e889ad1ec9d0', success rate: 1/1.
[2026-08-30 10:59:09Z INFO JobServerQueue] Try to append 1 batches web console lines for record '6d34916a-e899-464d-894c-e889ad1ec9d0', success rate: 1/1.
[2026-08-30 10:59:09Z INFO HostContext] Well known directory 'Bin': 'C:\Users\krish\Documents\BITS\mlops-project\actions-runner\bin'
[2026-08-30 10:59:09Z INFO HostContext] Well known directory 'Root': 'C:\Users\krish\Documents\BITS\mlops-project\actions-runner'
[2026-08-30 10:59:09Z INFO HostContext] Well known directory 'Work': 'C:\Users\krish\Documents\BITS\mlops-project\actions-runner\_work'
[2026-08-30 10:59:09Z INFO JobServerQueue] Try to append 1 batches web console lines for record '6d34916a-e899-464d-894c-e889ad1ec9d0', success rate: 1/1.
[2026-08-30 10:59:10Z INFO JobServerQueue] Try to append 1 batches web console lines for record '6d34916a-e899-464d-894c-e889ad1ec9d0', success rate: 1/1.
[2026-08-30 10:59:10Z INFO JobServerQueue] Try to append 1 batches web console lines for record '6d34916a-e899-464d-894c-e889ad1ec9d0', success rate: 1/1.
[2026-08-30 10:59:11Z INFO JobServerQueue] Try to append 1 batches web console lines for record '6d34916a-e899-464d-894c-e889ad1ec9d0', success rate: 1/1.
[2026-08-30 10:59:11Z INFO JobServerQueue] Try to append 1 batches web console lines for record '6d34916a-e899-464d-894c-e889ad1ec9d0', success rate: 1/1.
[2026-08-30 10:59:12Z INFO JobServerQueue] Try to append 1 batches web console lines for record '6d34916a-e899-464d-894c-e889ad1ec9d0', success rate: 1/1.
[2026-08-30 10:59:12Z INFO JobServerQueue] Try to append 1 batches web console lines for record '6d34916a-e899-464d-894c-e889ad1ec9d0', success rate: 1/1.
[2026-08-30 10:59:13Z INFO JobServerQueue] Try to append 1 batches web console lines for record '6d34916a-e899-464d-894c-e889ad1ec9d0', success rate: 1/1.
[2026-08-30 10:59:13Z INFO JobServerQueue] Try to append 1 batches web console lines for record '6d34916a-e899-464d-894c-e889ad1ec9d0', success rate: 1/1.
[2026-08-30 10:59:14Z INFO JobServerQueue] Try to append 1 batches web console lines for record '6d34916a-e899-464d-894c-e889ad1ec9d0', success rate: 1/1.
[2026-08-30 10:59:14Z INFO JobServerQueue] Try to append 1 batches web console lines for record '6d34916a-e899-464d-894c-e889ad1ec9d0', success rate: 1/1.
[2026-08-30 10:59:15Z INFO JobServerQueue] Try to append 1 batches web console lines for record '6d34916a-e899-464d-894c-e889ad1ec9d0', success rate: 1/1.
[2026-08-30 10:59:15Z INFO JobServerQueue] Try to append 1 batches web console lines for record '6d34916a-e899-464d-894c-e889ad1ec9d0', success rate: 1/1.
[2026-08-30 10:59:16Z INFO JobServerQueue] Try to append 1 batches web console lines for record '6d34916a-e899-464d-894c-e889ad1ec9d0', success rate: 1/1.
[2026-08-30 10:59:16Z INFO JobServerQueue] Try to append 1 batches web console lines for record '6d34916a-e899-464d-894c-e889ad1ec9d0', success rate: 1/1.
[2026-08-30 10:59:17Z INFO JobServerQueue] Try to append 1 batches web console lines for record '6d34916a-e899-464d-894c-e889ad1ec9d0', success rate: 1/1.
[2026-08-30 10:59:17Z INFO JobServerQueue] Try to append 1 batches web console lines for record '6d34916a-e899-464d-894c-e889ad1ec9d0', success rate: 1/1.
[2026-08-30 10:59:18Z INFO JobServerQueue] Try to append 1 batches web console lines for record '6d34916a-e899-464d-894c-e889ad1ec9d0', success rate: 1/1.
[2026-08-30 10:59:18Z INFO JobServerQueue] Try to append 1 batches web console lines for record '6d34916a-e899-464d-894c-e889ad1ec9d0', success rate: 1/1.
[2026-08-30 10:59:19Z INFO HostContext] Well known directory 'Bin': 'C:\Users\krish\Documents\BITS\mlops-project\actions-runner\bin'
[2026-08-30 10:59:19Z INFO HostContext] Well known directory 'Root': 'C:\Users\krish\Documents\BITS\mlops-project\actions-runner'
[2026-08-30 10:59:19Z INFO HostContext] Well known directory 'Work': 'C:\Users\krish\Documents\BITS\mlops-project\actions-runner\_work'
[2026-08-30 10:59:19Z INFO JobServerQueue] Try to append 1 batches web console lines for record '6d34916a-e899-464d-894c-e889ad1ec9d0', success rate: 1/1.
[2026-08-30 10:59:19Z INFO JobServerQueue] Try to append 1 batches web console lines for record '6d34916a-e899-464d-894c-e889ad1ec9d0', success rate: 1/1.
[2026-08-30 10:59:20Z INFO JobServerQueue] Try to append 1 batches web console lines for record '6d34916a-e899-464d-894c-e889ad1ec9d0', success rate: 1/1.
[2026-08-30 10:59:20Z INFO JobServerQueue] Try to append 1 batches web console lines for record '6d34916a-e899-464d-894c-e889ad1ec9d0', success rate: 1/1.
[2026-08-30 10:59:21Z INFO JobServerQueue] Try to append 1 batches web console lines for record '6d34916a-e899-464d-894c-e889ad1ec9d0', success rate: 1/1.
[2026-08-30 10:59:21Z INFO JobServerQueue] Try to append 1 batches web console lines for record '6d34916a-e899-464d-894c-e889ad1ec9d0', success rate: 1/1.
[2026-08-30 10:59:22Z INFO JobServerQueue] Try to append 1 batches web console lines for record '6d34916a-e899-464d-894c-e889ad1ec9d0', success rate: 1/1.
[2026-08-30 10:59:23Z INFO JobServerQueue] Try to append 1 batches web console lines for record '6d34916a-e899-464d-894c-e889ad1ec9d0', success rate: 1/1.
[2026-08-30 10:59:23Z INFO JobServerQueue] Try to append 1 batches web console lines for record '6d34916a-e899-464d-894c-e889ad1ec9d0', success rate: 1/1.
[2026-08-30 10:59:24Z INFO JobServerQueue] Try to append 1 batches web console lines for record '6d34916a-e899-464d-894c-e889ad1ec9d0', success rate: 1/1.
[2026-08-30 10:59:24Z INFO JobServerQueue] Try to append 1 batches web console lines for record '6d34916a-e899-464d-894c-e889ad1ec9d0', success rate: 1/1.
[2026-08-30 10:59:25Z INFO JobServerQueue] Try to append 1 batches web console lines for record '6d34916a-e899-464d-894c-e889ad1ec9d0', success rate: 1/1.
[2026-08-30 10:59:25Z INFO JobServerQueue] Try to append 1 batches web console lines for record '6d34916a-e899-464d-894c-e889ad1ec9d0', success rate: 1/1.
[2026-08-30 10:59:26Z INFO JobServerQueue] Try to append 1 batches web console lines for record '6d34916a-e899-464d-894c-e889ad1ec9d0', success rate: 1/1.
[2026-08-30 10:59:26Z INFO JobServerQueue] Try to append 1 batches web console lines for record '6d34916a-e899-464d-894c-e889ad1ec9d0', success rate: 1/1.
[2026-08-30 10:59:27Z INFO JobServerQueue] Try to append 1 batches web console lines for record '6d34916a-e899-464d-894c-e889ad1ec9d0', success rate: 1/1.
[2026-08-30 10:59:27Z INFO JobServerQueue] Try to append 1 batches web console lines for record '6d34916a-e899-464d-894c-e889ad1ec9d0', success rate: 1/1.
[2026-08-30 10:59:28Z INFO JobServerQueue] Try to append 1 batches web console lines for record '6d34916a-e899-464d-894c-e889ad1ec9d0', success rate: 1/1.
[2026-08-30 10:59:28Z INFO JobServerQueue] Try to append 1 batches web console lines for record '6d34916a-e899-464d-894c-e889ad1ec9d0', success rate: 1/1.
[2026-08-30 10:59:29Z INFO JobServerQueue] Try to append 1 batches web console lines for record '6d34916a-e899-464d-894c-e889ad1ec9d0', success rate: 1/1.
[2026-08-30 10:59:29Z INFO HostContext] Well known directory 'Bin': 'C:\Users\krish\Documents\BITS\mlops-project\actions-runner\bin'
[2026-08-30 10:59:29Z INFO HostContext] Well known directory 'Root': 'C:\Users\krish\Documents\BITS\mlops-project\actions-runner'
[2026-08-30 10:59:29Z INFO HostContext] Well known directory 'Work': 'C:\Users\krish\Documents\BITS\mlops-project\actions-runner\_work'
[2026-08-30 10:59:29Z INFO JobServerQueue] Try to append 1 batches web console lines for record '6d34916a-e899-464d-894c-e889ad1ec9d0', success rate: 1/1.
[2026-08-30 10:59:30Z INFO JobServerQueue] Try to append 1 batches web console lines for record '6d34916a-e899-464d-894c-e889ad1ec9d0', success rate: 1/1.
[2026-08-30 10:59:30Z INFO JobServerQueue] Try to append 1 batches web console lines for record '6d34916a-e899-464d-894c-e889ad1ec9d0', success rate: 1/1.
[2026-08-30 10:59:31Z INFO JobServerQueue] Try to append 1 batches web console lines for record '6d34916a-e899-464d-894c-e889ad1ec9d0', success rate: 1/1.
[2026-08-30 10:59:31Z INFO JobServerQueue] Try to append 1 batches web console lines for record '6d34916a-e899-464d-894c-e889ad1ec9d0', success rate: 1/1.
[2026-08-30 10:59:32Z INFO JobServerQueue] Try to append 1 batches web console lines for record '6d34916a-e899-464d-894c-e889ad1ec9d0', success rate: 1/1.
[2026-08-30 10:59:32Z INFO JobServerQueue] Try to append 1 batches web console lines for record '6d34916a-e899-464d-894c-e889ad1ec9d0', success rate: 1/1.
[2026-08-30 10:59:33Z INFO JobServerQueue] Try to append 1 batches web console lines for record '6d34916a-e899-464d-894c-e889ad1ec9d0', success rate: 1/1.
[2026-08-30 10:59:33Z INFO JobServerQueue] Try to append 1 batches web console lines for record '6d34916a-e899-464d-894c-e889ad1ec9d0', success rate: 1/1.
[2026-08-30 10:59:34Z INFO JobServerQueue] Try to append 1 batches web console lines for record '6d34916a-e899-464d-894c-e889ad1ec9d0', success rate: 1/1.
[2026-08-30 10:59:34Z INFO JobServerQueue] Try to append 1 batches web console lines for record '6d34916a-e899-464d-894c-e889ad1ec9d0', success rate: 1/1.
[2026-08-30 10:59:35Z INFO JobServerQueue] Try to append 1 batches web console lines for record '6d34916a-e899-464d-894c-e889ad1ec9d0', success rate: 1/1.
[2026-08-30 10:59:35Z INFO JobServerQueue] Try to append 1 batches web console lines for record '6d34916a-e899-464d-894c-e889ad1ec9d0', success rate: 1/1.
[2026-08-30 10:59:36Z INFO JobServerQueue] Try to append 1 batches web console lines for record '6d34916a-e899-464d-894c-e889ad1ec9d0', success rate: 1/1.
[2026-08-30 10:59:36Z INFO JobServerQueue] Try to append 1 batches web console lines for record '6d34916a-e899-464d-894c-e889ad1ec9d0', success rate: 1/1.
[2026-08-30 10:59:37Z INFO JobServerQueue] Try to append 1 batches web console lines for record '6d34916a-e899-464d-894c-e889ad1ec9d0', success rate: 1/1.
[2026-08-30 10:59:37Z INFO JobServerQueue] Try to append 1 batches web console lines for record '6d34916a-e899-464d-894c-e889ad1ec9d0', success rate: 1/1.
[2026-08-30 10:59:38Z INFO JobServerQueue] Try to append 1 batches web console lines for record '6d34916a-e899-464d-894c-e889ad1ec9d0', success rate: 1/1.
[2026-08-30 10:59:38Z INFO JobServerQueue] Try to append 1 batches web console lines for record '6d34916a-e899-464d-894c-e889ad1ec9d0', success rate: 1/1.
[2026-08-30 10:59:39Z INFO HostContext] Well known directory 'Bin': 'C:\Users\krish\Documents\BITS\mlops-project\actions-runner\bin'
[2026-08-30 10:59:39Z INFO HostContext] Well known directory 'Root': 'C:\Users\krish\Documents\BITS\mlops-project\actions-runner'
[2026-08-30 10:59:39Z INFO HostContext] Well known directory 'Work': 'C:\Users\krish\Documents\BITS\mlops-project\actions-runner\_work'
[2026-08-30 10:59:39Z INFO JobServerQueue] Try to append 1 batches web console lines for record '6d34916a-e899-464d-894c-e889ad1ec9d0', success rate: 1/1.
[2026-08-30 10:59:39Z INFO JobServerQueue] Try to append 1 batches web console lines for record '6d34916a-e899-464d-894c-e889ad1ec9d0', success rate: 1/1.
[2026-08-30 10:59:40Z INFO JobServerQueue] Try to append 1 batches web console lines for record '6d34916a-e899-464d-894c-e889ad1ec9d0', success rate: 1/1.
[2026-08-30 10:59:40Z INFO JobServerQueue] Try to append 1 batches web console lines for record '6d34916a-e899-464d-894c-e889ad1ec9d0', success rate: 1/1.
[2026-08-30 10:59:41Z INFO JobServerQueue] Try to append 1 batches web console lines for record '6d34916a-e899-464d-894c-e889ad1ec9d0', success rate: 1/1.
[2026-08-30 10:59:42Z INFO JobServerQueue] Try to append 1 batches web console lines for record '6d34916a-e899-464d-894c-e889ad1ec9d0', success rate: 1/1.
[2026-08-30 10:59:42Z INFO JobServerQueue] Try to append 1 batches web console lines for record '6d34916a-e899-464d-894c-e889ad1ec9d0', success rate: 1/1.
[2026-08-30 10:59:43Z INFO JobServerQueue] Try to append 1 batches web console lines for record '6d34916a-e899-464d-894c-e889ad1ec9d0', success rate: 1/1.
[2026-08-30 10:59:43Z INFO JobServerQueue] Try to append 1 batches web console lines for record '6d34916a-e899-464d-894c-e889ad1ec9d0', success rate: 1/1.
[2026-08-30 10:59:44Z INFO JobServerQueue] Try to append 1 batches web console lines for record '6d34916a-e899-464d-894c-e889ad1ec9d0', success rate: 1/1.
[2026-08-30 10:59:44Z INFO JobServerQueue] Try to append 1 batches web console lines for record '6d34916a-e899-464d-894c-e889ad1ec9d0', success rate: 1/1.
[2026-08-30 10:59:45Z INFO JobServerQueue] Try to append 1 batches web console lines for record '6d34916a-e899-464d-894c-e889ad1ec9d0', success rate: 1/1.
[2026-08-30 10:59:45Z INFO JobServerQueue] Try to append 1 batches web console lines for record '6d34916a-e899-464d-894c-e889ad1ec9d0', success rate: 1/1.
[2026-08-30 10:59:46Z INFO JobServerQueue] Try to append 1 batches web console lines for record '6d34916a-e899-464d-894c-e889ad1ec9d0', success rate: 1/1.
[2026-08-30 10:59:46Z INFO JobServerQueue] Try to append 1 batches web console lines for record '6d34916a-e899-464d-894c-e889ad1ec9d0', success rate: 1/1.
[2026-08-30 10:59:47Z INFO JobServerQueue] Try to append 1 batches web console lines for record '6d34916a-e899-464d-894c-e889ad1ec9d0', success rate: 1/1.
[2026-08-30 10:59:47Z INFO JobServerQueue] Try to append 1 batches web console lines for record '6d34916a-e899-464d-894c-e889ad1ec9d0', success rate: 1/1.
[2026-08-30 10:59:48Z INFO JobServerQueue] Try to append 1 batches web console lines for record '6d34916a-e899-464d-894c-e889ad1ec9d0', success rate: 1/1.
[2026-08-30 10:59:48Z INFO JobServerQueue] Try to append 1 batches web console lines for record '6d34916a-e899-464d-894c-e889ad1ec9d0', success rate: 1/1.
[2026-08-30 10:59:49Z INFO HostContext] Well known directory 'Bin': 'C:\Users\krish\Documents\BITS\mlops-project\actions-runner\bin'
[2026-08-30 10:59:49Z INFO HostContext] Well known directory 'Root': 'C:\Users\krish\Documents\BITS\mlops-project\actions-runner'
[2026-08-30 10:59:49Z INFO HostContext] Well known directory 'Work': 'C:\Users\krish\Documents\BITS\mlops-project\actions-runner\_work'
[2026-08-30 10:59:49Z INFO JobServerQueue] Try to append 1 batches web console lines for record '6d34916a-e899-464d-894c-e889ad1ec9d0', success rate: 1/1.
[2026-08-30 10:59:49Z INFO JobServerQueue] Try to append 1 batches web console lines for record '6d34916a-e899-464d-894c-e889ad1ec9d0', success rate: 1/1.
[2026-08-30 10:59:50Z INFO JobServerQueue] Try to append 1 batches web console lines for record '6d34916a-e899-464d-894c-e889ad1ec9d0', success rate: 1/1.
[2026-08-30 10:59:50Z INFO JobServerQueue] Try to append 1 batches web console lines for record '6d34916a-e899-464d-894c-e889ad1ec9d0', success rate: 1/1.
[2026-08-30 10:59:51Z INFO JobServerQueue] Try to append 1 batches web console lines for record '6d34916a-e899-464d-894c-e889ad1ec9d0', success rate: 1/1.
[2026-08-30 10:59:51Z INFO JobServerQueue] Try to append 1 batches web console lines for record '6d34916a-e899-464d-894c-e889ad1ec9d0', success rate: 1/1.
[2026-08-30 10:59:52Z INFO JobServerQueue] Try to append 1 batches web console lines for record '6d34916a-e899-464d-894c-e889ad1ec9d0', success rate: 1/1.
[2026-08-30 10:59:52Z INFO JobServerQueue] Try to append 1 batches web console lines for record '6d34916a-e899-464d-894c-e889ad1ec9d0', success rate: 1/1.
[2026-08-30 10:59:53Z INFO JobServerQueue] Try to append 1 batches web console lines for record '6d34916a-e899-464d-894c-e889ad1ec9d0', success rate: 1/1.
[2026-08-30 10:59:53Z INFO JobServerQueue] Try to append 1 batches web console lines for record '6d34916a-e899-464d-894c-e889ad1ec9d0', success rate: 1/1.
[2026-08-30 10:59:54Z INFO JobServerQueue] Try to append 1 batches web console lines for record '6d34916a-e899-464d-894c-e889ad1ec9d0', success rate: 1/1.
[2026-08-30 10:59:54Z INFO JobServerQueue] Try to append 1 batches web console lines for record '6d34916a-e899-464d-894c-e889ad1ec9d0', success rate: 1/1.
[2026-08-30 10:59:55Z INFO JobServerQueue] Try to append 1 batches web console lines for record '6d34916a-e899-464d-894c-e889ad1ec9d0', success rate: 1/1.
[2026-08-30 10:59:55Z INFO JobServerQueue] Try to append 1 batches web console lines for record '6d34916a-e899-464d-894c-e889ad1ec9d0', success rate: 1/1.
[2026-08-30 10:59:56Z INFO JobServerQueue] Try to append 1 batches web console lines for record '6d34916a-e899-464d-894c-e889ad1ec9d0', success rate: 1/1.
[2026-08-30 10:59:56Z INFO JobServerQueue] Try to append 1 batches web console lines for record '6d34916a-e899-464d-894c-e889ad1ec9d0', success rate: 1/1.
[2026-08-30 10:59:57Z INFO JobServerQueue] Try to append 1 batches web console lines for record '6d34916a-e899-464d-894c-e889ad1ec9d0', success rate: 1/1.
[2026-08-30 10:59:57Z INFO JobServerQueue] Try to append 1 batches web console lines for record '6d34916a-e899-464d-894c-e889ad1ec9d0', success rate: 1/1.
[2026-08-30 10:59:58Z INFO JobServerQueue] Try to append 1 batches web console lines for record '6d34916a-e899-464d-894c-e889ad1ec9d0', success rate: 1/1.
[2026-08-30 10:59:58Z INFO JobServerQueue] Try to append 1 batches web console lines for record '6d34916a-e899-464d-894c-e889ad1ec9d0', success rate: 1/1.
[2026-08-30 10:59:59Z INFO HostContext] Well known directory 'Bin': 'C:\Users\krish\Documents\BITS\mlops-project\actions-runner\bin'
[2026-08-30 10:59:59Z INFO HostContext] Well known directory 'Root': 'C:\Users\krish\Documents\BITS\mlops-project\actions-runner'
[2026-08-30 10:59:59Z INFO HostContext] Well known directory 'Work': 'C:\Users\krish\Documents\BITS\mlops-project\actions-runner\_work'
[2026-08-30 10:59:59Z INFO JobServerQueue] Try to append 1 batches web console lines for record '6d34916a-e899-464d-894c-e889ad1ec9d0', success rate: 1/1.
[2026-08-30 11:00:00Z INFO JobServerQueue] Try to append 1 batches web console lines for record '6d34916a-e899-464d-894c-e889ad1ec9d0', success rate: 1/1.
[2026-08-30 11:00:00Z INFO JobServerQueue] Try to append 1 batches web console lines for record '6d34916a-e899-464d-894c-e889ad1ec9d0', success rate: 1/1.
[2026-08-30 11:00:01Z INFO JobServerQueue] Try to append 1 batches web console lines for record '6d34916a-e899-464d-894c-e889ad1ec9d0', success rate: 1/1.
[2026-08-30 11:00:01Z INFO JobServerQueue] Try to append 1 batches web console lines for record '6d34916a-e899-464d-894c-e889ad1ec9d0', success rate: 1/1.
[2026-08-30 11:00:02Z INFO JobServerQueue] Try to append 1 batches web console lines for record '6d34916a-e899-464d-894c-e889ad1ec9d0', success rate: 1/1.
[2026-08-30 11:00:02Z INFO JobServerQueue] Try to append 1 batches web console lines for record '6d34916a-e899-464d-894c-e889ad1ec9d0', success rate: 1/1.
[2026-08-30 11:00:03Z INFO JobServerQueue] Try to append 1 batches web console lines for record '6d34916a-e899-464d-894c-e889ad1ec9d0', success rate: 1/1.
[2026-08-30 11:00:03Z INFO JobServerQueue] Try to append 1 batches web console lines for record '6d34916a-e899-464d-894c-e889ad1ec9d0', success rate: 1/1.
[2026-08-30 11:00:04Z INFO JobServerQueue] Try to append 1 batches web console lines for record '6d34916a-e899-464d-894c-e889ad1ec9d0', success rate: 1/1.
[2026-08-30 11:00:04Z INFO JobServerQueue] Try to append 1 batches web console lines for record '6d34916a-e899-464d-894c-e889ad1ec9d0', success rate: 1/1.
[2026-08-30 11:00:05Z INFO JobServerQueue] Try to append 1 batches web console lines for record '6d34916a-e899-464d-894c-e889ad1ec9d0', success rate: 1/1.
[2026-08-30 11:00:05Z INFO JobServerQueue] Try to append 1 batches web console lines for record '6d34916a-e899-464d-894c-e889ad1ec9d0', success rate: 1/1.
[2026-08-30 11:00:06Z INFO JobServerQueue] Try to append 1 batches web console lines for record '6d34916a-e899-464d-894c-e889ad1ec9d0', success rate: 1/1.
[2026-08-30 11:00:06Z INFO JobServerQueue] Try to append 1 batches web console lines for record '6d34916a-e899-464d-894c-e889ad1ec9d0', success rate: 1/1.
[2026-08-30 11:00:07Z INFO JobServerQueue] Try to append 1 batches web console lines for record '6d34916a-e899-464d-894c-e889ad1ec9d0', success rate: 1/1.
[2026-08-30 11:00:07Z INFO JobServerQueue] Try to append 1 batches web console lines for record '6d34916a-e899-464d-894c-e889ad1ec9d0', success rate: 1/1.
[2026-08-30 11:00:08Z INFO JobServerQueue] Try to append 1 batches web console lines for record '6d34916a-e899-464d-894c-e889ad1ec9d0', success rate: 1/1.
[2026-08-30 11:00:08Z INFO JobServerQueue] Try to append 1 batches web console lines for record '6d34916a-e899-464d-894c-e889ad1ec9d0', success rate: 1/1.
[2026-08-30 11:00:09Z INFO HostContext] Well known directory 'Bin': 'C:\Users\krish\Documents\BITS\mlops-project\actions-runner\bin'
[2026-08-30 11:00:09Z INFO HostContext] Well known directory 'Root': 'C:\Users\krish\Documents\BITS\mlops-project\actions-runner'
[2026-08-30 11:00:09Z INFO HostContext] Well known directory 'Work': 'C:\Users\krish\Documents\BITS\mlops-project\actions-runner\_work'
[2026-08-30 11:00:09Z INFO JobServerQueue] Try to append 1 batches web console lines for record '6d34916a-e899-464d-894c-e889ad1ec9d0', success rate: 1/1.
[2026-08-30 11:00:09Z INFO JobServerQueue] Try to append 1 batches web console lines for record '6d34916a-e899-464d-894c-e889ad1ec9d0', success rate: 1/1.
[2026-08-30 11:00:10Z INFO JobServerQueue] Try to append 1 batches web console lines for record '6d34916a-e899-464d-894c-e889ad1ec9d0', success rate: 1/1.
[2026-08-30 11:00:10Z INFO JobServerQueue] Try to append 1 batches web console lines for record '6d34916a-e899-464d-894c-e889ad1ec9d0', success rate: 1/1.
[2026-08-30 11:00:11Z INFO JobServerQueue] Try to append 1 batches web console lines for record '6d34916a-e899-464d-894c-e889ad1ec9d0', success rate: 1/1.
[2026-08-30 11:00:11Z INFO JobServerQueue] Try to append 1 batches web console lines for record '6d34916a-e899-464d-894c-e889ad1ec9d0', success rate: 1/1.
[2026-08-30 11:00:12Z INFO JobServerQueue] Try to append 1 batches web console lines for record '6d34916a-e899-464d-894c-e889ad1ec9d0', success rate: 1/1.
[2026-08-30 11:00:12Z INFO JobServerQueue] Try to append 1 batches web console lines for record '6d34916a-e899-464d-894c-e889ad1ec9d0', success rate: 1/1.
[2026-08-30 11:00:13Z INFO JobServerQueue] Try to append 1 batches web console lines for record '6d34916a-e899-464d-894c-e889ad1ec9d0', success rate: 1/1.
[2026-08-30 11:00:13Z INFO JobServerQueue] Try to append 1 batches web console lines for record '6d34916a-e899-464d-894c-e889ad1ec9d0', success rate: 1/1.
[2026-08-30 11:00:14Z INFO JobServerQueue] Try to append 1 batches web console lines for record '6d34916a-e899-464d-894c-e889ad1ec9d0', success rate: 1/1.
[2026-08-30 11:00:14Z INFO JobServerQueue] Try to append 1 batches web console lines for record '6d34916a-e899-464d-894c-e889ad1ec9d0', success rate: 1/1.
[2026-08-30 11:00:15Z INFO JobServerQueue] Try to append 1 batches web console lines for record '6d34916a-e899-464d-894c-e889ad1ec9d0', success rate: 1/1.
[2026-08-30 11:00:15Z INFO JobServerQueue] Try to append 1 batches web console lines for record '6d34916a-e899-464d-894c-e889ad1ec9d0', success rate: 1/1.
[2026-08-30 11:00:16Z INFO JobServerQueue] Try to append 1 batches web console lines for record '6d34916a-e899-464d-894c-e889ad1ec9d0', success rate: 1/1.
[2026-08-30 11:00:16Z INFO JobServerQueue] Try to append 1 batches web console lines for record '6d34916a-e899-464d-894c-e889ad1ec9d0', success rate: 1/1.
[2026-08-30 11:00:17Z INFO JobServerQueue] Try to append 1 batches web console lines for record '6d34916a-e899-464d-894c-e889ad1ec9d0', success rate: 1/1.
[2026-08-30 11:00:18Z INFO JobServerQueue] Try to append 1 batches web console lines for record '6d34916a-e899-464d-894c-e889ad1ec9d0', success rate: 1/1.
[2026-08-30 11:00:18Z INFO JobServerQueue] Try to append 1 batches web console lines for record '6d34916a-e899-464d-894c-e889ad1ec9d0', success rate: 1/1.
[2026-08-30 11:00:19Z INFO JobServerQueue] Try to append 1 batches web console lines for record '6d34916a-e899-464d-894c-e889ad1ec9d0', success rate: 1/1.
[2026-08-30 11:00:19Z INFO HostContext] Well known directory 'Bin': 'C:\Users\krish\Documents\BITS\mlops-project\actions-runner\bin'
[2026-08-30 11:00:19Z INFO HostContext] Well known directory 'Root': 'C:\Users\krish\Documents\BITS\mlops-project\actions-runner'
[2026-08-30 11:00:19Z INFO HostContext] Well known directory 'Work': 'C:\Users\krish\Documents\BITS\mlops-project\actions-runner\_work'
[2026-08-30 11:00:19Z INFO JobServerQueue] Try to append 1 batches web console lines for record '6d34916a-e899-464d-894c-e889ad1ec9d0', success rate: 1/1.
[2026-08-30 11:00:20Z INFO JobServerQueue] Try to append 1 batches web console lines for record '6d34916a-e899-464d-894c-e889ad1ec9d0', success rate: 1/1.
[2026-08-30 11:00:20Z INFO JobServerQueue] Try to append 1 batches web console lines for record '6d34916a-e899-464d-894c-e889ad1ec9d0', success rate: 1/1.
[2026-08-30 11:00:21Z INFO JobServerQueue] Try to append 1 batches web console lines for record '6d34916a-e899-464d-894c-e889ad1ec9d0', success rate: 1/1.
[2026-08-30 11:00:21Z INFO JobServerQueue] Try to append 1 batches web console lines for record '6d34916a-e899-464d-894c-e889ad1ec9d0', success rate: 1/1.
[2026-08-30 11:00:22Z INFO JobServerQueue] Try to append 1 batches web console lines for record '6d34916a-e899-464d-894c-e889ad1ec9d0', success rate: 1/1.
[2026-08-30 11:00:22Z INFO JobServerQueue] Try to append 1 batches web console lines for record '6d34916a-e899-464d-894c-e889ad1ec9d0', success rate: 1/1.
[2026-08-30 11:00:23Z INFO JobServerQueue] Try to append 1 batches web console lines for record '6d34916a-e899-464d-894c-e889ad1ec9d0', success rate: 1/1.
[2026-08-30 11:00:23Z INFO JobServerQueue] Try to append 1 batches web console lines for record '6d34916a-e899-464d-894c-e889ad1ec9d0', success rate: 1/1.
[2026-08-30 11:00:24Z INFO JobServerQueue] Try to append 1 batches web console lines for record '6d34916a-e899-464d-894c-e889ad1ec9d0', success rate: 1/1.
[2026-08-30 11:00:24Z INFO JobServerQueue] Try to append 1 batches web console lines for record '6d34916a-e899-464d-894c-e889ad1ec9d0', success rate: 1/1.
[2026-08-30 11:00:25Z INFO JobServerQueue] Try to append 1 batches web console lines for record '6d34916a-e899-464d-894c-e889ad1ec9d0', success rate: 1/1.
[2026-08-30 11:00:25Z INFO JobServerQueue] Try to append 1 batches web console lines for record '6d34916a-e899-464d-894c-e889ad1ec9d0', success rate: 1/1.
[2026-08-30 11:00:26Z INFO JobServerQueue] Try to append 1 batches web console lines for record '6d34916a-e899-464d-894c-e889ad1ec9d0', success rate: 1/1.
[2026-08-30 11:00:26Z INFO JobServerQueue] Try to append 1 batches web console lines for record '6d34916a-e899-464d-894c-e889ad1ec9d0', success rate: 1/1.
[2026-08-30 11:00:27Z INFO JobServerQueue] Try to append 1 batches web console lines for record '6d34916a-e899-464d-894c-e889ad1ec9d0', success rate: 1/1.
[2026-08-30 11:00:27Z INFO JobServerQueue] Try to append 1 batches web console lines for record '6d34916a-e899-464d-894c-e889ad1ec9d0', success rate: 1/1.
[2026-08-30 11:00:28Z INFO JobServerQueue] Try to append 1 batches web console lines for record '6d34916a-e899-464d-894c-e889ad1ec9d0', success rate: 1/1.
[2026-08-30 11:00:28Z INFO JobServerQueue] Try to append 1 batches web console lines for record '6d34916a-e899-464d-894c-e889ad1ec9d0', success rate: 1/1.
[2026-08-30 11:00:29Z INFO HostContext] Well known directory 'Bin': 'C:\Users\krish\Documents\BITS\mlops-project\actions-runner\bin'
[2026-08-30 11:00:29Z INFO HostContext] Well known directory 'Root': 'C:\Users\krish\Documents\BITS\mlops-project\actions-runner'
[2026-08-30 11:00:29Z INFO HostContext] Well known directory 'Work': 'C:\Users\krish\Documents\BITS\mlops-project\actions-runner\_work'
[2026-08-30 11:00:29Z INFO JobServerQueue] Try to append 1 batches web console lines for record '6d34916a-e899-464d-894c-e889ad1ec9d0', success rate: 1/1.
[2026-08-30 11:00:29Z INFO JobServerQueue] Try to append 1 batches web console lines for record '6d34916a-e899-464d-894c-e889ad1ec9d0', success rate: 1/1.
[2026-08-30 11:00:30Z INFO JobServerQueue] Try to append 1 batches web console lines for record '6d34916a-e899-464d-894c-e889ad1ec9d0', success rate: 1/1.
[2026-08-30 11:00:30Z INFO JobServerQueue] Try to append 1 batches web console lines for record '6d34916a-e899-464d-894c-e889ad1ec9d0', success rate: 1/1.
[2026-08-30 11:00:31Z INFO JobServerQueue] Try to append 1 batches web console lines for record '6d34916a-e899-464d-894c-e889ad1ec9d0', success rate: 1/1.
[2026-08-30 11:00:31Z INFO JobServerQueue] Try to append 1 batches web console lines for record '6d34916a-e899-464d-894c-e889ad1ec9d0', success rate: 1/1.
[2026-08-30 11:00:32Z INFO JobServerQueue] Try to append 1 batches web console lines for record '6d34916a-e899-464d-894c-e889ad1ec9d0', success rate: 1/1.
[2026-08-30 11:00:33Z INFO JobServerQueue] Try to append 1 batches web console lines for record '6d34916a-e899-464d-894c-e889ad1ec9d0', success rate: 1/1.
[2026-08-30 11:00:33Z INFO JobServerQueue] Try to append 1 batches web console lines for record '6d34916a-e899-464d-894c-e889ad1ec9d0', success rate: 1/1.
[2026-08-30 11:00:34Z INFO JobServerQueue] Try to append 1 batches web console lines for record '6d34916a-e899-464d-894c-e889ad1ec9d0', success rate: 1/1.
[2026-08-30 11:00:34Z INFO JobServerQueue] Try to append 1 batches web console lines for record '6d34916a-e899-464d-894c-e889ad1ec9d0', success rate: 1/1.
[2026-08-30 11:00:35Z INFO JobServerQueue] Try to append 1 batches web console lines for record '6d34916a-e899-464d-894c-e889ad1ec9d0', success rate: 1/1.
[2026-08-30 11:00:35Z INFO JobServerQueue] Try to append 1 batches web console lines for record '6d34916a-e899-464d-894c-e889ad1ec9d0', success rate: 1/1.
[2026-08-30 11:00:36Z INFO JobServerQueue] Try to append 1 batches web console lines for record '6d34916a-e899-464d-894c-e889ad1ec9d0', success rate: 1/1.
[2026-08-30 11:00:36Z INFO JobServerQueue] Try to append 1 batches web console lines for record '6d34916a-e899-464d-894c-e889ad1ec9d0', success rate: 1/1.
[2026-08-30 11:00:37Z INFO JobServerQueue] Try to append 1 batches web console lines for record '6d34916a-e899-464d-894c-e889ad1ec9d0', success rate: 1/1.
[2026-08-30 11:00:37Z INFO JobServerQueue] Try to append 1 batches web console lines for record '6d34916a-e899-464d-894c-e889ad1ec9d0', success rate: 1/1.
[2026-08-30 11:00:38Z INFO JobServerQueue] Try to append 1 batches web console lines for record '6d34916a-e899-464d-894c-e889ad1ec9d0', success rate: 1/1.
[2026-08-30 11:00:38Z INFO JobServerQueue] Try to append 1 batches web console lines for record '6d34916a-e899-464d-894c-e889ad1ec9d0', success rate: 1/1.
[2026-08-30 11:00:39Z INFO JobServerQueue] Try to append 1 batches web console lines for record '6d34916a-e899-464d-894c-e889ad1ec9d0', success rate: 1/1.
[2026-08-30 11:00:39Z INFO HostContext] Well known directory 'Bin': 'C:\Users\krish\Documents\BITS\mlops-project\actions-runner\bin'
[2026-08-30 11:00:39Z INFO HostContext] Well known directory 'Root': 'C:\Users\krish\Documents\BITS\mlops-project\actions-runner'
[2026-08-30 11:00:39Z INFO HostContext] Well known directory 'Work': 'C:\Users\krish\Documents\BITS\mlops-project\actions-runner\_work'
[2026-08-30 11:00:39Z INFO JobServerQueue] Try to append 1 batches web console lines for record '6d34916a-e899-464d-894c-e889ad1ec9d0', success rate: 1/1.
[2026-08-30 11:00:40Z INFO JobServerQueue] Try to append 1 batches web console lines for record '6d34916a-e899-464d-894c-e889ad1ec9d0', success rate: 1/1.
[2026-08-30 11:00:40Z INFO JobServerQueue] Try to append 1 batches web console lines for record '6d34916a-e899-464d-894c-e889ad1ec9d0', success rate: 1/1.
[2026-08-30 11:00:41Z INFO JobServerQueue] Try to append 1 batches web console lines for record '6d34916a-e899-464d-894c-e889ad1ec9d0', success rate: 1/1.
[2026-08-30 11:00:41Z INFO JobServerQueue] Try to append 1 batches web console lines for record '6d34916a-e899-464d-894c-e889ad1ec9d0', success rate: 1/1.
[2026-08-30 11:00:42Z INFO JobServerQueue] Try to append 1 batches web console lines for record '6d34916a-e899-464d-894c-e889ad1ec9d0', success rate: 1/1.
[2026-08-30 11:00:42Z INFO JobServerQueue] Try to append 1 batches web console lines for record '6d34916a-e899-464d-894c-e889ad1ec9d0', success rate: 1/1.
[2026-08-30 11:00:43Z INFO JobServerQueue] Try to append 1 batches web console lines for record '6d34916a-e899-464d-894c-e889ad1ec9d0', success rate: 1/1.
[2026-08-30 11:00:43Z INFO JobServerQueue] Try to append 1 batches web console lines for record '6d34916a-e899-464d-894c-e889ad1ec9d0', success rate: 1/1.
[2026-08-30 11:00:44Z INFO JobServerQueue] Try to append 1 batches web console lines for record '6d34916a-e899-464d-894c-e889ad1ec9d0', success rate: 1/1.
[2026-08-30 11:00:44Z INFO JobServerQueue] Try to append 1 batches web console lines for record '6d34916a-e899-464d-894c-e889ad1ec9d0', success rate: 1/1.
[2026-08-30 11:00:45Z INFO JobServerQueue] Try to append 1 batches web console lines for record '6d34916a-e899-464d-894c-e889ad1ec9d0', success rate: 1/1.
[2026-08-30 11:00:45Z INFO JobServerQueue] Try to append 1 batches web console lines for record '6d34916a-e899-464d-894c-e889ad1ec9d0', success rate: 1/1.
[2026-08-30 11:00:46Z INFO JobServerQueue] Try to append 1 batches web console lines for record '6d34916a-e899-464d-894c-e889ad1ec9d0', success rate: 1/1.
[2026-08-30 11:00:46Z INFO JobServerQueue] Try to append 1 batches web console lines for record '6d34916a-e899-464d-894c-e889ad1ec9d0', success rate: 1/1.
[2026-08-30 11:00:47Z INFO JobServerQueue] Try to append 1 batches web console lines for record '6d34916a-e899-464d-894c-e889ad1ec9d0', success rate: 1/1.
[2026-08-30 11:00:48Z INFO JobServerQueue] Try to append 1 batches web console lines for record '6d34916a-e899-464d-894c-e889ad1ec9d0', success rate: 1/1.
[2026-08-30 11:00:48Z INFO JobServerQueue] Try to append 1 batches web console lines for record '6d34916a-e899-464d-894c-e889ad1ec9d0', success rate: 1/1.
[2026-08-30 11:00:49Z INFO JobServerQueue] Try to append 1 batches web console lines for record '6d34916a-e899-464d-894c-e889ad1ec9d0', success rate: 1/1.
[2026-08-30 11:00:49Z INFO HostContext] Well known directory 'Bin': 'C:\Users\krish\Documents\BITS\mlops-project\actions-runner\bin'
[2026-08-30 11:00:49Z INFO HostContext] Well known directory 'Root': 'C:\Users\krish\Documents\BITS\mlops-project\actions-runner'
[2026-08-30 11:00:49Z INFO HostContext] Well known directory 'Work': 'C:\Users\krish\Documents\BITS\mlops-project\actions-runner\_work'
[2026-08-30 11:00:49Z INFO JobServerQueue] Try to append 1 batches web console lines for record '6d34916a-e899-464d-894c-e889ad1ec9d0', success rate: 1/1.
[2026-08-30 11:00:50Z INFO JobServerQueue] Try to append 1 batches web console lines for record '6d34916a-e899-464d-894c-e889ad1ec9d0', success rate: 1/1.
[2026-08-30 11:00:50Z INFO JobServerQueue] Try to append 1 batches web console lines for record '6d34916a-e899-464d-894c-e889ad1ec9d0', success rate: 1/1.
[2026-08-30 11:00:51Z INFO JobServerQueue] Try to append 1 batches web console lines for record '6d34916a-e899-464d-894c-e889ad1ec9d0', success rate: 1/1.
[2026-08-30 11:00:51Z INFO JobServerQueue] Try to append 1 batches web console lines for record '6d34916a-e899-464d-894c-e889ad1ec9d0', success rate: 1/1.
[2026-08-30 11:00:52Z INFO JobServerQueue] Try to append 1 batches web console lines for record '6d34916a-e899-464d-894c-e889ad1ec9d0', success rate: 1/1.
[2026-08-30 11:00:52Z INFO JobServerQueue] Try to append 1 batches web console lines for record '6d34916a-e899-464d-894c-e889ad1ec9d0', success rate: 1/1.
[2026-08-30 11:00:53Z INFO JobServerQueue] Try to append 1 batches web console lines for record '6d34916a-e899-464d-894c-e889ad1ec9d0', success rate: 1/1.
[2026-08-30 11:00:53Z INFO JobServerQueue] Try to append 1 batches web console lines for record '6d34916a-e899-464d-894c-e889ad1ec9d0', success rate: 1/1.
[2026-08-30 11:00:54Z INFO JobServerQueue] Try to append 1 batches web console lines for record '6d34916a-e899-464d-894c-e889ad1ec9d0', success rate: 1/1.
[2026-08-30 11:00:54Z INFO JobServerQueue] Try to append 1 batches web console lines for record '6d34916a-e899-464d-894c-e889ad1ec9d0', success rate: 1/1.
[2026-08-30 11:00:55Z INFO JobServerQueue] Try to append 1 batches web console lines for record '6d34916a-e899-464d-894c-e889ad1ec9d0', success rate: 1/1.
[2026-08-30 11:00:55Z INFO JobServerQueue] Try to append 1 batches web console lines for record '6d34916a-e899-464d-894c-e889ad1ec9d0', success rate: 1/1.
[2026-08-30 11:00:56Z INFO JobServerQueue] Try to append 1 batches web console lines for record '6d34916a-e899-464d-894c-e889ad1ec9d0', success rate: 1/1.
[2026-08-30 11:00:56Z INFO JobServerQueue] Try to append 1 batches web console lines for record '6d34916a-e899-464d-894c-e889ad1ec9d0', success rate: 1/1.
[2026-08-30 11:00:57Z INFO JobServerQueue] Try to append 1 batches web console lines for record '6d34916a-e899-464d-894c-e889ad1ec9d0', success rate: 1/1.
[2026-08-30 11:00:57Z INFO JobServerQueue] Try to append 1 batches web console lines for record '6d34916a-e899-464d-894c-e889ad1ec9d0', success rate: 1/1.
[2026-08-30 11:00:58Z INFO JobServerQueue] Try to append 1 batches web console lines for record '6d34916a-e899-464d-894c-e889ad1ec9d0', success rate: 1/1.
[2026-08-30 11:00:58Z INFO JobServerQueue] Try to append 1 batches web console lines for record '6d34916a-e899-464d-894c-e889ad1ec9d0', success rate: 1/1.
[2026-08-30 11:00:59Z INFO HostContext] Well known directory 'Bin': 'C:\Users\krish\Documents\BITS\mlops-project\actions-runner\bin'
[2026-08-30 11:00:59Z INFO HostContext] Well known directory 'Root': 'C:\Users\krish\Documents\BITS\mlops-project\actions-runner'
[2026-08-30 11:00:59Z INFO HostContext] Well known directory 'Work': 'C:\Users\krish\Documents\BITS\mlops-project\actions-runner\_work'
[2026-08-30 11:00:59Z INFO JobServerQueue] Try to append 1 batches web console lines for record '6d34916a-e899-464d-894c-e889ad1ec9d0', success rate: 1/1.
[2026-08-30 11:00:59Z INFO JobServerQueue] Try to append 1 batches web console lines for record '6d34916a-e899-464d-894c-e889ad1ec9d0', success rate: 1/1.
[2026-08-30 11:01:00Z INFO JobServerQueue] Try to append 1 batches web console lines for record '6d34916a-e899-464d-894c-e889ad1ec9d0', success rate: 1/1.
[2026-08-30 11:01:00Z INFO JobServerQueue] Try to append 1 batches web console lines for record '6d34916a-e899-464d-894c-e889ad1ec9d0', success rate: 1/1.
[2026-08-30 11:01:01Z INFO JobServerQueue] Try to append 1 batches web console lines for record '6d34916a-e899-464d-894c-e889ad1ec9d0', success rate: 1/1.
[2026-08-30 11:01:01Z INFO JobServerQueue] Try to append 1 batches web console lines for record '6d34916a-e899-464d-894c-e889ad1ec9d0', success rate: 1/1.
[2026-08-30 11:01:02Z INFO JobServerQueue] Try to append 1 batches web console lines for record '6d34916a-e899-464d-894c-e889ad1ec9d0', success rate: 1/1.
[2026-08-30 11:01:02Z INFO JobServerQueue] Try to append 1 batches web console lines for record '6d34916a-e899-464d-894c-e889ad1ec9d0', success rate: 1/1.
[2026-08-30 11:01:04Z INFO ProcessInvokerWrapper] STDOUT/STDERR stream read finished.
[2026-08-30 11:01:04Z INFO ProcessInvokerWrapper] STDOUT/STDERR stream read finished.
[2026-08-30 11:01:04Z INFO ProcessInvokerWrapper] Finished process 14420 with exit code 0, and elapsed time 00:03:51.3061838.
[2026-08-30 11:01:04Z INFO CreateStepSummaryCommand] Step Summary file (C:\Users\krish\Documents\BITS\mlops-project\actions-runner\_work\_temp\_runner_file_commands\step_summary_cfe8f6e7-4bdf-4fc1-a89b-d65010edd034) is empty; skipping attachment upload
[2026-08-30 11:01:04Z INFO StepsRunner] Step result: 
[2026-08-30 11:01:04Z INFO ExecutionContext] Publish step telemetry for current step {
  "action": "cmd",
  "type": "run",
  "stage": "Main",
  "stepId": "6d34916a-e899-464d-894c-e889ad1ec9d0",
  "stepContextName": "__run",
  "result": "succeeded",
  "errorMessages": [],
  "executionTimeInSeconds": 232,
  "startTime": "2026-08-30T10:57:12.7941045Z",
  "finishTime": "2026-08-30T11:01:04.224707Z"
}.
[2026-08-30 11:01:04Z INFO JobServerQueue] Try to upload 1 log files or attachments, success rate: 1/1.
[2026-08-30 11:01:04Z INFO StepsRunner] No need for updating job result with current step result 'Succeeded'.
[2026-08-30 11:01:04Z INFO StepsRunner] Current state: job state = ''
[2026-08-30 11:01:04Z INFO StepsRunner] Processing step: DisplayName='Remove old container'
[2026-08-30 11:01:04Z INFO StepsRunner] Evaluating: success()
[2026-08-30 11:01:04Z INFO StepsRunner] Result: true
[2026-08-30 11:01:04Z INFO StepsRunner] Starting the step.
[2026-08-30 11:01:04Z INFO HostContext] Well known directory 'Bin': 'C:\Users\krish\Documents\BITS\mlops-project\actions-runner\bin'
[2026-08-30 11:01:04Z INFO HostContext] Well known directory 'Root': 'C:\Users\krish\Documents\BITS\mlops-project\actions-runner'
[2026-08-30 11:01:04Z INFO HostContext] Well known directory 'Work': 'C:\Users\krish\Documents\BITS\mlops-project\actions-runner\_work'
[2026-08-30 11:01:04Z INFO StepsRunner] Which2: 'chcp'
[2026-08-30 11:01:04Z INFO StepsRunner] Location: 'C:\WINDOWS\system32\chcp.COM'
[2026-08-30 11:01:04Z INFO ProcessInvokerWrapper] Starting process:
[2026-08-30 11:01:04Z INFO ProcessInvokerWrapper]   File name: 'C:\WINDOWS\system32\chcp.COM'
[2026-08-30 11:01:04Z INFO ProcessInvokerWrapper]   Arguments: '65001'
[2026-08-30 11:01:04Z INFO ProcessInvokerWrapper]   Working directory: 'C:\Users\krish\Documents\BITS\mlops-project\actions-runner\_work'
[2026-08-30 11:01:04Z INFO ProcessInvokerWrapper]   Require exit code zero: 'False'
[2026-08-30 11:01:04Z INFO ProcessInvokerWrapper]   Encoding web name:  ; code page: ''
[2026-08-30 11:01:04Z INFO ProcessInvokerWrapper]   Force kill process on cancellation: 'False'
[2026-08-30 11:01:04Z INFO ProcessInvokerWrapper]   Redirected STDIN: 'False'
[2026-08-30 11:01:04Z INFO ProcessInvokerWrapper]   Persist current code page: 'True'
[2026-08-30 11:01:04Z INFO ProcessInvokerWrapper]   Keep redirected STDIN open: 'False'
[2026-08-30 11:01:04Z INFO ProcessInvokerWrapper]   High priority process: 'False'
[2026-08-30 11:01:04Z INFO ProcessInvokerWrapper] Process started with process id 5616, waiting for process exit.
[2026-08-30 11:01:04Z INFO ProcessInvokerWrapper] STDOUT/STDERR stream read finished.
[2026-08-30 11:01:04Z INFO ProcessInvokerWrapper] STDOUT/STDERR stream read finished.
[2026-08-30 11:01:04Z INFO ProcessInvokerWrapper] Finished process 5616 with exit code 0, and elapsed time 00:00:00.3001998.
[2026-08-30 11:01:04Z INFO StepsRunner] Successfully returned to code page 65001 (UTF8)
[2026-08-30 11:01:04Z INFO HostContext] Well known directory 'Bin': 'C:\Users\krish\Documents\BITS\mlops-project\actions-runner\bin'
[2026-08-30 11:01:04Z INFO HostContext] Well known directory 'Root': 'C:\Users\krish\Documents\BITS\mlops-project\actions-runner'
[2026-08-30 11:01:04Z INFO HostContext] Well known directory 'Work': 'C:\Users\krish\Documents\BITS\mlops-project\actions-runner\_work'
[2026-08-30 11:01:04Z INFO HostContext] Well known directory 'Temp': 'C:\Users\krish\Documents\BITS\mlops-project\actions-runner\_work\_temp'
[2026-08-30 11:01:04Z INFO ExecutionContext] Write event payload to C:\Users\krish\Documents\BITS\mlops-project\actions-runner\_work\_temp\_github_workflow\event.json
[2026-08-30 11:01:04Z INFO HostContext] Well known directory 'Bin': 'C:\Users\krish\Documents\BITS\mlops-project\actions-runner\bin'
[2026-08-30 11:01:04Z INFO HostContext] Well known directory 'Root': 'C:\Users\krish\Documents\BITS\mlops-project\actions-runner'
[2026-08-30 11:01:04Z INFO HostContext] Well known directory 'Work': 'C:\Users\krish\Documents\BITS\mlops-project\actions-runner\_work'
[2026-08-30 11:01:04Z INFO HostContext] Well known directory 'Temp': 'C:\Users\krish\Documents\BITS\mlops-project\actions-runner\_work\_temp'
[2026-08-30 11:01:04Z INFO ExtensionManager] Getting extensions for interface: 'GitHub.Runner.Worker.IFileCommandExtension'
[2026-08-30 11:01:04Z INFO ExtensionManager] Getting extensions for interface: 'GitHub.Runner.Worker.IActionCommandExtension'
[2026-08-30 11:01:04Z INFO ActionCommandManager] Register action command extension for command internal-set-repo-path
[2026-08-30 11:01:04Z INFO ActionCommandManager] Register action command extension for command set-env
[2026-08-30 11:01:04Z INFO ActionCommandManager] Register action command extension for command set-output
[2026-08-30 11:01:04Z INFO ActionCommandManager] Register action command extension for command save-state
[2026-08-30 11:01:04Z INFO ActionCommandManager] Register action command extension for command add-path
[2026-08-30 11:01:04Z INFO ActionCommandManager] Register action command extension for command add-mask
[2026-08-30 11:01:04Z INFO ActionCommandManager] Register action command extension for command add-matcher
[2026-08-30 11:01:04Z INFO ActionCommandManager] Register action command extension for command remove-matcher
[2026-08-30 11:01:04Z INFO ActionCommandManager] Register action command extension for command warning
[2026-08-30 11:01:04Z INFO ActionCommandManager] Register action command extension for command error
[2026-08-30 11:01:04Z INFO ActionCommandManager] Register action command extension for command notice
[2026-08-30 11:01:04Z INFO ActionCommandManager] Register action command extension for command debug
[2026-08-30 11:01:04Z INFO ActionCommandManager] Register action command extension for command group
[2026-08-30 11:01:04Z INFO ActionCommandManager] Register action command extension for command endgroup
[2026-08-30 11:01:04Z INFO ActionCommandManager] Register action command extension for command echo
[2026-08-30 11:01:04Z INFO ScriptHandler] Which2: 'cmd'
[2026-08-30 11:01:04Z INFO ScriptHandler] Location: 'C:\WINDOWS\system32\cmd.EXE'
[2026-08-30 11:01:04Z INFO HostContext] Well known directory 'Bin': 'C:\Users\krish\Documents\BITS\mlops-project\actions-runner\bin'
[2026-08-30 11:01:04Z INFO HostContext] Well known directory 'Root': 'C:\Users\krish\Documents\BITS\mlops-project\actions-runner'
[2026-08-30 11:01:04Z INFO HostContext] Well known directory 'Work': 'C:\Users\krish\Documents\BITS\mlops-project\actions-runner\_work'
[2026-08-30 11:01:04Z INFO HostContext] Well known directory 'Temp': 'C:\Users\krish\Documents\BITS\mlops-project\actions-runner\_work\_temp'
[2026-08-30 11:01:04Z INFO ScriptHandler] Which2: 'cmd'
[2026-08-30 11:01:04Z INFO ScriptHandler] Location: 'C:\WINDOWS\system32\cmd.EXE'
[2026-08-30 11:01:04Z INFO ProcessInvokerWrapper] Starting process:
[2026-08-30 11:01:04Z INFO ProcessInvokerWrapper]   File name: 'C:\WINDOWS\system32\cmd.EXE'
[2026-08-30 11:01:04Z INFO ProcessInvokerWrapper]   Arguments: '/D /E:ON /V:OFF /S /C "CALL "C:\Users\krish\Documents\BITS\mlops-project\actions-runner\_work\_temp\6403e76b-5ff5-4279-ae1a-3fc490c4871e.cmd""'
[2026-08-30 11:01:04Z INFO ProcessInvokerWrapper]   Working directory: 'C:\Users\krish\Documents\BITS\mlops-project\actions-runner\_work\assignment2\assignment2'
[2026-08-30 11:01:04Z INFO ProcessInvokerWrapper]   Require exit code zero: 'False'
[2026-08-30 11:01:04Z INFO ProcessInvokerWrapper]   Encoding web name:  ; code page: ''
[2026-08-30 11:01:04Z INFO ProcessInvokerWrapper]   Force kill process on cancellation: 'False'
[2026-08-30 11:01:04Z INFO ProcessInvokerWrapper]   Redirected STDIN: 'False'
[2026-08-30 11:01:04Z INFO ProcessInvokerWrapper]   Persist current code page: 'True'
[2026-08-30 11:01:04Z INFO ProcessInvokerWrapper]   Keep redirected STDIN open: 'False'
[2026-08-30 11:01:04Z INFO ProcessInvokerWrapper]   High priority process: 'False'
[2026-08-30 11:01:04Z INFO ProcessInvokerWrapper] Process started with process id 20624, waiting for process exit.
[2026-08-30 11:01:05Z INFO JobServerQueue] Try to append 1 batches web console lines for record 'a8ec9082-3151-4ada-ae85-150d63f0db0b', success rate: 1/1.
[2026-08-30 11:01:05Z INFO JobServerQueue] Got a step log file to send to results service.
[2026-08-30 11:01:05Z INFO JobServerQueue] Starting upload of step log file to results service ResultsLog, C:\Users\krish\Documents\BITS\mlops-project\actions-runner\_diag\blocks\5ab6d68c-3fde-494c-9515-69b832a29d5e_6d34916a-e899-464d-894c-e889ad1ec9d0.1
[2026-08-30 11:01:05Z INFO ProcessInvokerWrapper] STDOUT/STDERR stream read finished.
[2026-08-30 11:01:05Z INFO ProcessInvokerWrapper] STDOUT/STDERR stream read finished.
[2026-08-30 11:01:05Z INFO ProcessInvokerWrapper] Finished process 20624 with exit code 0, and elapsed time 00:00:00.6645093.
[2026-08-30 11:01:05Z INFO CreateStepSummaryCommand] Step Summary file (C:\Users\krish\Documents\BITS\mlops-project\actions-runner\_work\_temp\_runner_file_commands\step_summary_35c6a425-044f-4c71-a594-674b398a86ef) is empty; skipping attachment upload
[2026-08-30 11:01:05Z INFO StepsRunner] Step result: 
[2026-08-30 11:01:05Z INFO ExecutionContext] Publish step telemetry for current step {
  "action": "cmd",
  "type": "run",
  "stage": "Main",
  "stepId": "a8ec9082-3151-4ada-ae85-150d63f0db0b",
  "stepContextName": "__run_2",
  "result": "succeeded",
  "errorMessages": [],
  "executionTimeInSeconds": 2,
  "startTime": "2026-08-30T11:01:04.2836056Z",
  "finishTime": "2026-08-30T11:01:05.4273799Z"
}.
[2026-08-30 11:01:05Z INFO StepsRunner] No need for updating job result with current step result 'Succeeded'.
[2026-08-30 11:01:05Z INFO StepsRunner] Current state: job state = ''
[2026-08-30 11:01:05Z INFO StepsRunner] Processing step: DisplayName='Deploy application'
[2026-08-30 11:01:05Z INFO StepsRunner] Evaluating: success()
[2026-08-30 11:01:05Z INFO StepsRunner] Result: true
[2026-08-30 11:01:05Z INFO StepsRunner] Starting the step.
[2026-08-30 11:01:05Z INFO HostContext] Well known directory 'Bin': 'C:\Users\krish\Documents\BITS\mlops-project\actions-runner\bin'
[2026-08-30 11:01:05Z INFO HostContext] Well known directory 'Root': 'C:\Users\krish\Documents\BITS\mlops-project\actions-runner'
[2026-08-30 11:01:05Z INFO HostContext] Well known directory 'Work': 'C:\Users\krish\Documents\BITS\mlops-project\actions-runner\_work'
[2026-08-30 11:01:05Z INFO StepsRunner] Which2: 'chcp'
[2026-08-30 11:01:05Z INFO StepsRunner] Location: 'C:\WINDOWS\system32\chcp.COM'
[2026-08-30 11:01:05Z INFO ProcessInvokerWrapper] Starting process:
[2026-08-30 11:01:05Z INFO ProcessInvokerWrapper]   File name: 'C:\WINDOWS\system32\chcp.COM'
[2026-08-30 11:01:05Z INFO ProcessInvokerWrapper]   Arguments: '65001'
[2026-08-30 11:01:05Z INFO ProcessInvokerWrapper]   Working directory: 'C:\Users\krish\Documents\BITS\mlops-project\actions-runner\_work'
[2026-08-30 11:01:05Z INFO ProcessInvokerWrapper]   Require exit code zero: 'False'
[2026-08-30 11:01:05Z INFO ProcessInvokerWrapper]   Encoding web name:  ; code page: ''
[2026-08-30 11:01:05Z INFO ProcessInvokerWrapper]   Force kill process on cancellation: 'False'
[2026-08-30 11:01:05Z INFO ProcessInvokerWrapper]   Redirected STDIN: 'False'
[2026-08-30 11:01:05Z INFO ProcessInvokerWrapper]   Persist current code page: 'True'
[2026-08-30 11:01:05Z INFO ProcessInvokerWrapper]   Keep redirected STDIN open: 'False'
[2026-08-30 11:01:05Z INFO ProcessInvokerWrapper]   High priority process: 'False'
[2026-08-30 11:01:05Z INFO ProcessInvokerWrapper] Process started with process id 16948, waiting for process exit.
[2026-08-30 11:01:06Z INFO ProcessInvokerWrapper] STDOUT/STDERR stream read finished.
[2026-08-30 11:01:06Z INFO ProcessInvokerWrapper] STDOUT/STDERR stream read finished.
[2026-08-30 11:01:06Z INFO ProcessInvokerWrapper] Finished process 16948 with exit code 0, and elapsed time 00:00:00.6699303.
[2026-08-30 11:01:06Z INFO StepsRunner] Successfully returned to code page 65001 (UTF8)
[2026-08-30 11:01:06Z INFO HostContext] Well known directory 'Bin': 'C:\Users\krish\Documents\BITS\mlops-project\actions-runner\bin'
[2026-08-30 11:01:06Z INFO HostContext] Well known directory 'Root': 'C:\Users\krish\Documents\BITS\mlops-project\actions-runner'
[2026-08-30 11:01:06Z INFO HostContext] Well known directory 'Work': 'C:\Users\krish\Documents\BITS\mlops-project\actions-runner\_work'
[2026-08-30 11:01:06Z INFO HostContext] Well known directory 'Temp': 'C:\Users\krish\Documents\BITS\mlops-project\actions-runner\_work\_temp'
[2026-08-30 11:01:06Z INFO ExecutionContext] Write event payload to C:\Users\krish\Documents\BITS\mlops-project\actions-runner\_work\_temp\_github_workflow\event.json
[2026-08-30 11:01:06Z INFO HostContext] Well known directory 'Bin': 'C:\Users\krish\Documents\BITS\mlops-project\actions-runner\bin'
[2026-08-30 11:01:06Z INFO HostContext] Well known directory 'Root': 'C:\Users\krish\Documents\BITS\mlops-project\actions-runner'
[2026-08-30 11:01:06Z INFO HostContext] Well known directory 'Work': 'C:\Users\krish\Documents\BITS\mlops-project\actions-runner\_work'
[2026-08-30 11:01:06Z INFO HostContext] Well known directory 'Temp': 'C:\Users\krish\Documents\BITS\mlops-project\actions-runner\_work\_temp'
[2026-08-30 11:01:06Z INFO ExtensionManager] Getting extensions for interface: 'GitHub.Runner.Worker.IFileCommandExtension'
[2026-08-30 11:01:06Z INFO ExtensionManager] Getting extensions for interface: 'GitHub.Runner.Worker.IActionCommandExtension'
[2026-08-30 11:01:06Z INFO ActionCommandManager] Register action command extension for command internal-set-repo-path
[2026-08-30 11:01:06Z INFO ActionCommandManager] Register action command extension for command set-env
[2026-08-30 11:01:06Z INFO ActionCommandManager] Register action command extension for command set-output
[2026-08-30 11:01:06Z INFO ActionCommandManager] Register action command extension for command save-state
[2026-08-30 11:01:06Z INFO ActionCommandManager] Register action command extension for command add-path
[2026-08-30 11:01:06Z INFO ActionCommandManager] Register action command extension for command add-mask
[2026-08-30 11:01:06Z INFO ActionCommandManager] Register action command extension for command add-matcher
[2026-08-30 11:01:06Z INFO ActionCommandManager] Register action command extension for command remove-matcher
[2026-08-30 11:01:06Z INFO ActionCommandManager] Register action command extension for command warning
[2026-08-30 11:01:06Z INFO ActionCommandManager] Register action command extension for command error
[2026-08-30 11:01:06Z INFO ActionCommandManager] Register action command extension for command notice
[2026-08-30 11:01:06Z INFO ActionCommandManager] Register action command extension for command debug
[2026-08-30 11:01:06Z INFO ActionCommandManager] Register action command extension for command group
[2026-08-30 11:01:06Z INFO ActionCommandManager] Register action command extension for command endgroup
[2026-08-30 11:01:06Z INFO ActionCommandManager] Register action command extension for command echo
[2026-08-30 11:01:06Z INFO ScriptHandler] Which2: 'cmd'
[2026-08-30 11:01:06Z INFO ScriptHandler] Location: 'C:\WINDOWS\system32\cmd.EXE'
[2026-08-30 11:01:06Z INFO HostContext] Well known directory 'Bin': 'C:\Users\krish\Documents\BITS\mlops-project\actions-runner\bin'
[2026-08-30 11:01:06Z INFO HostContext] Well known directory 'Root': 'C:\Users\krish\Documents\BITS\mlops-project\actions-runner'
[2026-08-30 11:01:06Z INFO HostContext] Well known directory 'Work': 'C:\Users\krish\Documents\BITS\mlops-project\actions-runner\_work'
[2026-08-30 11:01:06Z INFO HostContext] Well known directory 'Temp': 'C:\Users\krish\Documents\BITS\mlops-project\actions-runner\_work\_temp'
[2026-08-30 11:01:06Z INFO ScriptHandler] Which2: 'cmd'
[2026-08-30 11:01:06Z INFO ScriptHandler] Location: 'C:\WINDOWS\system32\cmd.EXE'
[2026-08-30 11:01:06Z INFO ProcessInvokerWrapper] Starting process:
[2026-08-30 11:01:06Z INFO ProcessInvokerWrapper]   File name: 'C:\WINDOWS\system32\cmd.EXE'
[2026-08-30 11:01:06Z INFO ProcessInvokerWrapper]   Arguments: '/D /E:ON /V:OFF /S /C "CALL "C:\Users\krish\Documents\BITS\mlops-project\actions-runner\_work\_temp\606d7d3c-ca73-4f32-9fcc-561ba05f7448.cmd""'
[2026-08-30 11:01:06Z INFO ProcessInvokerWrapper]   Working directory: 'C:\Users\krish\Documents\BITS\mlops-project\actions-runner\_work\assignment2\assignment2'
[2026-08-30 11:01:06Z INFO ProcessInvokerWrapper]   Require exit code zero: 'False'
[2026-08-30 11:01:06Z INFO ProcessInvokerWrapper]   Encoding web name:  ; code page: ''
[2026-08-30 11:01:06Z INFO ProcessInvokerWrapper]   Force kill process on cancellation: 'False'
[2026-08-30 11:01:06Z INFO ProcessInvokerWrapper]   Redirected STDIN: 'False'
[2026-08-30 11:01:06Z INFO ProcessInvokerWrapper]   Persist current code page: 'True'
[2026-08-30 11:01:06Z INFO ProcessInvokerWrapper]   Keep redirected STDIN open: 'False'
[2026-08-30 11:01:06Z INFO ProcessInvokerWrapper]   High priority process: 'False'
[2026-08-30 11:01:06Z INFO JobServerQueue] Try to append 1 batches web console lines for record '179cbffa-ddf7-4f3b-ae0f-2ff1b4a1ef7b', success rate: 1/1.
[2026-08-30 11:01:06Z INFO JobServerQueue] Try to upload 1 log files or attachments, success rate: 1/1.
[2026-08-30 11:01:06Z INFO ProcessInvokerWrapper] Process started with process id 23036, waiting for process exit.
[2026-08-30 11:01:08Z INFO JobServerQueue] Try to append 1 batches web console lines for record '179cbffa-ddf7-4f3b-ae0f-2ff1b4a1ef7b', success rate: 1/1.
[2026-08-30 11:01:09Z INFO JobServerQueue] Tried to upload 1 file(s) to results, success rate: 1/1.
[2026-08-30 11:01:09Z INFO HostContext] Well known directory 'Bin': 'C:\Users\krish\Documents\BITS\mlops-project\actions-runner\bin'
[2026-08-30 11:01:09Z INFO HostContext] Well known directory 'Root': 'C:\Users\krish\Documents\BITS\mlops-project\actions-runner'
[2026-08-30 11:01:09Z INFO HostContext] Well known directory 'Work': 'C:\Users\krish\Documents\BITS\mlops-project\actions-runner\_work'
[2026-08-30 11:01:10Z INFO JobServerQueue] Got a step log file to send to results service.
[2026-08-30 11:01:10Z INFO JobServerQueue] Starting upload of step log file to results service ResultsLog, C:\Users\krish\Documents\BITS\mlops-project\actions-runner\_diag\blocks\5ab6d68c-3fde-494c-9515-69b832a29d5e_a8ec9082-3151-4ada-ae85-150d63f0db0b.1
[2026-08-30 11:01:10Z INFO JobServerQueue] Tried to upload 1 file(s) to results, success rate: 1/1.
[2026-08-30 11:01:15Z INFO JobServerQueue] Try to append 1 batches web console lines for record '179cbffa-ddf7-4f3b-ae0f-2ff1b4a1ef7b', success rate: 1/1.
[2026-08-30 11:01:16Z INFO ProcessInvokerWrapper] STDOUT/STDERR stream read finished.
[2026-08-30 11:01:16Z INFO ProcessInvokerWrapper] STDOUT/STDERR stream read finished.
[2026-08-30 11:01:16Z INFO ProcessInvokerWrapper] Finished process 23036 with exit code 0, and elapsed time 00:00:10.1495967.
[2026-08-30 11:01:16Z INFO CreateStepSummaryCommand] Step Summary file (C:\Users\krish\Documents\BITS\mlops-project\actions-runner\_work\_temp\_runner_file_commands\step_summary_0f7a31ec-6c17-4567-90db-de8f6a8b2a4b) is empty; skipping attachment upload
[2026-08-30 11:01:16Z INFO StepsRunner] Step result: 
[2026-08-30 11:01:16Z INFO ExecutionContext] Publish step telemetry for current step {
  "action": "cmd",
  "type": "run",
  "stage": "Main",
  "stepId": "179cbffa-ddf7-4f3b-ae0f-2ff1b4a1ef7b",
  "stepContextName": "__run_3",
  "result": "succeeded",
  "errorMessages": [],
  "executionTimeInSeconds": 11,
  "startTime": "2026-08-30T11:01:05.4303496Z",
  "finishTime": "2026-08-30T11:01:16.3014776Z"
}.
[2026-08-30 11:01:16Z INFO StepsRunner] No need for updating job result with current step result 'Succeeded'.
[2026-08-30 11:01:16Z INFO StepsRunner] Current state: job state = ''
[2026-08-30 11:01:16Z INFO StepsRunner] Processing step: DisplayName='Check deployment'
[2026-08-30 11:01:16Z INFO StepsRunner] Evaluating: success()
[2026-08-30 11:01:16Z INFO StepsRunner] Result: true
[2026-08-30 11:01:16Z INFO StepsRunner] Starting the step.
[2026-08-30 11:01:16Z INFO HostContext] Well known directory 'Bin': 'C:\Users\krish\Documents\BITS\mlops-project\actions-runner\bin'
[2026-08-30 11:01:16Z INFO HostContext] Well known directory 'Root': 'C:\Users\krish\Documents\BITS\mlops-project\actions-runner'
[2026-08-30 11:01:16Z INFO HostContext] Well known directory 'Work': 'C:\Users\krish\Documents\BITS\mlops-project\actions-runner\_work'
[2026-08-30 11:01:16Z INFO StepsRunner] Which2: 'chcp'
[2026-08-30 11:01:16Z INFO StepsRunner] Location: 'C:\WINDOWS\system32\chcp.COM'
[2026-08-30 11:01:16Z INFO ProcessInvokerWrapper] Starting process:
[2026-08-30 11:01:16Z INFO ProcessInvokerWrapper]   File name: 'C:\WINDOWS\system32\chcp.COM'
[2026-08-30 11:01:16Z INFO ProcessInvokerWrapper]   Arguments: '65001'
[2026-08-30 11:01:16Z INFO ProcessInvokerWrapper]   Working directory: 'C:\Users\krish\Documents\BITS\mlops-project\actions-runner\_work'
[2026-08-30 11:01:16Z INFO ProcessInvokerWrapper]   Require exit code zero: 'False'
[2026-08-30 11:01:16Z INFO ProcessInvokerWrapper]   Encoding web name:  ; code page: ''
[2026-08-30 11:01:16Z INFO ProcessInvokerWrapper]   Force kill process on cancellation: 'False'
[2026-08-30 11:01:16Z INFO ProcessInvokerWrapper]   Redirected STDIN: 'False'
[2026-08-30 11:01:16Z INFO ProcessInvokerWrapper]   Persist current code page: 'True'
[2026-08-30 11:01:16Z INFO ProcessInvokerWrapper]   Keep redirected STDIN open: 'False'
[2026-08-30 11:01:16Z INFO ProcessInvokerWrapper]   High priority process: 'False'
[2026-08-30 11:01:16Z INFO ProcessInvokerWrapper] Process started with process id 22588, waiting for process exit.
[2026-08-30 11:01:16Z INFO ProcessInvokerWrapper] STDOUT/STDERR stream read finished.
[2026-08-30 11:01:16Z INFO ProcessInvokerWrapper] STDOUT/STDERR stream read finished.
[2026-08-30 11:01:16Z INFO ProcessInvokerWrapper] Finished process 22588 with exit code 0, and elapsed time 00:00:00.0595536.
[2026-08-30 11:01:16Z INFO StepsRunner] Successfully returned to code page 65001 (UTF8)
[2026-08-30 11:01:16Z INFO HostContext] Well known directory 'Bin': 'C:\Users\krish\Documents\BITS\mlops-project\actions-runner\bin'
[2026-08-30 11:01:16Z INFO HostContext] Well known directory 'Root': 'C:\Users\krish\Documents\BITS\mlops-project\actions-runner'
[2026-08-30 11:01:16Z INFO HostContext] Well known directory 'Work': 'C:\Users\krish\Documents\BITS\mlops-project\actions-runner\_work'
[2026-08-30 11:01:16Z INFO HostContext] Well known directory 'Temp': 'C:\Users\krish\Documents\BITS\mlops-project\actions-runner\_work\_temp'
[2026-08-30 11:01:16Z INFO ExecutionContext] Write event payload to C:\Users\krish\Documents\BITS\mlops-project\actions-runner\_work\_temp\_github_workflow\event.json
[2026-08-30 11:01:16Z INFO HostContext] Well known directory 'Bin': 'C:\Users\krish\Documents\BITS\mlops-project\actions-runner\bin'
[2026-08-30 11:01:16Z INFO HostContext] Well known directory 'Root': 'C:\Users\krish\Documents\BITS\mlops-project\actions-runner'
[2026-08-30 11:01:16Z INFO HostContext] Well known directory 'Work': 'C:\Users\krish\Documents\BITS\mlops-project\actions-runner\_work'
[2026-08-30 11:01:16Z INFO HostContext] Well known directory 'Temp': 'C:\Users\krish\Documents\BITS\mlops-project\actions-runner\_work\_temp'
[2026-08-30 11:01:16Z INFO ExtensionManager] Getting extensions for interface: 'GitHub.Runner.Worker.IFileCommandExtension'
[2026-08-30 11:01:16Z INFO ExtensionManager] Getting extensions for interface: 'GitHub.Runner.Worker.IActionCommandExtension'
[2026-08-30 11:01:16Z INFO ActionCommandManager] Register action command extension for command internal-set-repo-path
[2026-08-30 11:01:16Z INFO ActionCommandManager] Register action command extension for command set-env
[2026-08-30 11:01:16Z INFO ActionCommandManager] Register action command extension for command set-output
[2026-08-30 11:01:16Z INFO ActionCommandManager] Register action command extension for command save-state
[2026-08-30 11:01:16Z INFO ActionCommandManager] Register action command extension for command add-path
[2026-08-30 11:01:16Z INFO ActionCommandManager] Register action command extension for command add-mask
[2026-08-30 11:01:16Z INFO ActionCommandManager] Register action command extension for command add-matcher
[2026-08-30 11:01:16Z INFO ActionCommandManager] Register action command extension for command remove-matcher
[2026-08-30 11:01:16Z INFO ActionCommandManager] Register action command extension for command warning
[2026-08-30 11:01:16Z INFO ActionCommandManager] Register action command extension for command error
[2026-08-30 11:01:16Z INFO ActionCommandManager] Register action command extension for command notice
[2026-08-30 11:01:16Z INFO ActionCommandManager] Register action command extension for command debug
[2026-08-30 11:01:16Z INFO ActionCommandManager] Register action command extension for command group
[2026-08-30 11:01:16Z INFO ActionCommandManager] Register action command extension for command endgroup
[2026-08-30 11:01:16Z INFO ActionCommandManager] Register action command extension for command echo
[2026-08-30 11:01:16Z INFO ScriptHandler] Which2: 'cmd'
[2026-08-30 11:01:16Z INFO ScriptHandler] Location: 'C:\WINDOWS\system32\cmd.EXE'
[2026-08-30 11:01:16Z INFO HostContext] Well known directory 'Bin': 'C:\Users\krish\Documents\BITS\mlops-project\actions-runner\bin'
[2026-08-30 11:01:16Z INFO HostContext] Well known directory 'Root': 'C:\Users\krish\Documents\BITS\mlops-project\actions-runner'
[2026-08-30 11:01:16Z INFO HostContext] Well known directory 'Work': 'C:\Users\krish\Documents\BITS\mlops-project\actions-runner\_work'
[2026-08-30 11:01:16Z INFO HostContext] Well known directory 'Temp': 'C:\Users\krish\Documents\BITS\mlops-project\actions-runner\_work\_temp'
[2026-08-30 11:01:16Z INFO ScriptHandler] Which2: 'cmd'
[2026-08-30 11:01:16Z INFO ScriptHandler] Location: 'C:\WINDOWS\system32\cmd.EXE'
[2026-08-30 11:01:16Z INFO ProcessInvokerWrapper] Starting process:
[2026-08-30 11:01:16Z INFO ProcessInvokerWrapper]   File name: 'C:\WINDOWS\system32\cmd.EXE'
[2026-08-30 11:01:16Z INFO ProcessInvokerWrapper]   Arguments: '/D /E:ON /V:OFF /S /C "CALL "C:\Users\krish\Documents\BITS\mlops-project\actions-runner\_work\_temp\5a917dc4-c6de-4a4f-ae5f-d090984e4267.cmd""'
[2026-08-30 11:01:16Z INFO ProcessInvokerWrapper]   Working directory: 'C:\Users\krish\Documents\BITS\mlops-project\actions-runner\_work\assignment2\assignment2'
[2026-08-30 11:01:16Z INFO ProcessInvokerWrapper]   Require exit code zero: 'False'
[2026-08-30 11:01:16Z INFO ProcessInvokerWrapper]   Encoding web name:  ; code page: ''
[2026-08-30 11:01:16Z INFO ProcessInvokerWrapper]   Force kill process on cancellation: 'False'
[2026-08-30 11:01:16Z INFO ProcessInvokerWrapper]   Redirected STDIN: 'False'
[2026-08-30 11:01:16Z INFO ProcessInvokerWrapper]   Persist current code page: 'True'
[2026-08-30 11:01:16Z INFO ProcessInvokerWrapper]   Keep redirected STDIN open: 'False'
[2026-08-30 11:01:16Z INFO ProcessInvokerWrapper]   High priority process: 'False'
[2026-08-30 11:01:16Z INFO ProcessInvokerWrapper] Process started with process id 18468, waiting for process exit.
[2026-08-30 11:01:16Z INFO JobServerQueue] Try to upload 1 log files or attachments, success rate: 1/1.
[2026-08-30 11:01:16Z INFO JobServerQueue] Try to append 1 batches web console lines for record '179cbffa-ddf7-4f3b-ae0f-2ff1b4a1ef7b', success rate: 1/1.
[2026-08-30 11:01:16Z INFO JobServerQueue] Try to append 1 batches web console lines for record '85e17f2b-5ef7-49bf-9e8f-0f9300caca30', success rate: 1/1.
[2026-08-30 11:01:16Z INFO ProcessInvokerWrapper] STDOUT/STDERR stream read finished.
[2026-08-30 11:01:16Z INFO ProcessInvokerWrapper] STDOUT/STDERR stream read finished.
[2026-08-30 11:01:16Z INFO ProcessInvokerWrapper] Finished process 18468 with exit code 0, and elapsed time 00:00:00.5046144.
[2026-08-30 11:01:16Z INFO CreateStepSummaryCommand] Step Summary file (C:\Users\krish\Documents\BITS\mlops-project\actions-runner\_work\_temp\_runner_file_commands\step_summary_cfa6a95d-26ad-40b0-808b-c6a0c9338998) is empty; skipping attachment upload
[2026-08-30 11:01:16Z INFO StepsRunner] Step result: 
[2026-08-30 11:01:16Z INFO ExecutionContext] Publish step telemetry for current step {
  "action": "cmd",
  "type": "run",
  "stage": "Main",
  "stepId": "85e17f2b-5ef7-49bf-9e8f-0f9300caca30",
  "stepContextName": "__run_4",
  "result": "succeeded",
  "errorMessages": [],
  "executionTimeInSeconds": 1,
  "startTime": "2026-08-30T11:01:16.3043402Z",
  "finishTime": "2026-08-30T11:01:16.8995993Z"
}.
[2026-08-30 11:01:16Z INFO StepsRunner] No need for updating job result with current step result 'Succeeded'.
[2026-08-30 11:01:16Z INFO StepsRunner] Current state: job state = ''
[2026-08-30 11:01:16Z INFO StepsRunner] Processing step: DisplayName='Wait for application'
[2026-08-30 11:01:16Z INFO StepsRunner] Evaluating: success()
[2026-08-30 11:01:16Z INFO StepsRunner] Result: true
[2026-08-30 11:01:16Z INFO StepsRunner] Starting the step.
[2026-08-30 11:01:16Z INFO HostContext] Well known directory 'Bin': 'C:\Users\krish\Documents\BITS\mlops-project\actions-runner\bin'
[2026-08-30 11:01:16Z INFO HostContext] Well known directory 'Root': 'C:\Users\krish\Documents\BITS\mlops-project\actions-runner'
[2026-08-30 11:01:16Z INFO HostContext] Well known directory 'Work': 'C:\Users\krish\Documents\BITS\mlops-project\actions-runner\_work'
[2026-08-30 11:01:16Z INFO StepsRunner] Which2: 'chcp'
[2026-08-30 11:01:16Z INFO StepsRunner] Location: 'C:\WINDOWS\system32\chcp.COM'
[2026-08-30 11:01:16Z INFO ProcessInvokerWrapper] Starting process:
[2026-08-30 11:01:16Z INFO ProcessInvokerWrapper]   File name: 'C:\WINDOWS\system32\chcp.COM'
[2026-08-30 11:01:16Z INFO ProcessInvokerWrapper]   Arguments: '65001'
[2026-08-30 11:01:16Z INFO ProcessInvokerWrapper]   Working directory: 'C:\Users\krish\Documents\BITS\mlops-project\actions-runner\_work'
[2026-08-30 11:01:16Z INFO ProcessInvokerWrapper]   Require exit code zero: 'False'
[2026-08-30 11:01:16Z INFO ProcessInvokerWrapper]   Encoding web name:  ; code page: ''
[2026-08-30 11:01:16Z INFO ProcessInvokerWrapper]   Force kill process on cancellation: 'False'
[2026-08-30 11:01:16Z INFO ProcessInvokerWrapper]   Redirected STDIN: 'False'
[2026-08-30 11:01:16Z INFO ProcessInvokerWrapper]   Persist current code page: 'True'
[2026-08-30 11:01:16Z INFO ProcessInvokerWrapper]   Keep redirected STDIN open: 'False'
[2026-08-30 11:01:16Z INFO ProcessInvokerWrapper]   High priority process: 'False'
[2026-08-30 11:01:16Z INFO ProcessInvokerWrapper] Process started with process id 19224, waiting for process exit.
[2026-08-30 11:01:16Z INFO JobServerQueue] Got a step log file to send to results service.
[2026-08-30 11:01:16Z INFO JobServerQueue] Starting upload of step log file to results service ResultsLog, C:\Users\krish\Documents\BITS\mlops-project\actions-runner\_diag\blocks\5ab6d68c-3fde-494c-9515-69b832a29d5e_179cbffa-ddf7-4f3b-ae0f-2ff1b4a1ef7b.1
[2026-08-30 11:01:16Z INFO ProcessInvokerWrapper] STDOUT/STDERR stream read finished.
[2026-08-30 11:01:16Z INFO ProcessInvokerWrapper] STDOUT/STDERR stream read finished.
[2026-08-30 11:01:16Z INFO ProcessInvokerWrapper] Finished process 19224 with exit code 0, and elapsed time 00:00:00.0384220.
[2026-08-30 11:01:16Z INFO StepsRunner] Successfully returned to code page 65001 (UTF8)
[2026-08-30 11:01:16Z INFO HostContext] Well known directory 'Bin': 'C:\Users\krish\Documents\BITS\mlops-project\actions-runner\bin'
[2026-08-30 11:01:16Z INFO HostContext] Well known directory 'Root': 'C:\Users\krish\Documents\BITS\mlops-project\actions-runner'
[2026-08-30 11:01:16Z INFO HostContext] Well known directory 'Work': 'C:\Users\krish\Documents\BITS\mlops-project\actions-runner\_work'
[2026-08-30 11:01:16Z INFO HostContext] Well known directory 'Temp': 'C:\Users\krish\Documents\BITS\mlops-project\actions-runner\_work\_temp'
[2026-08-30 11:01:16Z INFO ExecutionContext] Write event payload to C:\Users\krish\Documents\BITS\mlops-project\actions-runner\_work\_temp\_github_workflow\event.json
[2026-08-30 11:01:16Z INFO HostContext] Well known directory 'Bin': 'C:\Users\krish\Documents\BITS\mlops-project\actions-runner\bin'
[2026-08-30 11:01:16Z INFO HostContext] Well known directory 'Root': 'C:\Users\krish\Documents\BITS\mlops-project\actions-runner'
[2026-08-30 11:01:16Z INFO HostContext] Well known directory 'Work': 'C:\Users\krish\Documents\BITS\mlops-project\actions-runner\_work'
[2026-08-30 11:01:16Z INFO HostContext] Well known directory 'Temp': 'C:\Users\krish\Documents\BITS\mlops-project\actions-runner\_work\_temp'
[2026-08-30 11:01:16Z INFO ExtensionManager] Getting extensions for interface: 'GitHub.Runner.Worker.IFileCommandExtension'
[2026-08-30 11:01:16Z INFO ExtensionManager] Getting extensions for interface: 'GitHub.Runner.Worker.IActionCommandExtension'
[2026-08-30 11:01:16Z INFO ActionCommandManager] Register action command extension for command internal-set-repo-path
[2026-08-30 11:01:16Z INFO ActionCommandManager] Register action command extension for command set-env
[2026-08-30 11:01:16Z INFO ActionCommandManager] Register action command extension for command set-output
[2026-08-30 11:01:16Z INFO ActionCommandManager] Register action command extension for command save-state
[2026-08-30 11:01:16Z INFO ActionCommandManager] Register action command extension for command add-path
[2026-08-30 11:01:16Z INFO ActionCommandManager] Register action command extension for command add-mask
[2026-08-30 11:01:16Z INFO ActionCommandManager] Register action command extension for command add-matcher
[2026-08-30 11:01:16Z INFO ActionCommandManager] Register action command extension for command remove-matcher
[2026-08-30 11:01:16Z INFO ActionCommandManager] Register action command extension for command warning
[2026-08-30 11:01:16Z INFO ActionCommandManager] Register action command extension for command error
[2026-08-30 11:01:16Z INFO ActionCommandManager] Register action command extension for command notice
[2026-08-30 11:01:16Z INFO ActionCommandManager] Register action command extension for command debug
[2026-08-30 11:01:16Z INFO ActionCommandManager] Register action command extension for command group
[2026-08-30 11:01:16Z INFO ActionCommandManager] Register action command extension for command endgroup
[2026-08-30 11:01:16Z INFO ActionCommandManager] Register action command extension for command echo
[2026-08-30 11:01:16Z INFO ScriptHandler] Which2: 'cmd'
[2026-08-30 11:01:16Z INFO ScriptHandler] Location: 'C:\WINDOWS\system32\cmd.EXE'
[2026-08-30 11:01:16Z INFO HostContext] Well known directory 'Bin': 'C:\Users\krish\Documents\BITS\mlops-project\actions-runner\bin'
[2026-08-30 11:01:16Z INFO HostContext] Well known directory 'Root': 'C:\Users\krish\Documents\BITS\mlops-project\actions-runner'
[2026-08-30 11:01:16Z INFO HostContext] Well known directory 'Work': 'C:\Users\krish\Documents\BITS\mlops-project\actions-runner\_work'
[2026-08-30 11:01:16Z INFO HostContext] Well known directory 'Temp': 'C:\Users\krish\Documents\BITS\mlops-project\actions-runner\_work\_temp'
[2026-08-30 11:01:16Z INFO ScriptHandler] Which2: 'cmd'
[2026-08-30 11:01:16Z INFO ScriptHandler] Location: 'C:\WINDOWS\system32\cmd.EXE'
[2026-08-30 11:01:16Z INFO ProcessInvokerWrapper] Starting process:
[2026-08-30 11:01:16Z INFO ProcessInvokerWrapper]   File name: 'C:\WINDOWS\system32\cmd.EXE'
[2026-08-30 11:01:16Z INFO ProcessInvokerWrapper]   Arguments: '/D /E:ON /V:OFF /S /C "CALL "C:\Users\krish\Documents\BITS\mlops-project\actions-runner\_work\_temp\393f83c7-327d-4d38-93ec-e8b57ef63baa.cmd""'
[2026-08-30 11:01:16Z INFO ProcessInvokerWrapper]   Working directory: 'C:\Users\krish\Documents\BITS\mlops-project\actions-runner\_work\assignment2\assignment2'
[2026-08-30 11:01:16Z INFO ProcessInvokerWrapper]   Require exit code zero: 'False'
[2026-08-30 11:01:16Z INFO ProcessInvokerWrapper]   Encoding web name:  ; code page: ''
[2026-08-30 11:01:16Z INFO ProcessInvokerWrapper]   Force kill process on cancellation: 'False'
[2026-08-30 11:01:16Z INFO ProcessInvokerWrapper]   Redirected STDIN: 'False'
[2026-08-30 11:01:16Z INFO ProcessInvokerWrapper]   Persist current code page: 'True'
[2026-08-30 11:01:16Z INFO ProcessInvokerWrapper]   Keep redirected STDIN open: 'False'
[2026-08-30 11:01:16Z INFO ProcessInvokerWrapper]   High priority process: 'False'
[2026-08-30 11:01:17Z INFO ProcessInvokerWrapper] Process started with process id 16784, waiting for process exit.
[2026-08-30 11:01:17Z INFO JobServerQueue] Try to append 1 batches web console lines for record '85e17f2b-5ef7-49bf-9e8f-0f9300caca30', success rate: 1/1.
[2026-08-30 11:01:17Z INFO JobServerQueue] Try to append 1 batches web console lines for record 'bf7077cb-b085-4cd4-acec-a71505fb25f7', success rate: 1/1.
[2026-08-30 11:01:17Z INFO JobServerQueue] Try to upload 1 log files or attachments, success rate: 1/1.
[2026-08-30 11:01:17Z INFO JobServerQueue] Got a step log file to send to results service.
[2026-08-30 11:01:17Z INFO JobServerQueue] Starting upload of step log file to results service ResultsLog, C:\Users\krish\Documents\BITS\mlops-project\actions-runner\_diag\blocks\5ab6d68c-3fde-494c-9515-69b832a29d5e_85e17f2b-5ef7-49bf-9e8f-0f9300caca30.1
[2026-08-30 11:01:18Z INFO JobServerQueue] Tried to upload 2 file(s) to results, success rate: 2/2.
[2026-08-30 11:01:19Z INFO HostContext] Well known directory 'Bin': 'C:\Users\krish\Documents\BITS\mlops-project\actions-runner\bin'
[2026-08-30 11:01:19Z INFO HostContext] Well known directory 'Root': 'C:\Users\krish\Documents\BITS\mlops-project\actions-runner'
[2026-08-30 11:01:19Z INFO HostContext] Well known directory 'Work': 'C:\Users\krish\Documents\BITS\mlops-project\actions-runner\_work'
[2026-08-30 11:01:27Z INFO ProcessInvokerWrapper] STDOUT/STDERR stream read finished.
[2026-08-30 11:01:27Z INFO ProcessInvokerWrapper] STDOUT/STDERR stream read finished.
[2026-08-30 11:01:27Z INFO ProcessInvokerWrapper] Finished process 16784 with exit code 0, and elapsed time 00:00:10.4084681.
[2026-08-30 11:01:27Z INFO CreateStepSummaryCommand] Step Summary file (C:\Users\krish\Documents\BITS\mlops-project\actions-runner\_work\_temp\_runner_file_commands\step_summary_56696adb-6a63-49ca-a9ea-8fed82b21b0e) is empty; skipping attachment upload
[2026-08-30 11:01:27Z INFO StepsRunner] Step result: 
[2026-08-30 11:01:27Z INFO ExecutionContext] Publish step telemetry for current step {
  "action": "cmd",
  "type": "run",
  "stage": "Main",
  "stepId": "bf7077cb-b085-4cd4-acec-a71505fb25f7",
  "stepContextName": "__run_5",
  "result": "succeeded",
  "errorMessages": [],
  "executionTimeInSeconds": 11,
  "startTime": "2026-08-30T11:01:16.9011364Z",
  "finishTime": "2026-08-30T11:01:27.3766265Z"
}.
[2026-08-30 11:01:27Z INFO StepsRunner] No need for updating job result with current step result 'Succeeded'.
[2026-08-30 11:01:27Z INFO StepsRunner] Current state: job state = ''
[2026-08-30 11:01:27Z INFO StepsRunner] Processing step: DisplayName='Run smoke tests'
[2026-08-30 11:01:27Z INFO StepsRunner] Evaluating: success()
[2026-08-30 11:01:27Z INFO StepsRunner] Result: true
[2026-08-30 11:01:27Z INFO StepsRunner] Starting the step.
[2026-08-30 11:01:27Z INFO HostContext] Well known directory 'Bin': 'C:\Users\krish\Documents\BITS\mlops-project\actions-runner\bin'
[2026-08-30 11:01:27Z INFO HostContext] Well known directory 'Root': 'C:\Users\krish\Documents\BITS\mlops-project\actions-runner'
[2026-08-30 11:01:27Z INFO HostContext] Well known directory 'Work': 'C:\Users\krish\Documents\BITS\mlops-project\actions-runner\_work'
[2026-08-30 11:01:27Z INFO StepsRunner] Which2: 'chcp'
[2026-08-30 11:01:27Z INFO StepsRunner] Location: 'C:\WINDOWS\system32\chcp.COM'
[2026-08-30 11:01:27Z INFO ProcessInvokerWrapper] Starting process:
[2026-08-30 11:01:27Z INFO ProcessInvokerWrapper]   File name: 'C:\WINDOWS\system32\chcp.COM'
[2026-08-30 11:01:27Z INFO ProcessInvokerWrapper]   Arguments: '65001'
[2026-08-30 11:01:27Z INFO ProcessInvokerWrapper]   Working directory: 'C:\Users\krish\Documents\BITS\mlops-project\actions-runner\_work'
[2026-08-30 11:01:27Z INFO ProcessInvokerWrapper]   Require exit code zero: 'False'
[2026-08-30 11:01:27Z INFO ProcessInvokerWrapper]   Encoding web name:  ; code page: ''
[2026-08-30 11:01:27Z INFO ProcessInvokerWrapper]   Force kill process on cancellation: 'False'
[2026-08-30 11:01:27Z INFO ProcessInvokerWrapper]   Redirected STDIN: 'False'
[2026-08-30 11:01:27Z INFO ProcessInvokerWrapper]   Persist current code page: 'True'
[2026-08-30 11:01:27Z INFO ProcessInvokerWrapper]   Keep redirected STDIN open: 'False'
[2026-08-30 11:01:27Z INFO ProcessInvokerWrapper]   High priority process: 'False'
[2026-08-30 11:01:27Z INFO ProcessInvokerWrapper] Process started with process id 22964, waiting for process exit.
[2026-08-30 11:01:27Z INFO ProcessInvokerWrapper] STDOUT/STDERR stream read finished.
[2026-08-30 11:01:27Z INFO ProcessInvokerWrapper] STDOUT/STDERR stream read finished.
[2026-08-30 11:01:27Z INFO ProcessInvokerWrapper] Finished process 22964 with exit code 0, and elapsed time 00:00:00.0569477.
[2026-08-30 11:01:27Z INFO StepsRunner] Successfully returned to code page 65001 (UTF8)
[2026-08-30 11:01:27Z INFO HostContext] Well known directory 'Bin': 'C:\Users\krish\Documents\BITS\mlops-project\actions-runner\bin'
[2026-08-30 11:01:27Z INFO HostContext] Well known directory 'Root': 'C:\Users\krish\Documents\BITS\mlops-project\actions-runner'
[2026-08-30 11:01:27Z INFO HostContext] Well known directory 'Work': 'C:\Users\krish\Documents\BITS\mlops-project\actions-runner\_work'
[2026-08-30 11:01:27Z INFO HostContext] Well known directory 'Temp': 'C:\Users\krish\Documents\BITS\mlops-project\actions-runner\_work\_temp'
[2026-08-30 11:01:27Z INFO ExecutionContext] Write event payload to C:\Users\krish\Documents\BITS\mlops-project\actions-runner\_work\_temp\_github_workflow\event.json
[2026-08-30 11:01:27Z INFO HostContext] Well known directory 'Bin': 'C:\Users\krish\Documents\BITS\mlops-project\actions-runner\bin'
[2026-08-30 11:01:27Z INFO HostContext] Well known directory 'Root': 'C:\Users\krish\Documents\BITS\mlops-project\actions-runner'
[2026-08-30 11:01:27Z INFO HostContext] Well known directory 'Work': 'C:\Users\krish\Documents\BITS\mlops-project\actions-runner\_work'
[2026-08-30 11:01:27Z INFO HostContext] Well known directory 'Temp': 'C:\Users\krish\Documents\BITS\mlops-project\actions-runner\_work\_temp'
[2026-08-30 11:01:27Z INFO ExtensionManager] Getting extensions for interface: 'GitHub.Runner.Worker.IFileCommandExtension'
[2026-08-30 11:01:27Z INFO ExtensionManager] Getting extensions for interface: 'GitHub.Runner.Worker.IActionCommandExtension'
[2026-08-30 11:01:27Z INFO ActionCommandManager] Register action command extension for command internal-set-repo-path
[2026-08-30 11:01:27Z INFO ActionCommandManager] Register action command extension for command set-env
[2026-08-30 11:01:27Z INFO ActionCommandManager] Register action command extension for command set-output
[2026-08-30 11:01:27Z INFO ActionCommandManager] Register action command extension for command save-state
[2026-08-30 11:01:27Z INFO ActionCommandManager] Register action command extension for command add-path
[2026-08-30 11:01:27Z INFO ActionCommandManager] Register action command extension for command add-mask
[2026-08-30 11:01:27Z INFO ActionCommandManager] Register action command extension for command add-matcher
[2026-08-30 11:01:27Z INFO ActionCommandManager] Register action command extension for command remove-matcher
[2026-08-30 11:01:27Z INFO ActionCommandManager] Register action command extension for command warning
[2026-08-30 11:01:27Z INFO ActionCommandManager] Register action command extension for command error
[2026-08-30 11:01:27Z INFO ActionCommandManager] Register action command extension for command notice
[2026-08-30 11:01:27Z INFO ActionCommandManager] Register action command extension for command debug
[2026-08-30 11:01:27Z INFO ActionCommandManager] Register action command extension for command group
[2026-08-30 11:01:27Z INFO ActionCommandManager] Register action command extension for command endgroup
[2026-08-30 11:01:27Z INFO ActionCommandManager] Register action command extension for command echo
[2026-08-30 11:01:27Z INFO ScriptHandler] Which2: 'cmd'
[2026-08-30 11:01:27Z INFO ScriptHandler] Location: 'C:\WINDOWS\system32\cmd.EXE'
[2026-08-30 11:01:27Z INFO HostContext] Well known directory 'Bin': 'C:\Users\krish\Documents\BITS\mlops-project\actions-runner\bin'
[2026-08-30 11:01:27Z INFO HostContext] Well known directory 'Root': 'C:\Users\krish\Documents\BITS\mlops-project\actions-runner'
[2026-08-30 11:01:27Z INFO HostContext] Well known directory 'Work': 'C:\Users\krish\Documents\BITS\mlops-project\actions-runner\_work'
[2026-08-30 11:01:27Z INFO HostContext] Well known directory 'Temp': 'C:\Users\krish\Documents\BITS\mlops-project\actions-runner\_work\_temp'
[2026-08-30 11:01:27Z INFO ScriptHandler] Which2: 'cmd'
[2026-08-30 11:01:27Z INFO ScriptHandler] Location: 'C:\WINDOWS\system32\cmd.EXE'
[2026-08-30 11:01:27Z INFO ProcessInvokerWrapper] Starting process:
[2026-08-30 11:01:27Z INFO ProcessInvokerWrapper]   File name: 'C:\WINDOWS\system32\cmd.EXE'
[2026-08-30 11:01:27Z INFO ProcessInvokerWrapper]   Arguments: '/D /E:ON /V:OFF /S /C "CALL "C:\Users\krish\Documents\BITS\mlops-project\actions-runner\_work\_temp\2a803d14-2f91-4abf-8529-da0a163df997.cmd""'
[2026-08-30 11:01:27Z INFO ProcessInvokerWrapper]   Working directory: 'C:\Users\krish\Documents\BITS\mlops-project\actions-runner\_work\assignment2\assignment2'
[2026-08-30 11:01:27Z INFO ProcessInvokerWrapper]   Require exit code zero: 'False'
[2026-08-30 11:01:27Z INFO ProcessInvokerWrapper]   Encoding web name:  ; code page: ''
[2026-08-30 11:01:27Z INFO ProcessInvokerWrapper]   Force kill process on cancellation: 'False'
[2026-08-30 11:01:27Z INFO ProcessInvokerWrapper]   Redirected STDIN: 'False'
[2026-08-30 11:01:27Z INFO ProcessInvokerWrapper]   Persist current code page: 'True'
[2026-08-30 11:01:27Z INFO ProcessInvokerWrapper]   Keep redirected STDIN open: 'False'
[2026-08-30 11:01:27Z INFO ProcessInvokerWrapper]   High priority process: 'False'
[2026-08-30 11:01:27Z INFO ProcessInvokerWrapper] Process started with process id 1960, waiting for process exit.
[2026-08-30 11:01:27Z INFO JobServerQueue] Got a step log file to send to results service.
[2026-08-30 11:01:27Z INFO JobServerQueue] Starting upload of step log file to results service ResultsLog, C:\Users\krish\Documents\BITS\mlops-project\actions-runner\_diag\blocks\5ab6d68c-3fde-494c-9515-69b832a29d5e_bf7077cb-b085-4cd4-acec-a71505fb25f7.1
[2026-08-30 11:01:27Z INFO JobServerQueue] Try to upload 1 log files or attachments, success rate: 1/1.
[2026-08-30 11:01:27Z INFO ProcessInvokerWrapper] STDOUT/STDERR stream read finished.
[2026-08-30 11:01:27Z INFO ProcessInvokerWrapper] STDOUT/STDERR stream read finished.
[2026-08-30 11:01:27Z INFO ProcessInvokerWrapper] Finished process 1960 with exit code 2, and elapsed time 00:00:00.3017760.
[2026-08-30 11:01:27Z INFO CreateStepSummaryCommand] Step Summary file (C:\Users\krish\Documents\BITS\mlops-project\actions-runner\_work\_temp\_runner_file_commands\step_summary_0da2ed47-6128-4089-8130-4217b5b1ed31) is empty; skipping attachment upload
[2026-08-30 11:01:27Z INFO StepsRunner] Step result: Failed
[2026-08-30 11:01:27Z INFO ExecutionContext] Publish step telemetry for current step {
  "action": "cmd",
  "type": "run",
  "stage": "Main",
  "stepId": "721d3cad-fa00-4e14-8d9a-337fc136594c",
  "stepContextName": "__run_6",
  "result": "failed",
  "errorMessages": [
    "Process completed with exit code 2."
  ],
  "executionTimeInSeconds": 1,
  "startTime": "2026-08-30T11:01:27.3787081Z",
  "finishTime": "2026-08-30T11:01:27.7831852Z"
}.
[2026-08-30 11:01:27Z INFO StepsRunner] Update job result with current step result 'Failed'.
[2026-08-30 11:01:27Z INFO StepsRunner] Current state: job state = 'Failed'
[2026-08-30 11:01:27Z INFO StepsRunner] Processing step: DisplayName='Post Checkout repository'
[2026-08-30 11:01:27Z INFO StepsRunner] Evaluating: always()
[2026-08-30 11:01:27Z INFO StepsRunner] Result: true
[2026-08-30 11:01:27Z INFO StepsRunner] Starting the step.
[2026-08-30 11:01:27Z INFO HostContext] Well known directory 'Bin': 'C:\Users\krish\Documents\BITS\mlops-project\actions-runner\bin'
[2026-08-30 11:01:27Z INFO HostContext] Well known directory 'Root': 'C:\Users\krish\Documents\BITS\mlops-project\actions-runner'
[2026-08-30 11:01:27Z INFO HostContext] Well known directory 'Work': 'C:\Users\krish\Documents\BITS\mlops-project\actions-runner\_work'
[2026-08-30 11:01:27Z INFO StepsRunner] Which2: 'chcp'
[2026-08-30 11:01:27Z INFO StepsRunner] Location: 'C:\WINDOWS\system32\chcp.COM'
[2026-08-30 11:01:27Z INFO ProcessInvokerWrapper] Starting process:
[2026-08-30 11:01:27Z INFO ProcessInvokerWrapper]   File name: 'C:\WINDOWS\system32\chcp.COM'
[2026-08-30 11:01:27Z INFO ProcessInvokerWrapper]   Arguments: '65001'
[2026-08-30 11:01:27Z INFO ProcessInvokerWrapper]   Working directory: 'C:\Users\krish\Documents\BITS\mlops-project\actions-runner\_work'
[2026-08-30 11:01:27Z INFO ProcessInvokerWrapper]   Require exit code zero: 'False'
[2026-08-30 11:01:27Z INFO ProcessInvokerWrapper]   Encoding web name:  ; code page: ''
[2026-08-30 11:01:27Z INFO ProcessInvokerWrapper]   Force kill process on cancellation: 'False'
[2026-08-30 11:01:27Z INFO ProcessInvokerWrapper]   Redirected STDIN: 'False'
[2026-08-30 11:01:27Z INFO ProcessInvokerWrapper]   Persist current code page: 'True'
[2026-08-30 11:01:27Z INFO ProcessInvokerWrapper]   Keep redirected STDIN open: 'False'
[2026-08-30 11:01:27Z INFO ProcessInvokerWrapper]   High priority process: 'False'
[2026-08-30 11:01:27Z INFO ProcessInvokerWrapper] Process started with process id 812, waiting for process exit.
[2026-08-30 11:01:27Z INFO ProcessInvokerWrapper] STDOUT/STDERR stream read finished.
[2026-08-30 11:01:27Z INFO ProcessInvokerWrapper] STDOUT/STDERR stream read finished.
[2026-08-30 11:01:27Z INFO ProcessInvokerWrapper] Finished process 812 with exit code 0, and elapsed time 00:00:00.0481537.
[2026-08-30 11:01:27Z INFO StepsRunner] Successfully returned to code page 65001 (UTF8)
[2026-08-30 11:01:27Z INFO HostContext] Well known directory 'Bin': 'C:\Users\krish\Documents\BITS\mlops-project\actions-runner\bin'
[2026-08-30 11:01:27Z INFO HostContext] Well known directory 'Root': 'C:\Users\krish\Documents\BITS\mlops-project\actions-runner'
[2026-08-30 11:01:27Z INFO HostContext] Well known directory 'Work': 'C:\Users\krish\Documents\BITS\mlops-project\actions-runner\_work'
[2026-08-30 11:01:27Z INFO HostContext] Well known directory 'Actions': 'C:\Users\krish\Documents\BITS\mlops-project\actions-runner\_work\_actions'
[2026-08-30 11:01:27Z INFO ActionManager] Load action that reference repository from 'C:\Users\krish\Documents\BITS\mlops-project\actions-runner\_work\_actions\actions\checkout\v4'
[2026-08-30 11:01:27Z INFO HostContext] Well known directory 'Bin': 'C:\Users\krish\Documents\BITS\mlops-project\actions-runner\bin'
[2026-08-30 11:01:27Z INFO HostContext] Well known directory 'Root': 'C:\Users\krish\Documents\BITS\mlops-project\actions-runner'
[2026-08-30 11:01:27Z INFO HostContext] Well known directory 'Work': 'C:\Users\krish\Documents\BITS\mlops-project\actions-runner\_work'
[2026-08-30 11:01:27Z INFO HostContext] Well known directory 'Actions': 'C:\Users\krish\Documents\BITS\mlops-project\actions-runner\_work\_actions'
[2026-08-30 11:01:27Z INFO ActionManifestManagerLegacy] Loaded action.yml file: {
  "name": "Checkout",
  "description": "Checkout a Git repository at a particular version",
  "inputs": {
    "type": 2,
    "map": [
      {
        "key": {
          "type": 0,
          "file": 2,
          "line": 4,
          "col": 3,
          "lit": "repository"
        },
        "value": {
          "type": 3,
          "file": 2,
          "line": 6,
          "col": 14,
          "expr": "github.repository"
        }
      },
      {
        "key": {
          "type": 0,
          "file": 2,
          "line": 7,
          "col": 3,
          "lit": "ref"
        },
        "value": ""
      },
      {
        "key": {
          "type": 0,
          "file": 2,
          "line": 12,
          "col": 3,
          "lit": "token"
        },
        "value": {
          "type": 3,
          "file": 2,
          "line": 24,
          "col": 14,
          "expr": "github.token"
        }
      },
      {
        "key": {
          "type": 0,
          "file": 2,
          "line": 25,
          "col": 3,
          "lit": "ssh-key"
        },
        "value": ""
      },
      {
        "key": {
          "type": 0,
          "file": 2,
          "line": 37,
          "col": 3,
          "lit": "ssh-known-hosts"
        },
        "value": ""
      },
      {
        "key": {
          "type": 0,
          "file": 2,
          "line": 42,
          "col": 3,
          "lit": "ssh-strict"
        },
        "value": {
          "type": 0,
          "file": 2,
          "line": 47,
          "col": 14,
          "lit": "true"
        }
      },
      {
        "key": {
          "type": 0,
          "file": 2,
          "line": 48,
          "col": 3,
          "lit": "ssh-user"
        },
        "value": {
          "type": 0,
          "file": 2,
          "line": 51,
          "col": 14,
          "lit": "git"
        }
      },
      {
        "key": {
          "type": 0,
          "file": 2,
          "line": 52,
          "col": 3,
          "lit": "persist-credentials"
        },
        "value": {
          "type": 0,
          "file": 2,
          "line": 54,
          "col": 14,
          "lit": "true"
        }
      },
      {
        "key": {
          "type": 0,
          "file": 2,
          "line": 55,
          "col": 3,
          "lit": "path"
        },
        "value": ""
      },
      {
        "key": {
          "type": 0,
          "file": 2,
          "line": 57,
          "col": 3,
          "lit": "clean"
        },
        "value": {
          "type": 0,
          "file": 2,
          "line": 59,
          "col": 14,
          "lit": "true"
        }
      },
      {
        "key": {
          "type": 0,
          "file": 2,
          "line": 60,
          "col": 3,
          "lit": "filter"
        },
        "value": {
          "type": 0,
          "file": 2,
          "line": 64,
          "col": 14,
          "lit": ""
        }
      },
      {
        "key": {
          "type": 0,
          "file": 2,
          "line": 65,
          "col": 3,
          "lit": "sparse-checkout"
        },
        "value": {
          "type": 0,
          "file": 2,
          "line": 69,
          "col": 14,
          "lit": ""
        }
      },
      {
        "key": {
          "type": 0,
          "file": 2,
          "line": 70,
          "col": 3,
          "lit": "sparse-checkout-cone-mode"
        },
        "value": {
          "type": 0,
          "file": 2,
          "line": 73,
          "col": 14,
          "lit": "true"
        }
      },
      {
        "key": {
          "type": 0,
          "file": 2,
          "line": 74,
          "col": 3,
          "lit": "fetch-depth"
        },
        "value": {
          "type": 0,
          "file": 2,
          "line": 76,
          "col": 14,
          "lit": "1"
        }
      },
      {
        "key": {
          "type": 0,
          "file": 2,
          "line": 77,
          "col": 3,
          "lit": "fetch-tags"
        },
        "value": {
          "type": 0,
          "file": 2,
          "line": 79,
          "col": 14,
          "lit": "false"
        }
      },
      {
        "key": {
          "type": 0,
          "file": 2,
          "line": 80,
          "col": 3,
          "lit": "show-progress"
        },
        "value": {
          "type": 0,
          "file": 2,
          "line": 82,
          "col": 14,
          "lit": "true"
        }
      },
      {
        "key": {
          "type": 0,
          "file": 2,
          "line": 83,
          "col": 3,
          "lit": "lfs"
        },
        "value": {
          "type": 0,
          "file": 2,
          "line": 85,
          "col": 14,
          "lit": "false"
        }
      },
      {
        "key": {
          "type": 0,
          "file": 2,
          "line": 86,
          "col": 3,
          "lit": "submodules"
        },
        "value": {
          "type": 0,
          "file": 2,
          "line": 94,
          "col": 14,
          "lit": "false"
        }
      },
      {
        "key": {
          "type": 0,
          "file": 2,
          "line": 95,
          "col": 3,
          "lit": "set-safe-directory"
        },
        "value": {
          "type": 0,
          "file": 2,
          "line": 97,
          "col": 14,
          "lit": "true"
        }
      },
      {
        "key": {
          "type": 0,
          "file": 2,
          "line": 98,
          "col": 3,
          "lit": "github-server-url"
        },
        "value": ""
      },
      {
        "key": {
          "type": 0,
          "file": 2,
          "line": 101,
          "col": 3,
          "lit": "allow-unsafe-pr-checkout"
        },
        "value": {
          "type": 0,
          "file": 2,
          "line": 109,
          "col": 14,
          "lit": "false"
        }
      }
    ]
  },
  "execution": {
    "executionType": "nodeJS",
    "hasPre": false,
    "hasPost": true,
    "script": "dist/index.js",
    "pre": null,
    "post": "dist/index.js",
    "nodeVersion": "node20",
    "cleanupCondition": "always()",
    "initCondition": "always()"
  },
  "deprecated": null
}
[2026-08-30 11:01:27Z INFO ActionManager] Action pre node.js file: N/A.
[2026-08-30 11:01:27Z INFO ActionManager] Action node.js file: dist/index.js.
[2026-08-30 11:01:27Z INFO ActionManager] Action post node.js file: dist/index.js.
[2026-08-30 11:01:27Z INFO HostContext] Well known directory 'Bin': 'C:\Users\krish\Documents\BITS\mlops-project\actions-runner\bin'
[2026-08-30 11:01:27Z INFO HostContext] Well known directory 'Root': 'C:\Users\krish\Documents\BITS\mlops-project\actions-runner'
[2026-08-30 11:01:27Z INFO HostContext] Well known directory 'Work': 'C:\Users\krish\Documents\BITS\mlops-project\actions-runner\_work'
[2026-08-30 11:01:27Z INFO HostContext] Well known directory 'Temp': 'C:\Users\krish\Documents\BITS\mlops-project\actions-runner\_work\_temp'
[2026-08-30 11:01:27Z INFO ExecutionContext] Write event payload to C:\Users\krish\Documents\BITS\mlops-project\actions-runner\_work\_temp\_github_workflow\event.json
[2026-08-30 11:01:27Z INFO HostContext] Well known directory 'Bin': 'C:\Users\krish\Documents\BITS\mlops-project\actions-runner\bin'
[2026-08-30 11:01:27Z INFO HostContext] Well known directory 'Root': 'C:\Users\krish\Documents\BITS\mlops-project\actions-runner'
[2026-08-30 11:01:27Z INFO HostContext] Well known directory 'Work': 'C:\Users\krish\Documents\BITS\mlops-project\actions-runner\_work'
[2026-08-30 11:01:27Z INFO HostContext] Well known directory 'Temp': 'C:\Users\krish\Documents\BITS\mlops-project\actions-runner\_work\_temp'
[2026-08-30 11:01:27Z INFO ExtensionManager] Getting extensions for interface: 'GitHub.Runner.Worker.IFileCommandExtension'
[2026-08-30 11:01:27Z INFO ActionManifestManagerLegacy] Input 'repository': default value evaluate result: {
  "type": 0,
  "file": 2,
  "line": 6,
  "col": 14,
  "lit": "2024ac05127-tech/assignment2"
}
[2026-08-30 11:01:27Z INFO ActionManifestManagerLegacy] Input 'ref': default value evaluate result: ""
[2026-08-30 11:01:27Z INFO ActionManifestManagerLegacy] Input 'token': default value evaluate result: {
  "type": 0,
  "file": 2,
  "line": 24,
  "col": 14,
  "lit": "***"
}
[2026-08-30 11:01:27Z INFO ActionManifestManagerLegacy] Input 'ssh-key': default value evaluate result: ""
[2026-08-30 11:01:27Z INFO ActionManifestManagerLegacy] Input 'ssh-known-hosts': default value evaluate result: ""
[2026-08-30 11:01:27Z INFO ActionManifestManagerLegacy] Input 'ssh-strict': default value evaluate result: {
  "type": 0,
  "file": 2,
  "line": 47,
  "col": 14,
  "lit": "true"
}
[2026-08-30 11:01:27Z INFO ActionManifestManagerLegacy] Input 'ssh-user': default value evaluate result: {
  "type": 0,
  "file": 2,
  "line": 51,
  "col": 14,
  "lit": "git"
}
[2026-08-30 11:01:27Z INFO ActionManifestManagerLegacy] Input 'persist-credentials': default value evaluate result: {
  "type": 0,
  "file": 2,
  "line": 54,
  "col": 14,
  "lit": "true"
}
[2026-08-30 11:01:27Z INFO ActionManifestManagerLegacy] Input 'path': default value evaluate result: ""
[2026-08-30 11:01:27Z INFO ActionManifestManagerLegacy] Input 'clean': default value evaluate result: {
  "type": 0,
  "file": 2,
  "line": 59,
  "col": 14,
  "lit": "true"
}
[2026-08-30 11:01:27Z INFO ActionManifestManagerLegacy] Input 'filter': default value evaluate result: {
  "type": 0,
  "file": 2,
  "line": 64,
  "col": 14,
  "lit": ""
}
[2026-08-30 11:01:27Z INFO ActionManifestManagerLegacy] Input 'sparse-checkout': default value evaluate result: {
  "type": 0,
  "file": 2,
  "line": 69,
  "col": 14,
  "lit": ""
}
[2026-08-30 11:01:27Z INFO ActionManifestManagerLegacy] Input 'sparse-checkout-cone-mode': default value evaluate result: {
  "type": 0,
  "file": 2,
  "line": 73,
  "col": 14,
  "lit": "true"
}
[2026-08-30 11:01:27Z INFO ActionManifestManagerLegacy] Input 'fetch-depth': default value evaluate result: {
  "type": 0,
  "file": 2,
  "line": 76,
  "col": 14,
  "lit": "1"
}
[2026-08-30 11:01:27Z INFO ActionManifestManagerLegacy] Input 'fetch-tags': default value evaluate result: {
  "type": 0,
  "file": 2,
  "line": 79,
  "col": 14,
  "lit": "false"
}
[2026-08-30 11:01:27Z INFO ActionManifestManagerLegacy] Input 'show-progress': default value evaluate result: {
  "type": 0,
  "file": 2,
  "line": 82,
  "col": 14,
  "lit": "true"
}
[2026-08-30 11:01:27Z INFO ActionManifestManagerLegacy] Input 'lfs': default value evaluate result: {
  "type": 0,
  "file": 2,
  "line": 85,
  "col": 14,
  "lit": "false"
}
[2026-08-30 11:01:27Z INFO ActionManifestManagerLegacy] Input 'submodules': default value evaluate result: {
  "type": 0,
  "file": 2,
  "line": 94,
  "col": 14,
  "lit": "false"
}
[2026-08-30 11:01:27Z INFO ActionManifestManagerLegacy] Input 'set-safe-directory': default value evaluate result: {
  "type": 0,
  "file": 2,
  "line": 97,
  "col": 14,
  "lit": "true"
}
[2026-08-30 11:01:27Z INFO ActionManifestManagerLegacy] Input 'github-server-url': default value evaluate result: ""
[2026-08-30 11:01:27Z INFO ActionManifestManagerLegacy] Input 'allow-unsafe-pr-checkout': default value evaluate result: {
  "type": 0,
  "file": 2,
  "line": 109,
  "col": 14,
  "lit": "false"
}
[2026-08-30 11:01:27Z INFO ExtensionManager] Getting extensions for interface: 'GitHub.Runner.Worker.IActionCommandExtension'
[2026-08-30 11:01:27Z INFO ActionCommandManager] Register action command extension for command internal-set-repo-path
[2026-08-30 11:01:27Z INFO ActionCommandManager] Register action command extension for command set-env
[2026-08-30 11:01:27Z INFO ActionCommandManager] Register action command extension for command set-output
[2026-08-30 11:01:27Z INFO ActionCommandManager] Register action command extension for command save-state
[2026-08-30 11:01:27Z INFO ActionCommandManager] Register action command extension for command add-path
[2026-08-30 11:01:27Z INFO ActionCommandManager] Register action command extension for command add-mask
[2026-08-30 11:01:27Z INFO ActionCommandManager] Register action command extension for command add-matcher
[2026-08-30 11:01:27Z INFO ActionCommandManager] Register action command extension for command remove-matcher
[2026-08-30 11:01:27Z INFO ActionCommandManager] Register action command extension for command warning
[2026-08-30 11:01:27Z INFO ActionCommandManager] Register action command extension for command error
[2026-08-30 11:01:27Z INFO ActionCommandManager] Register action command extension for command notice
[2026-08-30 11:01:27Z INFO ActionCommandManager] Register action command extension for command debug
[2026-08-30 11:01:27Z INFO ActionCommandManager] Register action command extension for command group
[2026-08-30 11:01:27Z INFO ActionCommandManager] Register action command extension for command endgroup
[2026-08-30 11:01:27Z INFO ActionCommandManager] Register action command extension for command echo
[2026-08-30 11:01:27Z INFO HostContext] Well known directory 'Bin': 'C:\Users\krish\Documents\BITS\mlops-project\actions-runner\bin'
[2026-08-30 11:01:27Z INFO HostContext] Well known directory 'Root': 'C:\Users\krish\Documents\BITS\mlops-project\actions-runner'
[2026-08-30 11:01:27Z INFO HostContext] Well known directory 'Externals': 'C:\Users\krish\Documents\BITS\mlops-project\actions-runner\externals'
[2026-08-30 11:01:27Z INFO ProcessInvokerWrapper] Starting process:
[2026-08-30 11:01:27Z INFO ProcessInvokerWrapper]   File name: 'C:\Users\krish\Documents\BITS\mlops-project\actions-runner\externals\node24\bin\node.exe'
[2026-08-30 11:01:27Z INFO ProcessInvokerWrapper]   Arguments: '"C:\Users\krish\Documents\BITS\mlops-project\actions-runner\_work\_actions\actions\checkout\v4\dist/index.js"'
[2026-08-30 11:01:27Z INFO ProcessInvokerWrapper]   Working directory: 'C:\Users\krish\Documents\BITS\mlops-project\actions-runner\_work\assignment2\assignment2'
[2026-08-30 11:01:27Z INFO ProcessInvokerWrapper]   Require exit code zero: 'False'
[2026-08-30 11:01:27Z INFO ProcessInvokerWrapper]   Encoding web name: utf-8 ; code page: '65001'
[2026-08-30 11:01:27Z INFO ProcessInvokerWrapper]   Force kill process on cancellation: 'False'
[2026-08-30 11:01:27Z INFO ProcessInvokerWrapper]   Redirected STDIN: 'False'
[2026-08-30 11:01:27Z INFO ProcessInvokerWrapper]   Persist current code page: 'True'
[2026-08-30 11:01:27Z INFO ProcessInvokerWrapper]   Keep redirected STDIN open: 'False'
[2026-08-30 11:01:27Z INFO ProcessInvokerWrapper]   High priority process: 'False'
[2026-08-30 11:01:27Z INFO JobServerQueue] Try to append 1 batches web console lines for record '721d3cad-fa00-4e14-8d9a-337fc136594c', success rate: 1/1.
[2026-08-30 11:01:27Z INFO JobServerQueue] Try to append 1 batches web console lines for record '4683dcf4-7079-42b2-9ade-a4ab34f3e378', success rate: 1/1.
[2026-08-30 11:01:27Z INFO ProcessInvokerWrapper] Process started with process id 20412, waiting for process exit.
[2026-08-30 11:01:28Z INFO JobServerQueue] Tried to upload 1 file(s) to results, success rate: 1/1.
[2026-08-30 11:01:28Z INFO JobServerQueue] Try to upload 1 log files or attachments, success rate: 1/1.
[2026-08-30 11:01:29Z INFO JobServerQueue] Try to append 1 batches web console lines for record '4683dcf4-7079-42b2-9ade-a4ab34f3e378', success rate: 1/1.
[2026-08-30 11:01:29Z INFO AddMaskCommandExtension] Add new secret mask with length of 32
[2026-08-30 11:01:29Z INFO HostContext] Well known directory 'Bin': 'C:\Users\krish\Documents\BITS\mlops-project\actions-runner\bin'
[2026-08-30 11:01:29Z INFO HostContext] Well known directory 'Root': 'C:\Users\krish\Documents\BITS\mlops-project\actions-runner'
[2026-08-30 11:01:29Z INFO HostContext] Well known directory 'Work': 'C:\Users\krish\Documents\BITS\mlops-project\actions-runner\_work'
[2026-08-30 11:01:29Z INFO JobServerQueue] Got a step log file to send to results service.
[2026-08-30 11:01:29Z INFO JobServerQueue] Starting upload of step log file to results service ResultsLog, C:\Users\krish\Documents\BITS\mlops-project\actions-runner\_diag\blocks\5ab6d68c-3fde-494c-9515-69b832a29d5e_721d3cad-fa00-4e14-8d9a-337fc136594c.1
[2026-08-30 11:01:29Z INFO JobServerQueue] Try to append 1 batches web console lines for record '4683dcf4-7079-42b2-9ade-a4ab34f3e378', success rate: 1/1.
[2026-08-30 11:01:30Z INFO JobServerQueue] Try to append 1 batches web console lines for record '4683dcf4-7079-42b2-9ade-a4ab34f3e378', success rate: 1/1.
[2026-08-30 11:01:30Z INFO JobServerQueue] Tried to upload 1 file(s) to results, success rate: 1/1.
[2026-08-30 11:01:33Z INFO JobServerQueue] Try to append 1 batches web console lines for record '4683dcf4-7079-42b2-9ade-a4ab34f3e378', success rate: 1/1.
[2026-08-30 11:01:34Z INFO JobServerQueue] Try to append 1 batches web console lines for record '4683dcf4-7079-42b2-9ade-a4ab34f3e378', success rate: 1/1.
[2026-08-30 11:01:36Z INFO ProcessInvokerWrapper] STDOUT/STDERR stream read finished.
[2026-08-30 11:01:36Z INFO ProcessInvokerWrapper] STDOUT/STDERR stream read finished.
[2026-08-30 11:01:36Z INFO ProcessInvokerWrapper] Finished process 20412 with exit code 0, and elapsed time 00:00:08.2769953.
[2026-08-30 11:01:36Z INFO CreateStepSummaryCommand] Step Summary file (C:\Users\krish\Documents\BITS\mlops-project\actions-runner\_work\_temp\_runner_file_commands\step_summary_e86be8c3-eb6c-4611-8477-bf7588073c26) is empty; skipping attachment upload
[2026-08-30 11:01:36Z INFO StepsRunner] Step result: 
[2026-08-30 11:01:36Z INFO ExecutionContext] Publish step telemetry for current step {
  "action": "actions/checkout",
  "ref": "v4",
  "type": "node24",
  "stage": "Post",
  "stepId": "4683dcf4-7079-42b2-9ade-a4ab34f3e378",
  "result": "succeeded",
  "errorMessages": [],
  "executionTimeInSeconds": 9,
  "startTime": "2026-08-30T11:01:27.8083852Z",
  "finishTime": "2026-08-30T11:01:36.2121756Z"
}.
[2026-08-30 11:01:36Z INFO StepsRunner] No need for updating job result with current step result 'Succeeded'.
[2026-08-30 11:01:36Z INFO StepsRunner] Current state: job state = 'Failed'
[2026-08-30 11:01:36Z INFO JobRunner] Finalize job.
[2026-08-30 11:01:36Z INFO HostContext] Well known directory 'Bin': 'C:\Users\krish\Documents\BITS\mlops-project\actions-runner\bin'
[2026-08-30 11:01:36Z INFO HostContext] Well known directory 'Root': 'C:\Users\krish\Documents\BITS\mlops-project\actions-runner'
[2026-08-30 11:01:36Z INFO HostContext] Well known directory 'Diag': 'C:\Users\krish\Documents\BITS\mlops-project\actions-runner\_diag'
[2026-08-30 11:01:36Z INFO HostContext] Well known directory 'Bin': 'C:\Users\krish\Documents\BITS\mlops-project\actions-runner\bin'
[2026-08-30 11:01:36Z INFO HostContext] Well known directory 'Root': 'C:\Users\krish\Documents\BITS\mlops-project\actions-runner'
[2026-08-30 11:01:36Z INFO HostContext] Well known directory 'Diag': 'C:\Users\krish\Documents\BITS\mlops-project\actions-runner\_diag'
[2026-08-30 11:01:36Z INFO JobExtension] Initialize Env context
[2026-08-30 11:01:36Z INFO JobExtension] Initialize steps context
[2026-08-30 11:01:36Z INFO JobExtension] Total accessible running process: 307.
[2026-08-30 11:01:36Z INFO JobExtension] Inspecting process environment variables. PID: 18892 (svchost)
[2026-08-30 11:01:36Z WARN JobExtension] Ignore exception during read process environment variables: Access is denied.
[2026-08-30 11:01:36Z INFO JobServerQueue] Got a step log file to send to results service.
[2026-08-30 11:01:36Z INFO JobServerQueue] Starting upload of step log file to results service ResultsLog, C:\Users\krish\Documents\BITS\mlops-project\actions-runner\_diag\blocks\5ab6d68c-3fde-494c-9515-69b832a29d5e_4683dcf4-7079-42b2-9ade-a4ab34f3e378.1
[2026-08-30 11:01:36Z INFO JobExtension] Inspecting process environment variables. PID: 19272 (SearchProtocolHost)
[2026-08-30 11:01:36Z WARN JobExtension] Ignore exception during read process environment variables: Access is denied.
[2026-08-30 11:01:36Z INFO JobExtension] Wait for all connectivity checks to finish.
[2026-08-30 11:01:36Z INFO JobExtension] Connectivity check result: {
  "endpointUrl": "https://broker.actions.githubusercontent.com/health",
  "endpointIPs": null,
  "startTime": "2026-08-30T10:56:58.9422715Z",
  "statusCode": "http_OK",
  "requestId": "D3C0:266A56:180D675:18A18C3:6A940C7B",
  "httpRequestDurationInMs": 788,
  "dnsResolutionDurationInMs": 0,
  "dnsError": null
}
[2026-08-30 11:01:36Z INFO JobExtension] Connectivity check result: {
  "endpointUrl": "https://token.actions.githubusercontent.com/ready",
  "endpointIPs": null,
  "startTime": "2026-08-30T10:56:58.9464249Z",
  "statusCode": "http_NoContent",
  "requestId": "D3C2:26F42A:2C04306:3844128:6A940C7C",
  "httpRequestDurationInMs": 1190,
  "dnsResolutionDurationInMs": 0,
  "dnsError": null
}
[2026-08-30 11:01:36Z INFO JobExtension] Connectivity check result: {
  "endpointUrl": "https://run.actions.githubusercontent.com/health",
  "endpointIPs": null,
  "startTime": "2026-08-30T10:56:58.9469176Z",
  "statusCode": "http_OK",
  "requestId": "D3C1:2B324B:182E736:1980823:6A940C7B",
  "httpRequestDurationInMs": 833,
  "dnsResolutionDurationInMs": 0,
  "dnsError": null
}
[2026-08-30 11:01:36Z INFO ExecutionContext] Publish step telemetry for current step {
  "action": "complete_job",
  "type": "runner",
  "stage": "Post",
  "stepId": "c315df26-b08e-4430-a88a-54d430ffe3f3",
  "result": "succeeded",
  "errorMessages": [
    "Node.js 20 is deprecated. The following actions target Node.js 20 but are being forced to run on Node.js 24: actions/checkout@v4. For more information see: https://github.blog/changelog/2025-09-19-deprecation-of-node-20-on-github-actions-runners/"
  ],
  "executionTimeInSeconds": 1,
  "startTime": "2026-08-30T11:01:36.2431885Z",
  "finishTime": "2026-08-30T11:01:36.3627489Z"
}.
[2026-08-30 11:01:36Z INFO JobRunner] Job result after all job steps finish: Failed
[2026-08-30 11:01:36Z INFO JobRunner] Completing the job execution context.
[2026-08-30 11:01:36Z INFO JobRunner] Shutting down the job server queue.
[2026-08-30 11:01:36Z INFO JobServerQueue] Fire signal to shutdown all queues.
[2026-08-30 11:01:37Z INFO JobServerQueue] Tried to upload 1 file(s) to results, success rate: 1/1.
[2026-08-30 11:01:38Z INFO JobServerQueue] All queue process task stopped.
[2026-08-30 11:01:38Z INFO JobServerQueue] Try to append 1 batches web console lines for record 'c315df26-b08e-4430-a88a-54d430ffe3f3', success rate: 1/1.
[2026-08-30 11:01:38Z INFO JobServerQueue] Web console line queue drained.
[2026-08-30 11:01:38Z INFO JobServerQueue] Uploading 3 files in one shot.
[2026-08-30 11:01:38Z INFO JobServerQueue] Try to upload 3 log files or attachments, success rate: 3/3.
[2026-08-30 11:01:38Z INFO JobServerQueue] File upload queue drained.
[2026-08-30 11:01:38Z INFO JobServerQueue] Starting results-based upload queue...
[2026-08-30 11:01:38Z INFO JobServerQueue] Uploading 2 file(s) in one shot through results service.
[2026-08-30 11:01:38Z INFO JobServerQueue] Got a step log file to send to results service.
[2026-08-30 11:01:38Z INFO JobServerQueue] Starting upload of step log file to results service ResultsLog, C:\Users\krish\Documents\BITS\mlops-project\actions-runner\_diag\blocks\5ab6d68c-3fde-494c-9515-69b832a29d5e_c315df26-b08e-4430-a88a-54d430ffe3f3.1
[2026-08-30 11:01:39Z INFO JobServerQueue] Got a job log file to send to results service.
[2026-08-30 11:01:39Z INFO JobServerQueue] Starting upload of job log file to results service ResultsLog, C:\Users\krish\Documents\BITS\mlops-project\actions-runner\_diag\blocks\5ab6d68c-3fde-494c-9515-69b832a29d5e_9b2ca1e5-5568-5245-9331-2fa0d62b5bd1.1
[2026-08-30 11:01:40Z INFO JobServerQueue] Tried to upload 2 file(s) to results, success rate: 2/2.
[2026-08-30 11:01:40Z INFO JobServerQueue] Results upload queue drained.
[2026-08-30 11:01:40Z INFO JobServerQueue] Timeline update queue drained.
[2026-08-30 11:01:40Z INFO JobServerQueue] Disposing job server ...
[2026-08-30 11:01:40Z INFO JobServerQueue] Disposing results server ...
[2026-08-30 11:01:40Z INFO JobServerQueue] All queue process tasks have been stopped, and all queues are drained.
[2026-08-30 11:01:40Z INFO TempDirectoryManager] Cleaning runner temp folder: C:\Users\krish\Documents\BITS\mlops-project\actions-runner\_work\_temp
[2026-08-30 11:01:40Z INFO HostContext] Well known directory 'Bin': 'C:\Users\krish\Documents\BITS\mlops-project\actions-runner\bin'
[2026-08-30 11:01:40Z INFO HostContext] Well known directory 'Root': 'C:\Users\krish\Documents\BITS\mlops-project\actions-runner'
[2026-08-30 11:01:40Z INFO HostContext] Well known directory 'Diag': 'C:\Users\krish\Documents\BITS\mlops-project\actions-runner\_diag'
[2026-08-30 11:01:40Z INFO HostContext] Well known config file 'Telemetry': 'C:\Users\krish\Documents\BITS\mlops-project\actions-runner\_diag\.telemetry'
[2026-08-30 11:01:40Z INFO JobRunner] Raising job completed against run service
[2026-08-30 11:01:42Z INFO Worker] Job completed.
