[2026-08-30 11:04:56Z INFO HostContext] No proxy settings were found based on environmental variables (http_proxy/https_proxy/HTTP_PROXY/HTTPS_PROXY)
[2026-08-30 11:04:56Z INFO HostContext] Well known directory 'Bin': 'C:\Users\krish\Documents\BITS\mlops-project\actions-runner\bin'
[2026-08-30 11:04:56Z INFO HostContext] Well known directory 'Root': 'C:\Users\krish\Documents\BITS\mlops-project\actions-runner'
[2026-08-30 11:04:56Z INFO HostContext] Well known config file 'Credentials': 'C:\Users\krish\Documents\BITS\mlops-project\actions-runner\.credentials'
[2026-08-30 11:04:57Z INFO HostContext] Well known directory 'Bin': 'C:\Users\krish\Documents\BITS\mlops-project\actions-runner\bin'
[2026-08-30 11:04:57Z INFO HostContext] Well known directory 'Root': 'C:\Users\krish\Documents\BITS\mlops-project\actions-runner'
[2026-08-30 11:04:57Z INFO HostContext] Well known config file 'Runner': 'C:\Users\krish\Documents\BITS\mlops-project\actions-runner\.runner'
[2026-08-30 11:04:57Z INFO Worker] Version: 2.336.0
[2026-08-30 11:04:57Z INFO Worker] Commit: 98aabcd429c4e8402406c56ce2d26387fed3b9ce
[2026-08-30 11:04:57Z INFO Worker] Culture: en-IN
[2026-08-30 11:04:57Z INFO Worker] UI Culture: en-US
[2026-08-30 11:04:57Z INFO Worker] Waiting to receive the job message from the channel.
[2026-08-30 11:04:57Z INFO ProcessChannel] Receiving message of length 24535, with hash '2823ff72867f58feeb1c2587b2ae16de58208a64908021d683a80d5a8a85bc07'
[2026-08-30 11:04:57Z INFO Worker] Message received.
[2026-08-30 11:04:57Z INFO Worker] Job message:
 {
  "defaults": [
    {
      "type": 2,
      "file": 1,
      "line": 14,
      "col": 7,
      "map": [
        {
          "key": {
            "type": 0,
            "file": 1,
            "line": 14,
            "col": 7,
            "lit": "run"
          },
          "value": {
            "type": 2,
            "file": 1,
            "line": 15,
            "col": 9,
            "map": [
              {
                "key": {
                  "type": 0,
                  "file": 1,
                  "line": 15,
                  "col": 9,
                  "lit": "shell"
                },
                "value": {
                  "type": 0,
                  "file": 1,
                  "line": 15,
                  "col": 16,
                  "lit": "cmd"
                }
              }
            ]
          }
        }
      ]
    }
  ],
  "fileTable": [
    ".github/workflows/cd.yml"
  ],
  "mask": [
    {
      "type": "regex",
      "value": "***"
    },
    {
      "type": "regex",
      "value": "***"
    },
    {
      "type": "regex",
      "value": "***"
    },
    {
      "type": "regex",
      "value": "***"
    },
    {
      "type": "regex",
      "value": "***"
    },
    {
      "type": "regex",
      "value": "***"
    },
    {
      "type": "regex",
      "value": "***"
    },
    {
      "type": "regex",
      "value": "***"
    },
    {
      "type": "regex",
      "value": "***"
    },
    {
      "type": "regex",
      "value": "***"
    },
    {
      "type": "regex",
      "value": "***"
    },
    {
      "type": "regex",
      "value": "***"
    },
    {
      "type": "regex",
      "value": "***"
    },
    {
      "type": "regex",
      "value": "***"
    },
    {
      "type": "regex",
      "value": "***"
    },
    {
      "type": "regex",
      "value": "***"
    },
    {
      "type": "regex",
      "value": "***"
    },
    {
      "type": "regex",
      "value": "***"
    },
    {
      "type": "regex",
      "value": "***"
    },
    {
      "type": "regex",
      "value": "***"
    },
    {
      "type": "regex",
      "value": "***"
    },
    {
      "type": "regex",
      "value": "***"
    },
    {
      "type": "regex",
      "value": "***"
    },
    {
      "type": "regex",
      "value": "***"
    }
  ],
  "steps": [
    {
      "type": "action",
      "reference": {
        "type": "repository",
        "name": "actions/checkout",
        "ref": "v4",
        "repositoryType": "GitHub"
      },
      "displayNameToken": {
        "type": 0,
        "file": 1,
        "line": 19,
        "col": 15,
        "lit": "Checkout repository"
      },
      "contextName": "__actions_checkout",
      "condition": "success()",
      "id": "94bf24b4-c179-402f-84f1-f318eb8515da",
      "name": "__actions_checkout"
    },
    {
      "type": "action",
      "reference": {
        "type": "script"
      },
      "displayNameToken": {
        "type": 0,
        "file": 1,
        "line": 22,
        "col": 15,
        "lit": "Pull latest Docker image"
      },
      "contextName": "__run",
      "inputs": {
        "type": 2,
        "map": [
          {
            "key": "script",
            "value": {
              "type": 0,
              "file": 1,
              "line": 23,
              "col": 14,
              "lit": "docker compose pull\n"
            }
          }
        ]
      },
      "condition": "success()",
      "id": "c42cb5a8-52e4-44a6-9eb3-0cb64b4d43bb",
      "name": "__run"
    },
    {
      "type": "action",
      "reference": {
        "type": "script"
      },
      "displayNameToken": {
        "type": 0,
        "file": 1,
        "line": 26,
        "col": 15,
        "lit": "Remove old container"
      },
      "contextName": "__run_2",
      "inputs": {
        "type": 2,
        "map": [
          {
            "key": "script",
            "value": {
              "type": 0,
              "file": 1,
              "line": 27,
              "col": 14,
              "lit": "docker rm -f cats-dogs-api >nul 2>&1\nexit /b 0\n"
            }
          }
        ]
      },
      "condition": "success()",
      "id": "51fac235-2712-4dab-8709-0eb6840bdc1a",
      "name": "__run_2"
    },
    {
      "type": "action",
      "reference": {
        "type": "script"
      },
      "displayNameToken": {
        "type": 0,
        "file": 1,
        "line": 31,
        "col": 15,
        "lit": "Deploy application"
      },
      "contextName": "__run_3",
      "inputs": {
        "type": 2,
        "map": [
          {
            "key": "script",
            "value": {
              "type": 0,
              "file": 1,
              "line": 32,
              "col": 14,
              "lit": "docker compose up -d\n"
            }
          }
        ]
      },
      "condition": "success()",
      "id": "2084a270-f921-4f5b-aa6e-8231793e6b74",
      "name": "__run_3"
    },
    {
      "type": "action",
      "reference": {
        "type": "script"
      },
      "displayNameToken": {
        "type": 0,
        "file": 1,
        "line": 35,
        "col": 15,
        "lit": "Check deployment"
      },
      "contextName": "__run_4",
      "inputs": {
        "type": 2,
        "map": [
          {
            "key": "script",
            "value": {
              "type": 0,
              "file": 1,
              "line": 36,
              "col": 14,
              "lit": "docker compose ps\n"
            }
          }
        ]
      },
      "condition": "success()",
      "id": "7b866cb2-5c69-400f-a28a-01c53f8dce10",
      "name": "__run_4"
    },
    {
      "type": "action",
      "reference": {
        "type": "script"
      },
      "displayNameToken": {
        "type": 0,
        "file": 1,
        "line": 39,
        "col": 15,
        "lit": "Wait for application"
      },
      "contextName": "__run_5",
      "inputs": {
        "type": 2,
        "map": [
          {
            "key": "script",
            "value": {
              "type": 0,
              "file": 1,
              "line": 40,
              "col": 14,
              "lit": "ping 127.0.0.1 -n 11 > nul\n"
            }
          }
        ]
      },
      "condition": "success()",
      "id": "e0e8e1dd-bb7a-41b1-9863-382564426afe",
      "name": "__run_5"
    },
    {
      "type": "action",
      "reference": {
        "type": "script"
      },
      "displayNameToken": {
        "type": 0,
        "file": 1,
        "line": 43,
        "col": 15,
        "lit": "Run smoke tests"
      },
      "contextName": "__run_6",
      "inputs": {
        "type": 2,
        "map": [
          {
            "key": "script",
            "value": {
              "type": 0,
              "file": 1,
              "line": 44,
              "col": 14,
              "lit": "python tests\\smoke_tests.py"
            }
          }
        ]
      },
      "condition": "success()",
      "id": "7bcf45b9-05da-4b36-848b-85ba88bb6db3",
      "name": "__run_6"
    }
  ],
  "variables": {
    "Actions.EnableHttpRedirects": {
      "value": "true"
    },
    "DistributedTask.AddWarningToNode12Action": {
      "value": "true"
    },
    "DistributedTask.AddWarningToNode16Action": {
      "value": "true"
    },
    "DistributedTask.AllowRunnerContainerHooks": {
      "value": "true"
    },
    "DistributedTask.DeprecateStepOutputCommands": {
      "value": "true"
    },
    "DistributedTask.DetailUntarFailure": {
      "value": "true"
    },
    "DistributedTask.EnableCompositeActions": {
      "value": "true"
    },
    "DistributedTask.EnableJobServerQueueTelemetry": {
      "value": "true"
    },
    "DistributedTask.EnhancedAnnotations": {
      "value": "true"
    },
    "DistributedTask.ForceGithubJavascriptActionsToNode16": {
      "value": "true"
    },
    "DistributedTask.ForceGithubJavascriptActionsToNode20": {
      "value": "true"
    },
    "DistributedTask.LogTemplateErrorsAsDebugMessages": {
      "value": "true"
    },
    "DistributedTask.MarkJobAsFailedOnWorkerCrash": {
      "value": "true"
    },
    "DistributedTask.NewActionMetadata": {
      "value": "true"
    },
    "DistributedTask.UploadStepSummary": {
      "value": "true"
    },
    "DistributedTask.UseActionArchiveCache": {
      "value": "true"
    },
    "DistributedTask.UseWhich2": {
      "value": "true"
    },
    "RunService.FixEmbeddedIssues": {
      "value": "true"
    },
    "actions.runner.requirenode24": {
      "value": "false"
    },
    "actions.runner.usenode24bydefault": {
      "value": "true"
    },
    "actions.runner.warnonnode20": {
      "value": "true"
    },
    "actions_add_check_run_id_to_job_context": {
      "value": "true"
    },
    "actions_batch_action_resolution": {
      "value": "false"
    },
    "actions_container_action_runner_temp": {
      "value": "true"
    },
    "actions_display_helpful_actions_download_errors": {
      "value": "true"
    },
    "actions_runner_allow_artifacts_file": {
      "value": "false"
    },
    "actions_runner_compare_workflow_parser": {
      "value": "false"
    },
    "actions_runner_deprecate_linux_arm32": {
      "value": "true"
    },
    "actions_runner_emit_composite_markers": {
      "value": "true"
    },
    "actions_runner_kill_linux_arm32": {
      "value": "false"
    },
    "actions_runner_node20_removal_date": {
      "value": ""
    },
    "actions_runner_node24_default_date": {
      "value": "June 16th, 2026"
    },
    "actions_self_repository": {
      "value": "true"
    },
    "actions_service_container_command": {
      "value": "true"
    },
    "actions_set_orchestration_id_env_for_actions": {
      "value": "true"
    },
    "actions_skip_retry_complete_job_upon_known_errors": {
      "value": "true"
    },
    "actions_snapshot_preflight_hosted_runner_check": {
      "value": "false"
    },
    "actions_snapshot_preflight_image_gen_pool_check": {
      "value": "false"
    },
    "actions_use_bearer_token_for_codeload": {
      "value": "false"
    },
    "actions_uses_cache_service_v2": {
      "value": "true"
    },
    "github_token": {
      "value": "***",
      "isSecret": true
    },
    "system.from_run_service": {
      "value": "true"
    },
    "system.github.job": {
      "value": "deploy"
    },
    "system.github.launch_endpoint": {
      "value": "https://launch.actions.githubusercontent.com"
    },
    "system.github.results_endpoint": {
      "value": "https://results-receiver.actions.githubusercontent.com/"
    },
    "system.github.results_upload_with_sdk": {
      "value": "true"
    },
    "system.github.token": {
      "value": "***",
      "isSecret": true
    },
    "system.github.token.permissions": {
      "value": "{\"Contents\":\"read\",\"Metadata\":\"read\",\"Packages\":\"read\"}"
    },
    "system.orchestrationId": {
      "value": "d01eb050-6120-4cbc-bf7c-af0f239eac1e.deploy.__default"
    },
    "system.phaseDisplayName": {
      "value": "deploy"
    },
    "system.runner.lowdiskspacethreshold": {
      "value": "100"
    },
    "system.runnerEnvironment": {
      "value": "self-hosted"
    },
    "system.runnerGroupName": {
      "value": "Default"
    }
  },
  "messageType": "RunnerJobRequest",
  "plan": {
    "scopeIdentifier": "00000000-0000-0000-0000-000000000000",
    "planType": "actions",
    "version": 0,
    "planId": "d01eb050-6120-4cbc-bf7c-af0f239eac1e",
    "planGroup": null,
    "artifactUri": null,
    "artifactLocation": null,
    "definition": null,
    "owner": null
  },
  "timeline": {
    "id": "d01eb050-6120-4cbc-bf7c-af0f239eac1e",
    "changeId": 0,
    "location": null
  },
  "jobId": "8497834d-b6c0-574a-a46d-3cd38e490c2f",
  "jobDisplayName": "deploy",
  "jobName": "__default",
  "requestId": 0,
  "lockedUntil": "0001-01-01T00:00:00",
  "resources": {
    "endpoints": [
      {
        "data": {
          "ServerId": "",
          "ServerName": "",
          "CacheServerUrl": "https://artifactcache.actions.githubusercontent.com/HYuKmglMQMl7trVwvnqxtOY8iQZGcBLZase1hxQ2xSLdHe4AJJ/",
          "FeedStreamUrl": "wss://results-receiver.actions.githubusercontent.com/_ws/ingest.sock",
          "ResultsServiceUrl": "https://results-receiver.actions.githubusercontent.com/",
          "PipelinesServiceUrl": "https://pipelinesghubeus11.actions.githubusercontent.com/HYuKmglMQMl7trVwvnqxtOY8iQZGcBLZase1hxQ2xSLdHe4AJJ/",
          "GenerateIdTokenUrl": "",
          "ConnectivityChecks": "[\"https://broker.actions.githubusercontent.com/health\",\"https://token.actions.githubusercontent.com/ready\",\"https://run.actions.githubusercontent.com/health\"]",
          "ConnectivityAndDNSChecks": ""
        },
        "name": "SystemVssConnection",
        "url": "https://run-actions-3-azure-eastus.actions.githubusercontent.com/102/",
        "authorization": {
          "parameters": {
            "AccessToken": "***"
          },
          "scheme": "OAuth"
        },
        "isShared": false,
        "isReady": true
      }
    ]
  },
  "contextData": {
    "github": {
      "t": 2,
      "d": [
        {
          "k": "ref",
          "v": "refs/heads/main"
        },
        {
          "k": "sha",
          "v": "1adda85463b932e3ed5f735d0894b1d0358572cd"
        },
        {
          "k": "repository",
          "v": "2024ac05127-tech/assignment2"
        },
        {
          "k": "repository_owner",
          "v": "2024ac05127-tech"
        },
        {
          "k": "repository_owner_id",
          "v": "299813098"
        },
        {
          "k": "repositoryUrl",
          "v": "git://github.com/2024ac05127-tech/assignment2.git"
        },
        {
          "k": "run_id",
          "v": "33308021558"
        },
        {
          "k": "run_number",
          "v": "8"
        },
        {
          "k": "retention_days",
          "v": "90"
        },
        {
          "k": "run_attempt",
          "v": "1"
        },
        {
          "k": "artifact_cache_size_limit",
          "v": "10"
        },
        {
          "k": "repository_visibility",
          "v": "public"
        },
        {
          "k": "actor_id",
          "v": "299813098"
        },
        {
          "k": "actor",
          "v": "2024ac05127-tech"
        },
        {
          "k": "workflow",
          "v": "M4 CD Pipeline"
        },
        {
          "k": "head_ref",
          "v": ""
        },
        {
          "k": "base_ref",
          "v": ""
        },
        {
          "k": "event_name",
          "v": "push"
        },
        {
          "k": "server_url",
          "v": "https://github.com"
        },
        {
          "k": "api_url",
          "v": "https://api.github.com"
        },
        {
          "k": "graphql_url",
          "v": "https://api.github.com/graphql"
        },
        {
          "k": "ref_name",
          "v": "main"
        },
        {
          "k": "ref_protected",
          "v": false
        },
        {
          "k": "ref_type",
          "v": "branch"
        },
        {
          "k": "secret_source",
          "v": "Actions"
        },
        {
          "k": "event",
          "v": {
            "t": 2,
            "d": [
              {
                "k": "after",
                "v": "1adda85463b932e3ed5f735d0894b1d0358572cd"
              },
              {
                "k": "base_ref",
                "v": null
              },
              {
                "k": "before",
                "v": "52091294f6ea1480d9e7811943197ea0fef7fb26"
              },
              {
                "k": "commits",
                "v": {
                  "t": 1,
                  "a": [
                    {
                      "t": 2,
                      "d": [
                        {
                          "k": "author",
                          "v": {
                            "t": 2,
                            "d": [
                              {
                                "k": "email",
                                "v": "krishnareghu2018@gmail.com"
                              },
                              {
                                "k": "name",
                                "v": "Krishna Priya R"
                              },
                              {
                                "k": "username",
                                "v": "krishnapriya5"
                              }
                            ]
                          }
                        },
                        {
                          "k": "committer",
                          "v": {
                            "t": 2,
                            "d": [
                              {
                                "k": "email",
                                "v": "krishnareghu2018@gmail.com"
                              },
                              {
                                "k": "name",
                                "v": "Krishna Priya R"
                              },
                              {
                                "k": "username",
                                "v": "krishnapriya5"
                              }
                            ]
                          }
                        },
                        {
                          "k": "distinct",
                          "v": true
                        },
                        {
                          "k": "id",
                          "v": "1adda85463b932e3ed5f735d0894b1d0358572cd"
                        },
                        {
                          "k": "message",
                          "v": "Fix Windows self-hosted runner shell"
                        },
                        {
                          "k": "timestamp",
                          "v": "2026-08-30T16:34:44+05:30"
                        },
                        {
                          "k": "tree_id",
                          "v": "b4b2bad8c1450b0c9489bf7e864b9464858a9fed"
                        },
                        {
                          "k": "url",
                          "v": "https://github.com/2024ac05127-tech/assignment2/commit/1adda85463b932e3ed5f735d0894b1d0358572cd"
                        }
                      ]
                    }
                  ]
                }
              },
              {
                "k": "compare",
                "v": "https://github.com/2024ac05127-tech/assignment2/compare/52091294f6ea...1adda85463b9"
              },
              {
                "k": "created",
                "v": false
              },
              {
                "k": "deleted",
                "v": false
              },
              {
                "k": "forced",
                "v": false
              },
              {
                "k": "head_commit",
                "v": {
                  "t": 2,
                  "d": [
                    {
                      "k": "author",
                      "v": {
                        "t": 2,
                        "d": [
                          {
                            "k": "email",
                            "v": "krishnareghu2018@gmail.com"
                          },
                          {
                            "k": "name",
                            "v": "Krishna Priya R"
                          },
                          {
                            "k": "username",
                            "v": "krishnapriya5"
                          }
                        ]
                      }
                    },
                    {
                      "k": "committer",
                      "v": {
                        "t": 2,
                        "d": [
                          {
                            "k": "email",
                            "v": "krishnareghu2018@gmail.com"
                          },
                          {
                            "k": "name",
                            "v": "Krishna Priya R"
                          },
                          {
                            "k": "username",
                            "v": "krishnapriya5"
                          }
                        ]
                      }
                    },
                    {
                      "k": "distinct",
                      "v": true
                    },
                    {
                      "k": "id",
                      "v": "1adda85463b932e3ed5f735d0894b1d0358572cd"
                    },
                    {
                      "k": "message",
                      "v": "Fix Windows self-hosted runner shell"
                    },
                    {
                      "k": "timestamp",
                      "v": "2026-08-30T16:34:44+05:30"
                    },
                    {
                      "k": "tree_id",
                      "v": "b4b2bad8c1450b0c9489bf7e864b9464858a9fed"
                    },
                    {
                      "k": "url",
                      "v": "https://github.com/2024ac05127-tech/assignment2/commit/1adda85463b932e3ed5f735d0894b1d0358572cd"
                    }
                  ]
                }
              },
              {
                "k": "pusher",
                "v": {
                  "t": 2,
                  "d": [
                    {
                      "k": "email",
                      "v": "2024ac05127@wilp.bits-pilani.ac.in"
                    },
                    {
                      "k": "name",
                      "v": "2024ac05127-tech"
                    }
                  ]
                }
              },
              {
                "k": "ref",
                "v": "refs/heads/main"
              },
              {
                "k": "repository",
                "v": {
                  "t": 2,
                  "d": [
                    {
                      "k": "allow_forking",
                      "v": true
                    },
                    {
                      "k": "archive_url",
                      "v": "https://api.github.com/repos/2024ac05127-tech/assignment2/{archive_format}{/ref}"
                    },
                    {
                      "k": "archived",
                      "v": false
                    },
                    {
                      "k": "assignees_url",
                      "v": "https://api.github.com/repos/2024ac05127-tech/assignment2/assignees{/user}"
                    },
                    {
                      "k": "blobs_url",
                      "v": "https://api.github.com/repos/2024ac05127-tech/assignment2/git/blobs{/sha}"
                    },
                    {
                      "k": "branches_url",
                      "v": "https://api.github.com/repos/2024ac05127-tech/assignment2/branches{/branch}"
                    },
                    {
                      "k": "clone_url",
                      "v": "https://github.com/2024ac05127-tech/assignment2.git"
                    },
                    {
                      "k": "collaborators_url",
                      "v": "https://api.github.com/repos/2024ac05127-tech/assignment2/collaborators{/collaborator}"
                    },
                    {
                      "k": "comments_url",
                      "v": "https://api.github.com/repos/2024ac05127-tech/assignment2/comments{/number}"
                    },
                    {
                      "k": "commits_url",
                      "v": "https://api.github.com/repos/2024ac05127-tech/assignment2/commits{/sha}"
                    },
                    {
                      "k": "compare_url",
                      "v": "https://api.github.com/repos/2024ac05127-tech/assignment2/compare/{base}...{head}"
                    },
                    {
                      "k": "contents_url",
                      "v": "https://api.github.com/repos/2024ac05127-tech/assignment2/contents/{+path}"
                    },
                    {
                      "k": "contributors_url",
                      "v": "https://api.github.com/repos/2024ac05127-tech/assignment2/contributors"
                    },
                    {
                      "k": "created_at",
                      "v": 1787839779.0
                    },
                    {
                      "k": "default_branch",
                      "v": "main"
                    },
                    {
                      "k": "deployments_url",
                      "v": "https://api.github.com/repos/2024ac05127-tech/assignment2/deployments"
                    },
                    {
                      "k": "description",
                      "v": null
                    },
                    {
                      "k": "disabled",
                      "v": false
                    },
                    {
                      "k": "downloads_url",
                      "v": "https://api.github.com/repos/2024ac05127-tech/assignment2/downloads"
                    },
                    {
                      "k": "events_url",
                      "v": "https://api.github.com/repos/2024ac05127-tech/assignment2/events"
                    },
                    {
                      "k": "fork",
                      "v": false
                    },
                    {
                      "k": "forks",
                      "v": 0.0
                    },
                    {
                      "k": "forks_count",
                      "v": 0.0
                    },
                    {
                      "k": "forks_url",
                      "v": "https://api.github.com/repos/2024ac05127-tech/assignment2/forks"
                    },
                    {
                      "k": "full_name",
                      "v": "2024ac05127-tech/assignment2"
                    },
                    {
                      "k": "git_commits_url",
                      "v": "https://api.github.com/repos/2024ac05127-tech/assignment2/git/commits{/sha}"
                    },
                    {
                      "k": "git_refs_url",
                      "v": "https://api.github.com/repos/2024ac05127-tech/assignment2/git/refs{/sha}"
                    },
                    {
                      "k": "git_tags_url",
                      "v": "https://api.github.com/repos/2024ac05127-tech/assignment2/git/tags{/sha}"
                    },
                    {
                      "k": "git_url",
                      "v": "git://github.com/2024ac05127-tech/assignment2.git"
                    },
                    {
                      "k": "has_discussions",
                      "v": false
                    },
                    {
                      "k": "has_downloads",
                      "v": true
                    },
                    {
                      "k": "has_issues",
                      "v": true
                    },
                    {
                      "k": "has_pages",
                      "v": false
                    },
                    {
                      "k": "has_projects",
                      "v": true
                    },
                    {
                      "k": "has_pull_requests",
                      "v": true
                    },
                    {
                      "k": "has_wiki",
                      "v": true
                    },
                    {
                      "k": "homepage",
                      "v": null
                    },
                    {
                      "k": "hooks_url",
                      "v": "https://api.github.com/repos/2024ac05127-tech/assignment2/hooks"
                    },
                    {
                      "k": "html_url",
                      "v": "https://github.com/2024ac05127-tech/assignment2"
                    },
                    {
                      "k": "id",
                      "v": 1348565472.0
                    },
                    {
                      "k": "is_template",
                      "v": false
                    },
                    {
                      "k": "issue_comment_url",
                      "v": "https://api.github.com/repos/2024ac05127-tech/assignment2/issues/comments{/number}"
                    },
                    {
                      "k": "issue_events_url",
                      "v": "https://api.github.com/repos/2024ac05127-tech/assignment2/issues/events{/number}"
                    },
                    {
                      "k": "issues_url",
                      "v": "https://api.github.com/repos/2024ac05127-tech/assignment2/issues{/number}"
                    },
                    {
                      "k": "keys_url",
                      "v": "https://api.github.com/repos/2024ac05127-tech/assignment2/keys{/key_id}"
                    },
                    {
                      "k": "labels_url",
                      "v": "https://api.github.com/repos/2024ac05127-tech/assignment2/labels{/name}"
                    },
                    {
                      "k": "language",
                      "v": "Python"
                    },
                    {
                      "k": "languages_url",
                      "v": "https://api.github.com/repos/2024ac05127-tech/assignment2/languages"
                    },
                    {
                      "k": "license",
                      "v": null
                    },
                    {
                      "k": "master_branch",
                      "v": "main"
                    },
                    {
                      "k": "merges_url",
                      "v": "https://api.github.com/repos/2024ac05127-tech/assignment2/merges"
                    },
                    {
                      "k": "milestones_url",
                      "v": "https://api.github.com/repos/2024ac05127-tech/assignment2/milestones{/number}"
                    },
                    {
                      "k": "mirror_url",
                      "v": null
                    },
                    {
                      "k": "name",
                      "v": "assignment2"
                    },
                    {
                      "k": "node_id",
                      "v": "R_kgDOUGF54A"
                    },
                    {
                      "k": "notifications_url",
                      "v": "https://api.github.com/repos/2024ac05127-tech/assignment2/notifications{?since,all,participating}"
                    },
                    {
                      "k": "open_issues",
                      "v": 0.0
                    },
                    {
                      "k": "open_issues_count",
                      "v": 0.0
                    },
                    {
                      "k": "owner",
                      "v": {
                        "t": 2,
                        "d": [
                          {
                            "k": "avatar_url",
                            "v": "https://avatars.githubusercontent.com/u/299813098?v=4"
                          },
                          {
                            "k": "email",
                            "v": "2024ac05127@wilp.bits-pilani.ac.in"
                          },
                          {
                            "k": "events_url",
                            "v": "https://api.github.com/users/2024ac05127-tech/events{/privacy}"
                          },
                          {
                            "k": "followers_url",
                            "v": "https://api.github.com/users/2024ac05127-tech/followers"
                          },
                          {
                            "k": "following_url",
                            "v": "https://api.github.com/users/2024ac05127-tech/following{/other_user}"
                          },
                          {
                            "k": "gists_url",
                            "v": "https://api.github.com/users/2024ac05127-tech/gists{/gist_id}"
                          },
                          {
                            "k": "gravatar_id",
                            "v": ""
                          },
                          {
                            "k": "html_url",
                            "v": "https://github.com/2024ac05127-tech"
                          },
                          {
                            "k": "id",
                            "v": 299813098.0
                          },
                          {
                            "k": "login",
                            "v": "2024ac05127-tech"
                          },
                          {
                            "k": "name",
                            "v": "2024ac05127-tech"
                          },
                          {
                            "k": "node_id",
                            "v": "U_kgDOEd7I6g"
                          },
                          {
                            "k": "organizations_url",
                            "v": "https://api.github.com/users/2024ac05127-tech/orgs"
                          },
                          {
                            "k": "received_events_url",
                            "v": "https://api.github.com/users/2024ac05127-tech/received_events"
                          },
                          {
                            "k": "repos_url",
                            "v": "https://api.github.com/users/2024ac05127-tech/repos"
                          },
                          {
                            "k": "site_admin",
                            "v": false
                          },
                          {
                            "k": "starred_url",
                            "v": "https://api.github.com/users/2024ac05127-tech/starred{/owner}{/repo}"
                          },
                          {
                            "k": "subscriptions_url",
                            "v": "https://api.github.com/users/2024ac05127-tech/subscriptions"
                          },
                          {
                            "k": "type",
                            "v": "User"
                          },
                          {
                            "k": "url",
                            "v": "https://api.github.com/users/2024ac05127-tech"
                          },
                          {
                            "k": "user_view_type",
                            "v": "public"
                          }
                        ]
                      }
                    },
                    {
                      "k": "private",
                      "v": false
                    },
                    {
                      "k": "pull_request_creation_policy",
                      "v": "all"
                    },
                    {
                      "k": "pulls_url",
                      "v": "https://api.github.com/repos/2024ac05127-tech/assignment2/pulls{/number}"
                    },
                    {
                      "k": "pushed_at",
                      "v": 1788087890.0
                    },
                    {
                      "k": "releases_url",
                      "v": "https://api.github.com/repos/2024ac05127-tech/assignment2/releases{/id}"
                    },
                    {
                      "k": "size",
                      "v": 74.0
                    },
                    {
                      "k": "ssh_url",
                      "v": "git@github.com:2024ac05127-tech/assignment2.git"
                    },
                    {
                      "k": "stargazers",
                      "v": 0.0
                    },
                    {
                      "k": "stargazers_count",
                      "v": 0.0
                    },
                    {
                      "k": "stargazers_url",
                      "v": "https://api.github.com/repos/2024ac05127-tech/assignment2/stargazers"
                    },
                    {
                      "k": "statuses_url",
                      "v": "https://api.github.com/repos/2024ac05127-tech/assignment2/statuses/{sha}"
                    },
                    {
                      "k": "subscribers_url",
                      "v": "https://api.github.com/repos/2024ac05127-tech/assignment2/subscribers"
                    },
                    {
                      "k": "subscription_url",
                      "v": "https://api.github.com/repos/2024ac05127-tech/assignment2/subscription"
                    },
                    {
                      "k": "svn_url",
                      "v": "https://github.com/2024ac05127-tech/assignment2"
                    },
                    {
                      "k": "tags_url",
                      "v": "https://api.github.com/repos/2024ac05127-tech/assignment2/tags"
                    },
                    {
                      "k": "teams_url",
                      "v": "https://api.github.com/repos/2024ac05127-tech/assignment2/teams"
                    },
                    {
                      "k": "topics",
                      "v": {
                        "t": 1
                      }
                    },
                    {
                      "k": "trees_url",
                      "v": "https://api.github.com/repos/2024ac05127-tech/assignment2/git/trees{/sha}"
                    },
                    {
                      "k": "updated_at",
                      "v": "2026-08-30T10:56:55Z"
                    },
                    {
                      "k": "url",
                      "v": "https://api.github.com/repos/2024ac05127-tech/assignment2"
                    },
                    {
                      "k": "visibility",
                      "v": "public"
                    },
                    {
                      "k": "watchers",
                      "v": 0.0
                    },
                    {
                      "k": "watchers_count",
                      "v": 0.0
                    },
                    {
                      "k": "web_commit_signoff_required",
                      "v": false
                    }
                  ]
                }
              },
              {
                "k": "sender",
                "v": {
                  "t": 2,
                  "d": [
                    {
                      "k": "avatar_url",
                      "v": "https://avatars.githubusercontent.com/u/299813098?v=4"
                    },
                    {
                      "k": "events_url",
                      "v": "https://api.github.com/users/2024ac05127-tech/events{/privacy}"
                    },
                    {
                      "k": "followers_url",
                      "v": "https://api.github.com/users/2024ac05127-tech/followers"
                    },
                    {
                      "k": "following_url",
                      "v": "https://api.github.com/users/2024ac05127-tech/following{/other_user}"
                    },
                    {
                      "k": "gists_url",
                      "v": "https://api.github.com/users/2024ac05127-tech/gists{/gist_id}"
                    },
                    {
                      "k": "gravatar_id",
                      "v": ""
                    },
                    {
                      "k": "html_url",
                      "v": "https://github.com/2024ac05127-tech"
                    },
                    {
                      "k": "id",
                      "v": 299813098.0
                    },
                    {
                      "k": "login",
                      "v": "2024ac05127-tech"
                    },
                    {
                      "k": "node_id",
                      "v": "U_kgDOEd7I6g"
                    },
                    {
                      "k": "organizations_url",
                      "v": "https://api.github.com/users/2024ac05127-tech/orgs"
                    },
                    {
                      "k": "received_events_url",
                      "v": "https://api.github.com/users/2024ac05127-tech/received_events"
                    },
                    {
                      "k": "repos_url",
                      "v": "https://api.github.com/users/2024ac05127-tech/repos"
                    },
                    {
                      "k": "site_admin",
                      "v": false
                    },
                    {
                      "k": "starred_url",
                      "v": "https://api.github.com/users/2024ac05127-tech/starred{/owner}{/repo}"
                    },
                    {
                      "k": "subscriptions_url",
                      "v": "https://api.github.com/users/2024ac05127-tech/subscriptions"
                    },
                    {
                      "k": "type",
                      "v": "User"
                    },
                    {
                      "k": "url",
                      "v": "https://api.github.com/users/2024ac05127-tech"
                    },
                    {
                      "k": "user_view_type",
                      "v": "public"
                    }
                  ]
                }
              }
            ]
          }
        },
        {
          "k": "workflow_ref",
          "v": "2024ac05127-tech/assignment2/.github/workflows/cd.yml@refs/heads/main"
        },
        {
          "k": "workflow_sha",
          "v": "1adda85463b932e3ed5f735d0894b1d0358572cd"
        },
        {
          "k": "repository_id",
          "v": "1348565472"
        },
        {
          "k": "triggering_actor",
          "v": "2024ac05127-tech"
        }
      ]
    },
    "inputs": {
      "t": 2
    },
    "job": {
      "t": 2,
      "d": [
        {
          "k": "check_run_id",
          "v": 99247917207.0
        },
        {
          "k": "workflow_ref",
          "v": "2024ac05127-tech/assignment2/.github/workflows/cd.yml@refs/heads/main"
        },
        {
          "k": "workflow_sha",
          "v": "1adda85463b932e3ed5f735d0894b1d0358572cd"
        },
        {
          "k": "workflow_repository",
          "v": "2024ac05127-tech/assignment2"
        },
        {
          "k": "workflow_file_path",
          "v": ".github/workflows/cd.yml"
        }
      ]
    },
    "matrix": null,
    "needs": {
      "t": 2
    },
    "strategy": {
      "t": 2,
      "d": [
        {
          "k": "fail-fast",
          "v": true
        },
        {
          "k": "job-index",
          "v": 0.0
        },
        {
          "k": "job-total",
          "v": 1.0
        },
        {
          "k": "max-parallel",
          "v": 1.0
        }
      ]
    },
    "vars": {
      "t": 2
    }
  },
  "billingOwnerId": "U_kgDOEd7I6g"
}
[2026-08-30 11:04:57Z INFO JobRunner] Job ID 8497834d-b6c0-574a-a46d-3cd38e490c2f
[2026-08-30 11:04:57Z INFO ConfigurationStore] currentAssemblyLocation: C:\Users\krish\Documents\BITS\mlops-project\actions-runner\bin\Runner.Worker.dll
[2026-08-30 11:04:57Z INFO HostContext] Well known directory 'Bin': 'C:\Users\krish\Documents\BITS\mlops-project\actions-runner\bin'
[2026-08-30 11:04:57Z INFO ConfigurationStore] binPath: C:\Users\krish\Documents\BITS\mlops-project\actions-runner\bin
[2026-08-30 11:04:57Z INFO HostContext] Well known directory 'Bin': 'C:\Users\krish\Documents\BITS\mlops-project\actions-runner\bin'
[2026-08-30 11:04:57Z INFO HostContext] Well known directory 'Root': 'C:\Users\krish\Documents\BITS\mlops-project\actions-runner'
[2026-08-30 11:04:57Z INFO ConfigurationStore] RootFolder: C:\Users\krish\Documents\BITS\mlops-project\actions-runner
[2026-08-30 11:04:57Z INFO HostContext] Well known directory 'Bin': 'C:\Users\krish\Documents\BITS\mlops-project\actions-runner\bin'
[2026-08-30 11:04:57Z INFO HostContext] Well known directory 'Root': 'C:\Users\krish\Documents\BITS\mlops-project\actions-runner'
[2026-08-30 11:04:57Z INFO HostContext] Well known config file 'Runner': 'C:\Users\krish\Documents\BITS\mlops-project\actions-runner\.runner'
[2026-08-30 11:04:57Z INFO ConfigurationStore] ConfigFilePath: C:\Users\krish\Documents\BITS\mlops-project\actions-runner\.runner
[2026-08-30 11:04:57Z INFO HostContext] Well known directory 'Bin': 'C:\Users\krish\Documents\BITS\mlops-project\actions-runner\bin'
[2026-08-30 11:04:57Z INFO HostContext] Well known directory 'Root': 'C:\Users\krish\Documents\BITS\mlops-project\actions-runner'
[2026-08-30 11:04:57Z INFO HostContext] Well known config file 'MigratedRunner': 'C:\Users\krish\Documents\BITS\mlops-project\actions-runner\.runner_migrated'
[2026-08-30 11:04:57Z INFO ConfigurationStore] MigratedConfigFilePath: C:\Users\krish\Documents\BITS\mlops-project\actions-runner\.runner_migrated
[2026-08-30 11:04:57Z INFO HostContext] Well known directory 'Bin': 'C:\Users\krish\Documents\BITS\mlops-project\actions-runner\bin'
[2026-08-30 11:04:57Z INFO HostContext] Well known directory 'Root': 'C:\Users\krish\Documents\BITS\mlops-project\actions-runner'
[2026-08-30 11:04:57Z INFO HostContext] Well known config file 'Credentials': 'C:\Users\krish\Documents\BITS\mlops-project\actions-runner\.credentials'
[2026-08-30 11:04:57Z INFO ConfigurationStore] CredFilePath: C:\Users\krish\Documents\BITS\mlops-project\actions-runner\.credentials
[2026-08-30 11:04:57Z INFO HostContext] Well known directory 'Bin': 'C:\Users\krish\Documents\BITS\mlops-project\actions-runner\bin'
[2026-08-30 11:04:57Z INFO HostContext] Well known directory 'Root': 'C:\Users\krish\Documents\BITS\mlops-project\actions-runner'
[2026-08-30 11:04:57Z INFO HostContext] Well known config file 'MigratedCredentials': 'C:\Users\krish\Documents\BITS\mlops-project\actions-runner\.credentials_migrated'
[2026-08-30 11:04:57Z INFO ConfigurationStore] MigratedCredFilePath: C:\Users\krish\Documents\BITS\mlops-project\actions-runner\.credentials_migrated
[2026-08-30 11:04:57Z INFO HostContext] Well known directory 'Bin': 'C:\Users\krish\Documents\BITS\mlops-project\actions-runner\bin'
[2026-08-30 11:04:57Z INFO HostContext] Well known directory 'Root': 'C:\Users\krish\Documents\BITS\mlops-project\actions-runner'
[2026-08-30 11:04:57Z INFO HostContext] Well known config file 'Service': 'C:\Users\krish\Documents\BITS\mlops-project\actions-runner\.service'
[2026-08-30 11:04:57Z INFO ConfigurationStore] ServiceConfigFilePath: C:\Users\krish\Documents\BITS\mlops-project\actions-runner\.service
[2026-08-30 11:04:57Z INFO ConfigurationStore] Read setting file: 408 chars
[2026-08-30 11:04:57Z INFO JobRunner] Initializing launch client
[2026-08-30 11:04:57Z INFO JobServerQueue] Initializing results client
[2026-08-30 11:04:57Z INFO ResultServer] Creating websocket client ...wss://results-receiver.actions.githubusercontent.com/_ws/ingest.sock
[2026-08-30 11:04:57Z INFO ResultServer] Attempting to start websocket client with delay 00:00:00.
[2026-08-30 11:04:57Z INFO JobServerQueue] Start process web console line queue.
[2026-08-30 11:04:57Z INFO JobServerQueue] Start process file upload queue.
[2026-08-30 11:04:57Z INFO JobServerQueue] Start results file upload queue.
[2026-08-30 11:04:57Z INFO JobServerQueue] Starting results-based upload queue...
[2026-08-30 11:04:57Z INFO JobServerQueue] Start process timeline update queue.
[2026-08-30 11:04:57Z INFO ExecutionContext] Initializing Job context
[2026-08-30 11:04:57Z INFO ExecutionContext] Initialize GitHub context
[2026-08-30 11:04:57Z INFO ExecutionContext] Initialize Env context
[2026-08-30 11:04:57Z INFO HostContext] Well known directory 'Bin': 'C:\Users\krish\Documents\BITS\mlops-project\actions-runner\bin'
[2026-08-30 11:04:57Z INFO HostContext] Well known directory 'Root': 'C:\Users\krish\Documents\BITS\mlops-project\actions-runner'
[2026-08-30 11:04:57Z INFO HostContext] Well known directory 'Diag': 'C:\Users\krish\Documents\BITS\mlops-project\actions-runner\_diag'
[2026-08-30 11:04:57Z INFO HostContext] Well known directory 'Bin': 'C:\Users\krish\Documents\BITS\mlops-project\actions-runner\bin'
[2026-08-30 11:04:57Z INFO HostContext] Well known directory 'Root': 'C:\Users\krish\Documents\BITS\mlops-project\actions-runner'
[2026-08-30 11:04:57Z INFO HostContext] Well known directory 'Diag': 'C:\Users\krish\Documents\BITS\mlops-project\actions-runner\_diag'
[2026-08-30 11:04:57Z INFO JobRunner] Starting the job execution context.
[2026-08-30 11:04:57Z INFO HostContext] Well known directory 'Bin': 'C:\Users\krish\Documents\BITS\mlops-project\actions-runner\bin'
[2026-08-30 11:04:57Z INFO HostContext] Well known directory 'Root': 'C:\Users\krish\Documents\BITS\mlops-project\actions-runner'
[2026-08-30 11:04:57Z INFO HostContext] Well known directory 'Work': 'C:\Users\krish\Documents\BITS\mlops-project\actions-runner\_work'
[2026-08-30 11:04:57Z INFO JobRunner] Validating directory permissions for: 'C:\Users\krish\Documents\BITS\mlops-project\actions-runner\_work'
[2026-08-30 11:04:57Z INFO HostContext] Well known directory 'Bin': 'C:\Users\krish\Documents\BITS\mlops-project\actions-runner\bin'
[2026-08-30 11:04:57Z INFO HostContext] Well known directory 'Root': 'C:\Users\krish\Documents\BITS\mlops-project\actions-runner'
[2026-08-30 11:04:57Z INFO HostContext] Well known directory 'Work': 'C:\Users\krish\Documents\BITS\mlops-project\actions-runner\_work'
[2026-08-30 11:04:57Z INFO HostContext] Well known directory 'Tools': 'C:\Users\krish\Documents\BITS\mlops-project\actions-runner\_work\_tool'
[2026-08-30 11:04:57Z INFO HostContext] Well known directory 'Bin': 'C:\Users\krish\Documents\BITS\mlops-project\actions-runner\bin'
[2026-08-30 11:04:57Z INFO HostContext] Well known directory 'Root': 'C:\Users\krish\Documents\BITS\mlops-project\actions-runner'
[2026-08-30 11:04:57Z INFO HostContext] Well known directory 'Work': 'C:\Users\krish\Documents\BITS\mlops-project\actions-runner\_work'
[2026-08-30 11:04:57Z INFO HostContext] Well known directory 'Temp': 'C:\Users\krish\Documents\BITS\mlops-project\actions-runner\_work\_temp'
[2026-08-30 11:04:57Z INFO JobRunner] Getting job extension.
[2026-08-30 11:04:57Z INFO JobRunner] Initialize job. Getting all job steps.
[2026-08-30 11:04:57Z INFO HostContext] Well known directory 'Bin': 'C:\Users\krish\Documents\BITS\mlops-project\actions-runner\bin'
[2026-08-30 11:04:57Z INFO HostContext] Well known directory 'Root': 'C:\Users\krish\Documents\BITS\mlops-project\actions-runner'
[2026-08-30 11:04:57Z INFO HostContext] Well known directory 'Diag': 'C:\Users\krish\Documents\BITS\mlops-project\actions-runner\_diag'
[2026-08-30 11:04:57Z INFO HostContext] Well known directory 'Bin': 'C:\Users\krish\Documents\BITS\mlops-project\actions-runner\bin'
[2026-08-30 11:04:57Z INFO HostContext] Well known directory 'Root': 'C:\Users\krish\Documents\BITS\mlops-project\actions-runner'
[2026-08-30 11:04:57Z INFO HostContext] Well known directory 'Diag': 'C:\Users\krish\Documents\BITS\mlops-project\actions-runner\_diag'
[2026-08-30 11:04:57Z INFO HostContext] Well known directory 'Bin': 'C:\Users\krish\Documents\BITS\mlops-project\actions-runner\bin'
[2026-08-30 11:04:57Z INFO HostContext] Well known directory 'Root': 'C:\Users\krish\Documents\BITS\mlops-project\actions-runner'
[2026-08-30 11:04:57Z INFO HostContext] Well known config file 'Credentials': 'C:\Users\krish\Documents\BITS\mlops-project\actions-runner\.credentials'
[2026-08-30 11:04:57Z INFO HostContext] Well known directory 'Bin': 'C:\Users\krish\Documents\BITS\mlops-project\actions-runner\bin'
[2026-08-30 11:04:57Z INFO HostContext] Well known directory 'Root': 'C:\Users\krish\Documents\BITS\mlops-project\actions-runner'
[2026-08-30 11:04:57Z INFO HostContext] Well known config file 'SetupInfo': 'C:\Users\krish\Documents\BITS\mlops-project\actions-runner\.setup_info'
[2026-08-30 11:04:57Z INFO HostContext] Well known directory 'Bin': 'C:\Users\krish\Documents\BITS\mlops-project\actions-runner\bin'
[2026-08-30 11:04:57Z INFO HostContext] Well known directory 'Root': 'C:\Users\krish\Documents\BITS\mlops-project\actions-runner'
[2026-08-30 11:04:57Z INFO HostContext] Well known directory 'Work': 'C:\Users\krish\Documents\BITS\mlops-project\actions-runner\_work'
[2026-08-30 11:04:57Z INFO PipelineDirectoryManager] Loading tracking config if exists: C:\Users\krish\Documents\BITS\mlops-project\actions-runner\_work\_PipelineMapping\2024ac05127-tech/assignment2\PipelineFolder.json
[2026-08-30 11:04:57Z INFO PipelineDirectoryManager] Updating job run properties.
[2026-08-30 11:04:57Z INFO HostContext] Well known directory 'Bin': 'C:\Users\krish\Documents\BITS\mlops-project\actions-runner\bin'
[2026-08-30 11:04:57Z INFO HostContext] Well known directory 'Root': 'C:\Users\krish\Documents\BITS\mlops-project\actions-runner'
[2026-08-30 11:04:57Z INFO HostContext] Well known directory 'Work': 'C:\Users\krish\Documents\BITS\mlops-project\actions-runner\_work'
[2026-08-30 11:04:57Z INFO HostContext] Well known directory 'Bin': 'C:\Users\krish\Documents\BITS\mlops-project\actions-runner\bin'
[2026-08-30 11:04:57Z INFO HostContext] Well known directory 'Root': 'C:\Users\krish\Documents\BITS\mlops-project\actions-runner'
[2026-08-30 11:04:57Z INFO HostContext] Well known directory 'Work': 'C:\Users\krish\Documents\BITS\mlops-project\actions-runner\_work'
[2026-08-30 11:04:57Z INFO HostContext] Well known directory 'Bin': 'C:\Users\krish\Documents\BITS\mlops-project\actions-runner\bin'
[2026-08-30 11:04:57Z INFO HostContext] Well known directory 'Root': 'C:\Users\krish\Documents\BITS\mlops-project\actions-runner'
[2026-08-30 11:04:57Z INFO HostContext] Well known directory 'Work': 'C:\Users\krish\Documents\BITS\mlops-project\actions-runner\_work'
[2026-08-30 11:04:57Z INFO JobExtension] Downloading actions
[2026-08-30 11:04:57Z INFO HostContext] Well known directory 'Bin': 'C:\Users\krish\Documents\BITS\mlops-project\actions-runner\bin'
[2026-08-30 11:04:57Z INFO HostContext] Well known directory 'Root': 'C:\Users\krish\Documents\BITS\mlops-project\actions-runner'
[2026-08-30 11:04:57Z INFO HostContext] Well known directory 'Work': 'C:\Users\krish\Documents\BITS\mlops-project\actions-runner\_work'
[2026-08-30 11:04:57Z INFO HostContext] Well known directory 'Actions': 'C:\Users\krish\Documents\BITS\mlops-project\actions-runner\_work\_actions'
[2026-08-30 11:04:58Z INFO Worker] Listening for cancel message from the channel.
[2026-08-30 11:04:58Z INFO Worker] Waiting for the job to complete or for a cancel message from the channel.
[2026-08-30 11:04:58Z INFO ResultServer] Successfully started websocket client.
[2026-08-30 11:04:58Z INFO JobServerQueue] Try to append 1 batches web console lines for record '032424c2-0010-4177-82c9-dd2b0389372f', success rate: 1/1.
[2026-08-30 11:04:59Z INFO JobServerQueue] Try to append 1 batches web console lines for record '032424c2-0010-4177-82c9-dd2b0389372f', success rate: 1/1.
[2026-08-30 11:04:59Z INFO HostContext] Well known directory 'Bin': 'C:\Users\krish\Documents\BITS\mlops-project\actions-runner\bin'
[2026-08-30 11:04:59Z INFO HostContext] Well known directory 'Root': 'C:\Users\krish\Documents\BITS\mlops-project\actions-runner'
[2026-08-30 11:04:59Z INFO HostContext] Well known directory 'Work': 'C:\Users\krish\Documents\BITS\mlops-project\actions-runner\_work'
[2026-08-30 11:04:59Z INFO HostContext] Well known directory 'Actions': 'C:\Users\krish\Documents\BITS\mlops-project\actions-runner\_work\_actions'
[2026-08-30 11:04:59Z INFO HostContext] Well known directory 'Bin': 'C:\Users\krish\Documents\BITS\mlops-project\actions-runner\bin'
[2026-08-30 11:04:59Z INFO HostContext] Well known directory 'Root': 'C:\Users\krish\Documents\BITS\mlops-project\actions-runner'
[2026-08-30 11:04:59Z INFO HostContext] Well known directory 'Work': 'C:\Users\krish\Documents\BITS\mlops-project\actions-runner\_work'
[2026-08-30 11:04:59Z INFO HostContext] Well known directory 'Actions': 'C:\Users\krish\Documents\BITS\mlops-project\actions-runner\_work\_actions'
[2026-08-30 11:04:59Z INFO ActionManager] Save archive 'https://codeload.github.com/actions/checkout/zip/11d5960a326750d5838078e36cf38b85af677262' into C:\Users\krish\Documents\BITS\mlops-project\actions-runner\_work\_actions\_temp_b24e092a-166d-4566-bec1-0adf7a19d935\fdd0fc09-4c65-49f4-acf0-66376f745216.zip.
[2026-08-30 11:04:59Z INFO ActionManager] Using Basic token for action archive download.
[2026-08-30 11:04:59Z INFO JobServerQueue] Job timeline record has been updated for the first time.
[2026-08-30 11:04:59Z INFO JobServerQueue] Try to append 1 batches web console lines for record '032424c2-0010-4177-82c9-dd2b0389372f', success rate: 1/1.
[2026-08-30 11:04:59Z INFO ActionManager] Request URL: https://codeload.github.com/actions/checkout/zip/11d5960a326750d5838078e36cf38b85af677262 X-GitHub-Request-Id: C0C9:3A7A4D:30B25:3BED3B:6A940E5B Http Status: OK
[2026-08-30 11:05:00Z INFO ActionManager] Finished getting action repository.
[2026-08-30 11:05:01Z INFO HostContext] Well known directory 'Bin': 'C:\Users\krish\Documents\BITS\mlops-project\actions-runner\bin'
[2026-08-30 11:05:01Z INFO HostContext] Well known directory 'Root': 'C:\Users\krish\Documents\BITS\mlops-project\actions-runner'
[2026-08-30 11:05:01Z INFO HostContext] Well known directory 'Work': 'C:\Users\krish\Documents\BITS\mlops-project\actions-runner\_work'
[2026-08-30 11:05:01Z INFO HostContext] Well known directory 'Actions': 'C:\Users\krish\Documents\BITS\mlops-project\actions-runner\_work\_actions'
[2026-08-30 11:05:01Z INFO ActionManifestManagerLegacy] Load schema file with definitions: [
  "null",
  "boolean",
  "number",
  "string",
  "sequence",
  "mapping",
  "any",
  "action-root",
  "inputs",
  "input",
  "outputs",
  "output-definition",
  "runs",
  "container-runs",
  "container-runs-args",
  "container-runs-env",
  "node-runs",
  "plugin-runs",
  "composite-runs",
  "composite-steps",
  "composite-step",
  "run-step",
  "uses-step",
  "container-runs-context",
  "output-value",
  "input-default-context",
  "non-empty-string",
  "string-steps-context",
  "boolean-steps-context",
  "step-env",
  "step-if",
  "step-with"
]
[2026-08-30 11:05:01Z INFO ActionManifestManager] Load schema file with definitions: [
  "null",
  "boolean",
  "number",
  "string",
  "sequence",
  "mapping",
  "any",
  "action-root",
  "inputs",
  "input",
  "outputs",
  "output-definition",
  "runs",
  "container-runs",
  "container-runs-args",
  "container-runs-env",
  "node-runs",
  "plugin-runs",
  "composite-runs",
  "composite-steps",
  "composite-step",
  "run-step",
  "uses-step",
  "container-runs-context",
  "output-value",
  "input-default-context",
  "non-empty-string",
  "string-steps-context",
  "boolean-steps-context",
  "step-env",
  "step-if",
  "step-with"
]
[2026-08-30 11:05:01Z INFO HostContext] Well known directory 'Bin': 'C:\Users\krish\Documents\BITS\mlops-project\actions-runner\bin'
[2026-08-30 11:05:01Z INFO HostContext] Well known directory 'Root': 'C:\Users\krish\Documents\BITS\mlops-project\actions-runner'
[2026-08-30 11:05:01Z INFO HostContext] Well known directory 'Work': 'C:\Users\krish\Documents\BITS\mlops-project\actions-runner\_work'
[2026-08-30 11:05:01Z INFO HostContext] Well known directory 'Actions': 'C:\Users\krish\Documents\BITS\mlops-project\actions-runner\_work\_actions'
[2026-08-30 11:05:01Z INFO ActionManifestManagerLegacy] Loaded action.yml file: {
  "name": "Checkout",
  "description": "Checkout a Git repository at a particular version",
  "inputs": {
    "type": 2,
    "map": [
      {
        "key": {
          "type": 0,
          "file": 2,
          "line": 4,
          "col": 3,
          "lit": "repository"
        },
        "value": {
          "type": 3,
          "file": 2,
          "line": 6,
          "col": 14,
          "expr": "github.repository"
        }
      },
      {
        "key": {
          "type": 0,
          "file": 2,
          "line": 7,
          "col": 3,
          "lit": "ref"
        },
        "value": ""
      },
      {
        "key": {
          "type": 0,
          "file": 2,
          "line": 12,
          "col": 3,
          "lit": "token"
        },
        "value": {
          "type": 3,
          "file": 2,
          "line": 24,
          "col": 14,
          "expr": "github.token"
        }
      },
      {
        "key": {
          "type": 0,
          "file": 2,
          "line": 25,
          "col": 3,
          "lit": "ssh-key"
        },
        "value": ""
      },
      {
        "key": {
          "type": 0,
          "file": 2,
          "line": 37,
          "col": 3,
          "lit": "ssh-known-hosts"
        },
        "value": ""
      },
      {
        "key": {
          "type": 0,
          "file": 2,
          "line": 42,
          "col": 3,
          "lit": "ssh-strict"
        },
        "value": {
          "type": 0,
          "file": 2,
          "line": 47,
          "col": 14,
          "lit": "true"
        }
      },
      {
        "key": {
          "type": 0,
          "file": 2,
          "line": 48,
          "col": 3,
          "lit": "ssh-user"
        },
        "value": {
          "type": 0,
          "file": 2,
          "line": 51,
          "col": 14,
          "lit": "git"
        }
      },
      {
        "key": {
          "type": 0,
          "file": 2,
          "line": 52,
          "col": 3,
          "lit": "persist-credentials"
        },
        "value": {
          "type": 0,
          "file": 2,
          "line": 54,
          "col": 14,
          "lit": "true"
        }
      },
      {
        "key": {
          "type": 0,
          "file": 2,
          "line": 55,
          "col": 3,
          "lit": "path"
        },
        "value": ""
      },
      {
        "key": {
          "type": 0,
          "file": 2,
          "line": 57,
          "col": 3,
          "lit": "clean"
        },
        "value": {
          "type": 0,
          "file": 2,
          "line": 59,
          "col": 14,
          "lit": "true"
        }
      },
      {
        "key": {
          "type": 0,
          "file": 2,
          "line": 60,
          "col": 3,
          "lit": "filter"
        },
        "value": {
          "type": 0,
          "file": 2,
          "line": 64,
          "col": 14,
          "lit": ""
        }
      },
      {
        "key": {
          "type": 0,
          "file": 2,
          "line": 65,
          "col": 3,
          "lit": "sparse-checkout"
        },
        "value": {
          "type": 0,
          "file": 2,
          "line": 69,
          "col": 14,
          "lit": ""
        }
      },
      {
        "key": {
          "type": 0,
          "file": 2,
          "line": 70,
          "col": 3,
          "lit": "sparse-checkout-cone-mode"
        },
        "value": {
          "type": 0,
          "file": 2,
          "line": 73,
          "col": 14,
          "lit": "true"
        }
      },
      {
        "key": {
          "type": 0,
          "file": 2,
          "line": 74,
          "col": 3,
          "lit": "fetch-depth"
        },
        "value": {
          "type": 0,
          "file": 2,
          "line": 76,
          "col": 14,
          "lit": "1"
        }
      },
      {
        "key": {
          "type": 0,
          "file": 2,
          "line": 77,
          "col": 3,
          "lit": "fetch-tags"
        },
        "value": {
          "type": 0,
          "file": 2,
          "line": 79,
          "col": 14,
          "lit": "false"
        }
      },
      {
        "key": {
          "type": 0,
          "file": 2,
          "line": 80,
          "col": 3,
          "lit": "show-progress"
        },
        "value": {
          "type": 0,
          "file": 2,
          "line": 82,
          "col": 14,
          "lit": "true"
        }
      },
      {
        "key": {
          "type": 0,
          "file": 2,
          "line": 83,
          "col": 3,
          "lit": "lfs"
        },
        "value": {
          "type": 0,
          "file": 2,
          "line": 85,
          "col": 14,
          "lit": "false"
        }
      },
      {
        "key": {
          "type": 0,
          "file": 2,
          "line": 86,
          "col": 3,
          "lit": "submodules"
        },
        "value": {
          "type": 0,
          "file": 2,
          "line": 94,
          "col": 14,
          "lit": "false"
        }
      },
      {
        "key": {
          "type": 0,
          "file": 2,
          "line": 95,
          "col": 3,
          "lit": "set-safe-directory"
        },
        "value": {
          "type": 0,
          "file": 2,
          "line": 97,
          "col": 14,
          "lit": "true"
        }
      },
      {
        "key": {
          "type": 0,
          "file": 2,
          "line": 98,
          "col": 3,
          "lit": "github-server-url"
        },
        "value": ""
      },
      {
        "key": {
          "type": 0,
          "file": 2,
          "line": 101,
          "col": 3,
          "lit": "allow-unsafe-pr-checkout"
        },
        "value": {
          "type": 0,
          "file": 2,
          "line": 109,
          "col": 14,
          "lit": "false"
        }
      }
    ]
  },
  "execution": {
    "executionType": "nodeJS",
    "hasPre": false,
    "hasPost": true,
    "script": "dist/index.js",
    "pre": null,
    "post": "dist/index.js",
    "nodeVersion": "node20",
    "cleanupCondition": "always()",
    "initCondition": "always()"
  },
  "deprecated": null
}
[2026-08-30 11:05:01Z INFO ActionManager] Action node.js file: dist/index.js, no more preparation.
[2026-08-30 11:05:01Z INFO HostContext] Well known directory 'Bin': 'C:\Users\krish\Documents\BITS\mlops-project\actions-runner\bin'
[2026-08-30 11:05:01Z INFO HostContext] Well known directory 'Root': 'C:\Users\krish\Documents\BITS\mlops-project\actions-runner'
[2026-08-30 11:05:01Z INFO HostContext] Well known directory 'Work': 'C:\Users\krish\Documents\BITS\mlops-project\actions-runner\_work'
[2026-08-30 11:05:01Z INFO HostContext] Well known directory 'Actions': 'C:\Users\krish\Documents\BITS\mlops-project\actions-runner\_work\_actions'
[2026-08-30 11:05:01Z INFO ActionManager] Load action that reference repository from 'C:\Users\krish\Documents\BITS\mlops-project\actions-runner\_work\_actions\actions\checkout\v4'
[2026-08-30 11:05:01Z INFO HostContext] Well known directory 'Bin': 'C:\Users\krish\Documents\BITS\mlops-project\actions-runner\bin'
[2026-08-30 11:05:01Z INFO HostContext] Well known directory 'Root': 'C:\Users\krish\Documents\BITS\mlops-project\actions-runner'
[2026-08-30 11:05:01Z INFO HostContext] Well known directory 'Work': 'C:\Users\krish\Documents\BITS\mlops-project\actions-runner\_work'
[2026-08-30 11:05:01Z INFO HostContext] Well known directory 'Actions': 'C:\Users\krish\Documents\BITS\mlops-project\actions-runner\_work\_actions'
[2026-08-30 11:05:01Z INFO ActionManifestManagerLegacy] Loaded action.yml file: {
  "name": "Checkout",
  "description": "Checkout a Git repository at a particular version",
  "inputs": {
    "type": 2,
    "map": [
      {
        "key": {
          "type": 0,
          "file": 2,
          "line": 4,
          "col": 3,
          "lit": "repository"
        },
        "value": {
          "type": 3,
          "file": 2,
          "line": 6,
          "col": 14,
          "expr": "github.repository"
        }
      },
      {
        "key": {
          "type": 0,
          "file": 2,
          "line": 7,
          "col": 3,
          "lit": "ref"
        },
        "value": ""
      },
      {
        "key": {
          "type": 0,
          "file": 2,
          "line": 12,
          "col": 3,
          "lit": "token"
        },
        "value": {
          "type": 3,
          "file": 2,
          "line": 24,
          "col": 14,
          "expr": "github.token"
        }
      },
      {
        "key": {
          "type": 0,
          "file": 2,
          "line": 25,
          "col": 3,
          "lit": "ssh-key"
        },
        "value": ""
      },
      {
        "key": {
          "type": 0,
          "file": 2,
          "line": 37,
          "col": 3,
          "lit": "ssh-known-hosts"
        },
        "value": ""
      },
      {
        "key": {
          "type": 0,
          "file": 2,
          "line": 42,
          "col": 3,
          "lit": "ssh-strict"
        },
        "value": {
          "type": 0,
          "file": 2,
          "line": 47,
          "col": 14,
          "lit": "true"
        }
      },
      {
        "key": {
          "type": 0,
          "file": 2,
          "line": 48,
          "col": 3,
          "lit": "ssh-user"
        },
        "value": {
          "type": 0,
          "file": 2,
          "line": 51,
          "col": 14,
          "lit": "git"
        }
      },
      {
        "key": {
          "type": 0,
          "file": 2,
          "line": 52,
          "col": 3,
          "lit": "persist-credentials"
        },
        "value": {
          "type": 0,
          "file": 2,
          "line": 54,
          "col": 14,
          "lit": "true"
        }
      },
      {
        "key": {
          "type": 0,
          "file": 2,
          "line": 55,
          "col": 3,
          "lit": "path"
        },
        "value": ""
      },
      {
        "key": {
          "type": 0,
          "file": 2,
          "line": 57,
          "col": 3,
          "lit": "clean"
        },
        "value": {
          "type": 0,
          "file": 2,
          "line": 59,
          "col": 14,
          "lit": "true"
        }
      },
      {
        "key": {
          "type": 0,
          "file": 2,
          "line": 60,
          "col": 3,
          "lit": "filter"
        },
        "value": {
          "type": 0,
          "file": 2,
          "line": 64,
          "col": 14,
          "lit": ""
        }
      },
      {
        "key": {
          "type": 0,
          "file": 2,
          "line": 65,
          "col": 3,
          "lit": "sparse-checkout"
        },
        "value": {
          "type": 0,
          "file": 2,
          "line": 69,
          "col": 14,
          "lit": ""
        }
      },
      {
        "key": {
          "type": 0,
          "file": 2,
          "line": 70,
          "col": 3,
          "lit": "sparse-checkout-cone-mode"
        },
        "value": {
          "type": 0,
          "file": 2,
          "line": 73,
          "col": 14,
          "lit": "true"
        }
      },
      {
        "key": {
          "type": 0,
          "file": 2,
          "line": 74,
          "col": 3,
          "lit": "fetch-depth"
        },
        "value": {
          "type": 0,
          "file": 2,
          "line": 76,
          "col": 14,
          "lit": "1"
        }
      },
      {
        "key": {
          "type": 0,
          "file": 2,
          "line": 77,
          "col": 3,
          "lit": "fetch-tags"
        },
        "value": {
          "type": 0,
          "file": 2,
          "line": 79,
          "col": 14,
          "lit": "false"
        }
      },
      {
        "key": {
          "type": 0,
          "file": 2,
          "line": 80,
          "col": 3,
          "lit": "show-progress"
        },
        "value": {
          "type": 0,
          "file": 2,
          "line": 82,
          "col": 14,
          "lit": "true"
        }
      },
      {
        "key": {
          "type": 0,
          "file": 2,
          "line": 83,
          "col": 3,
          "lit": "lfs"
        },
        "value": {
          "type": 0,
          "file": 2,
          "line": 85,
          "col": 14,
          "lit": "false"
        }
      },
      {
        "key": {
          "type": 0,
          "file": 2,
          "line": 86,
          "col": 3,
          "lit": "submodules"
        },
        "value": {
          "type": 0,
          "file": 2,
          "line": 94,
          "col": 14,
          "lit": "false"
        }
      },
      {
        "key": {
          "type": 0,
          "file": 2,
          "line": 95,
          "col": 3,
          "lit": "set-safe-directory"
        },
        "value": {
          "type": 0,
          "file": 2,
          "line": 97,
          "col": 14,
          "lit": "true"
        }
      },
      {
        "key": {
          "type": 0,
          "file": 2,
          "line": 98,
          "col": 3,
          "lit": "github-server-url"
        },
        "value": ""
      },
      {
        "key": {
          "type": 0,
          "file": 2,
          "line": 101,
          "col": 3,
          "lit": "allow-unsafe-pr-checkout"
        },
        "value": {
          "type": 0,
          "file": 2,
          "line": 109,
          "col": 14,
          "lit": "false"
        }
      }
    ]
  },
  "execution": {
    "executionType": "nodeJS",
    "hasPre": false,
    "hasPost": true,
    "script": "dist/index.js",
    "pre": null,
    "post": "dist/index.js",
    "nodeVersion": "node20",
    "cleanupCondition": "always()",
    "initCondition": "always()"
  },
  "deprecated": null
}
[2026-08-30 11:05:01Z INFO ActionManager] Action pre node.js file: N/A.
[2026-08-30 11:05:01Z INFO ActionManager] Action node.js file: dist/index.js.
[2026-08-30 11:05:01Z INFO ActionManager] Action post node.js file: dist/index.js.
[2026-08-30 11:05:01Z INFO JobExtension] Adding .
[2026-08-30 11:05:01Z INFO JobExtension] Adding .
[2026-08-30 11:05:01Z INFO JobExtension] Adding .
[2026-08-30 11:05:01Z INFO JobExtension] Adding .
[2026-08-30 11:05:01Z INFO JobExtension] Adding .
[2026-08-30 11:05:01Z INFO JobExtension] Adding .
[2026-08-30 11:05:01Z INFO JobExtension] Adding .
[2026-08-30 11:05:01Z INFO HostContext] Well known directory 'Bin': 'C:\Users\krish\Documents\BITS\mlops-project\actions-runner\bin'
[2026-08-30 11:05:01Z INFO HostContext] Well known directory 'Root': 'C:\Users\krish\Documents\BITS\mlops-project\actions-runner'
[2026-08-30 11:05:01Z INFO HostContext] Well known directory 'Diag': 'C:\Users\krish\Documents\BITS\mlops-project\actions-runner\_diag'
[2026-08-30 11:05:01Z INFO HostContext] Well known directory 'Bin': 'C:\Users\krish\Documents\BITS\mlops-project\actions-runner\bin'
[2026-08-30 11:05:01Z INFO HostContext] Well known directory 'Root': 'C:\Users\krish\Documents\BITS\mlops-project\actions-runner'
[2026-08-30 11:05:01Z INFO HostContext] Well known directory 'Diag': 'C:\Users\krish\Documents\BITS\mlops-project\actions-runner\_diag'
[2026-08-30 11:05:01Z INFO HostContext] Well known directory 'Bin': 'C:\Users\krish\Documents\BITS\mlops-project\actions-runner\bin'
[2026-08-30 11:05:01Z INFO HostContext] Well known directory 'Root': 'C:\Users\krish\Documents\BITS\mlops-project\actions-runner'
[2026-08-30 11:05:01Z INFO HostContext] Well known directory 'Diag': 'C:\Users\krish\Documents\BITS\mlops-project\actions-runner\_diag'
[2026-08-30 11:05:01Z INFO HostContext] Well known directory 'Bin': 'C:\Users\krish\Documents\BITS\mlops-project\actions-runner\bin'
[2026-08-30 11:05:01Z INFO HostContext] Well known directory 'Root': 'C:\Users\krish\Documents\BITS\mlops-project\actions-runner'
[2026-08-30 11:05:01Z INFO HostContext] Well known directory 'Diag': 'C:\Users\krish\Documents\BITS\mlops-project\actions-runner\_diag'
[2026-08-30 11:05:01Z INFO HostContext] Well known directory 'Bin': 'C:\Users\krish\Documents\BITS\mlops-project\actions-runner\bin'
[2026-08-30 11:05:01Z INFO HostContext] Well known directory 'Root': 'C:\Users\krish\Documents\BITS\mlops-project\actions-runner'
[2026-08-30 11:05:01Z INFO HostContext] Well known directory 'Diag': 'C:\Users\krish\Documents\BITS\mlops-project\actions-runner\_diag'
[2026-08-30 11:05:01Z INFO HostContext] Well known directory 'Bin': 'C:\Users\krish\Documents\BITS\mlops-project\actions-runner\bin'
[2026-08-30 11:05:01Z INFO HostContext] Well known directory 'Root': 'C:\Users\krish\Documents\BITS\mlops-project\actions-runner'
[2026-08-30 11:05:01Z INFO HostContext] Well known directory 'Diag': 'C:\Users\krish\Documents\BITS\mlops-project\actions-runner\_diag'
[2026-08-30 11:05:01Z INFO HostContext] Well known directory 'Bin': 'C:\Users\krish\Documents\BITS\mlops-project\actions-runner\bin'
[2026-08-30 11:05:01Z INFO HostContext] Well known directory 'Root': 'C:\Users\krish\Documents\BITS\mlops-project\actions-runner'
[2026-08-30 11:05:01Z INFO HostContext] Well known directory 'Diag': 'C:\Users\krish\Documents\BITS\mlops-project\actions-runner\_diag'
[2026-08-30 11:05:01Z INFO HostContext] Well known directory 'Bin': 'C:\Users\krish\Documents\BITS\mlops-project\actions-runner\bin'
[2026-08-30 11:05:01Z INFO HostContext] Well known directory 'Root': 'C:\Users\krish\Documents\BITS\mlops-project\actions-runner'
[2026-08-30 11:05:01Z INFO HostContext] Well known directory 'Diag': 'C:\Users\krish\Documents\BITS\mlops-project\actions-runner\_diag'
[2026-08-30 11:05:01Z INFO HostContext] Well known directory 'Bin': 'C:\Users\krish\Documents\BITS\mlops-project\actions-runner\bin'
[2026-08-30 11:05:01Z INFO HostContext] Well known directory 'Root': 'C:\Users\krish\Documents\BITS\mlops-project\actions-runner'
[2026-08-30 11:05:01Z INFO HostContext] Well known directory 'Diag': 'C:\Users\krish\Documents\BITS\mlops-project\actions-runner\_diag'
[2026-08-30 11:05:01Z INFO HostContext] Well known directory 'Bin': 'C:\Users\krish\Documents\BITS\mlops-project\actions-runner\bin'
[2026-08-30 11:05:01Z INFO HostContext] Well known directory 'Root': 'C:\Users\krish\Documents\BITS\mlops-project\actions-runner'
[2026-08-30 11:05:01Z INFO HostContext] Well known directory 'Diag': 'C:\Users\krish\Documents\BITS\mlops-project\actions-runner\_diag'
[2026-08-30 11:05:01Z INFO HostContext] Well known directory 'Bin': 'C:\Users\krish\Documents\BITS\mlops-project\actions-runner\bin'
[2026-08-30 11:05:01Z INFO HostContext] Well known directory 'Root': 'C:\Users\krish\Documents\BITS\mlops-project\actions-runner'
[2026-08-30 11:05:01Z INFO HostContext] Well known directory 'Diag': 'C:\Users\krish\Documents\BITS\mlops-project\actions-runner\_diag'
[2026-08-30 11:05:01Z INFO HostContext] Well known directory 'Bin': 'C:\Users\krish\Documents\BITS\mlops-project\actions-runner\bin'
[2026-08-30 11:05:01Z INFO HostContext] Well known directory 'Root': 'C:\Users\krish\Documents\BITS\mlops-project\actions-runner'
[2026-08-30 11:05:01Z INFO HostContext] Well known directory 'Diag': 'C:\Users\krish\Documents\BITS\mlops-project\actions-runner\_diag'
[2026-08-30 11:05:01Z INFO HostContext] Well known directory 'Bin': 'C:\Users\krish\Documents\BITS\mlops-project\actions-runner\bin'
[2026-08-30 11:05:01Z INFO HostContext] Well known directory 'Root': 'C:\Users\krish\Documents\BITS\mlops-project\actions-runner'
[2026-08-30 11:05:01Z INFO HostContext] Well known directory 'Diag': 'C:\Users\krish\Documents\BITS\mlops-project\actions-runner\_diag'
[2026-08-30 11:05:01Z INFO HostContext] Well known directory 'Bin': 'C:\Users\krish\Documents\BITS\mlops-project\actions-runner\bin'
[2026-08-30 11:05:01Z INFO HostContext] Well known directory 'Root': 'C:\Users\krish\Documents\BITS\mlops-project\actions-runner'
[2026-08-30 11:05:01Z INFO HostContext] Well known directory 'Diag': 'C:\Users\krish\Documents\BITS\mlops-project\actions-runner\_diag'
[2026-08-30 11:05:01Z INFO JobExtension] Total accessible running process: 307.
[2026-08-30 11:05:01Z INFO HostContext] Well known directory 'Bin': 'C:\Users\krish\Documents\BITS\mlops-project\actions-runner\bin'
[2026-08-30 11:05:01Z INFO HostContext] Well known directory 'Root': 'C:\Users\krish\Documents\BITS\mlops-project\actions-runner'
[2026-08-30 11:05:01Z INFO HostContext] Well known directory 'Work': 'C:\Users\krish\Documents\BITS\mlops-project\actions-runner\_work'
[2026-08-30 11:05:01Z INFO JobExtension] Start checking server connectivity.
[2026-08-30 11:05:01Z INFO JobExtension] Check server connectivity for https://broker.actions.githubusercontent.com/health.
[2026-08-30 11:05:01Z INFO JobExtension] Check server connectivity for https://token.actions.githubusercontent.com/ready.
[2026-08-30 11:05:01Z INFO JobExtension] Check server connectivity for https://run.actions.githubusercontent.com/health.
[2026-08-30 11:05:01Z INFO JobExtension] Start checking service connectivity in background.
[2026-08-30 11:05:01Z INFO ExecutionContext] Publish step telemetry for current step {
  "action": "setup_job",
  "type": "runner",
  "stage": "Pre",
  "stepId": "032424c2-0010-4177-82c9-dd2b0389372f",
  "result": "succeeded",
  "errorMessages": [],
  "executionTimeInSeconds": 4,
  "startTime": "2026-08-30T11:04:57.8601329Z",
  "finishTime": "2026-08-30T11:05:01.384779Z"
}.
[2026-08-30 11:05:01Z INFO JobRunner] Total job steps: 7.
[2026-08-30 11:05:01Z INFO JobRunner] Run all job steps.
[2026-08-30 11:05:01Z INFO DapDebugger] DapDebugger initialized
[2026-08-30 11:05:01Z INFO StepsRunner] Processing step: DisplayName='Checkout repository'
[2026-08-30 11:05:01Z INFO StepsRunner] Evaluating: success()
[2026-08-30 11:05:01Z INFO StepsRunner] Result: true
[2026-08-30 11:05:01Z INFO StepsRunner] Starting the step.
[2026-08-30 11:05:01Z INFO HostContext] Well known directory 'Bin': 'C:\Users\krish\Documents\BITS\mlops-project\actions-runner\bin'
[2026-08-30 11:05:01Z INFO HostContext] Well known directory 'Root': 'C:\Users\krish\Documents\BITS\mlops-project\actions-runner'
[2026-08-30 11:05:01Z INFO HostContext] Well known directory 'Work': 'C:\Users\krish\Documents\BITS\mlops-project\actions-runner\_work'
[2026-08-30 11:05:01Z INFO StepsRunner] Which2: 'chcp'
[2026-08-30 11:05:01Z INFO StepsRunner] Location: 'C:\WINDOWS\system32\chcp.COM'
[2026-08-30 11:05:01Z INFO ProcessInvokerWrapper] Starting process:
[2026-08-30 11:05:01Z INFO ProcessInvokerWrapper]   File name: 'C:\WINDOWS\system32\chcp.COM'
[2026-08-30 11:05:01Z INFO ProcessInvokerWrapper]   Arguments: '65001'
[2026-08-30 11:05:01Z INFO ProcessInvokerWrapper]   Working directory: 'C:\Users\krish\Documents\BITS\mlops-project\actions-runner\_work'
[2026-08-30 11:05:01Z INFO ProcessInvokerWrapper]   Require exit code zero: 'False'
[2026-08-30 11:05:01Z INFO ProcessInvokerWrapper]   Encoding web name:  ; code page: ''
[2026-08-30 11:05:01Z INFO ProcessInvokerWrapper]   Force kill process on cancellation: 'False'
[2026-08-30 11:05:01Z INFO ProcessInvokerWrapper]   Redirected STDIN: 'False'
[2026-08-30 11:05:01Z INFO ProcessInvokerWrapper]   Persist current code page: 'True'
[2026-08-30 11:05:01Z INFO ProcessInvokerWrapper]   Keep redirected STDIN open: 'False'
[2026-08-30 11:05:01Z INFO ProcessInvokerWrapper]   High priority process: 'False'
[2026-08-30 11:05:01Z INFO JobServerQueue] Try to append 1 batches web console lines for record '032424c2-0010-4177-82c9-dd2b0389372f', success rate: 1/1.
[2026-08-30 11:05:01Z INFO ProcessInvokerWrapper] Process started with process id 3016, waiting for process exit.
[2026-08-30 11:05:01Z INFO ProcessInvokerWrapper] STDOUT/STDERR stream read finished.
[2026-08-30 11:05:01Z INFO ProcessInvokerWrapper] STDOUT/STDERR stream read finished.
[2026-08-30 11:05:01Z INFO ProcessInvokerWrapper] Finished process 3016 with exit code 0, and elapsed time 00:00:00.0531523.
[2026-08-30 11:05:01Z INFO StepsRunner] Successfully returned to code page 65001 (UTF8)
[2026-08-30 11:05:01Z INFO HostContext] Well known directory 'Bin': 'C:\Users\krish\Documents\BITS\mlops-project\actions-runner\bin'
[2026-08-30 11:05:01Z INFO HostContext] Well known directory 'Root': 'C:\Users\krish\Documents\BITS\mlops-project\actions-runner'
[2026-08-30 11:05:01Z INFO HostContext] Well known directory 'Work': 'C:\Users\krish\Documents\BITS\mlops-project\actions-runner\_work'
[2026-08-30 11:05:01Z INFO HostContext] Well known directory 'Actions': 'C:\Users\krish\Documents\BITS\mlops-project\actions-runner\_work\_actions'
[2026-08-30 11:05:01Z INFO ActionManager] Load action that reference repository from 'C:\Users\krish\Documents\BITS\mlops-project\actions-runner\_work\_actions\actions\checkout\v4'
[2026-08-30 11:05:01Z INFO HostContext] Well known directory 'Bin': 'C:\Users\krish\Documents\BITS\mlops-project\actions-runner\bin'
[2026-08-30 11:05:01Z INFO HostContext] Well known directory 'Root': 'C:\Users\krish\Documents\BITS\mlops-project\actions-runner'
[2026-08-30 11:05:01Z INFO HostContext] Well known directory 'Work': 'C:\Users\krish\Documents\BITS\mlops-project\actions-runner\_work'
[2026-08-30 11:05:01Z INFO HostContext] Well known directory 'Actions': 'C:\Users\krish\Documents\BITS\mlops-project\actions-runner\_work\_actions'
[2026-08-30 11:05:01Z INFO ActionManifestManagerLegacy] Loaded action.yml file: {
  "name": "Checkout",
  "description": "Checkout a Git repository at a particular version",
  "inputs": {
    "type": 2,
    "map": [
      {
        "key": {
          "type": 0,
          "file": 2,
          "line": 4,
          "col": 3,
          "lit": "repository"
        },
        "value": {
          "type": 3,
          "file": 2,
          "line": 6,
          "col": 14,
          "expr": "github.repository"
        }
      },
      {
        "key": {
          "type": 0,
          "file": 2,
          "line": 7,
          "col": 3,
          "lit": "ref"
        },
        "value": ""
      },
      {
        "key": {
          "type": 0,
          "file": 2,
          "line": 12,
          "col": 3,
          "lit": "token"
        },
        "value": {
          "type": 3,
          "file": 2,
          "line": 24,
          "col": 14,
          "expr": "github.token"
        }
      },
      {
        "key": {
          "type": 0,
          "file": 2,
          "line": 25,
          "col": 3,
          "lit": "ssh-key"
        },
        "value": ""
      },
      {
        "key": {
          "type": 0,
          "file": 2,
          "line": 37,
          "col": 3,
          "lit": "ssh-known-hosts"
        },
        "value": ""
      },
      {
        "key": {
          "type": 0,
          "file": 2,
          "line": 42,
          "col": 3,
          "lit": "ssh-strict"
        },
        "value": {
          "type": 0,
          "file": 2,
          "line": 47,
          "col": 14,
          "lit": "true"
        }
      },
      {
        "key": {
          "type": 0,
          "file": 2,
          "line": 48,
          "col": 3,
          "lit": "ssh-user"
        },
        "value": {
          "type": 0,
          "file": 2,
          "line": 51,
          "col": 14,
          "lit": "git"
        }
      },
      {
        "key": {
          "type": 0,
          "file": 2,
          "line": 52,
          "col": 3,
          "lit": "persist-credentials"
        },
        "value": {
          "type": 0,
          "file": 2,
          "line": 54,
          "col": 14,
          "lit": "true"
        }
      },
      {
        "key": {
          "type": 0,
          "file": 2,
          "line": 55,
          "col": 3,
          "lit": "path"
        },
        "value": ""
      },
      {
        "key": {
          "type": 0,
          "file": 2,
          "line": 57,
          "col": 3,
          "lit": "clean"
        },
        "value": {
          "type": 0,
          "file": 2,
          "line": 59,
          "col": 14,
          "lit": "true"
        }
      },
      {
        "key": {
          "type": 0,
          "file": 2,
          "line": 60,
          "col": 3,
          "lit": "filter"
        },
        "value": {
          "type": 0,
          "file": 2,
          "line": 64,
          "col": 14,
          "lit": ""
        }
      },
      {
        "key": {
          "type": 0,
          "file": 2,
          "line": 65,
          "col": 3,
          "lit": "sparse-checkout"
        },
        "value": {
          "type": 0,
          "file": 2,
          "line": 69,
          "col": 14,
          "lit": ""
        }
      },
      {
        "key": {
          "type": 0,
          "file": 2,
          "line": 70,
          "col": 3,
          "lit": "sparse-checkout-cone-mode"
        },
        "value": {
          "type": 0,
          "file": 2,
          "line": 73,
          "col": 14,
          "lit": "true"
        }
      },
      {
        "key": {
          "type": 0,
          "file": 2,
          "line": 74,
          "col": 3,
          "lit": "fetch-depth"
        },
        "value": {
          "type": 0,
          "file": 2,
          "line": 76,
          "col": 14,
          "lit": "1"
        }
      },
      {
        "key": {
          "type": 0,
          "file": 2,
          "line": 77,
          "col": 3,
          "lit": "fetch-tags"
        },
        "value": {
          "type": 0,
          "file": 2,
          "line": 79,
          "col": 14,
          "lit": "false"
        }
      },
      {
        "key": {
          "type": 0,
          "file": 2,
          "line": 80,
          "col": 3,
          "lit": "show-progress"
        },
        "value": {
          "type": 0,
          "file": 2,
          "line": 82,
          "col": 14,
          "lit": "true"
        }
      },
      {
        "key": {
          "type": 0,
          "file": 2,
          "line": 83,
          "col": 3,
          "lit": "lfs"
        },
        "value": {
          "type": 0,
          "file": 2,
          "line": 85,
          "col": 14,
          "lit": "false"
        }
      },
      {
        "key": {
          "type": 0,
          "file": 2,
          "line": 86,
          "col": 3,
          "lit": "submodules"
        },
        "value": {
          "type": 0,
          "file": 2,
          "line": 94,
          "col": 14,
          "lit": "false"
        }
      },
      {
        "key": {
          "type": 0,
          "file": 2,
          "line": 95,
          "col": 3,
          "lit": "set-safe-directory"
        },
        "value": {
          "type": 0,
          "file": 2,
          "line": 97,
          "col": 14,
          "lit": "true"
        }
      },
      {
        "key": {
          "type": 0,
          "file": 2,
          "line": 98,
          "col": 3,
          "lit": "github-server-url"
        },
        "value": ""
      },
      {
        "key": {
          "type": 0,
          "file": 2,
          "line": 101,
          "col": 3,
          "lit": "allow-unsafe-pr-checkout"
        },
        "value": {
          "type": 0,
          "file": 2,
          "line": 109,
          "col": 14,
          "lit": "false"
        }
      }
    ]
  },
  "execution": {
    "executionType": "nodeJS",
    "hasPre": false,
    "hasPost": true,
    "script": "dist/index.js",
    "pre": null,
    "post": "dist/index.js",
    "nodeVersion": "node20",
    "cleanupCondition": "always()",
    "initCondition": "always()"
  },
  "deprecated": null
}
[2026-08-30 11:05:01Z INFO ActionManager] Action pre node.js file: N/A.
[2026-08-30 11:05:01Z INFO ActionManager] Action node.js file: dist/index.js.
[2026-08-30 11:05:01Z INFO ActionManager] Action post node.js file: dist/index.js.
[2026-08-30 11:05:01Z INFO ExecutionContext] Reserve record order 9 to 16 for post job actions.
[2026-08-30 11:05:01Z INFO HostContext] Well known directory 'Bin': 'C:\Users\krish\Documents\BITS\mlops-project\actions-runner\bin'
[2026-08-30 11:05:01Z INFO HostContext] Well known directory 'Root': 'C:\Users\krish\Documents\BITS\mlops-project\actions-runner'
[2026-08-30 11:05:01Z INFO HostContext] Well known directory 'Diag': 'C:\Users\krish\Documents\BITS\mlops-project\actions-runner\_diag'
[2026-08-30 11:05:01Z INFO HostContext] Well known directory 'Bin': 'C:\Users\krish\Documents\BITS\mlops-project\actions-runner\bin'
[2026-08-30 11:05:01Z INFO HostContext] Well known directory 'Root': 'C:\Users\krish\Documents\BITS\mlops-project\actions-runner'
[2026-08-30 11:05:01Z INFO HostContext] Well known directory 'Diag': 'C:\Users\krish\Documents\BITS\mlops-project\actions-runner\_diag'
[2026-08-30 11:05:01Z INFO HostContext] Well known directory 'Bin': 'C:\Users\krish\Documents\BITS\mlops-project\actions-runner\bin'
[2026-08-30 11:05:01Z INFO HostContext] Well known directory 'Root': 'C:\Users\krish\Documents\BITS\mlops-project\actions-runner'
[2026-08-30 11:05:01Z INFO HostContext] Well known directory 'Work': 'C:\Users\krish\Documents\BITS\mlops-project\actions-runner\_work'
[2026-08-30 11:05:01Z INFO HostContext] Well known directory 'Temp': 'C:\Users\krish\Documents\BITS\mlops-project\actions-runner\_work\_temp'
[2026-08-30 11:05:01Z INFO ExecutionContext] Write event payload to C:\Users\krish\Documents\BITS\mlops-project\actions-runner\_work\_temp\_github_workflow\event.json
[2026-08-30 11:05:01Z INFO HostContext] Well known directory 'Bin': 'C:\Users\krish\Documents\BITS\mlops-project\actions-runner\bin'
[2026-08-30 11:05:01Z INFO HostContext] Well known directory 'Root': 'C:\Users\krish\Documents\BITS\mlops-project\actions-runner'
[2026-08-30 11:05:01Z INFO HostContext] Well known directory 'Work': 'C:\Users\krish\Documents\BITS\mlops-project\actions-runner\_work'
[2026-08-30 11:05:01Z INFO HostContext] Well known directory 'Temp': 'C:\Users\krish\Documents\BITS\mlops-project\actions-runner\_work\_temp'
[2026-08-30 11:05:01Z INFO ExtensionManager] Getting extensions for interface: 'GitHub.Runner.Worker.IFileCommandExtension'
[2026-08-30 11:05:01Z INFO ExtensionManager] Creating instance: GitHub.Runner.Worker.AddPathFileCommand, Runner.Worker
[2026-08-30 11:05:01Z INFO ExtensionManager] Creating instance: GitHub.Runner.Worker.SetEnvFileCommand, Runner.Worker
[2026-08-30 11:05:01Z INFO ExtensionManager] Creating instance: GitHub.Runner.Worker.CreateStepSummaryCommand, Runner.Worker
[2026-08-30 11:05:01Z INFO ExtensionManager] Creating instance: GitHub.Runner.Worker.SaveStateFileCommand, Runner.Worker
[2026-08-30 11:05:01Z INFO ExtensionManager] Creating instance: GitHub.Runner.Worker.SetOutputFileCommand, Runner.Worker
[2026-08-30 11:05:01Z INFO ExtensionManager] Creating instance: GitHub.Runner.Worker.CreateArtifactsFileCommand, Runner.Worker
[2026-08-30 11:05:01Z INFO ExtensionManager] Creating instance: GitHub.Runner.Worker.ArtifactsListFileCommand, Runner.Worker
[2026-08-30 11:05:01Z INFO ActionManifestManagerLegacy] Input 'repository': default value evaluate result: {
  "type": 0,
  "file": 2,
  "line": 6,
  "col": 14,
  "lit": "2024ac05127-tech/assignment2"
}
[2026-08-30 11:05:01Z INFO ActionManifestManagerLegacy] Input 'ref': default value evaluate result: ""
[2026-08-30 11:05:01Z INFO ActionManifestManagerLegacy] Input 'token': default value evaluate result: {
  "type": 0,
  "file": 2,
  "line": 24,
  "col": 14,
  "lit": "***"
}
[2026-08-30 11:05:01Z INFO ActionManifestManagerLegacy] Input 'ssh-key': default value evaluate result: ""
[2026-08-30 11:05:01Z INFO ActionManifestManagerLegacy] Input 'ssh-known-hosts': default value evaluate result: ""
[2026-08-30 11:05:01Z INFO ActionManifestManagerLegacy] Input 'ssh-strict': default value evaluate result: {
  "type": 0,
  "file": 2,
  "line": 47,
  "col": 14,
  "lit": "true"
}
[2026-08-30 11:05:01Z INFO ActionManifestManagerLegacy] Input 'ssh-user': default value evaluate result: {
  "type": 0,
  "file": 2,
  "line": 51,
  "col": 14,
  "lit": "git"
}
[2026-08-30 11:05:01Z INFO ActionManifestManagerLegacy] Input 'persist-credentials': default value evaluate result: {
  "type": 0,
  "file": 2,
  "line": 54,
  "col": 14,
  "lit": "true"
}
[2026-08-30 11:05:01Z INFO ActionManifestManagerLegacy] Input 'path': default value evaluate result: ""
[2026-08-30 11:05:01Z INFO ActionManifestManagerLegacy] Input 'clean': default value evaluate result: {
  "type": 0,
  "file": 2,
  "line": 59,
  "col": 14,
  "lit": "true"
}
[2026-08-30 11:05:01Z INFO ActionManifestManagerLegacy] Input 'filter': default value evaluate result: {
  "type": 0,
  "file": 2,
  "line": 64,
  "col": 14,
  "lit": ""
}
[2026-08-30 11:05:01Z INFO ActionManifestManagerLegacy] Input 'sparse-checkout': default value evaluate result: {
  "type": 0,
  "file": 2,
  "line": 69,
  "col": 14,
  "lit": ""
}
[2026-08-30 11:05:01Z INFO ActionManifestManagerLegacy] Input 'sparse-checkout-cone-mode': default value evaluate result: {
  "type": 0,
  "file": 2,
  "line": 73,
  "col": 14,
  "lit": "true"
}
[2026-08-30 11:05:01Z INFO ActionManifestManagerLegacy] Input 'fetch-depth': default value evaluate result: {
  "type": 0,
  "file": 2,
  "line": 76,
  "col": 14,
  "lit": "1"
}
[2026-08-30 11:05:01Z INFO ActionManifestManagerLegacy] Input 'fetch-tags': default value evaluate result: {
  "type": 0,
  "file": 2,
  "line": 79,
  "col": 14,
  "lit": "false"
}
[2026-08-30 11:05:01Z INFO ActionManifestManagerLegacy] Input 'show-progress': default value evaluate result: {
  "type": 0,
  "file": 2,
  "line": 82,
  "col": 14,
  "lit": "true"
}
[2026-08-30 11:05:01Z INFO ActionManifestManagerLegacy] Input 'lfs': default value evaluate result: {
  "type": 0,
  "file": 2,
  "line": 85,
  "col": 14,
  "lit": "false"
}
[2026-08-30 11:05:01Z INFO ActionManifestManagerLegacy] Input 'submodules': default value evaluate result: {
  "type": 0,
  "file": 2,
  "line": 94,
  "col": 14,
  "lit": "false"
}
[2026-08-30 11:05:01Z INFO ActionManifestManagerLegacy] Input 'set-safe-directory': default value evaluate result: {
  "type": 0,
  "file": 2,
  "line": 97,
  "col": 14,
  "lit": "true"
}
[2026-08-30 11:05:01Z INFO ActionManifestManagerLegacy] Input 'github-server-url': default value evaluate result: ""
[2026-08-30 11:05:01Z INFO ActionManifestManagerLegacy] Input 'allow-unsafe-pr-checkout': default value evaluate result: {
  "type": 0,
  "file": 2,
  "line": 109,
  "col": 14,
  "lit": "false"
}
[2026-08-30 11:05:01Z INFO ExtensionManager] Getting extensions for interface: 'GitHub.Runner.Worker.IActionCommandExtension'
[2026-08-30 11:05:01Z INFO ExtensionManager] Creating instance: GitHub.Runner.Worker.InternalPluginSetRepoPathCommandExtension, Runner.Worker
[2026-08-30 11:05:01Z INFO ExtensionManager] Creating instance: GitHub.Runner.Worker.SetEnvCommandExtension, Runner.Worker
[2026-08-30 11:05:01Z INFO ExtensionManager] Creating instance: GitHub.Runner.Worker.SetOutputCommandExtension, Runner.Worker
[2026-08-30 11:05:01Z INFO ExtensionManager] Creating instance: GitHub.Runner.Worker.SaveStateCommandExtension, Runner.Worker
[2026-08-30 11:05:01Z INFO ExtensionManager] Creating instance: GitHub.Runner.Worker.AddPathCommandExtension, Runner.Worker
[2026-08-30 11:05:01Z INFO ExtensionManager] Creating instance: GitHub.Runner.Worker.AddMaskCommandExtension, Runner.Worker
[2026-08-30 11:05:01Z INFO ExtensionManager] Creating instance: GitHub.Runner.Worker.AddMatcherCommandExtension, Runner.Worker
[2026-08-30 11:05:01Z INFO ExtensionManager] Creating instance: GitHub.Runner.Worker.RemoveMatcherCommandExtension, Runner.Worker
[2026-08-30 11:05:01Z INFO ExtensionManager] Creating instance: GitHub.Runner.Worker.WarningCommandExtension, Runner.Worker
[2026-08-30 11:05:01Z INFO ExtensionManager] Creating instance: GitHub.Runner.Worker.ErrorCommandExtension, Runner.Worker
[2026-08-30 11:05:01Z INFO ExtensionManager] Creating instance: GitHub.Runner.Worker.NoticeCommandExtension, Runner.Worker
[2026-08-30 11:05:01Z INFO ExtensionManager] Creating instance: GitHub.Runner.Worker.DebugCommandExtension, Runner.Worker
[2026-08-30 11:05:01Z INFO ExtensionManager] Creating instance: GitHub.Runner.Worker.GroupCommandExtension, Runner.Worker
[2026-08-30 11:05:01Z INFO ExtensionManager] Creating instance: GitHub.Runner.Worker.EndGroupCommandExtension, Runner.Worker
[2026-08-30 11:05:01Z INFO ExtensionManager] Creating instance: GitHub.Runner.Worker.EchoCommandExtension, Runner.Worker
[2026-08-30 11:05:01Z INFO ActionCommandManager] Register action command extension for command internal-set-repo-path
[2026-08-30 11:05:01Z INFO ActionCommandManager] Register action command extension for command set-env
[2026-08-30 11:05:01Z INFO ActionCommandManager] Register action command extension for command set-output
[2026-08-30 11:05:01Z INFO ActionCommandManager] Register action command extension for command save-state
[2026-08-30 11:05:01Z INFO ActionCommandManager] Register action command extension for command add-path
[2026-08-30 11:05:01Z INFO ActionCommandManager] Register action command extension for command add-mask
[2026-08-30 11:05:01Z INFO ActionCommandManager] Register action command extension for command add-matcher
[2026-08-30 11:05:01Z INFO ActionCommandManager] Register action command extension for command remove-matcher
[2026-08-30 11:05:01Z INFO ActionCommandManager] Register action command extension for command warning
[2026-08-30 11:05:01Z INFO ActionCommandManager] Register action command extension for command error
[2026-08-30 11:05:01Z INFO ActionCommandManager] Register action command extension for command notice
[2026-08-30 11:05:01Z INFO ActionCommandManager] Register action command extension for command debug
[2026-08-30 11:05:01Z INFO ActionCommandManager] Register action command extension for command group
[2026-08-30 11:05:01Z INFO ActionCommandManager] Register action command extension for command endgroup
[2026-08-30 11:05:01Z INFO ActionCommandManager] Register action command extension for command echo
[2026-08-30 11:05:01Z INFO HostContext] Well known directory 'Bin': 'C:\Users\krish\Documents\BITS\mlops-project\actions-runner\bin'
[2026-08-30 11:05:01Z INFO HostContext] Well known directory 'Root': 'C:\Users\krish\Documents\BITS\mlops-project\actions-runner'
[2026-08-30 11:05:01Z INFO HostContext] Well known directory 'Externals': 'C:\Users\krish\Documents\BITS\mlops-project\actions-runner\externals'
[2026-08-30 11:05:01Z INFO ProcessInvokerWrapper] Starting process:
[2026-08-30 11:05:01Z INFO ProcessInvokerWrapper]   File name: 'C:\Users\krish\Documents\BITS\mlops-project\actions-runner\externals\node24\bin\node.exe'
[2026-08-30 11:05:01Z INFO ProcessInvokerWrapper]   Arguments: '"C:\Users\krish\Documents\BITS\mlops-project\actions-runner\_work\_actions\actions\checkout\v4\dist/index.js"'
[2026-08-30 11:05:01Z INFO ProcessInvokerWrapper]   Working directory: 'C:\Users\krish\Documents\BITS\mlops-project\actions-runner\_work\assignment2\assignment2'
[2026-08-30 11:05:01Z INFO ProcessInvokerWrapper]   Require exit code zero: 'False'
[2026-08-30 11:05:01Z INFO ProcessInvokerWrapper]   Encoding web name: utf-8 ; code page: '65001'
[2026-08-30 11:05:01Z INFO ProcessInvokerWrapper]   Force kill process on cancellation: 'False'
[2026-08-30 11:05:01Z INFO ProcessInvokerWrapper]   Redirected STDIN: 'False'
[2026-08-30 11:05:01Z INFO ProcessInvokerWrapper]   Persist current code page: 'True'
[2026-08-30 11:05:01Z INFO ProcessInvokerWrapper]   Keep redirected STDIN open: 'False'
[2026-08-30 11:05:01Z INFO ProcessInvokerWrapper]   High priority process: 'False'
[2026-08-30 11:05:01Z INFO ProcessInvokerWrapper] Process started with process id 19560, waiting for process exit.
[2026-08-30 11:05:01Z INFO JobServerQueue] Try to append 1 batches web console lines for record '94bf24b4-c179-402f-84f1-f318eb8515da', success rate: 1/1.
[2026-08-30 11:05:01Z INFO JobServerQueue] Got a step log file to send to results service.
[2026-08-30 11:05:01Z INFO JobServerQueue] Starting upload of step log file to results service ResultsLog, C:\Users\krish\Documents\BITS\mlops-project\actions-runner\_diag\blocks\d01eb050-6120-4cbc-bf7c-af0f239eac1e_032424c2-0010-4177-82c9-dd2b0389372f.1
[2026-08-30 11:05:01Z INFO JobServerQueue] Try to upload 1 log files or attachments, success rate: 1/1.
[2026-08-30 11:05:02Z INFO AddMaskCommandExtension] Add new secret mask with length of 524
[2026-08-30 11:05:02Z INFO JobServerQueue] Try to append 1 batches web console lines for record '94bf24b4-c179-402f-84f1-f318eb8515da', success rate: 1/1.
[2026-08-30 11:05:03Z INFO JobServerQueue] Try to append 1 batches web console lines for record '94bf24b4-c179-402f-84f1-f318eb8515da', success rate: 1/1.
[2026-08-30 11:05:03Z INFO JobServerQueue] Try to append 1 batches web console lines for record '94bf24b4-c179-402f-84f1-f318eb8515da', success rate: 1/1.
[2026-08-30 11:05:03Z INFO JobServerQueue] Tried to upload 1 file(s) to results, success rate: 1/1.
[2026-08-30 11:05:05Z INFO JobServerQueue] Try to append 1 batches web console lines for record '94bf24b4-c179-402f-84f1-f318eb8515da', success rate: 1/1.
[2026-08-30 11:05:06Z INFO JobServerQueue] Try to append 1 batches web console lines for record '94bf24b4-c179-402f-84f1-f318eb8515da', success rate: 1/1.
[2026-08-30 11:05:06Z INFO JobServerQueue] Try to append 1 batches web console lines for record '94bf24b4-c179-402f-84f1-f318eb8515da', success rate: 1/1.
[2026-08-30 11:05:08Z INFO JobServerQueue] Try to append 1 batches web console lines for record '94bf24b4-c179-402f-84f1-f318eb8515da', success rate: 1/1.
[2026-08-30 11:05:08Z INFO JobServerQueue] Try to append 1 batches web console lines for record '94bf24b4-c179-402f-84f1-f318eb8515da', success rate: 1/1.
[2026-08-30 11:05:10Z INFO JobServerQueue] Try to append 1 batches web console lines for record '94bf24b4-c179-402f-84f1-f318eb8515da', success rate: 1/1.
[2026-08-30 11:05:11Z INFO HostContext] Well known directory 'Bin': 'C:\Users\krish\Documents\BITS\mlops-project\actions-runner\bin'
[2026-08-30 11:05:11Z INFO HostContext] Well known directory 'Root': 'C:\Users\krish\Documents\BITS\mlops-project\actions-runner'
[2026-08-30 11:05:11Z INFO HostContext] Well known directory 'Work': 'C:\Users\krish\Documents\BITS\mlops-project\actions-runner\_work'
[2026-08-30 11:05:13Z INFO JobServerQueue] Try to append 1 batches web console lines for record '94bf24b4-c179-402f-84f1-f318eb8515da', success rate: 1/1.
[2026-08-30 11:05:14Z INFO JobServerQueue] Try to append 1 batches web console lines for record '94bf24b4-c179-402f-84f1-f318eb8515da', success rate: 1/1.
[2026-08-30 11:05:15Z INFO JobServerQueue] Try to append 1 batches web console lines for record '94bf24b4-c179-402f-84f1-f318eb8515da', success rate: 1/1.
[2026-08-30 11:05:15Z INFO JobServerQueue] Try to append 1 batches web console lines for record '94bf24b4-c179-402f-84f1-f318eb8515da', success rate: 1/1.
[2026-08-30 11:05:15Z INFO ProcessInvokerWrapper] STDOUT/STDERR stream read finished.
[2026-08-30 11:05:15Z INFO ProcessInvokerWrapper] STDOUT/STDERR stream read finished.
[2026-08-30 11:05:15Z INFO ProcessInvokerWrapper] Finished process 19560 with exit code 0, and elapsed time 00:00:14.1860190.
[2026-08-30 11:05:15Z INFO CreateStepSummaryCommand] Step Summary file (C:\Users\krish\Documents\BITS\mlops-project\actions-runner\_work\_temp\_runner_file_commands\step_summary_19bc2d26-b634-4b7d-90e2-86da5b86106d) is empty; skipping attachment upload
[2026-08-30 11:05:15Z INFO StepsRunner] Step result: 
[2026-08-30 11:05:15Z INFO ExecutionContext] Publish step telemetry for current step {
  "action": "actions/checkout",
  "ref": "v4",
  "type": "node24",
  "stage": "Main",
  "stepId": "94bf24b4-c179-402f-84f1-f318eb8515da",
  "stepContextName": "__actions_checkout",
  "hasPreStep": false,
  "hasPostStep": true,
  "result": "succeeded",
  "errorMessages": [],
  "executionTimeInSeconds": 15,
  "startTime": "2026-08-30T11:05:01.428769Z",
  "finishTime": "2026-08-30T11:05:15.8371458Z"
}.
[2026-08-30 11:05:15Z INFO StepsRunner] No need for updating job result with current step result 'Succeeded'.
[2026-08-30 11:05:15Z INFO StepsRunner] Current state: job state = ''
[2026-08-30 11:05:15Z INFO StepsRunner] Processing step: DisplayName='Pull latest Docker image'
[2026-08-30 11:05:15Z INFO StepsRunner] Evaluating: success()
[2026-08-30 11:05:15Z INFO StepsRunner] Result: true
[2026-08-30 11:05:15Z INFO StepsRunner] Starting the step.
[2026-08-30 11:05:15Z INFO HostContext] Well known directory 'Bin': 'C:\Users\krish\Documents\BITS\mlops-project\actions-runner\bin'
[2026-08-30 11:05:15Z INFO HostContext] Well known directory 'Root': 'C:\Users\krish\Documents\BITS\mlops-project\actions-runner'
[2026-08-30 11:05:15Z INFO HostContext] Well known directory 'Work': 'C:\Users\krish\Documents\BITS\mlops-project\actions-runner\_work'
[2026-08-30 11:05:15Z INFO StepsRunner] Which2: 'chcp'
[2026-08-30 11:05:15Z INFO StepsRunner] Location: 'C:\WINDOWS\system32\chcp.COM'
[2026-08-30 11:05:15Z INFO ProcessInvokerWrapper] Starting process:
[2026-08-30 11:05:15Z INFO ProcessInvokerWrapper]   File name: 'C:\WINDOWS\system32\chcp.COM'
[2026-08-30 11:05:15Z INFO ProcessInvokerWrapper]   Arguments: '65001'
[2026-08-30 11:05:15Z INFO ProcessInvokerWrapper]   Working directory: 'C:\Users\krish\Documents\BITS\mlops-project\actions-runner\_work'
[2026-08-30 11:05:15Z INFO ProcessInvokerWrapper]   Require exit code zero: 'False'
[2026-08-30 11:05:15Z INFO ProcessInvokerWrapper]   Encoding web name:  ; code page: ''
[2026-08-30 11:05:15Z INFO ProcessInvokerWrapper]   Force kill process on cancellation: 'False'
[2026-08-30 11:05:15Z INFO ProcessInvokerWrapper]   Redirected STDIN: 'False'
[2026-08-30 11:05:15Z INFO ProcessInvokerWrapper]   Persist current code page: 'True'
[2026-08-30 11:05:15Z INFO ProcessInvokerWrapper]   Keep redirected STDIN open: 'False'
[2026-08-30 11:05:15Z INFO ProcessInvokerWrapper]   High priority process: 'False'
[2026-08-30 11:05:15Z INFO ProcessInvokerWrapper] Process started with process id 18200, waiting for process exit.
[2026-08-30 11:05:15Z INFO ProcessInvokerWrapper] STDOUT/STDERR stream read finished.
[2026-08-30 11:05:15Z INFO ProcessInvokerWrapper] STDOUT/STDERR stream read finished.
[2026-08-30 11:05:15Z INFO ProcessInvokerWrapper] Finished process 18200 with exit code 0, and elapsed time 00:00:00.0399854.
[2026-08-30 11:05:15Z INFO StepsRunner] Successfully returned to code page 65001 (UTF8)
[2026-08-30 11:05:15Z INFO HostContext] Well known directory 'Bin': 'C:\Users\krish\Documents\BITS\mlops-project\actions-runner\bin'
[2026-08-30 11:05:15Z INFO HostContext] Well known directory 'Root': 'C:\Users\krish\Documents\BITS\mlops-project\actions-runner'
[2026-08-30 11:05:15Z INFO HostContext] Well known directory 'Work': 'C:\Users\krish\Documents\BITS\mlops-project\actions-runner\_work'
[2026-08-30 11:05:15Z INFO HostContext] Well known directory 'Temp': 'C:\Users\krish\Documents\BITS\mlops-project\actions-runner\_work\_temp'
[2026-08-30 11:05:15Z INFO ExecutionContext] Write event payload to C:\Users\krish\Documents\BITS\mlops-project\actions-runner\_work\_temp\_github_workflow\event.json
[2026-08-30 11:05:15Z INFO HostContext] Well known directory 'Bin': 'C:\Users\krish\Documents\BITS\mlops-project\actions-runner\bin'
[2026-08-30 11:05:15Z INFO HostContext] Well known directory 'Root': 'C:\Users\krish\Documents\BITS\mlops-project\actions-runner'
[2026-08-30 11:05:15Z INFO HostContext] Well known directory 'Work': 'C:\Users\krish\Documents\BITS\mlops-project\actions-runner\_work'
[2026-08-30 11:05:15Z INFO HostContext] Well known directory 'Temp': 'C:\Users\krish\Documents\BITS\mlops-project\actions-runner\_work\_temp'
[2026-08-30 11:05:15Z INFO ExtensionManager] Getting extensions for interface: 'GitHub.Runner.Worker.IFileCommandExtension'
[2026-08-30 11:05:15Z INFO JobServerQueue] Got a step log file to send to results service.
[2026-08-30 11:05:15Z INFO JobServerQueue] Starting upload of step log file to results service ResultsLog, C:\Users\krish\Documents\BITS\mlops-project\actions-runner\_diag\blocks\d01eb050-6120-4cbc-bf7c-af0f239eac1e_94bf24b4-c179-402f-84f1-f318eb8515da.1
[2026-08-30 11:05:15Z INFO ExtensionManager] Getting extensions for interface: 'GitHub.Runner.Worker.IActionCommandExtension'
[2026-08-30 11:05:15Z INFO ActionCommandManager] Register action command extension for command internal-set-repo-path
[2026-08-30 11:05:15Z INFO ActionCommandManager] Register action command extension for command set-env
[2026-08-30 11:05:15Z INFO ActionCommandManager] Register action command extension for command set-output
[2026-08-30 11:05:15Z INFO ActionCommandManager] Register action command extension for command save-state
[2026-08-30 11:05:15Z INFO ActionCommandManager] Register action command extension for command add-path
[2026-08-30 11:05:15Z INFO ActionCommandManager] Register action command extension for command add-mask
[2026-08-30 11:05:15Z INFO ActionCommandManager] Register action command extension for command add-matcher
[2026-08-30 11:05:15Z INFO ActionCommandManager] Register action command extension for command remove-matcher
[2026-08-30 11:05:15Z INFO ActionCommandManager] Register action command extension for command warning
[2026-08-30 11:05:15Z INFO ActionCommandManager] Register action command extension for command error
[2026-08-30 11:05:15Z INFO ActionCommandManager] Register action command extension for command notice
[2026-08-30 11:05:15Z INFO ActionCommandManager] Register action command extension for command debug
[2026-08-30 11:05:15Z INFO ActionCommandManager] Register action command extension for command group
[2026-08-30 11:05:15Z INFO ActionCommandManager] Register action command extension for command endgroup
[2026-08-30 11:05:15Z INFO ActionCommandManager] Register action command extension for command echo
[2026-08-30 11:05:15Z INFO ScriptHandler] Which2: 'cmd'
[2026-08-30 11:05:15Z INFO ScriptHandler] Location: 'C:\WINDOWS\system32\cmd.EXE'
[2026-08-30 11:05:15Z INFO HostContext] Well known directory 'Bin': 'C:\Users\krish\Documents\BITS\mlops-project\actions-runner\bin'
[2026-08-30 11:05:15Z INFO HostContext] Well known directory 'Root': 'C:\Users\krish\Documents\BITS\mlops-project\actions-runner'
[2026-08-30 11:05:15Z INFO HostContext] Well known directory 'Work': 'C:\Users\krish\Documents\BITS\mlops-project\actions-runner\_work'
[2026-08-30 11:05:15Z INFO HostContext] Well known directory 'Temp': 'C:\Users\krish\Documents\BITS\mlops-project\actions-runner\_work\_temp'
[2026-08-30 11:05:15Z INFO ScriptHandler] Which2: 'cmd'
[2026-08-30 11:05:15Z INFO ScriptHandler] Location: 'C:\WINDOWS\system32\cmd.EXE'
[2026-08-30 11:05:15Z INFO ProcessInvokerWrapper] Starting process:
[2026-08-30 11:05:15Z INFO ProcessInvokerWrapper]   File name: 'C:\WINDOWS\system32\cmd.EXE'
[2026-08-30 11:05:15Z INFO ProcessInvokerWrapper]   Arguments: '/D /E:ON /V:OFF /S /C "CALL "C:\Users\krish\Documents\BITS\mlops-project\actions-runner\_work\_temp\ba37b2a5-2559-4a93-90d7-bcd6af5a30c1.cmd""'
[2026-08-30 11:05:15Z INFO ProcessInvokerWrapper]   Working directory: 'C:\Users\krish\Documents\BITS\mlops-project\actions-runner\_work\assignment2\assignment2'
[2026-08-30 11:05:15Z INFO ProcessInvokerWrapper]   Require exit code zero: 'False'
[2026-08-30 11:05:15Z INFO ProcessInvokerWrapper]   Encoding web name:  ; code page: ''
[2026-08-30 11:05:15Z INFO ProcessInvokerWrapper]   Force kill process on cancellation: 'False'
[2026-08-30 11:05:15Z INFO ProcessInvokerWrapper]   Redirected STDIN: 'False'
[2026-08-30 11:05:15Z INFO ProcessInvokerWrapper]   Persist current code page: 'True'
[2026-08-30 11:05:15Z INFO ProcessInvokerWrapper]   Keep redirected STDIN open: 'False'
[2026-08-30 11:05:15Z INFO ProcessInvokerWrapper]   High priority process: 'False'
[2026-08-30 11:05:15Z INFO ProcessInvokerWrapper] Process started with process id 7812, waiting for process exit.
[2026-08-30 11:05:16Z INFO JobServerQueue] Try to append 1 batches web console lines for record 'c42cb5a8-52e4-44a6-9eb3-0cb64b4d43bb', success rate: 1/1.
[2026-08-30 11:05:16Z INFO JobServerQueue] Try to upload 1 log files or attachments, success rate: 1/1.
[2026-08-30 11:05:16Z INFO JobServerQueue] Try to append 1 batches web console lines for record 'c42cb5a8-52e4-44a6-9eb3-0cb64b4d43bb', success rate: 1/1.
[2026-08-30 11:05:17Z INFO JobServerQueue] Tried to upload 1 file(s) to results, success rate: 1/1.
[2026-08-30 11:05:21Z INFO HostContext] Well known directory 'Bin': 'C:\Users\krish\Documents\BITS\mlops-project\actions-runner\bin'
[2026-08-30 11:05:21Z INFO HostContext] Well known directory 'Root': 'C:\Users\krish\Documents\BITS\mlops-project\actions-runner'
[2026-08-30 11:05:21Z INFO HostContext] Well known directory 'Work': 'C:\Users\krish\Documents\BITS\mlops-project\actions-runner\_work'
[2026-08-30 11:05:27Z INFO JobServerQueue] Try to append 1 batches web console lines for record 'c42cb5a8-52e4-44a6-9eb3-0cb64b4d43bb', success rate: 1/1.
[2026-08-30 11:05:27Z INFO JobServerQueue] Try to append 1 batches web console lines for record 'c42cb5a8-52e4-44a6-9eb3-0cb64b4d43bb', success rate: 1/1.
[2026-08-30 11:05:30Z INFO JobServerQueue] Try to append 1 batches web console lines for record 'c42cb5a8-52e4-44a6-9eb3-0cb64b4d43bb', success rate: 1/1.
[2026-08-30 11:05:30Z INFO JobServerQueue] Try to append 1 batches web console lines for record 'c42cb5a8-52e4-44a6-9eb3-0cb64b4d43bb', success rate: 1/1.
[2026-08-30 11:05:30Z INFO JobServerQueue] Try to append 1 batches web console lines for record 'c42cb5a8-52e4-44a6-9eb3-0cb64b4d43bb', success rate: 1/1.
[2026-08-30 11:05:31Z INFO JobServerQueue] Try to append 1 batches web console lines for record 'c42cb5a8-52e4-44a6-9eb3-0cb64b4d43bb', success rate: 1/1.
[2026-08-30 11:05:31Z INFO JobServerQueue] Try to append 1 batches web console lines for record 'c42cb5a8-52e4-44a6-9eb3-0cb64b4d43bb', success rate: 1/1.
[2026-08-30 11:05:31Z INFO HostContext] Well known directory 'Bin': 'C:\Users\krish\Documents\BITS\mlops-project\actions-runner\bin'
[2026-08-30 11:05:31Z INFO HostContext] Well known directory 'Root': 'C:\Users\krish\Documents\BITS\mlops-project\actions-runner'
[2026-08-30 11:05:31Z INFO HostContext] Well known directory 'Work': 'C:\Users\krish\Documents\BITS\mlops-project\actions-runner\_work'
[2026-08-30 11:05:31Z INFO JobServerQueue] Try to append 1 batches web console lines for record 'c42cb5a8-52e4-44a6-9eb3-0cb64b4d43bb', success rate: 1/1.
[2026-08-30 11:05:32Z INFO JobServerQueue] Try to append 1 batches web console lines for record 'c42cb5a8-52e4-44a6-9eb3-0cb64b4d43bb', success rate: 1/1.
[2026-08-30 11:05:32Z INFO JobServerQueue] Try to append 1 batches web console lines for record 'c42cb5a8-52e4-44a6-9eb3-0cb64b4d43bb', success rate: 1/1.
[2026-08-30 11:05:32Z INFO JobServerQueue] Try to append 1 batches web console lines for record 'c42cb5a8-52e4-44a6-9eb3-0cb64b4d43bb', success rate: 1/1.
[2026-08-30 11:05:33Z INFO JobServerQueue] Try to append 1 batches web console lines for record 'c42cb5a8-52e4-44a6-9eb3-0cb64b4d43bb', success rate: 1/1.
[2026-08-30 11:05:33Z INFO JobServerQueue] Try to append 1 batches web console lines for record 'c42cb5a8-52e4-44a6-9eb3-0cb64b4d43bb', success rate: 1/1.
[2026-08-30 11:05:33Z INFO JobServerQueue] Try to append 1 batches web console lines for record 'c42cb5a8-52e4-44a6-9eb3-0cb64b4d43bb', success rate: 1/1.
[2026-08-30 11:05:34Z INFO JobServerQueue] Try to append 1 batches web console lines for record 'c42cb5a8-52e4-44a6-9eb3-0cb64b4d43bb', success rate: 1/1.
[2026-08-30 11:05:34Z INFO JobServerQueue] Try to append 1 batches web console lines for record 'c42cb5a8-52e4-44a6-9eb3-0cb64b4d43bb', success rate: 1/1.
[2026-08-30 11:05:34Z INFO JobServerQueue] Try to append 1 batches web console lines for record 'c42cb5a8-52e4-44a6-9eb3-0cb64b4d43bb', success rate: 1/1.
[2026-08-30 11:05:34Z INFO JobServerQueue] Try to append 1 batches web console lines for record 'c42cb5a8-52e4-44a6-9eb3-0cb64b4d43bb', success rate: 1/1.
[2026-08-30 11:05:35Z INFO JobServerQueue] Try to append 1 batches web console lines for record 'c42cb5a8-52e4-44a6-9eb3-0cb64b4d43bb', success rate: 1/1.
[2026-08-30 11:05:35Z INFO JobServerQueue] Try to append 1 batches web console lines for record 'c42cb5a8-52e4-44a6-9eb3-0cb64b4d43bb', success rate: 1/1.
[2026-08-30 11:05:35Z INFO JobServerQueue] Try to append 1 batches web console lines for record 'c42cb5a8-52e4-44a6-9eb3-0cb64b4d43bb', success rate: 1/1.
[2026-08-30 11:05:35Z INFO JobServerQueue] Try to append 1 batches web console lines for record 'c42cb5a8-52e4-44a6-9eb3-0cb64b4d43bb', success rate: 1/1.
[2026-08-30 11:05:36Z INFO JobServerQueue] Try to append 1 batches web console lines for record 'c42cb5a8-52e4-44a6-9eb3-0cb64b4d43bb', success rate: 1/1.
[2026-08-30 11:05:36Z INFO JobServerQueue] Try to append 1 batches web console lines for record 'c42cb5a8-52e4-44a6-9eb3-0cb64b4d43bb', success rate: 1/1.
[2026-08-30 11:05:36Z INFO JobServerQueue] Try to append 1 batches web console lines for record 'c42cb5a8-52e4-44a6-9eb3-0cb64b4d43bb', success rate: 1/1.
[2026-08-30 11:05:36Z INFO JobServerQueue] Try to append 1 batches web console lines for record 'c42cb5a8-52e4-44a6-9eb3-0cb64b4d43bb', success rate: 1/1.
[2026-08-30 11:05:37Z INFO JobServerQueue] Try to append 1 batches web console lines for record 'c42cb5a8-52e4-44a6-9eb3-0cb64b4d43bb', success rate: 1/1.
[2026-08-30 11:05:37Z INFO JobServerQueue] Try to append 1 batches web console lines for record 'c42cb5a8-52e4-44a6-9eb3-0cb64b4d43bb', success rate: 1/1.
[2026-08-30 11:05:38Z INFO JobServerQueue] Try to append 1 batches web console lines for record 'c42cb5a8-52e4-44a6-9eb3-0cb64b4d43bb', success rate: 1/1.
[2026-08-30 11:05:38Z INFO JobServerQueue] Try to append 1 batches web console lines for record 'c42cb5a8-52e4-44a6-9eb3-0cb64b4d43bb', success rate: 1/1.
[2026-08-30 11:05:38Z INFO JobServerQueue] Try to append 1 batches web console lines for record 'c42cb5a8-52e4-44a6-9eb3-0cb64b4d43bb', success rate: 1/1.
[2026-08-30 11:05:38Z INFO JobServerQueue] Try to append 1 batches web console lines for record 'c42cb5a8-52e4-44a6-9eb3-0cb64b4d43bb', success rate: 1/1.
[2026-08-30 11:05:39Z INFO JobServerQueue] Try to append 1 batches web console lines for record 'c42cb5a8-52e4-44a6-9eb3-0cb64b4d43bb', success rate: 1/1.
[2026-08-30 11:05:39Z INFO JobServerQueue] Try to append 1 batches web console lines for record 'c42cb5a8-52e4-44a6-9eb3-0cb64b4d43bb', success rate: 1/1.
[2026-08-30 11:05:39Z INFO JobServerQueue] Try to append 1 batches web console lines for record 'c42cb5a8-52e4-44a6-9eb3-0cb64b4d43bb', success rate: 1/1.
[2026-08-30 11:05:40Z INFO JobServerQueue] Try to append 1 batches web console lines for record 'c42cb5a8-52e4-44a6-9eb3-0cb64b4d43bb', success rate: 1/1.
[2026-08-30 11:05:40Z INFO JobServerQueue] Try to append 1 batches web console lines for record 'c42cb5a8-52e4-44a6-9eb3-0cb64b4d43bb', success rate: 1/1.
[2026-08-30 11:05:40Z INFO JobServerQueue] Try to append 1 batches web console lines for record 'c42cb5a8-52e4-44a6-9eb3-0cb64b4d43bb', success rate: 1/1.
[2026-08-30 11:05:40Z INFO JobServerQueue] Try to append 1 batches web console lines for record 'c42cb5a8-52e4-44a6-9eb3-0cb64b4d43bb', success rate: 1/1.
[2026-08-30 11:05:41Z INFO JobServerQueue] Try to append 1 batches web console lines for record 'c42cb5a8-52e4-44a6-9eb3-0cb64b4d43bb', success rate: 1/1.
[2026-08-30 11:05:41Z INFO JobServerQueue] Try to append 1 batches web console lines for record 'c42cb5a8-52e4-44a6-9eb3-0cb64b4d43bb', success rate: 1/1.
[2026-08-30 11:05:41Z INFO HostContext] Well known directory 'Bin': 'C:\Users\krish\Documents\BITS\mlops-project\actions-runner\bin'
[2026-08-30 11:05:41Z INFO HostContext] Well known directory 'Root': 'C:\Users\krish\Documents\BITS\mlops-project\actions-runner'
[2026-08-30 11:05:41Z INFO HostContext] Well known directory 'Work': 'C:\Users\krish\Documents\BITS\mlops-project\actions-runner\_work'
[2026-08-30 11:05:41Z INFO JobServerQueue] Try to append 1 batches web console lines for record 'c42cb5a8-52e4-44a6-9eb3-0cb64b4d43bb', success rate: 1/1.
[2026-08-30 11:05:42Z INFO JobServerQueue] Try to append 1 batches web console lines for record 'c42cb5a8-52e4-44a6-9eb3-0cb64b4d43bb', success rate: 1/1.
[2026-08-30 11:05:42Z INFO JobServerQueue] Try to append 1 batches web console lines for record 'c42cb5a8-52e4-44a6-9eb3-0cb64b4d43bb', success rate: 1/1.
[2026-08-30 11:05:42Z INFO JobServerQueue] Try to append 1 batches web console lines for record 'c42cb5a8-52e4-44a6-9eb3-0cb64b4d43bb', success rate: 1/1.
[2026-08-30 11:05:43Z INFO JobServerQueue] Try to append 1 batches web console lines for record 'c42cb5a8-52e4-44a6-9eb3-0cb64b4d43bb', success rate: 1/1.
[2026-08-30 11:05:43Z INFO JobServerQueue] Try to append 1 batches web console lines for record 'c42cb5a8-52e4-44a6-9eb3-0cb64b4d43bb', success rate: 1/1.
[2026-08-30 11:05:43Z INFO JobServerQueue] Try to append 1 batches web console lines for record 'c42cb5a8-52e4-44a6-9eb3-0cb64b4d43bb', success rate: 1/1.
[2026-08-30 11:05:44Z INFO JobServerQueue] Try to append 1 batches web console lines for record 'c42cb5a8-52e4-44a6-9eb3-0cb64b4d43bb', success rate: 1/1.
[2026-08-30 11:05:44Z INFO JobServerQueue] Try to append 1 batches web console lines for record 'c42cb5a8-52e4-44a6-9eb3-0cb64b4d43bb', success rate: 1/1.
[2026-08-30 11:05:44Z INFO JobServerQueue] Try to append 1 batches web console lines for record 'c42cb5a8-52e4-44a6-9eb3-0cb64b4d43bb', success rate: 1/1.
[2026-08-30 11:05:44Z INFO JobServerQueue] Try to append 1 batches web console lines for record 'c42cb5a8-52e4-44a6-9eb3-0cb64b4d43bb', success rate: 1/1.
[2026-08-30 11:05:45Z INFO JobServerQueue] Try to append 1 batches web console lines for record 'c42cb5a8-52e4-44a6-9eb3-0cb64b4d43bb', success rate: 1/1.
[2026-08-30 11:05:45Z INFO JobServerQueue] Try to append 1 batches web console lines for record 'c42cb5a8-52e4-44a6-9eb3-0cb64b4d43bb', success rate: 1/1.
[2026-08-30 11:05:45Z INFO JobServerQueue] Try to append 1 batches web console lines for record 'c42cb5a8-52e4-44a6-9eb3-0cb64b4d43bb', success rate: 1/1.
[2026-08-30 11:05:46Z INFO JobServerQueue] Try to append 1 batches web console lines for record 'c42cb5a8-52e4-44a6-9eb3-0cb64b4d43bb', success rate: 1/1.
[2026-08-30 11:05:46Z INFO JobServerQueue] Try to append 1 batches web console lines for record 'c42cb5a8-52e4-44a6-9eb3-0cb64b4d43bb', success rate: 1/1.
[2026-08-30 11:05:46Z INFO JobServerQueue] Try to append 1 batches web console lines for record 'c42cb5a8-52e4-44a6-9eb3-0cb64b4d43bb', success rate: 1/1.
[2026-08-30 11:05:46Z INFO JobServerQueue] Try to append 1 batches web console lines for record 'c42cb5a8-52e4-44a6-9eb3-0cb64b4d43bb', success rate: 1/1.
[2026-08-30 11:05:47Z INFO JobServerQueue] Try to append 1 batches web console lines for record 'c42cb5a8-52e4-44a6-9eb3-0cb64b4d43bb', success rate: 1/1.
[2026-08-30 11:05:47Z INFO JobServerQueue] Try to append 1 batches web console lines for record 'c42cb5a8-52e4-44a6-9eb3-0cb64b4d43bb', success rate: 1/1.
[2026-08-30 11:05:47Z INFO JobServerQueue] Try to append 1 batches web console lines for record 'c42cb5a8-52e4-44a6-9eb3-0cb64b4d43bb', success rate: 1/1.
[2026-08-30 11:05:47Z INFO JobServerQueue] Try to append 1 batches web console lines for record 'c42cb5a8-52e4-44a6-9eb3-0cb64b4d43bb', success rate: 1/1.
[2026-08-30 11:05:48Z INFO JobServerQueue] Try to append 1 batches web console lines for record 'c42cb5a8-52e4-44a6-9eb3-0cb64b4d43bb', success rate: 1/1.
[2026-08-30 11:05:48Z INFO JobServerQueue] Try to append 1 batches web console lines for record 'c42cb5a8-52e4-44a6-9eb3-0cb64b4d43bb', success rate: 1/1.
[2026-08-30 11:05:48Z INFO JobServerQueue] Try to append 1 batches web console lines for record 'c42cb5a8-52e4-44a6-9eb3-0cb64b4d43bb', success rate: 1/1.
[2026-08-30 11:05:48Z INFO JobServerQueue] Try to append 1 batches web console lines for record 'c42cb5a8-52e4-44a6-9eb3-0cb64b4d43bb', success rate: 1/1.
[2026-08-30 11:05:49Z INFO JobServerQueue] Try to append 1 batches web console lines for record 'c42cb5a8-52e4-44a6-9eb3-0cb64b4d43bb', success rate: 1/1.
[2026-08-30 11:05:49Z INFO JobServerQueue] Try to append 1 batches web console lines for record 'c42cb5a8-52e4-44a6-9eb3-0cb64b4d43bb', success rate: 1/1.
[2026-08-30 11:05:49Z INFO JobServerQueue] Try to append 1 batches web console lines for record 'c42cb5a8-52e4-44a6-9eb3-0cb64b4d43bb', success rate: 1/1.
[2026-08-30 11:05:50Z INFO JobServerQueue] Try to append 1 batches web console lines for record 'c42cb5a8-52e4-44a6-9eb3-0cb64b4d43bb', success rate: 1/1.
[2026-08-30 11:05:50Z INFO JobServerQueue] Try to append 1 batches web console lines for record 'c42cb5a8-52e4-44a6-9eb3-0cb64b4d43bb', success rate: 1/1.
[2026-08-30 11:05:50Z INFO JobServerQueue] Try to append 1 batches web console lines for record 'c42cb5a8-52e4-44a6-9eb3-0cb64b4d43bb', success rate: 1/1.
[2026-08-30 11:05:50Z INFO JobServerQueue] Try to append 1 batches web console lines for record 'c42cb5a8-52e4-44a6-9eb3-0cb64b4d43bb', success rate: 1/1.
[2026-08-30 11:05:51Z INFO JobServerQueue] Try to append 1 batches web console lines for record 'c42cb5a8-52e4-44a6-9eb3-0cb64b4d43bb', success rate: 1/1.
[2026-08-30 11:05:51Z INFO JobServerQueue] Try to append 1 batches web console lines for record 'c42cb5a8-52e4-44a6-9eb3-0cb64b4d43bb', success rate: 1/1.
[2026-08-30 11:05:51Z INFO HostContext] Well known directory 'Bin': 'C:\Users\krish\Documents\BITS\mlops-project\actions-runner\bin'
[2026-08-30 11:05:51Z INFO HostContext] Well known directory 'Root': 'C:\Users\krish\Documents\BITS\mlops-project\actions-runner'
[2026-08-30 11:05:51Z INFO HostContext] Well known directory 'Work': 'C:\Users\krish\Documents\BITS\mlops-project\actions-runner\_work'
[2026-08-30 11:05:51Z INFO JobServerQueue] Try to append 1 batches web console lines for record 'c42cb5a8-52e4-44a6-9eb3-0cb64b4d43bb', success rate: 1/1.
[2026-08-30 11:05:52Z INFO JobServerQueue] Try to append 1 batches web console lines for record 'c42cb5a8-52e4-44a6-9eb3-0cb64b4d43bb', success rate: 1/1.
[2026-08-30 11:05:52Z INFO JobServerQueue] Try to append 1 batches web console lines for record 'c42cb5a8-52e4-44a6-9eb3-0cb64b4d43bb', success rate: 1/1.
[2026-08-30 11:05:52Z INFO JobServerQueue] Try to append 1 batches web console lines for record 'c42cb5a8-52e4-44a6-9eb3-0cb64b4d43bb', success rate: 1/1.
[2026-08-30 11:05:53Z INFO JobServerQueue] Try to append 1 batches web console lines for record 'c42cb5a8-52e4-44a6-9eb3-0cb64b4d43bb', success rate: 1/1.
[2026-08-30 11:05:53Z INFO JobServerQueue] Try to append 1 batches web console lines for record 'c42cb5a8-52e4-44a6-9eb3-0cb64b4d43bb', success rate: 1/1.
[2026-08-30 11:05:53Z INFO JobServerQueue] Try to append 1 batches web console lines for record 'c42cb5a8-52e4-44a6-9eb3-0cb64b4d43bb', success rate: 1/1.
[2026-08-30 11:05:53Z INFO JobServerQueue] Try to append 1 batches web console lines for record 'c42cb5a8-52e4-44a6-9eb3-0cb64b4d43bb', success rate: 1/1.
[2026-08-30 11:05:54Z INFO JobServerQueue] Try to append 1 batches web console lines for record 'c42cb5a8-52e4-44a6-9eb3-0cb64b4d43bb', success rate: 1/1.
[2026-08-30 11:05:54Z INFO JobServerQueue] Try to append 1 batches web console lines for record 'c42cb5a8-52e4-44a6-9eb3-0cb64b4d43bb', success rate: 1/1.
[2026-08-30 11:05:54Z INFO JobServerQueue] Try to append 1 batches web console lines for record 'c42cb5a8-52e4-44a6-9eb3-0cb64b4d43bb', success rate: 1/1.
[2026-08-30 11:05:54Z INFO JobServerQueue] Try to append 1 batches web console lines for record 'c42cb5a8-52e4-44a6-9eb3-0cb64b4d43bb', success rate: 1/1.
[2026-08-30 11:05:55Z INFO JobServerQueue] Try to append 1 batches web console lines for record 'c42cb5a8-52e4-44a6-9eb3-0cb64b4d43bb', success rate: 1/1.
[2026-08-30 11:05:55Z INFO JobServerQueue] Try to append 1 batches web console lines for record 'c42cb5a8-52e4-44a6-9eb3-0cb64b4d43bb', success rate: 1/1.
[2026-08-30 11:05:55Z INFO JobServerQueue] Try to append 1 batches web console lines for record 'c42cb5a8-52e4-44a6-9eb3-0cb64b4d43bb', success rate: 1/1.
[2026-08-30 11:05:55Z INFO JobServerQueue] Try to append 1 batches web console lines for record 'c42cb5a8-52e4-44a6-9eb3-0cb64b4d43bb', success rate: 1/1.
[2026-08-30 11:05:56Z INFO JobServerQueue] Try to append 1 batches web console lines for record 'c42cb5a8-52e4-44a6-9eb3-0cb64b4d43bb', success rate: 1/1.
[2026-08-30 11:05:56Z INFO JobServerQueue] Try to append 1 batches web console lines for record 'c42cb5a8-52e4-44a6-9eb3-0cb64b4d43bb', success rate: 1/1.
[2026-08-30 11:05:56Z INFO JobServerQueue] Try to append 1 batches web console lines for record 'c42cb5a8-52e4-44a6-9eb3-0cb64b4d43bb', success rate: 1/1.
[2026-08-30 11:05:57Z INFO JobServerQueue] Try to append 1 batches web console lines for record 'c42cb5a8-52e4-44a6-9eb3-0cb64b4d43bb', success rate: 1/1.
[2026-08-30 11:05:57Z INFO JobServerQueue] Try to append 1 batches web console lines for record 'c42cb5a8-52e4-44a6-9eb3-0cb64b4d43bb', success rate: 1/1.
[2026-08-30 11:05:57Z INFO JobServerQueue] Try to append 1 batches web console lines for record 'c42cb5a8-52e4-44a6-9eb3-0cb64b4d43bb', success rate: 1/1.
[2026-08-30 11:05:57Z INFO JobServerQueue] Try to append 1 batches web console lines for record 'c42cb5a8-52e4-44a6-9eb3-0cb64b4d43bb', success rate: 1/1.
[2026-08-30 11:05:58Z INFO JobServerQueue] Try to append 1 batches web console lines for record 'c42cb5a8-52e4-44a6-9eb3-0cb64b4d43bb', success rate: 1/1.
[2026-08-30 11:05:58Z INFO JobServerQueue] Try to append 1 batches web console lines for record 'c42cb5a8-52e4-44a6-9eb3-0cb64b4d43bb', success rate: 1/1.
[2026-08-30 11:05:58Z INFO JobServerQueue] Try to append 1 batches web console lines for record 'c42cb5a8-52e4-44a6-9eb3-0cb64b4d43bb', success rate: 1/1.
[2026-08-30 11:05:58Z INFO JobServerQueue] Try to append 1 batches web console lines for record 'c42cb5a8-52e4-44a6-9eb3-0cb64b4d43bb', success rate: 1/1.
[2026-08-30 11:05:59Z INFO JobServerQueue] Try to append 1 batches web console lines for record 'c42cb5a8-52e4-44a6-9eb3-0cb64b4d43bb', success rate: 1/1.
[2026-08-30 11:05:59Z INFO JobServerQueue] Try to append 1 batches web console lines for record 'c42cb5a8-52e4-44a6-9eb3-0cb64b4d43bb', success rate: 1/1.
[2026-08-30 11:05:59Z INFO JobServerQueue] Try to append 1 batches web console lines for record 'c42cb5a8-52e4-44a6-9eb3-0cb64b4d43bb', success rate: 1/1.
[2026-08-30 11:06:00Z INFO JobServerQueue] Try to append 1 batches web console lines for record 'c42cb5a8-52e4-44a6-9eb3-0cb64b4d43bb', success rate: 1/1.
[2026-08-30 11:06:00Z INFO JobServerQueue] Try to append 1 batches web console lines for record 'c42cb5a8-52e4-44a6-9eb3-0cb64b4d43bb', success rate: 1/1.
[2026-08-30 11:06:00Z INFO JobServerQueue] Try to append 1 batches web console lines for record 'c42cb5a8-52e4-44a6-9eb3-0cb64b4d43bb', success rate: 1/1.
[2026-08-30 11:06:00Z INFO JobServerQueue] Try to append 1 batches web console lines for record 'c42cb5a8-52e4-44a6-9eb3-0cb64b4d43bb', success rate: 1/1.
[2026-08-30 11:06:01Z INFO JobServerQueue] Try to append 1 batches web console lines for record 'c42cb5a8-52e4-44a6-9eb3-0cb64b4d43bb', success rate: 1/1.
[2026-08-30 11:06:01Z INFO JobServerQueue] Try to append 1 batches web console lines for record 'c42cb5a8-52e4-44a6-9eb3-0cb64b4d43bb', success rate: 1/1.
[2026-08-30 11:06:01Z INFO JobServerQueue] Try to append 1 batches web console lines for record 'c42cb5a8-52e4-44a6-9eb3-0cb64b4d43bb', success rate: 1/1.
[2026-08-30 11:06:01Z INFO HostContext] Well known directory 'Bin': 'C:\Users\krish\Documents\BITS\mlops-project\actions-runner\bin'
[2026-08-30 11:06:01Z INFO HostContext] Well known directory 'Root': 'C:\Users\krish\Documents\BITS\mlops-project\actions-runner'
[2026-08-30 11:06:01Z INFO HostContext] Well known directory 'Work': 'C:\Users\krish\Documents\BITS\mlops-project\actions-runner\_work'
[2026-08-30 11:06:01Z INFO JobServerQueue] Try to append 1 batches web console lines for record 'c42cb5a8-52e4-44a6-9eb3-0cb64b4d43bb', success rate: 1/1.
[2026-08-30 11:06:02Z INFO JobServerQueue] Try to append 1 batches web console lines for record 'c42cb5a8-52e4-44a6-9eb3-0cb64b4d43bb', success rate: 1/1.
[2026-08-30 11:06:02Z INFO JobServerQueue] Try to append 1 batches web console lines for record 'c42cb5a8-52e4-44a6-9eb3-0cb64b4d43bb', success rate: 1/1.
[2026-08-30 11:06:02Z INFO JobServerQueue] Try to append 1 batches web console lines for record 'c42cb5a8-52e4-44a6-9eb3-0cb64b4d43bb', success rate: 1/1.
[2026-08-30 11:06:03Z INFO JobServerQueue] Try to append 1 batches web console lines for record 'c42cb5a8-52e4-44a6-9eb3-0cb64b4d43bb', success rate: 1/1.
[2026-08-30 11:06:03Z INFO JobServerQueue] Try to append 1 batches web console lines for record 'c42cb5a8-52e4-44a6-9eb3-0cb64b4d43bb', success rate: 1/1.
[2026-08-30 11:06:03Z INFO JobServerQueue] Try to append 1 batches web console lines for record 'c42cb5a8-52e4-44a6-9eb3-0cb64b4d43bb', success rate: 1/1.
[2026-08-30 11:06:03Z INFO JobServerQueue] Try to append 1 batches web console lines for record 'c42cb5a8-52e4-44a6-9eb3-0cb64b4d43bb', success rate: 1/1.
[2026-08-30 11:06:04Z INFO JobServerQueue] Try to append 1 batches web console lines for record 'c42cb5a8-52e4-44a6-9eb3-0cb64b4d43bb', success rate: 1/1.
[2026-08-30 11:06:04Z INFO JobServerQueue] Try to append 1 batches web console lines for record 'c42cb5a8-52e4-44a6-9eb3-0cb64b4d43bb', success rate: 1/1.
[2026-08-30 11:06:04Z INFO JobServerQueue] Try to append 1 batches web console lines for record 'c42cb5a8-52e4-44a6-9eb3-0cb64b4d43bb', success rate: 1/1.
[2026-08-30 11:06:04Z INFO JobServerQueue] Stop aggressive process web console line queue.
[2026-08-30 11:06:04Z INFO JobServerQueue] Try to append 1 batches web console lines for record 'c42cb5a8-52e4-44a6-9eb3-0cb64b4d43bb', success rate: 1/1.
[2026-08-30 11:06:05Z INFO JobServerQueue] Try to append 1 batches web console lines for record 'c42cb5a8-52e4-44a6-9eb3-0cb64b4d43bb', success rate: 1/1.
[2026-08-30 11:06:05Z INFO JobServerQueue] Try to append 1 batches web console lines for record 'c42cb5a8-52e4-44a6-9eb3-0cb64b4d43bb', success rate: 1/1.
[2026-08-30 11:06:06Z INFO JobServerQueue] Try to append 1 batches web console lines for record 'c42cb5a8-52e4-44a6-9eb3-0cb64b4d43bb', success rate: 1/1.
[2026-08-30 11:06:07Z INFO JobServerQueue] Try to append 1 batches web console lines for record 'c42cb5a8-52e4-44a6-9eb3-0cb64b4d43bb', success rate: 1/1.
[2026-08-30 11:06:07Z INFO JobServerQueue] Try to append 1 batches web console lines for record 'c42cb5a8-52e4-44a6-9eb3-0cb64b4d43bb', success rate: 1/1.
[2026-08-30 11:06:08Z INFO JobServerQueue] Try to append 1 batches web console lines for record 'c42cb5a8-52e4-44a6-9eb3-0cb64b4d43bb', success rate: 1/1.
[2026-08-30 11:06:08Z INFO JobServerQueue] Try to append 1 batches web console lines for record 'c42cb5a8-52e4-44a6-9eb3-0cb64b4d43bb', success rate: 1/1.
[2026-08-30 11:06:09Z INFO JobServerQueue] Try to append 1 batches web console lines for record 'c42cb5a8-52e4-44a6-9eb3-0cb64b4d43bb', success rate: 1/1.
[2026-08-30 11:06:09Z INFO JobServerQueue] Try to append 1 batches web console lines for record 'c42cb5a8-52e4-44a6-9eb3-0cb64b4d43bb', success rate: 1/1.
[2026-08-30 11:06:10Z INFO JobServerQueue] Try to append 1 batches web console lines for record 'c42cb5a8-52e4-44a6-9eb3-0cb64b4d43bb', success rate: 1/1.
[2026-08-30 11:06:10Z INFO JobServerQueue] Try to append 1 batches web console lines for record 'c42cb5a8-52e4-44a6-9eb3-0cb64b4d43bb', success rate: 1/1.
[2026-08-30 11:06:11Z INFO JobServerQueue] Try to append 1 batches web console lines for record 'c42cb5a8-52e4-44a6-9eb3-0cb64b4d43bb', success rate: 1/1.
[2026-08-30 11:06:11Z INFO JobServerQueue] Try to append 1 batches web console lines for record 'c42cb5a8-52e4-44a6-9eb3-0cb64b4d43bb', success rate: 1/1.
[2026-08-30 11:06:11Z INFO HostContext] Well known directory 'Bin': 'C:\Users\krish\Documents\BITS\mlops-project\actions-runner\bin'
[2026-08-30 11:06:11Z INFO HostContext] Well known directory 'Root': 'C:\Users\krish\Documents\BITS\mlops-project\actions-runner'
[2026-08-30 11:06:11Z INFO HostContext] Well known directory 'Work': 'C:\Users\krish\Documents\BITS\mlops-project\actions-runner\_work'
[2026-08-30 11:06:12Z INFO JobServerQueue] Try to append 1 batches web console lines for record 'c42cb5a8-52e4-44a6-9eb3-0cb64b4d43bb', success rate: 1/1.
[2026-08-30 11:06:12Z INFO JobServerQueue] Try to append 1 batches web console lines for record 'c42cb5a8-52e4-44a6-9eb3-0cb64b4d43bb', success rate: 1/1.
[2026-08-30 11:06:13Z INFO JobServerQueue] Try to append 1 batches web console lines for record 'c42cb5a8-52e4-44a6-9eb3-0cb64b4d43bb', success rate: 1/1.
[2026-08-30 11:06:13Z INFO JobServerQueue] Try to append 1 batches web console lines for record 'c42cb5a8-52e4-44a6-9eb3-0cb64b4d43bb', success rate: 1/1.
[2026-08-30 11:06:14Z INFO JobServerQueue] Try to append 1 batches web console lines for record 'c42cb5a8-52e4-44a6-9eb3-0cb64b4d43bb', success rate: 1/1.
[2026-08-30 11:06:14Z INFO JobServerQueue] Try to append 1 batches web console lines for record 'c42cb5a8-52e4-44a6-9eb3-0cb64b4d43bb', success rate: 1/1.
[2026-08-30 11:06:15Z INFO JobServerQueue] Try to append 1 batches web console lines for record 'c42cb5a8-52e4-44a6-9eb3-0cb64b4d43bb', success rate: 1/1.
[2026-08-30 11:06:15Z INFO JobServerQueue] Try to append 1 batches web console lines for record 'c42cb5a8-52e4-44a6-9eb3-0cb64b4d43bb', success rate: 1/1.
[2026-08-30 11:06:16Z INFO JobServerQueue] Try to append 1 batches web console lines for record 'c42cb5a8-52e4-44a6-9eb3-0cb64b4d43bb', success rate: 1/1.
[2026-08-30 11:06:16Z INFO JobServerQueue] Try to append 1 batches web console lines for record 'c42cb5a8-52e4-44a6-9eb3-0cb64b4d43bb', success rate: 1/1.
[2026-08-30 11:06:17Z INFO JobServerQueue] Try to append 1 batches web console lines for record 'c42cb5a8-52e4-44a6-9eb3-0cb64b4d43bb', success rate: 1/1.
[2026-08-30 11:06:17Z INFO JobServerQueue] Try to append 1 batches web console lines for record 'c42cb5a8-52e4-44a6-9eb3-0cb64b4d43bb', success rate: 1/1.
[2026-08-30 11:06:18Z INFO JobServerQueue] Try to append 1 batches web console lines for record 'c42cb5a8-52e4-44a6-9eb3-0cb64b4d43bb', success rate: 1/1.
[2026-08-30 11:06:18Z INFO JobServerQueue] Try to append 1 batches web console lines for record 'c42cb5a8-52e4-44a6-9eb3-0cb64b4d43bb', success rate: 1/1.
[2026-08-30 11:06:19Z INFO JobServerQueue] Try to append 1 batches web console lines for record 'c42cb5a8-52e4-44a6-9eb3-0cb64b4d43bb', success rate: 1/1.
[2026-08-30 11:06:20Z INFO JobServerQueue] Try to append 1 batches web console lines for record 'c42cb5a8-52e4-44a6-9eb3-0cb64b4d43bb', success rate: 1/1.
[2026-08-30 11:06:20Z INFO JobServerQueue] Try to append 1 batches web console lines for record 'c42cb5a8-52e4-44a6-9eb3-0cb64b4d43bb', success rate: 1/1.
[2026-08-30 11:06:21Z INFO JobServerQueue] Try to append 1 batches web console lines for record 'c42cb5a8-52e4-44a6-9eb3-0cb64b4d43bb', success rate: 1/1.
[2026-08-30 11:06:21Z INFO JobServerQueue] Try to append 1 batches web console lines for record 'c42cb5a8-52e4-44a6-9eb3-0cb64b4d43bb', success rate: 1/1.
[2026-08-30 11:06:21Z INFO HostContext] Well known directory 'Bin': 'C:\Users\krish\Documents\BITS\mlops-project\actions-runner\bin'
[2026-08-30 11:06:21Z INFO HostContext] Well known directory 'Root': 'C:\Users\krish\Documents\BITS\mlops-project\actions-runner'
[2026-08-30 11:06:21Z INFO HostContext] Well known directory 'Work': 'C:\Users\krish\Documents\BITS\mlops-project\actions-runner\_work'
[2026-08-30 11:06:22Z INFO JobServerQueue] Try to append 1 batches web console lines for record 'c42cb5a8-52e4-44a6-9eb3-0cb64b4d43bb', success rate: 1/1.
[2026-08-30 11:06:22Z INFO JobServerQueue] Try to append 1 batches web console lines for record 'c42cb5a8-52e4-44a6-9eb3-0cb64b4d43bb', success rate: 1/1.
[2026-08-30 11:06:23Z INFO JobServerQueue] Try to append 1 batches web console lines for record 'c42cb5a8-52e4-44a6-9eb3-0cb64b4d43bb', success rate: 1/1.
[2026-08-30 11:06:23Z INFO JobServerQueue] Try to append 1 batches web console lines for record 'c42cb5a8-52e4-44a6-9eb3-0cb64b4d43bb', success rate: 1/1.
[2026-08-30 11:06:24Z INFO JobServerQueue] Try to append 1 batches web console lines for record 'c42cb5a8-52e4-44a6-9eb3-0cb64b4d43bb', success rate: 1/1.
[2026-08-30 11:06:24Z INFO JobServerQueue] Try to append 1 batches web console lines for record 'c42cb5a8-52e4-44a6-9eb3-0cb64b4d43bb', success rate: 1/1.
[2026-08-30 11:06:25Z INFO JobServerQueue] Try to append 1 batches web console lines for record 'c42cb5a8-52e4-44a6-9eb3-0cb64b4d43bb', success rate: 1/1.
[2026-08-30 11:06:25Z INFO JobServerQueue] Try to append 1 batches web console lines for record 'c42cb5a8-52e4-44a6-9eb3-0cb64b4d43bb', success rate: 1/1.
[2026-08-30 11:06:26Z INFO JobServerQueue] Try to append 1 batches web console lines for record 'c42cb5a8-52e4-44a6-9eb3-0cb64b4d43bb', success rate: 1/1.
[2026-08-30 11:06:26Z INFO JobServerQueue] Try to append 1 batches web console lines for record 'c42cb5a8-52e4-44a6-9eb3-0cb64b4d43bb', success rate: 1/1.
[2026-08-30 11:06:27Z INFO JobServerQueue] Try to append 1 batches web console lines for record 'c42cb5a8-52e4-44a6-9eb3-0cb64b4d43bb', success rate: 1/1.
[2026-08-30 11:06:27Z INFO JobServerQueue] Try to append 1 batches web console lines for record 'c42cb5a8-52e4-44a6-9eb3-0cb64b4d43bb', success rate: 1/1.
[2026-08-30 11:06:28Z INFO JobServerQueue] Try to append 1 batches web console lines for record 'c42cb5a8-52e4-44a6-9eb3-0cb64b4d43bb', success rate: 1/1.
[2026-08-30 11:06:28Z INFO JobServerQueue] Try to append 1 batches web console lines for record 'c42cb5a8-52e4-44a6-9eb3-0cb64b4d43bb', success rate: 1/1.
[2026-08-30 11:06:29Z INFO JobServerQueue] Try to append 1 batches web console lines for record 'c42cb5a8-52e4-44a6-9eb3-0cb64b4d43bb', success rate: 1/1.
[2026-08-30 11:06:29Z INFO JobServerQueue] Try to append 1 batches web console lines for record 'c42cb5a8-52e4-44a6-9eb3-0cb64b4d43bb', success rate: 1/1.
[2026-08-30 11:06:30Z INFO JobServerQueue] Try to append 1 batches web console lines for record 'c42cb5a8-52e4-44a6-9eb3-0cb64b4d43bb', success rate: 1/1.
[2026-08-30 11:06:30Z INFO JobServerQueue] Try to append 1 batches web console lines for record 'c42cb5a8-52e4-44a6-9eb3-0cb64b4d43bb', success rate: 1/1.
[2026-08-30 11:06:31Z INFO JobServerQueue] Try to append 1 batches web console lines for record 'c42cb5a8-52e4-44a6-9eb3-0cb64b4d43bb', success rate: 1/1.
[2026-08-30 11:06:31Z INFO HostContext] Well known directory 'Bin': 'C:\Users\krish\Documents\BITS\mlops-project\actions-runner\bin'
[2026-08-30 11:06:31Z INFO HostContext] Well known directory 'Root': 'C:\Users\krish\Documents\BITS\mlops-project\actions-runner'
[2026-08-30 11:06:31Z INFO HostContext] Well known directory 'Work': 'C:\Users\krish\Documents\BITS\mlops-project\actions-runner\_work'
[2026-08-30 11:06:31Z INFO JobServerQueue] Try to append 1 batches web console lines for record 'c42cb5a8-52e4-44a6-9eb3-0cb64b4d43bb', success rate: 1/1.
[2026-08-30 11:06:32Z INFO JobServerQueue] Try to append 1 batches web console lines for record 'c42cb5a8-52e4-44a6-9eb3-0cb64b4d43bb', success rate: 1/1.
[2026-08-30 11:06:32Z INFO JobServerQueue] Try to append 1 batches web console lines for record 'c42cb5a8-52e4-44a6-9eb3-0cb64b4d43bb', success rate: 1/1.
[2026-08-30 11:06:33Z INFO JobServerQueue] Try to append 1 batches web console lines for record 'c42cb5a8-52e4-44a6-9eb3-0cb64b4d43bb', success rate: 1/1.
[2026-08-30 11:06:33Z INFO JobServerQueue] Try to append 1 batches web console lines for record 'c42cb5a8-52e4-44a6-9eb3-0cb64b4d43bb', success rate: 1/1.
[2026-08-30 11:06:34Z INFO JobServerQueue] Try to append 1 batches web console lines for record 'c42cb5a8-52e4-44a6-9eb3-0cb64b4d43bb', success rate: 1/1.
[2026-08-30 11:06:34Z INFO JobServerQueue] Try to append 1 batches web console lines for record 'c42cb5a8-52e4-44a6-9eb3-0cb64b4d43bb', success rate: 1/1.
[2026-08-30 11:06:35Z INFO JobServerQueue] Try to append 1 batches web console lines for record 'c42cb5a8-52e4-44a6-9eb3-0cb64b4d43bb', success rate: 1/1.
[2026-08-30 11:06:36Z INFO JobServerQueue] Try to append 1 batches web console lines for record 'c42cb5a8-52e4-44a6-9eb3-0cb64b4d43bb', success rate: 1/1.
[2026-08-30 11:06:36Z INFO JobServerQueue] Try to append 1 batches web console lines for record 'c42cb5a8-52e4-44a6-9eb3-0cb64b4d43bb', success rate: 1/1.
[2026-08-30 11:06:37Z INFO JobServerQueue] Try to append 1 batches web console lines for record 'c42cb5a8-52e4-44a6-9eb3-0cb64b4d43bb', success rate: 1/1.
[2026-08-30 11:06:37Z INFO JobServerQueue] Try to append 1 batches web console lines for record 'c42cb5a8-52e4-44a6-9eb3-0cb64b4d43bb', success rate: 1/1.
[2026-08-30 11:06:38Z INFO JobServerQueue] Try to append 1 batches web console lines for record 'c42cb5a8-52e4-44a6-9eb3-0cb64b4d43bb', success rate: 1/1.
[2026-08-30 11:06:38Z INFO JobServerQueue] Try to append 1 batches web console lines for record 'c42cb5a8-52e4-44a6-9eb3-0cb64b4d43bb', success rate: 1/1.
[2026-08-30 11:06:39Z INFO JobServerQueue] Try to append 1 batches web console lines for record 'c42cb5a8-52e4-44a6-9eb3-0cb64b4d43bb', success rate: 1/1.
[2026-08-30 11:06:39Z INFO JobServerQueue] Try to append 1 batches web console lines for record 'c42cb5a8-52e4-44a6-9eb3-0cb64b4d43bb', success rate: 1/1.
[2026-08-30 11:06:40Z INFO JobServerQueue] Try to append 1 batches web console lines for record 'c42cb5a8-52e4-44a6-9eb3-0cb64b4d43bb', success rate: 1/1.
[2026-08-30 11:06:40Z INFO JobServerQueue] Try to append 1 batches web console lines for record 'c42cb5a8-52e4-44a6-9eb3-0cb64b4d43bb', success rate: 1/1.
[2026-08-30 11:06:41Z INFO JobServerQueue] Try to append 1 batches web console lines for record 'c42cb5a8-52e4-44a6-9eb3-0cb64b4d43bb', success rate: 1/1.
[2026-08-30 11:06:41Z INFO JobServerQueue] Try to append 1 batches web console lines for record 'c42cb5a8-52e4-44a6-9eb3-0cb64b4d43bb', success rate: 1/1.
[2026-08-30 11:06:41Z INFO HostContext] Well known directory 'Bin': 'C:\Users\krish\Documents\BITS\mlops-project\actions-runner\bin'
[2026-08-30 11:06:41Z INFO HostContext] Well known directory 'Root': 'C:\Users\krish\Documents\BITS\mlops-project\actions-runner'
[2026-08-30 11:06:41Z INFO HostContext] Well known directory 'Work': 'C:\Users\krish\Documents\BITS\mlops-project\actions-runner\_work'
[2026-08-30 11:06:42Z INFO JobServerQueue] Try to append 1 batches web console lines for record 'c42cb5a8-52e4-44a6-9eb3-0cb64b4d43bb', success rate: 1/1.
[2026-08-30 11:06:42Z INFO JobServerQueue] Try to append 1 batches web console lines for record 'c42cb5a8-52e4-44a6-9eb3-0cb64b4d43bb', success rate: 1/1.
[2026-08-30 11:06:43Z INFO JobServerQueue] Try to append 1 batches web console lines for record 'c42cb5a8-52e4-44a6-9eb3-0cb64b4d43bb', success rate: 1/1.
[2026-08-30 11:06:43Z INFO JobServerQueue] Try to append 1 batches web console lines for record 'c42cb5a8-52e4-44a6-9eb3-0cb64b4d43bb', success rate: 1/1.
[2026-08-30 11:06:44Z INFO JobServerQueue] Try to append 1 batches web console lines for record 'c42cb5a8-52e4-44a6-9eb3-0cb64b4d43bb', success rate: 1/1.
[2026-08-30 11:06:45Z INFO JobServerQueue] Try to append 1 batches web console lines for record 'c42cb5a8-52e4-44a6-9eb3-0cb64b4d43bb', success rate: 1/1.
[2026-08-30 11:06:45Z INFO JobServerQueue] Try to append 1 batches web console lines for record 'c42cb5a8-52e4-44a6-9eb3-0cb64b4d43bb', success rate: 1/1.
[2026-08-30 11:06:46Z INFO JobServerQueue] Try to append 1 batches web console lines for record 'c42cb5a8-52e4-44a6-9eb3-0cb64b4d43bb', success rate: 1/1.
[2026-08-30 11:06:46Z INFO JobServerQueue] Try to append 1 batches web console lines for record 'c42cb5a8-52e4-44a6-9eb3-0cb64b4d43bb', success rate: 1/1.
[2026-08-30 11:06:47Z INFO JobServerQueue] Try to append 1 batches web console lines for record 'c42cb5a8-52e4-44a6-9eb3-0cb64b4d43bb', success rate: 1/1.
[2026-08-30 11:06:47Z INFO JobServerQueue] Try to append 1 batches web console lines for record 'c42cb5a8-52e4-44a6-9eb3-0cb64b4d43bb', success rate: 1/1.
[2026-08-30 11:06:48Z INFO JobServerQueue] Try to append 1 batches web console lines for record 'c42cb5a8-52e4-44a6-9eb3-0cb64b4d43bb', success rate: 1/1.
[2026-08-30 11:06:48Z INFO JobServerQueue] Try to append 1 batches web console lines for record 'c42cb5a8-52e4-44a6-9eb3-0cb64b4d43bb', success rate: 1/1.
[2026-08-30 11:06:49Z INFO JobServerQueue] Try to append 1 batches web console lines for record 'c42cb5a8-52e4-44a6-9eb3-0cb64b4d43bb', success rate: 1/1.
[2026-08-30 11:06:49Z INFO JobServerQueue] Try to append 1 batches web console lines for record 'c42cb5a8-52e4-44a6-9eb3-0cb64b4d43bb', success rate: 1/1.
[2026-08-30 11:06:50Z INFO JobServerQueue] Try to append 1 batches web console lines for record 'c42cb5a8-52e4-44a6-9eb3-0cb64b4d43bb', success rate: 1/1.
[2026-08-30 11:06:50Z INFO JobServerQueue] Try to append 1 batches web console lines for record 'c42cb5a8-52e4-44a6-9eb3-0cb64b4d43bb', success rate: 1/1.
[2026-08-30 11:06:51Z INFO JobServerQueue] Try to append 1 batches web console lines for record 'c42cb5a8-52e4-44a6-9eb3-0cb64b4d43bb', success rate: 1/1.
[2026-08-30 11:06:51Z INFO JobServerQueue] Try to append 1 batches web console lines for record 'c42cb5a8-52e4-44a6-9eb3-0cb64b4d43bb', success rate: 1/1.
[2026-08-30 11:06:51Z INFO HostContext] Well known directory 'Bin': 'C:\Users\krish\Documents\BITS\mlops-project\actions-runner\bin'
[2026-08-30 11:06:51Z INFO HostContext] Well known directory 'Root': 'C:\Users\krish\Documents\BITS\mlops-project\actions-runner'
[2026-08-30 11:06:51Z INFO HostContext] Well known directory 'Work': 'C:\Users\krish\Documents\BITS\mlops-project\actions-runner\_work'
[2026-08-30 11:06:52Z INFO JobServerQueue] Try to append 1 batches web console lines for record 'c42cb5a8-52e4-44a6-9eb3-0cb64b4d43bb', success rate: 1/1.
[2026-08-30 11:06:52Z INFO JobServerQueue] Try to append 1 batches web console lines for record 'c42cb5a8-52e4-44a6-9eb3-0cb64b4d43bb', success rate: 1/1.
[2026-08-30 11:06:53Z INFO JobServerQueue] Try to append 1 batches web console lines for record 'c42cb5a8-52e4-44a6-9eb3-0cb64b4d43bb', success rate: 1/1.
[2026-08-30 11:06:53Z INFO JobServerQueue] Try to append 1 batches web console lines for record 'c42cb5a8-52e4-44a6-9eb3-0cb64b4d43bb', success rate: 1/1.
[2026-08-30 11:06:54Z INFO JobServerQueue] Try to append 1 batches web console lines for record 'c42cb5a8-52e4-44a6-9eb3-0cb64b4d43bb', success rate: 1/1.
[2026-08-30 11:06:54Z INFO JobServerQueue] Try to append 1 batches web console lines for record 'c42cb5a8-52e4-44a6-9eb3-0cb64b4d43bb', success rate: 1/1.
[2026-08-30 11:06:55Z INFO JobServerQueue] Try to append 1 batches web console lines for record 'c42cb5a8-52e4-44a6-9eb3-0cb64b4d43bb', success rate: 1/1.
[2026-08-30 11:06:56Z INFO JobServerQueue] Try to append 1 batches web console lines for record 'c42cb5a8-52e4-44a6-9eb3-0cb64b4d43bb', success rate: 1/1.
[2026-08-30 11:06:56Z INFO JobServerQueue] Try to append 1 batches web console lines for record 'c42cb5a8-52e4-44a6-9eb3-0cb64b4d43bb', success rate: 1/1.
[2026-08-30 11:06:57Z INFO JobServerQueue] Try to append 1 batches web console lines for record 'c42cb5a8-52e4-44a6-9eb3-0cb64b4d43bb', success rate: 1/1.
[2026-08-30 11:06:57Z INFO JobServerQueue] Try to append 1 batches web console lines for record 'c42cb5a8-52e4-44a6-9eb3-0cb64b4d43bb', success rate: 1/1.
[2026-08-30 11:06:58Z INFO JobServerQueue] Try to append 1 batches web console lines for record 'c42cb5a8-52e4-44a6-9eb3-0cb64b4d43bb', success rate: 1/1.
[2026-08-30 11:06:58Z INFO JobServerQueue] Try to append 1 batches web console lines for record 'c42cb5a8-52e4-44a6-9eb3-0cb64b4d43bb', success rate: 1/1.
[2026-08-30 11:06:59Z INFO JobServerQueue] Try to append 1 batches web console lines for record 'c42cb5a8-52e4-44a6-9eb3-0cb64b4d43bb', success rate: 1/1.
[2026-08-30 11:06:59Z INFO JobServerQueue] Try to append 1 batches web console lines for record 'c42cb5a8-52e4-44a6-9eb3-0cb64b4d43bb', success rate: 1/1.
[2026-08-30 11:07:00Z INFO JobServerQueue] Try to append 1 batches web console lines for record 'c42cb5a8-52e4-44a6-9eb3-0cb64b4d43bb', success rate: 1/1.
[2026-08-30 11:07:00Z INFO JobServerQueue] Try to append 1 batches web console lines for record 'c42cb5a8-52e4-44a6-9eb3-0cb64b4d43bb', success rate: 1/1.
[2026-08-30 11:07:01Z INFO JobServerQueue] Try to append 1 batches web console lines for record 'c42cb5a8-52e4-44a6-9eb3-0cb64b4d43bb', success rate: 1/1.
[2026-08-30 11:07:01Z INFO JobServerQueue] Try to append 1 batches web console lines for record 'c42cb5a8-52e4-44a6-9eb3-0cb64b4d43bb', success rate: 1/1.
[2026-08-30 11:07:01Z INFO HostContext] Well known directory 'Bin': 'C:\Users\krish\Documents\BITS\mlops-project\actions-runner\bin'
[2026-08-30 11:07:01Z INFO HostContext] Well known directory 'Root': 'C:\Users\krish\Documents\BITS\mlops-project\actions-runner'
[2026-08-30 11:07:01Z INFO HostContext] Well known directory 'Work': 'C:\Users\krish\Documents\BITS\mlops-project\actions-runner\_work'
[2026-08-30 11:07:02Z INFO JobServerQueue] Try to append 1 batches web console lines for record 'c42cb5a8-52e4-44a6-9eb3-0cb64b4d43bb', success rate: 1/1.
[2026-08-30 11:07:02Z INFO JobServerQueue] Try to append 1 batches web console lines for record 'c42cb5a8-52e4-44a6-9eb3-0cb64b4d43bb', success rate: 1/1.
[2026-08-30 11:07:03Z INFO JobServerQueue] Try to append 1 batches web console lines for record 'c42cb5a8-52e4-44a6-9eb3-0cb64b4d43bb', success rate: 1/1.
[2026-08-30 11:07:03Z INFO JobServerQueue] Try to append 1 batches web console lines for record 'c42cb5a8-52e4-44a6-9eb3-0cb64b4d43bb', success rate: 1/1.
[2026-08-30 11:07:04Z INFO JobServerQueue] Try to append 1 batches web console lines for record 'c42cb5a8-52e4-44a6-9eb3-0cb64b4d43bb', success rate: 1/1.
[2026-08-30 11:07:04Z INFO JobServerQueue] Try to append 1 batches web console lines for record 'c42cb5a8-52e4-44a6-9eb3-0cb64b4d43bb', success rate: 1/1.
[2026-08-30 11:07:05Z INFO JobServerQueue] Try to append 1 batches web console lines for record 'c42cb5a8-52e4-44a6-9eb3-0cb64b4d43bb', success rate: 1/1.
[2026-08-30 11:07:05Z INFO JobServerQueue] Try to append 1 batches web console lines for record 'c42cb5a8-52e4-44a6-9eb3-0cb64b4d43bb', success rate: 1/1.
[2026-08-30 11:07:06Z INFO JobServerQueue] Try to append 1 batches web console lines for record 'c42cb5a8-52e4-44a6-9eb3-0cb64b4d43bb', success rate: 1/1.
[2026-08-30 11:07:06Z INFO JobServerQueue] Try to append 1 batches web console lines for record 'c42cb5a8-52e4-44a6-9eb3-0cb64b4d43bb', success rate: 1/1.
[2026-08-30 11:07:07Z INFO JobServerQueue] Try to append 1 batches web console lines for record 'c42cb5a8-52e4-44a6-9eb3-0cb64b4d43bb', success rate: 1/1.
[2026-08-30 11:07:07Z INFO JobServerQueue] Try to append 1 batches web console lines for record 'c42cb5a8-52e4-44a6-9eb3-0cb64b4d43bb', success rate: 1/1.
[2026-08-30 11:07:08Z INFO JobServerQueue] Try to append 1 batches web console lines for record 'c42cb5a8-52e4-44a6-9eb3-0cb64b4d43bb', success rate: 1/1.
[2026-08-30 11:07:09Z INFO JobServerQueue] Try to append 1 batches web console lines for record 'c42cb5a8-52e4-44a6-9eb3-0cb64b4d43bb', success rate: 1/1.
[2026-08-30 11:07:09Z INFO JobServerQueue] Try to append 1 batches web console lines for record 'c42cb5a8-52e4-44a6-9eb3-0cb64b4d43bb', success rate: 1/1.
[2026-08-30 11:07:10Z INFO JobServerQueue] Try to append 1 batches web console lines for record 'c42cb5a8-52e4-44a6-9eb3-0cb64b4d43bb', success rate: 1/1.
[2026-08-30 11:07:10Z INFO JobServerQueue] Try to append 1 batches web console lines for record 'c42cb5a8-52e4-44a6-9eb3-0cb64b4d43bb', success rate: 1/1.
[2026-08-30 11:07:11Z INFO JobServerQueue] Try to append 1 batches web console lines for record 'c42cb5a8-52e4-44a6-9eb3-0cb64b4d43bb', success rate: 1/1.
[2026-08-30 11:07:11Z INFO JobServerQueue] Try to append 1 batches web console lines for record 'c42cb5a8-52e4-44a6-9eb3-0cb64b4d43bb', success rate: 1/1.
[2026-08-30 11:07:11Z INFO HostContext] Well known directory 'Bin': 'C:\Users\krish\Documents\BITS\mlops-project\actions-runner\bin'
[2026-08-30 11:07:11Z INFO HostContext] Well known directory 'Root': 'C:\Users\krish\Documents\BITS\mlops-project\actions-runner'
[2026-08-30 11:07:11Z INFO HostContext] Well known directory 'Work': 'C:\Users\krish\Documents\BITS\mlops-project\actions-runner\_work'
[2026-08-30 11:07:12Z INFO JobServerQueue] Try to append 1 batches web console lines for record 'c42cb5a8-52e4-44a6-9eb3-0cb64b4d43bb', success rate: 1/1.
[2026-08-30 11:07:12Z INFO JobServerQueue] Try to append 1 batches web console lines for record 'c42cb5a8-52e4-44a6-9eb3-0cb64b4d43bb', success rate: 1/1.
[2026-08-30 11:07:13Z INFO JobServerQueue] Try to append 1 batches web console lines for record 'c42cb5a8-52e4-44a6-9eb3-0cb64b4d43bb', success rate: 1/1.
[2026-08-30 11:07:13Z INFO JobServerQueue] Try to append 1 batches web console lines for record 'c42cb5a8-52e4-44a6-9eb3-0cb64b4d43bb', success rate: 1/1.
[2026-08-30 11:07:14Z INFO JobServerQueue] Try to append 1 batches web console lines for record 'c42cb5a8-52e4-44a6-9eb3-0cb64b4d43bb', success rate: 1/1.
[2026-08-30 11:07:14Z INFO JobServerQueue] Try to append 1 batches web console lines for record 'c42cb5a8-52e4-44a6-9eb3-0cb64b4d43bb', success rate: 1/1.
[2026-08-30 11:07:15Z INFO JobServerQueue] Try to append 1 batches web console lines for record 'c42cb5a8-52e4-44a6-9eb3-0cb64b4d43bb', success rate: 1/1.
[2026-08-30 11:07:15Z INFO JobServerQueue] Try to append 1 batches web console lines for record 'c42cb5a8-52e4-44a6-9eb3-0cb64b4d43bb', success rate: 1/1.
[2026-08-30 11:07:16Z INFO JobServerQueue] Try to append 1 batches web console lines for record 'c42cb5a8-52e4-44a6-9eb3-0cb64b4d43bb', success rate: 1/1.
[2026-08-30 11:07:16Z INFO JobServerQueue] Try to append 1 batches web console lines for record 'c42cb5a8-52e4-44a6-9eb3-0cb64b4d43bb', success rate: 1/1.
[2026-08-30 11:07:17Z INFO JobServerQueue] Try to append 1 batches web console lines for record 'c42cb5a8-52e4-44a6-9eb3-0cb64b4d43bb', success rate: 1/1.
[2026-08-30 11:07:18Z INFO JobServerQueue] Try to append 1 batches web console lines for record 'c42cb5a8-52e4-44a6-9eb3-0cb64b4d43bb', success rate: 1/1.
[2026-08-30 11:07:18Z INFO JobServerQueue] Try to append 1 batches web console lines for record 'c42cb5a8-52e4-44a6-9eb3-0cb64b4d43bb', success rate: 1/1.
[2026-08-30 11:07:19Z INFO JobServerQueue] Try to append 1 batches web console lines for record 'c42cb5a8-52e4-44a6-9eb3-0cb64b4d43bb', success rate: 1/1.
[2026-08-30 11:07:19Z INFO JobServerQueue] Try to append 1 batches web console lines for record 'c42cb5a8-52e4-44a6-9eb3-0cb64b4d43bb', success rate: 1/1.
[2026-08-30 11:07:20Z INFO JobServerQueue] Try to append 1 batches web console lines for record 'c42cb5a8-52e4-44a6-9eb3-0cb64b4d43bb', success rate: 1/1.
[2026-08-30 11:07:20Z INFO JobServerQueue] Try to append 1 batches web console lines for record 'c42cb5a8-52e4-44a6-9eb3-0cb64b4d43bb', success rate: 1/1.
[2026-08-30 11:07:21Z INFO JobServerQueue] Try to append 1 batches web console lines for record 'c42cb5a8-52e4-44a6-9eb3-0cb64b4d43bb', success rate: 1/1.
[2026-08-30 11:07:21Z INFO JobServerQueue] Try to append 1 batches web console lines for record 'c42cb5a8-52e4-44a6-9eb3-0cb64b4d43bb', success rate: 1/1.
[2026-08-30 11:07:21Z INFO HostContext] Well known directory 'Bin': 'C:\Users\krish\Documents\BITS\mlops-project\actions-runner\bin'
[2026-08-30 11:07:21Z INFO HostContext] Well known directory 'Root': 'C:\Users\krish\Documents\BITS\mlops-project\actions-runner'
[2026-08-30 11:07:21Z INFO HostContext] Well known directory 'Work': 'C:\Users\krish\Documents\BITS\mlops-project\actions-runner\_work'
[2026-08-30 11:07:22Z INFO JobServerQueue] Try to append 1 batches web console lines for record 'c42cb5a8-52e4-44a6-9eb3-0cb64b4d43bb', success rate: 1/1.
[2026-08-30 11:07:22Z INFO JobServerQueue] Try to append 1 batches web console lines for record 'c42cb5a8-52e4-44a6-9eb3-0cb64b4d43bb', success rate: 1/1.
[2026-08-30 11:07:23Z INFO JobServerQueue] Try to append 1 batches web console lines for record 'c42cb5a8-52e4-44a6-9eb3-0cb64b4d43bb', success rate: 1/1.
[2026-08-30 11:07:23Z INFO JobServerQueue] Try to append 1 batches web console lines for record 'c42cb5a8-52e4-44a6-9eb3-0cb64b4d43bb', success rate: 1/1.
[2026-08-30 11:07:24Z INFO JobServerQueue] Try to append 1 batches web console lines for record 'c42cb5a8-52e4-44a6-9eb3-0cb64b4d43bb', success rate: 1/1.
[2026-08-30 11:07:24Z INFO JobServerQueue] Try to append 1 batches web console lines for record 'c42cb5a8-52e4-44a6-9eb3-0cb64b4d43bb', success rate: 1/1.
[2026-08-30 11:07:25Z INFO JobServerQueue] Try to append 1 batches web console lines for record 'c42cb5a8-52e4-44a6-9eb3-0cb64b4d43bb', success rate: 1/1.
[2026-08-30 11:07:25Z INFO JobServerQueue] Try to append 1 batches web console lines for record 'c42cb5a8-52e4-44a6-9eb3-0cb64b4d43bb', success rate: 1/1.
[2026-08-30 11:07:26Z INFO JobServerQueue] Try to append 1 batches web console lines for record 'c42cb5a8-52e4-44a6-9eb3-0cb64b4d43bb', success rate: 1/1.
[2026-08-30 11:07:26Z INFO JobServerQueue] Try to append 1 batches web console lines for record 'c42cb5a8-52e4-44a6-9eb3-0cb64b4d43bb', success rate: 1/1.
[2026-08-30 11:07:27Z INFO JobServerQueue] Try to append 1 batches web console lines for record 'c42cb5a8-52e4-44a6-9eb3-0cb64b4d43bb', success rate: 1/1.
[2026-08-30 11:07:27Z INFO JobServerQueue] Try to append 1 batches web console lines for record 'c42cb5a8-52e4-44a6-9eb3-0cb64b4d43bb', success rate: 1/1.
[2026-08-30 11:07:28Z INFO JobServerQueue] Try to append 1 batches web console lines for record 'c42cb5a8-52e4-44a6-9eb3-0cb64b4d43bb', success rate: 1/1.
[2026-08-30 11:07:28Z INFO JobServerQueue] Try to append 1 batches web console lines for record 'c42cb5a8-52e4-44a6-9eb3-0cb64b4d43bb', success rate: 1/1.
[2026-08-30 11:07:29Z INFO JobServerQueue] Try to append 1 batches web console lines for record 'c42cb5a8-52e4-44a6-9eb3-0cb64b4d43bb', success rate: 1/1.
[2026-08-30 11:07:30Z INFO JobServerQueue] Try to append 1 batches web console lines for record 'c42cb5a8-52e4-44a6-9eb3-0cb64b4d43bb', success rate: 1/1.
[2026-08-30 11:07:30Z INFO JobServerQueue] Try to append 1 batches web console lines for record 'c42cb5a8-52e4-44a6-9eb3-0cb64b4d43bb', success rate: 1/1.
[2026-08-30 11:07:31Z INFO JobServerQueue] Try to append 1 batches web console lines for record 'c42cb5a8-52e4-44a6-9eb3-0cb64b4d43bb', success rate: 1/1.
[2026-08-30 11:07:31Z INFO JobServerQueue] Try to append 1 batches web console lines for record 'c42cb5a8-52e4-44a6-9eb3-0cb64b4d43bb', success rate: 1/1.
[2026-08-30 11:07:31Z INFO HostContext] Well known directory 'Bin': 'C:\Users\krish\Documents\BITS\mlops-project\actions-runner\bin'
[2026-08-30 11:07:31Z INFO HostContext] Well known directory 'Root': 'C:\Users\krish\Documents\BITS\mlops-project\actions-runner'
[2026-08-30 11:07:31Z INFO HostContext] Well known directory 'Work': 'C:\Users\krish\Documents\BITS\mlops-project\actions-runner\_work'
[2026-08-30 11:07:32Z INFO JobServerQueue] Try to append 1 batches web console lines for record 'c42cb5a8-52e4-44a6-9eb3-0cb64b4d43bb', success rate: 1/1.
[2026-08-30 11:07:32Z INFO JobServerQueue] Try to append 1 batches web console lines for record 'c42cb5a8-52e4-44a6-9eb3-0cb64b4d43bb', success rate: 1/1.
[2026-08-30 11:07:33Z INFO JobServerQueue] Try to append 1 batches web console lines for record 'c42cb5a8-52e4-44a6-9eb3-0cb64b4d43bb', success rate: 1/1.
[2026-08-30 11:07:33Z INFO JobServerQueue] Try to append 1 batches web console lines for record 'c42cb5a8-52e4-44a6-9eb3-0cb64b4d43bb', success rate: 1/1.
[2026-08-30 11:07:34Z INFO JobServerQueue] Try to append 1 batches web console lines for record 'c42cb5a8-52e4-44a6-9eb3-0cb64b4d43bb', success rate: 1/1.
[2026-08-30 11:07:34Z INFO JobServerQueue] Try to append 1 batches web console lines for record 'c42cb5a8-52e4-44a6-9eb3-0cb64b4d43bb', success rate: 1/1.
[2026-08-30 11:07:35Z INFO JobServerQueue] Try to append 1 batches web console lines for record 'c42cb5a8-52e4-44a6-9eb3-0cb64b4d43bb', success rate: 1/1.
[2026-08-30 11:07:35Z INFO JobServerQueue] Try to append 1 batches web console lines for record 'c42cb5a8-52e4-44a6-9eb3-0cb64b4d43bb', success rate: 1/1.
[2026-08-30 11:07:36Z INFO JobServerQueue] Try to append 1 batches web console lines for record 'c42cb5a8-52e4-44a6-9eb3-0cb64b4d43bb', success rate: 1/1.
[2026-08-30 11:07:36Z INFO JobServerQueue] Try to append 1 batches web console lines for record 'c42cb5a8-52e4-44a6-9eb3-0cb64b4d43bb', success rate: 1/1.
[2026-08-30 11:07:37Z INFO JobServerQueue] Try to append 1 batches web console lines for record 'c42cb5a8-52e4-44a6-9eb3-0cb64b4d43bb', success rate: 1/1.
[2026-08-30 11:07:37Z INFO JobServerQueue] Try to append 1 batches web console lines for record 'c42cb5a8-52e4-44a6-9eb3-0cb64b4d43bb', success rate: 1/1.
[2026-08-30 11:07:38Z INFO JobServerQueue] Try to append 1 batches web console lines for record 'c42cb5a8-52e4-44a6-9eb3-0cb64b4d43bb', success rate: 1/1.
[2026-08-30 11:07:38Z INFO JobServerQueue] Try to append 1 batches web console lines for record 'c42cb5a8-52e4-44a6-9eb3-0cb64b4d43bb', success rate: 1/1.
[2026-08-30 11:07:39Z INFO JobServerQueue] Try to append 1 batches web console lines for record 'c42cb5a8-52e4-44a6-9eb3-0cb64b4d43bb', success rate: 1/1.
[2026-08-30 11:07:39Z INFO JobServerQueue] Try to append 1 batches web console lines for record 'c42cb5a8-52e4-44a6-9eb3-0cb64b4d43bb', success rate: 1/1.
[2026-08-30 11:07:40Z INFO JobServerQueue] Try to append 1 batches web console lines for record 'c42cb5a8-52e4-44a6-9eb3-0cb64b4d43bb', success rate: 1/1.
[2026-08-30 11:07:41Z INFO JobServerQueue] Try to append 1 batches web console lines for record 'c42cb5a8-52e4-44a6-9eb3-0cb64b4d43bb', success rate: 1/1.
[2026-08-30 11:07:41Z INFO JobServerQueue] Try to append 1 batches web console lines for record 'c42cb5a8-52e4-44a6-9eb3-0cb64b4d43bb', success rate: 1/1.
[2026-08-30 11:07:42Z INFO HostContext] Well known directory 'Bin': 'C:\Users\krish\Documents\BITS\mlops-project\actions-runner\bin'
[2026-08-30 11:07:42Z INFO HostContext] Well known directory 'Root': 'C:\Users\krish\Documents\BITS\mlops-project\actions-runner'
[2026-08-30 11:07:42Z INFO HostContext] Well known directory 'Work': 'C:\Users\krish\Documents\BITS\mlops-project\actions-runner\_work'
[2026-08-30 11:07:42Z INFO JobServerQueue] Try to append 1 batches web console lines for record 'c42cb5a8-52e4-44a6-9eb3-0cb64b4d43bb', success rate: 1/1.
[2026-08-30 11:07:42Z INFO JobServerQueue] Try to append 1 batches web console lines for record 'c42cb5a8-52e4-44a6-9eb3-0cb64b4d43bb', success rate: 1/1.
[2026-08-30 11:07:43Z INFO JobServerQueue] Try to append 1 batches web console lines for record 'c42cb5a8-52e4-44a6-9eb3-0cb64b4d43bb', success rate: 1/1.
[2026-08-30 11:07:43Z INFO JobServerQueue] Try to append 1 batches web console lines for record 'c42cb5a8-52e4-44a6-9eb3-0cb64b4d43bb', success rate: 1/1.
[2026-08-30 11:07:44Z INFO JobServerQueue] Try to append 1 batches web console lines for record 'c42cb5a8-52e4-44a6-9eb3-0cb64b4d43bb', success rate: 1/1.
[2026-08-30 11:07:44Z INFO JobServerQueue] Try to append 1 batches web console lines for record 'c42cb5a8-52e4-44a6-9eb3-0cb64b4d43bb', success rate: 1/1.
[2026-08-30 11:07:45Z INFO JobServerQueue] Try to append 1 batches web console lines for record 'c42cb5a8-52e4-44a6-9eb3-0cb64b4d43bb', success rate: 1/1.
[2026-08-30 11:07:45Z INFO JobServerQueue] Try to append 1 batches web console lines for record 'c42cb5a8-52e4-44a6-9eb3-0cb64b4d43bb', success rate: 1/1.
[2026-08-30 11:07:46Z INFO JobServerQueue] Try to append 1 batches web console lines for record 'c42cb5a8-52e4-44a6-9eb3-0cb64b4d43bb', success rate: 1/1.
[2026-08-30 11:07:46Z INFO JobServerQueue] Try to append 1 batches web console lines for record 'c42cb5a8-52e4-44a6-9eb3-0cb64b4d43bb', success rate: 1/1.
[2026-08-30 11:07:47Z INFO JobServerQueue] Try to append 1 batches web console lines for record 'c42cb5a8-52e4-44a6-9eb3-0cb64b4d43bb', success rate: 1/1.
[2026-08-30 11:07:47Z INFO JobServerQueue] Try to append 1 batches web console lines for record 'c42cb5a8-52e4-44a6-9eb3-0cb64b4d43bb', success rate: 1/1.
[2026-08-30 11:07:48Z INFO JobServerQueue] Try to append 1 batches web console lines for record 'c42cb5a8-52e4-44a6-9eb3-0cb64b4d43bb', success rate: 1/1.
[2026-08-30 11:07:48Z INFO JobServerQueue] Try to append 1 batches web console lines for record 'c42cb5a8-52e4-44a6-9eb3-0cb64b4d43bb', success rate: 1/1.
[2026-08-30 11:07:49Z INFO JobServerQueue] Try to append 1 batches web console lines for record 'c42cb5a8-52e4-44a6-9eb3-0cb64b4d43bb', success rate: 1/1.
[2026-08-30 11:07:49Z INFO JobServerQueue] Try to append 1 batches web console lines for record 'c42cb5a8-52e4-44a6-9eb3-0cb64b4d43bb', success rate: 1/1.
[2026-08-30 11:07:50Z INFO JobServerQueue] Try to append 1 batches web console lines for record 'c42cb5a8-52e4-44a6-9eb3-0cb64b4d43bb', success rate: 1/1.
[2026-08-30 11:07:50Z INFO JobServerQueue] Try to append 1 batches web console lines for record 'c42cb5a8-52e4-44a6-9eb3-0cb64b4d43bb', success rate: 1/1.
[2026-08-30 11:07:51Z INFO JobServerQueue] Try to append 1 batches web console lines for record 'c42cb5a8-52e4-44a6-9eb3-0cb64b4d43bb', success rate: 1/1.
[2026-08-30 11:07:51Z INFO JobServerQueue] Try to append 1 batches web console lines for record 'c42cb5a8-52e4-44a6-9eb3-0cb64b4d43bb', success rate: 1/1.
[2026-08-30 11:07:52Z INFO HostContext] Well known directory 'Bin': 'C:\Users\krish\Documents\BITS\mlops-project\actions-runner\bin'
[2026-08-30 11:07:52Z INFO HostContext] Well known directory 'Root': 'C:\Users\krish\Documents\BITS\mlops-project\actions-runner'
[2026-08-30 11:07:52Z INFO HostContext] Well known directory 'Work': 'C:\Users\krish\Documents\BITS\mlops-project\actions-runner\_work'
[2026-08-30 11:07:52Z INFO JobServerQueue] Try to append 1 batches web console lines for record 'c42cb5a8-52e4-44a6-9eb3-0cb64b4d43bb', success rate: 1/1.
[2026-08-30 11:07:52Z INFO JobServerQueue] Try to append 1 batches web console lines for record '032424c2-0010-4177-82c9-dd2b0389372f', success rate: 1/1.
[2026-08-30 11:07:53Z INFO JobServerQueue] Try to append 1 batches web console lines for record 'c42cb5a8-52e4-44a6-9eb3-0cb64b4d43bb', success rate: 1/1.
[2026-08-30 11:07:53Z INFO JobServerQueue] Try to append 1 batches web console lines for record 'c42cb5a8-52e4-44a6-9eb3-0cb64b4d43bb', success rate: 1/1.
[2026-08-30 11:07:54Z INFO JobServerQueue] Try to append 1 batches web console lines for record 'c42cb5a8-52e4-44a6-9eb3-0cb64b4d43bb', success rate: 1/1.
[2026-08-30 11:07:54Z INFO JobServerQueue] Try to append 1 batches web console lines for record 'c42cb5a8-52e4-44a6-9eb3-0cb64b4d43bb', success rate: 1/1.
[2026-08-30 11:07:55Z INFO JobServerQueue] Try to append 1 batches web console lines for record 'c42cb5a8-52e4-44a6-9eb3-0cb64b4d43bb', success rate: 1/1.
[2026-08-30 11:07:55Z INFO JobServerQueue] Try to append 1 batches web console lines for record 'c42cb5a8-52e4-44a6-9eb3-0cb64b4d43bb', success rate: 1/1.
[2026-08-30 11:07:56Z INFO JobServerQueue] Try to append 1 batches web console lines for record 'c42cb5a8-52e4-44a6-9eb3-0cb64b4d43bb', success rate: 1/1.
[2026-08-30 11:07:56Z INFO JobServerQueue] Try to append 1 batches web console lines for record 'c42cb5a8-52e4-44a6-9eb3-0cb64b4d43bb', success rate: 1/1.
[2026-08-30 11:07:57Z INFO JobServerQueue] Try to append 1 batches web console lines for record 'c42cb5a8-52e4-44a6-9eb3-0cb64b4d43bb', success rate: 1/1.
[2026-08-30 11:07:57Z INFO JobServerQueue] Try to append 1 batches web console lines for record 'c42cb5a8-52e4-44a6-9eb3-0cb64b4d43bb', success rate: 1/1.
[2026-08-30 11:07:58Z INFO JobServerQueue] Try to append 1 batches web console lines for record 'c42cb5a8-52e4-44a6-9eb3-0cb64b4d43bb', success rate: 1/1.
[2026-08-30 11:07:58Z INFO JobServerQueue] Try to append 1 batches web console lines for record 'c42cb5a8-52e4-44a6-9eb3-0cb64b4d43bb', success rate: 1/1.
[2026-08-30 11:07:59Z INFO JobServerQueue] Try to append 1 batches web console lines for record 'c42cb5a8-52e4-44a6-9eb3-0cb64b4d43bb', success rate: 1/1.
[2026-08-30 11:07:59Z INFO JobServerQueue] Try to append 1 batches web console lines for record 'c42cb5a8-52e4-44a6-9eb3-0cb64b4d43bb', success rate: 1/1.
[2026-08-30 11:08:00Z INFO JobServerQueue] Try to append 1 batches web console lines for record 'c42cb5a8-52e4-44a6-9eb3-0cb64b4d43bb', success rate: 1/1.
[2026-08-30 11:08:00Z INFO JobServerQueue] Try to append 1 batches web console lines for record 'c42cb5a8-52e4-44a6-9eb3-0cb64b4d43bb', success rate: 1/1.
[2026-08-30 11:08:01Z INFO JobServerQueue] Try to append 1 batches web console lines for record 'c42cb5a8-52e4-44a6-9eb3-0cb64b4d43bb', success rate: 1/1.
[2026-08-30 11:08:02Z INFO JobServerQueue] Try to append 1 batches web console lines for record 'c42cb5a8-52e4-44a6-9eb3-0cb64b4d43bb', success rate: 1/1.
[2026-08-30 11:08:02Z INFO JobServerQueue] Try to append 1 batches web console lines for record 'c42cb5a8-52e4-44a6-9eb3-0cb64b4d43bb', success rate: 1/1.
[2026-08-30 11:08:03Z INFO JobServerQueue] Try to append 1 batches web console lines for record 'c42cb5a8-52e4-44a6-9eb3-0cb64b4d43bb', success rate: 1/1.
[2026-08-30 11:08:03Z INFO JobServerQueue] Try to append 1 batches web console lines for record 'c42cb5a8-52e4-44a6-9eb3-0cb64b4d43bb', success rate: 1/1.
[2026-08-30 11:08:04Z INFO JobServerQueue] Try to append 1 batches web console lines for record 'c42cb5a8-52e4-44a6-9eb3-0cb64b4d43bb', success rate: 1/1.
[2026-08-30 11:08:04Z INFO JobServerQueue] Try to append 1 batches web console lines for record 'c42cb5a8-52e4-44a6-9eb3-0cb64b4d43bb', success rate: 1/1.
[2026-08-30 11:08:05Z INFO JobServerQueue] Try to append 1 batches web console lines for record 'c42cb5a8-52e4-44a6-9eb3-0cb64b4d43bb', success rate: 1/1.
[2026-08-30 11:08:05Z INFO JobServerQueue] Try to append 1 batches web console lines for record 'c42cb5a8-52e4-44a6-9eb3-0cb64b4d43bb', success rate: 1/1.
[2026-08-30 11:08:06Z INFO JobServerQueue] Try to append 1 batches web console lines for record 'c42cb5a8-52e4-44a6-9eb3-0cb64b4d43bb', success rate: 1/1.
[2026-08-30 11:08:06Z INFO JobServerQueue] Try to append 1 batches web console lines for record 'c42cb5a8-52e4-44a6-9eb3-0cb64b4d43bb', success rate: 1/1.
[2026-08-30 11:08:07Z INFO JobServerQueue] Try to append 1 batches web console lines for record 'c42cb5a8-52e4-44a6-9eb3-0cb64b4d43bb', success rate: 1/1.
[2026-08-30 11:08:07Z INFO JobServerQueue] Try to append 1 batches web console lines for record 'c42cb5a8-52e4-44a6-9eb3-0cb64b4d43bb', success rate: 1/1.
[2026-08-30 11:08:08Z INFO JobServerQueue] Try to append 1 batches web console lines for record 'c42cb5a8-52e4-44a6-9eb3-0cb64b4d43bb', success rate: 1/1.
[2026-08-30 11:08:09Z INFO JobServerQueue] Try to append 1 batches web console lines for record 'c42cb5a8-52e4-44a6-9eb3-0cb64b4d43bb', success rate: 1/1.
[2026-08-30 11:08:09Z INFO JobServerQueue] Try to append 1 batches web console lines for record 'c42cb5a8-52e4-44a6-9eb3-0cb64b4d43bb', success rate: 1/1.
[2026-08-30 11:08:10Z INFO JobServerQueue] Try to append 1 batches web console lines for record 'c42cb5a8-52e4-44a6-9eb3-0cb64b4d43bb', success rate: 1/1.
[2026-08-30 11:08:10Z INFO JobServerQueue] Try to append 1 batches web console lines for record 'c42cb5a8-52e4-44a6-9eb3-0cb64b4d43bb', success rate: 1/1.
[2026-08-30 11:08:11Z INFO JobServerQueue] Try to append 1 batches web console lines for record 'c42cb5a8-52e4-44a6-9eb3-0cb64b4d43bb', success rate: 1/1.
[2026-08-30 11:08:12Z INFO JobServerQueue] Try to append 1 batches web console lines for record 'c42cb5a8-52e4-44a6-9eb3-0cb64b4d43bb', success rate: 1/1.
[2026-08-30 11:08:13Z INFO JobServerQueue] Try to append 1 batches web console lines for record 'c42cb5a8-52e4-44a6-9eb3-0cb64b4d43bb', success rate: 1/1.
[2026-08-30 11:08:13Z INFO JobServerQueue] Try to append 1 batches web console lines for record 'c42cb5a8-52e4-44a6-9eb3-0cb64b4d43bb', success rate: 1/1.
[2026-08-30 11:08:14Z INFO JobServerQueue] Try to append 1 batches web console lines for record 'c42cb5a8-52e4-44a6-9eb3-0cb64b4d43bb', success rate: 1/1.
[2026-08-30 11:08:14Z INFO JobServerQueue] Try to append 1 batches web console lines for record 'c42cb5a8-52e4-44a6-9eb3-0cb64b4d43bb', success rate: 1/1.
[2026-08-30 11:08:15Z INFO JobServerQueue] Try to append 1 batches web console lines for record 'c42cb5a8-52e4-44a6-9eb3-0cb64b4d43bb', success rate: 1/1.
[2026-08-30 11:08:15Z INFO JobServerQueue] Try to append 1 batches web console lines for record 'c42cb5a8-52e4-44a6-9eb3-0cb64b4d43bb', success rate: 1/1.
[2026-08-30 11:08:16Z INFO JobServerQueue] Try to append 1 batches web console lines for record 'c42cb5a8-52e4-44a6-9eb3-0cb64b4d43bb', success rate: 1/1.
[2026-08-30 11:08:16Z INFO JobServerQueue] Try to append 1 batches web console lines for record 'c42cb5a8-52e4-44a6-9eb3-0cb64b4d43bb', success rate: 1/1.
[2026-08-30 11:08:17Z INFO JobServerQueue] Try to append 1 batches web console lines for record 'c42cb5a8-52e4-44a6-9eb3-0cb64b4d43bb', success rate: 1/1.
[2026-08-30 11:08:17Z INFO JobServerQueue] Try to append 1 batches web console lines for record 'c42cb5a8-52e4-44a6-9eb3-0cb64b4d43bb', success rate: 1/1.
[2026-08-30 11:08:18Z INFO JobServerQueue] Try to append 1 batches web console lines for record 'c42cb5a8-52e4-44a6-9eb3-0cb64b4d43bb', success rate: 1/1.
[2026-08-30 11:08:19Z INFO JobServerQueue] Try to append 1 batches web console lines for record 'c42cb5a8-52e4-44a6-9eb3-0cb64b4d43bb', success rate: 1/1.
[2026-08-30 11:08:19Z INFO JobServerQueue] Try to append 1 batches web console lines for record 'c42cb5a8-52e4-44a6-9eb3-0cb64b4d43bb', success rate: 1/1.
[2026-08-30 11:08:20Z INFO JobServerQueue] Try to append 1 batches web console lines for record 'c42cb5a8-52e4-44a6-9eb3-0cb64b4d43bb', success rate: 1/1.
[2026-08-30 11:08:20Z INFO JobServerQueue] Try to append 1 batches web console lines for record 'c42cb5a8-52e4-44a6-9eb3-0cb64b4d43bb', success rate: 1/1.
[2026-08-30 11:08:21Z INFO JobServerQueue] Try to append 1 batches web console lines for record 'c42cb5a8-52e4-44a6-9eb3-0cb64b4d43bb', success rate: 1/1.
[2026-08-30 11:08:21Z INFO JobServerQueue] Try to append 1 batches web console lines for record 'c42cb5a8-52e4-44a6-9eb3-0cb64b4d43bb', success rate: 1/1.
[2026-08-30 11:08:22Z INFO JobServerQueue] Try to append 1 batches web console lines for record 'c42cb5a8-52e4-44a6-9eb3-0cb64b4d43bb', success rate: 1/1.
[2026-08-30 11:08:22Z INFO JobServerQueue] Try to append 1 batches web console lines for record 'c42cb5a8-52e4-44a6-9eb3-0cb64b4d43bb', success rate: 1/1.
[2026-08-30 11:08:23Z INFO JobServerQueue] Try to append 1 batches web console lines for record 'c42cb5a8-52e4-44a6-9eb3-0cb64b4d43bb', success rate: 1/1.
[2026-08-30 11:08:23Z INFO JobServerQueue] Try to append 1 batches web console lines for record 'c42cb5a8-52e4-44a6-9eb3-0cb64b4d43bb', success rate: 1/1.
[2026-08-30 11:08:24Z INFO JobServerQueue] Try to append 1 batches web console lines for record 'c42cb5a8-52e4-44a6-9eb3-0cb64b4d43bb', success rate: 1/1.
[2026-08-30 11:08:24Z INFO JobServerQueue] Try to append 1 batches web console lines for record 'c42cb5a8-52e4-44a6-9eb3-0cb64b4d43bb', success rate: 1/1.
[2026-08-30 11:08:25Z INFO JobServerQueue] Try to append 1 batches web console lines for record 'c42cb5a8-52e4-44a6-9eb3-0cb64b4d43bb', success rate: 1/1.
[2026-08-30 11:08:25Z INFO JobServerQueue] Try to append 1 batches web console lines for record 'c42cb5a8-52e4-44a6-9eb3-0cb64b4d43bb', success rate: 1/1.
[2026-08-30 11:08:26Z INFO JobServerQueue] Try to append 1 batches web console lines for record 'c42cb5a8-52e4-44a6-9eb3-0cb64b4d43bb', success rate: 1/1.
[2026-08-30 11:08:26Z INFO JobServerQueue] Try to append 1 batches web console lines for record 'c42cb5a8-52e4-44a6-9eb3-0cb64b4d43bb', success rate: 1/1.
[2026-08-30 11:08:27Z INFO JobServerQueue] Try to append 1 batches web console lines for record 'c42cb5a8-52e4-44a6-9eb3-0cb64b4d43bb', success rate: 1/1.
[2026-08-30 11:08:27Z INFO JobServerQueue] Try to append 1 batches web console lines for record 'c42cb5a8-52e4-44a6-9eb3-0cb64b4d43bb', success rate: 1/1.
[2026-08-30 11:08:28Z INFO JobServerQueue] Try to append 1 batches web console lines for record 'c42cb5a8-52e4-44a6-9eb3-0cb64b4d43bb', success rate: 1/1.
[2026-08-30 11:08:28Z INFO JobServerQueue] Try to append 1 batches web console lines for record 'c42cb5a8-52e4-44a6-9eb3-0cb64b4d43bb', success rate: 1/1.
[2026-08-30 11:08:29Z INFO JobServerQueue] Try to append 1 batches web console lines for record 'c42cb5a8-52e4-44a6-9eb3-0cb64b4d43bb', success rate: 1/1.
[2026-08-30 11:08:29Z INFO JobServerQueue] Try to append 1 batches web console lines for record 'c42cb5a8-52e4-44a6-9eb3-0cb64b4d43bb', success rate: 1/1.
[2026-08-30 11:08:30Z INFO JobServerQueue] Try to append 1 batches web console lines for record 'c42cb5a8-52e4-44a6-9eb3-0cb64b4d43bb', success rate: 1/1.
[2026-08-30 11:08:30Z INFO JobServerQueue] Try to append 1 batches web console lines for record 'c42cb5a8-52e4-44a6-9eb3-0cb64b4d43bb', success rate: 1/1.
[2026-08-30 11:08:31Z INFO JobServerQueue] Try to append 1 batches web console lines for record 'c42cb5a8-52e4-44a6-9eb3-0cb64b4d43bb', success rate: 1/1.
[2026-08-30 11:08:31Z INFO JobServerQueue] Try to append 1 batches web console lines for record 'c42cb5a8-52e4-44a6-9eb3-0cb64b4d43bb', success rate: 1/1.
[2026-08-30 11:08:32Z INFO JobServerQueue] Try to append 1 batches web console lines for record 'c42cb5a8-52e4-44a6-9eb3-0cb64b4d43bb', success rate: 1/1.
[2026-08-30 11:08:32Z INFO JobServerQueue] Try to append 1 batches web console lines for record 'c42cb5a8-52e4-44a6-9eb3-0cb64b4d43bb', success rate: 1/1.
[2026-08-30 11:08:33Z INFO JobServerQueue] Try to append 1 batches web console lines for record 'c42cb5a8-52e4-44a6-9eb3-0cb64b4d43bb', success rate: 1/1.
[2026-08-30 11:08:34Z INFO JobServerQueue] Try to append 1 batches web console lines for record 'c42cb5a8-52e4-44a6-9eb3-0cb64b4d43bb', success rate: 1/1.
[2026-08-30 11:08:34Z INFO JobServerQueue] Try to append 1 batches web console lines for record 'c42cb5a8-52e4-44a6-9eb3-0cb64b4d43bb', success rate: 1/1.
[2026-08-30 11:08:35Z INFO JobServerQueue] Try to append 1 batches web console lines for record 'c42cb5a8-52e4-44a6-9eb3-0cb64b4d43bb', success rate: 1/1.
[2026-08-30 11:08:35Z INFO JobServerQueue] Try to append 1 batches web console lines for record 'c42cb5a8-52e4-44a6-9eb3-0cb64b4d43bb', success rate: 1/1.
[2026-08-30 11:08:36Z INFO JobServerQueue] Try to append 1 batches web console lines for record 'c42cb5a8-52e4-44a6-9eb3-0cb64b4d43bb', success rate: 1/1.
[2026-08-30 11:08:36Z INFO JobServerQueue] Try to append 1 batches web console lines for record 'c42cb5a8-52e4-44a6-9eb3-0cb64b4d43bb', success rate: 1/1.
[2026-08-30 11:08:37Z INFO JobServerQueue] Try to append 1 batches web console lines for record 'c42cb5a8-52e4-44a6-9eb3-0cb64b4d43bb', success rate: 1/1.
[2026-08-30 11:08:37Z INFO JobServerQueue] Try to append 1 batches web console lines for record 'c42cb5a8-52e4-44a6-9eb3-0cb64b4d43bb', success rate: 1/1.
[2026-08-30 11:08:38Z INFO JobServerQueue] Try to append 1 batches web console lines for record 'c42cb5a8-52e4-44a6-9eb3-0cb64b4d43bb', success rate: 1/1.
[2026-08-30 11:08:38Z INFO JobServerQueue] Try to append 1 batches web console lines for record 'c42cb5a8-52e4-44a6-9eb3-0cb64b4d43bb', success rate: 1/1.
[2026-08-30 11:08:39Z INFO JobServerQueue] Try to append 1 batches web console lines for record 'c42cb5a8-52e4-44a6-9eb3-0cb64b4d43bb', success rate: 1/1.
[2026-08-30 11:08:39Z INFO JobServerQueue] Try to append 1 batches web console lines for record 'c42cb5a8-52e4-44a6-9eb3-0cb64b4d43bb', success rate: 1/1.
[2026-08-30 11:08:40Z INFO JobServerQueue] Try to append 1 batches web console lines for record 'c42cb5a8-52e4-44a6-9eb3-0cb64b4d43bb', success rate: 1/1.
[2026-08-30 11:08:40Z INFO JobServerQueue] Try to append 1 batches web console lines for record 'c42cb5a8-52e4-44a6-9eb3-0cb64b4d43bb', success rate: 1/1.
[2026-08-30 11:08:41Z INFO JobServerQueue] Try to append 1 batches web console lines for record 'c42cb5a8-52e4-44a6-9eb3-0cb64b4d43bb', success rate: 1/1.
[2026-08-30 11:08:41Z INFO JobServerQueue] Try to append 1 batches web console lines for record 'c42cb5a8-52e4-44a6-9eb3-0cb64b4d43bb', success rate: 1/1.
[2026-08-30 11:08:42Z INFO JobServerQueue] Try to append 1 batches web console lines for record 'c42cb5a8-52e4-44a6-9eb3-0cb64b4d43bb', success rate: 1/1.
[2026-08-30 11:08:42Z INFO JobServerQueue] Try to append 1 batches web console lines for record 'c42cb5a8-52e4-44a6-9eb3-0cb64b4d43bb', success rate: 1/1.
[2026-08-30 11:08:43Z INFO JobServerQueue] Try to append 1 batches web console lines for record 'c42cb5a8-52e4-44a6-9eb3-0cb64b4d43bb', success rate: 1/1.
[2026-08-30 11:08:43Z INFO JobServerQueue] Try to append 1 batches web console lines for record 'c42cb5a8-52e4-44a6-9eb3-0cb64b4d43bb', success rate: 1/1.
[2026-08-30 11:08:44Z INFO JobServerQueue] Try to append 1 batches web console lines for record 'c42cb5a8-52e4-44a6-9eb3-0cb64b4d43bb', success rate: 1/1.
[2026-08-30 11:08:45Z INFO JobServerQueue] Try to append 1 batches web console lines for record 'c42cb5a8-52e4-44a6-9eb3-0cb64b4d43bb', success rate: 1/1.
[2026-08-30 11:08:45Z INFO JobServerQueue] Try to append 1 batches web console lines for record 'c42cb5a8-52e4-44a6-9eb3-0cb64b4d43bb', success rate: 1/1.
[2026-08-30 11:08:46Z INFO JobServerQueue] Try to append 1 batches web console lines for record 'c42cb5a8-52e4-44a6-9eb3-0cb64b4d43bb', success rate: 1/1.
[2026-08-30 11:08:47Z INFO JobServerQueue] Try to append 1 batches web console lines for record 'c42cb5a8-52e4-44a6-9eb3-0cb64b4d43bb', success rate: 1/1.
[2026-08-30 11:08:47Z INFO JobServerQueue] Try to append 1 batches web console lines for record 'c42cb5a8-52e4-44a6-9eb3-0cb64b4d43bb', success rate: 1/1.
[2026-08-30 11:08:48Z INFO JobServerQueue] Try to append 1 batches web console lines for record 'c42cb5a8-52e4-44a6-9eb3-0cb64b4d43bb', success rate: 1/1.
[2026-08-30 11:08:49Z INFO JobServerQueue] Try to append 1 batches web console lines for record 'c42cb5a8-52e4-44a6-9eb3-0cb64b4d43bb', success rate: 1/1.
[2026-08-30 11:08:50Z INFO JobServerQueue] Try to append 1 batches web console lines for record 'c42cb5a8-52e4-44a6-9eb3-0cb64b4d43bb', success rate: 1/1.
[2026-08-30 11:08:50Z INFO JobServerQueue] Try to append 1 batches web console lines for record 'c42cb5a8-52e4-44a6-9eb3-0cb64b4d43bb', success rate: 1/1.
[2026-08-30 11:08:51Z INFO JobServerQueue] Try to append 1 batches web console lines for record 'c42cb5a8-52e4-44a6-9eb3-0cb64b4d43bb', success rate: 1/1.
[2026-08-30 11:08:51Z INFO JobServerQueue] Try to append 1 batches web console lines for record 'c42cb5a8-52e4-44a6-9eb3-0cb64b4d43bb', success rate: 1/1.
[2026-08-30 11:08:52Z INFO JobServerQueue] Try to append 1 batches web console lines for record 'c42cb5a8-52e4-44a6-9eb3-0cb64b4d43bb', success rate: 1/1.
[2026-08-30 11:08:52Z INFO JobServerQueue] Try to append 1 batches web console lines for record 'c42cb5a8-52e4-44a6-9eb3-0cb64b4d43bb', success rate: 1/1.
[2026-08-30 11:08:53Z INFO JobServerQueue] Try to append 1 batches web console lines for record 'c42cb5a8-52e4-44a6-9eb3-0cb64b4d43bb', success rate: 1/1.
[2026-08-30 11:08:54Z INFO JobServerQueue] Try to append 1 batches web console lines for record 'c42cb5a8-52e4-44a6-9eb3-0cb64b4d43bb', success rate: 1/1.
[2026-08-30 11:08:54Z INFO JobServerQueue] Try to append 1 batches web console lines for record 'c42cb5a8-52e4-44a6-9eb3-0cb64b4d43bb', success rate: 1/1.
[2026-08-30 11:08:55Z INFO JobServerQueue] Try to append 1 batches web console lines for record 'c42cb5a8-52e4-44a6-9eb3-0cb64b4d43bb', success rate: 1/1.
[2026-08-30 11:08:55Z INFO JobServerQueue] Try to append 1 batches web console lines for record 'c42cb5a8-52e4-44a6-9eb3-0cb64b4d43bb', success rate: 1/1.
[2026-08-30 11:08:56Z INFO JobServerQueue] Try to append 1 batches web console lines for record 'c42cb5a8-52e4-44a6-9eb3-0cb64b4d43bb', success rate: 1/1.
[2026-08-30 11:08:56Z INFO JobServerQueue] Try to append 1 batches web console lines for record 'c42cb5a8-52e4-44a6-9eb3-0cb64b4d43bb', success rate: 1/1.
[2026-08-30 11:08:57Z INFO JobServerQueue] Try to append 1 batches web console lines for record 'c42cb5a8-52e4-44a6-9eb3-0cb64b4d43bb', success rate: 1/1.
[2026-08-30 11:08:58Z INFO JobServerQueue] Try to append 1 batches web console lines for record 'c42cb5a8-52e4-44a6-9eb3-0cb64b4d43bb', success rate: 1/1.
[2026-08-30 11:08:59Z INFO JobServerQueue] Try to append 1 batches web console lines for record 'c42cb5a8-52e4-44a6-9eb3-0cb64b4d43bb', success rate: 1/1.
[2026-08-30 11:08:59Z INFO JobServerQueue] Try to append 1 batches web console lines for record 'c42cb5a8-52e4-44a6-9eb3-0cb64b4d43bb', success rate: 1/1.
[2026-08-30 11:09:00Z INFO JobServerQueue] Try to append 1 batches web console lines for record 'c42cb5a8-52e4-44a6-9eb3-0cb64b4d43bb', success rate: 1/1.
[2026-08-30 11:09:00Z INFO JobServerQueue] Try to append 1 batches web console lines for record 'c42cb5a8-52e4-44a6-9eb3-0cb64b4d43bb', success rate: 1/1.
[2026-08-30 11:09:01Z INFO JobServerQueue] Try to append 1 batches web console lines for record 'c42cb5a8-52e4-44a6-9eb3-0cb64b4d43bb', success rate: 1/1.
[2026-08-30 11:09:02Z INFO JobServerQueue] Try to append 1 batches web console lines for record 'c42cb5a8-52e4-44a6-9eb3-0cb64b4d43bb', success rate: 1/1.
[2026-08-30 11:09:03Z INFO JobServerQueue] Try to append 1 batches web console lines for record 'c42cb5a8-52e4-44a6-9eb3-0cb64b4d43bb', success rate: 1/1.
[2026-08-30 11:09:04Z INFO JobServerQueue] Try to append 1 batches web console lines for record 'c42cb5a8-52e4-44a6-9eb3-0cb64b4d43bb', success rate: 1/1.
[2026-08-30 11:09:04Z INFO JobServerQueue] Try to append 1 batches web console lines for record 'c42cb5a8-52e4-44a6-9eb3-0cb64b4d43bb', success rate: 1/1.
[2026-08-30 11:09:05Z INFO JobServerQueue] Try to append 1 batches web console lines for record 'c42cb5a8-52e4-44a6-9eb3-0cb64b4d43bb', success rate: 1/1.
[2026-08-30 11:09:05Z INFO JobServerQueue] Try to append 1 batches web console lines for record 'c42cb5a8-52e4-44a6-9eb3-0cb64b4d43bb', success rate: 1/1.
[2026-08-30 11:09:06Z INFO JobServerQueue] Try to append 1 batches web console lines for record 'c42cb5a8-52e4-44a6-9eb3-0cb64b4d43bb', success rate: 1/1.
[2026-08-30 11:09:06Z INFO JobServerQueue] Try to append 1 batches web console lines for record 'c42cb5a8-52e4-44a6-9eb3-0cb64b4d43bb', success rate: 1/1.
[2026-08-30 11:09:07Z INFO JobServerQueue] Try to append 1 batches web console lines for record 'c42cb5a8-52e4-44a6-9eb3-0cb64b4d43bb', success rate: 1/1.
[2026-08-30 11:09:07Z INFO JobServerQueue] Try to append 1 batches web console lines for record 'c42cb5a8-52e4-44a6-9eb3-0cb64b4d43bb', success rate: 1/1.
[2026-08-30 11:09:08Z INFO JobServerQueue] Try to append 1 batches web console lines for record 'c42cb5a8-52e4-44a6-9eb3-0cb64b4d43bb', success rate: 1/1.
[2026-08-30 11:09:08Z INFO JobServerQueue] Try to append 1 batches web console lines for record 'c42cb5a8-52e4-44a6-9eb3-0cb64b4d43bb', success rate: 1/1.
[2026-08-30 11:09:09Z INFO JobServerQueue] Try to append 1 batches web console lines for record 'c42cb5a8-52e4-44a6-9eb3-0cb64b4d43bb', success rate: 1/1.
[2026-08-30 11:09:09Z INFO JobServerQueue] Try to append 1 batches web console lines for record 'c42cb5a8-52e4-44a6-9eb3-0cb64b4d43bb', success rate: 1/1.
[2026-08-30 11:09:10Z INFO JobServerQueue] Try to append 1 batches web console lines for record 'c42cb5a8-52e4-44a6-9eb3-0cb64b4d43bb', success rate: 1/1.
[2026-08-30 11:09:10Z INFO JobServerQueue] Try to append 1 batches web console lines for record 'c42cb5a8-52e4-44a6-9eb3-0cb64b4d43bb', success rate: 1/1.
[2026-08-30 11:09:11Z INFO JobServerQueue] Try to append 1 batches web console lines for record 'c42cb5a8-52e4-44a6-9eb3-0cb64b4d43bb', success rate: 1/1.
[2026-08-30 11:09:11Z INFO JobServerQueue] Try to append 1 batches web console lines for record 'c42cb5a8-52e4-44a6-9eb3-0cb64b4d43bb', success rate: 1/1.
[2026-08-30 11:09:12Z INFO JobServerQueue] Try to append 1 batches web console lines for record 'c42cb5a8-52e4-44a6-9eb3-0cb64b4d43bb', success rate: 1/1.
[2026-08-30 11:09:12Z INFO JobServerQueue] Try to append 1 batches web console lines for record 'c42cb5a8-52e4-44a6-9eb3-0cb64b4d43bb', success rate: 1/1.
[2026-08-30 11:09:13Z INFO JobServerQueue] Try to append 1 batches web console lines for record 'c42cb5a8-52e4-44a6-9eb3-0cb64b4d43bb', success rate: 1/1.
[2026-08-30 11:09:13Z INFO JobServerQueue] Try to append 1 batches web console lines for record 'c42cb5a8-52e4-44a6-9eb3-0cb64b4d43bb', success rate: 1/1.
[2026-08-30 11:09:14Z INFO JobServerQueue] Try to append 1 batches web console lines for record 'c42cb5a8-52e4-44a6-9eb3-0cb64b4d43bb', success rate: 1/1.
[2026-08-30 11:09:14Z INFO JobServerQueue] Try to append 1 batches web console lines for record 'c42cb5a8-52e4-44a6-9eb3-0cb64b4d43bb', success rate: 1/1.
[2026-08-30 11:09:15Z INFO JobServerQueue] Try to append 1 batches web console lines for record 'c42cb5a8-52e4-44a6-9eb3-0cb64b4d43bb', success rate: 1/1.
[2026-08-30 11:09:16Z INFO JobServerQueue] Try to append 1 batches web console lines for record 'c42cb5a8-52e4-44a6-9eb3-0cb64b4d43bb', success rate: 1/1.
[2026-08-30 11:09:16Z INFO JobServerQueue] Try to append 1 batches web console lines for record 'c42cb5a8-52e4-44a6-9eb3-0cb64b4d43bb', success rate: 1/1.
[2026-08-30 11:09:17Z INFO JobServerQueue] Try to append 1 batches web console lines for record 'c42cb5a8-52e4-44a6-9eb3-0cb64b4d43bb', success rate: 1/1.
[2026-08-30 11:09:17Z INFO JobServerQueue] Try to append 1 batches web console lines for record 'c42cb5a8-52e4-44a6-9eb3-0cb64b4d43bb', success rate: 1/1.
[2026-08-30 11:09:18Z INFO JobServerQueue] Try to append 1 batches web console lines for record 'c42cb5a8-52e4-44a6-9eb3-0cb64b4d43bb', success rate: 1/1.
[2026-08-30 11:09:18Z INFO JobServerQueue] Try to append 1 batches web console lines for record 'c42cb5a8-52e4-44a6-9eb3-0cb64b4d43bb', success rate: 1/1.
[2026-08-30 11:09:19Z INFO JobServerQueue] Try to append 1 batches web console lines for record 'c42cb5a8-52e4-44a6-9eb3-0cb64b4d43bb', success rate: 1/1.
[2026-08-30 11:09:19Z INFO JobServerQueue] Try to append 1 batches web console lines for record 'c42cb5a8-52e4-44a6-9eb3-0cb64b4d43bb', success rate: 1/1.
[2026-08-30 11:09:20Z INFO JobServerQueue] Try to append 1 batches web console lines for record 'c42cb5a8-52e4-44a6-9eb3-0cb64b4d43bb', success rate: 1/1.
[2026-08-30 11:09:20Z INFO JobServerQueue] Try to append 1 batches web console lines for record 'c42cb5a8-52e4-44a6-9eb3-0cb64b4d43bb', success rate: 1/1.
[2026-08-30 11:09:21Z INFO JobServerQueue] Try to append 1 batches web console lines for record 'c42cb5a8-52e4-44a6-9eb3-0cb64b4d43bb', success rate: 1/1.
[2026-08-30 11:09:21Z INFO JobServerQueue] Try to append 1 batches web console lines for record 'c42cb5a8-52e4-44a6-9eb3-0cb64b4d43bb', success rate: 1/1.
[2026-08-30 11:09:22Z INFO JobServerQueue] Try to append 1 batches web console lines for record 'c42cb5a8-52e4-44a6-9eb3-0cb64b4d43bb', success rate: 1/1.
[2026-08-30 11:09:22Z INFO JobServerQueue] Try to append 1 batches web console lines for record 'c42cb5a8-52e4-44a6-9eb3-0cb64b4d43bb', success rate: 1/1.
[2026-08-30 11:09:23Z INFO JobServerQueue] Try to append 1 batches web console lines for record 'c42cb5a8-52e4-44a6-9eb3-0cb64b4d43bb', success rate: 1/1.
[2026-08-30 11:09:23Z INFO JobServerQueue] Try to append 1 batches web console lines for record 'c42cb5a8-52e4-44a6-9eb3-0cb64b4d43bb', success rate: 1/1.
[2026-08-30 11:09:24Z INFO JobServerQueue] Try to append 1 batches web console lines for record 'c42cb5a8-52e4-44a6-9eb3-0cb64b4d43bb', success rate: 1/1.
[2026-08-30 11:09:25Z INFO JobServerQueue] Try to append 1 batches web console lines for record 'c42cb5a8-52e4-44a6-9eb3-0cb64b4d43bb', success rate: 1/1.
[2026-08-30 11:09:25Z INFO JobServerQueue] Try to append 1 batches web console lines for record 'c42cb5a8-52e4-44a6-9eb3-0cb64b4d43bb', success rate: 1/1.
[2026-08-30 11:09:26Z INFO JobServerQueue] Try to append 1 batches web console lines for record 'c42cb5a8-52e4-44a6-9eb3-0cb64b4d43bb', success rate: 1/1.
[2026-08-30 11:09:26Z INFO JobServerQueue] Try to append 1 batches web console lines for record 'c42cb5a8-52e4-44a6-9eb3-0cb64b4d43bb', success rate: 1/1.
[2026-08-30 11:09:27Z INFO JobServerQueue] Try to append 1 batches web console lines for record 'c42cb5a8-52e4-44a6-9eb3-0cb64b4d43bb', success rate: 1/1.
[2026-08-30 11:09:27Z INFO JobServerQueue] Try to append 1 batches web console lines for record 'c42cb5a8-52e4-44a6-9eb3-0cb64b4d43bb', success rate: 1/1.
[2026-08-30 11:09:28Z INFO JobServerQueue] Try to append 1 batches web console lines for record 'c42cb5a8-52e4-44a6-9eb3-0cb64b4d43bb', success rate: 1/1.
[2026-08-30 11:09:28Z INFO JobServerQueue] Try to append 1 batches web console lines for record 'c42cb5a8-52e4-44a6-9eb3-0cb64b4d43bb', success rate: 1/1.
[2026-08-30 11:09:29Z INFO JobServerQueue] Try to append 1 batches web console lines for record 'c42cb5a8-52e4-44a6-9eb3-0cb64b4d43bb', success rate: 1/1.
[2026-08-30 11:09:29Z INFO JobServerQueue] Try to append 1 batches web console lines for record 'c42cb5a8-52e4-44a6-9eb3-0cb64b4d43bb', success rate: 1/1.
[2026-08-30 11:09:30Z INFO JobServerQueue] Try to append 1 batches web console lines for record 'c42cb5a8-52e4-44a6-9eb3-0cb64b4d43bb', success rate: 1/1.
[2026-08-30 11:09:30Z INFO JobServerQueue] Try to append 1 batches web console lines for record 'c42cb5a8-52e4-44a6-9eb3-0cb64b4d43bb', success rate: 1/1.
[2026-08-30 11:09:31Z INFO JobServerQueue] Try to append 1 batches web console lines for record 'c42cb5a8-52e4-44a6-9eb3-0cb64b4d43bb', success rate: 1/1.
[2026-08-30 11:09:31Z INFO JobServerQueue] Try to append 1 batches web console lines for record 'c42cb5a8-52e4-44a6-9eb3-0cb64b4d43bb', success rate: 1/1.
[2026-08-30 11:09:32Z INFO JobServerQueue] Try to append 1 batches web console lines for record 'c42cb5a8-52e4-44a6-9eb3-0cb64b4d43bb', success rate: 1/1.
[2026-08-30 11:09:32Z INFO JobServerQueue] Try to append 1 batches web console lines for record 'c42cb5a8-52e4-44a6-9eb3-0cb64b4d43bb', success rate: 1/1.
[2026-08-30 11:09:33Z INFO JobServerQueue] Try to append 1 batches web console lines for record 'c42cb5a8-52e4-44a6-9eb3-0cb64b4d43bb', success rate: 1/1.
[2026-08-30 11:09:33Z INFO JobServerQueue] Try to append 1 batches web console lines for record 'c42cb5a8-52e4-44a6-9eb3-0cb64b4d43bb', success rate: 1/1.
[2026-08-30 11:09:34Z INFO JobServerQueue] Try to append 1 batches web console lines for record 'c42cb5a8-52e4-44a6-9eb3-0cb64b4d43bb', success rate: 1/1.
[2026-08-30 11:09:34Z INFO JobServerQueue] Try to append 1 batches web console lines for record 'c42cb5a8-52e4-44a6-9eb3-0cb64b4d43bb', success rate: 1/1.
[2026-08-30 11:13:07Z INFO ProcessChannel] Receiving message of length 0, with hash 'e3b0c44298fc1c149afbf4c8996fb92427ae41e4649b934ca495991b7852b855'
[2026-08-30 11:13:07Z INFO Worker] Cancellation/Shutdown message received.
[2026-08-30 11:13:07Z INFO StepsRunner] Evaluating: success()
[2026-08-30 11:13:07Z INFO StepsRunner] Result: false
[2026-08-30 11:13:07Z INFO StepsRunner] Cancel current running step.
[2026-08-30 11:13:07Z INFO ProcessInvokerWrapper] Sending CTRL_C to process 7812.
[2026-08-30 11:13:07Z INFO ProcessInvokerWrapper] Successfully send CTRL_C to process 7812.
[2026-08-30 11:13:07Z INFO ProcessInvokerWrapper] Ignore Ctrl+C to current process.
[2026-08-30 11:13:07Z INFO ProcessInvokerWrapper] Waiting for process exit or 7.5 seconds after CTRL_C signal fired.
[2026-08-30 11:13:07Z INFO ProcessInvokerWrapper] STDOUT/STDERR stream read finished.
[2026-08-30 11:13:07Z INFO ProcessInvokerWrapper] STDOUT/STDERR stream read finished.
[2026-08-30 11:13:07Z INFO ProcessInvokerWrapper] Process exit successfully.
[2026-08-30 11:13:07Z INFO ProcessInvokerWrapper] Process cancelled successfully through Ctrl+C/SIGINT.
[2026-08-30 11:13:07Z INFO ProcessInvokerWrapper] Process Cancellation finished.
[2026-08-30 11:13:07Z INFO ProcessInvokerWrapper] Finished process 7812 with exit code 130, and elapsed time 00:07:51.9537410.
[2026-08-30 11:13:07Z INFO CreateStepSummaryCommand] Step Summary file (C:\Users\krish\Documents\BITS\mlops-project\actions-runner\_work\_temp\_runner_file_commands\step_summary_457161e4-f54d-4ff1-8b95-298f7293b183) is empty; skipping attachment upload
[2026-08-30 11:13:07Z ERR  StepsRunner] Caught cancellation exception from step: System.OperationCanceledException: The operation was canceled.
   at System.Threading.CancellationToken.ThrowOperationCanceledException()
   at GitHub.Runner.Sdk.ProcessInvoker.ExecuteAsync(String workingDirectory, String fileName, String arguments, IDictionary`2 environment, Boolean requireExitCodeZero, Encoding outputEncoding, Boolean killProcessOnCancel, Channel`1 redirectStandardIn, Boolean inheritConsoleHandler, Boolean keepStandardInOpen, Boolean highPriorityProcess, CancellationToken cancellationToken)
   at GitHub.Runner.Common.ProcessInvokerWrapper.ExecuteAsync(String workingDirectory, String fileName, String arguments, IDictionary`2 environment, Boolean requireExitCodeZero, Encoding outputEncoding, Boolean killProcessOnCancel, Channel`1 redirectStandardIn, Boolean inheritConsoleHandler, Boolean keepStandardInOpen, Boolean highPriorityProcess, CancellationToken cancellationToken)
   at GitHub.Runner.Worker.Handlers.DefaultStepHost.ExecuteAsync(IExecutionContext context, String workingDirectory, String fileName, String arguments, IDictionary`2 environment, Boolean requireExitCodeZero, Encoding outputEncoding, Boolean killProcessOnCancel, Boolean inheritConsoleHandler, String standardInInput, CancellationToken cancellationToken)
   at GitHub.Runner.Worker.Handlers.ScriptHandler.RunAsync(ActionRunStage stage)
   at GitHub.Runner.Worker.ActionRunner.RunAsync()
   at GitHub.Runner.Worker.StepsRunner.RunStepAsync(IStep step, CancellationToken jobCancellationToken)
[2026-08-30 11:13:07Z INFO StepsRunner] Step result: Canceled
[2026-08-30 11:13:07Z INFO ExecutionContext] Publish step telemetry for current step {
  "action": "cmd",
  "type": "run",
  "stage": "Main",
  "stepId": "c42cb5a8-52e4-44a6-9eb3-0cb64b4d43bb",
  "stepContextName": "__run",
  "result": "canceled",
  "errorMessages": [
    "The operation was canceled."
  ],
  "executionTimeInSeconds": 473,
  "startTime": "2026-08-30T11:05:15.8394547Z",
  "finishTime": "2026-08-30T11:13:07.9427988Z"
}.
[2026-08-30 11:13:07Z INFO StepsRunner] No need for updating job result with current step result 'Canceled'.
[2026-08-30 11:13:07Z INFO StepsRunner] Current state: job state = 'Canceled'
[2026-08-30 11:13:07Z INFO StepsRunner] Processing step: DisplayName='Remove old container'
[2026-08-30 11:13:07Z INFO StepsRunner] Evaluating: success()
[2026-08-30 11:13:07Z INFO StepsRunner] Result: false
[2026-08-30 11:13:07Z INFO StepsRunner] Skipping step due to condition evaluation.
[2026-08-30 11:13:07Z INFO StepsRunner] No need for updating job result with current step result 'Skipped'.
[2026-08-30 11:13:07Z INFO StepsRunner] Current state: job state = 'Canceled'
[2026-08-30 11:13:07Z INFO StepsRunner] Processing step: DisplayName='Deploy application'
[2026-08-30 11:13:07Z INFO StepsRunner] Evaluating: success()
[2026-08-30 11:13:07Z INFO StepsRunner] Result: false
[2026-08-30 11:13:07Z INFO StepsRunner] Skipping step due to condition evaluation.
[2026-08-30 11:13:07Z INFO StepsRunner] No need for updating job result with current step result 'Skipped'.
[2026-08-30 11:13:07Z INFO StepsRunner] Current state: job state = 'Canceled'
[2026-08-30 11:13:07Z INFO StepsRunner] Processing step: DisplayName='Check deployment'
[2026-08-30 11:13:07Z INFO StepsRunner] Evaluating: success()
[2026-08-30 11:13:07Z INFO StepsRunner] Result: false
[2026-08-30 11:13:07Z INFO StepsRunner] Skipping step due to condition evaluation.
[2026-08-30 11:13:07Z INFO StepsRunner] No need for updating job result with current step result 'Skipped'.
[2026-08-30 11:13:07Z INFO StepsRunner] Current state: job state = 'Canceled'
[2026-08-30 11:13:07Z INFO StepsRunner] Processing step: DisplayName='Wait for application'
[2026-08-30 11:13:07Z INFO StepsRunner] Evaluating: success()
[2026-08-30 11:13:07Z INFO StepsRunner] Result: false
[2026-08-30 11:13:07Z INFO StepsRunner] Skipping step due to condition evaluation.
[2026-08-30 11:13:07Z INFO StepsRunner] No need for updating job result with current step result 'Skipped'.
[2026-08-30 11:13:07Z INFO StepsRunner] Current state: job state = 'Canceled'
[2026-08-30 11:13:07Z INFO StepsRunner] Processing step: DisplayName='Run smoke tests'
[2026-08-30 11:13:07Z INFO StepsRunner] Evaluating: success()
[2026-08-30 11:13:07Z INFO StepsRunner] Result: false
[2026-08-30 11:13:07Z INFO StepsRunner] Skipping step due to condition evaluation.
[2026-08-30 11:13:07Z INFO StepsRunner] No need for updating job result with current step result 'Skipped'.
[2026-08-30 11:13:07Z INFO StepsRunner] Current state: job state = 'Canceled'
[2026-08-30 11:13:07Z INFO StepsRunner] Processing step: DisplayName='Post Checkout repository'
[2026-08-30 11:13:08Z INFO StepsRunner] Evaluating: always()
[2026-08-30 11:13:08Z INFO StepsRunner] Result: true
[2026-08-30 11:13:08Z INFO StepsRunner] Starting the step.
[2026-08-30 11:13:08Z INFO HostContext] Well known directory 'Bin': 'C:\Users\krish\Documents\BITS\mlops-project\actions-runner\bin'
[2026-08-30 11:13:08Z INFO HostContext] Well known directory 'Root': 'C:\Users\krish\Documents\BITS\mlops-project\actions-runner'
[2026-08-30 11:13:08Z INFO HostContext] Well known directory 'Work': 'C:\Users\krish\Documents\BITS\mlops-project\actions-runner\_work'
[2026-08-30 11:13:08Z INFO StepsRunner] Which2: 'chcp'
[2026-08-30 11:13:08Z INFO StepsRunner] Location: 'C:\WINDOWS\system32\chcp.COM'
[2026-08-30 11:13:08Z INFO ProcessInvokerWrapper] Starting process:
[2026-08-30 11:13:08Z INFO ProcessInvokerWrapper]   File name: 'C:\WINDOWS\system32\chcp.COM'
[2026-08-30 11:13:08Z INFO ProcessInvokerWrapper]   Arguments: '65001'
[2026-08-30 11:13:08Z INFO ProcessInvokerWrapper]   Working directory: 'C:\Users\krish\Documents\BITS\mlops-project\actions-runner\_work'
[2026-08-30 11:13:08Z INFO ProcessInvokerWrapper]   Require exit code zero: 'False'
[2026-08-30 11:13:08Z INFO ProcessInvokerWrapper]   Encoding web name:  ; code page: ''
[2026-08-30 11:13:08Z INFO ProcessInvokerWrapper]   Force kill process on cancellation: 'False'
[2026-08-30 11:13:08Z INFO ProcessInvokerWrapper]   Redirected STDIN: 'False'
[2026-08-30 11:13:08Z INFO ProcessInvokerWrapper]   Persist current code page: 'True'
[2026-08-30 11:13:08Z INFO ProcessInvokerWrapper]   Keep redirected STDIN open: 'False'
[2026-08-30 11:13:08Z INFO ProcessInvokerWrapper]   High priority process: 'False'
[2026-08-30 11:13:08Z INFO ProcessInvokerWrapper] Process started with process id 23420, waiting for process exit.
[2026-08-30 11:13:08Z INFO JobServerQueue] Try to upload 1 log files or attachments, success rate: 1/1.
[2026-08-30 11:13:08Z INFO JobServerQueue] Got a step log file to send to results service.
[2026-08-30 11:13:08Z INFO JobServerQueue] Starting upload of step log file to results service ResultsLog, C:\Users\krish\Documents\BITS\mlops-project\actions-runner\_diag\blocks\d01eb050-6120-4cbc-bf7c-af0f239eac1e_c42cb5a8-52e4-44a6-9eb3-0cb64b4d43bb.1
[2026-08-30 11:13:08Z INFO JobServerQueue] Try to append 1 batches web console lines for record 'c42cb5a8-52e4-44a6-9eb3-0cb64b4d43bb', success rate: 1/1.
[2026-08-30 11:13:09Z INFO ProcessInvokerWrapper] STDOUT/STDERR stream read finished.
[2026-08-30 11:13:09Z INFO ProcessInvokerWrapper] STDOUT/STDERR stream read finished.
[2026-08-30 11:13:09Z INFO ProcessInvokerWrapper] Finished process 23420 with exit code 0, and elapsed time 00:00:01.4085432.
[2026-08-30 11:13:09Z INFO StepsRunner] Successfully returned to code page 65001 (UTF8)
[2026-08-30 11:13:09Z INFO HostContext] Well known directory 'Bin': 'C:\Users\krish\Documents\BITS\mlops-project\actions-runner\bin'
[2026-08-30 11:13:09Z INFO HostContext] Well known directory 'Root': 'C:\Users\krish\Documents\BITS\mlops-project\actions-runner'
[2026-08-30 11:13:09Z INFO HostContext] Well known directory 'Work': 'C:\Users\krish\Documents\BITS\mlops-project\actions-runner\_work'
[2026-08-30 11:13:09Z INFO HostContext] Well known directory 'Actions': 'C:\Users\krish\Documents\BITS\mlops-project\actions-runner\_work\_actions'
[2026-08-30 11:13:09Z INFO ActionManager] Load action that reference repository from 'C:\Users\krish\Documents\BITS\mlops-project\actions-runner\_work\_actions\actions\checkout\v4'
[2026-08-30 11:13:09Z INFO HostContext] Well known directory 'Bin': 'C:\Users\krish\Documents\BITS\mlops-project\actions-runner\bin'
[2026-08-30 11:13:09Z INFO HostContext] Well known directory 'Root': 'C:\Users\krish\Documents\BITS\mlops-project\actions-runner'
[2026-08-30 11:13:09Z INFO HostContext] Well known directory 'Work': 'C:\Users\krish\Documents\BITS\mlops-project\actions-runner\_work'
[2026-08-30 11:13:09Z INFO HostContext] Well known directory 'Actions': 'C:\Users\krish\Documents\BITS\mlops-project\actions-runner\_work\_actions'
[2026-08-30 11:13:09Z INFO ActionManifestManagerLegacy] Loaded action.yml file: {
  "name": "Checkout",
  "description": "Checkout a Git repository at a particular version",
  "inputs": {
    "type": 2,
    "map": [
      {
        "key": {
          "type": 0,
          "file": 2,
          "line": 4,
          "col": 3,
          "lit": "repository"
        },
        "value": {
          "type": 3,
          "file": 2,
          "line": 6,
          "col": 14,
          "expr": "github.repository"
        }
      },
      {
        "key": {
          "type": 0,
          "file": 2,
          "line": 7,
          "col": 3,
          "lit": "ref"
        },
        "value": ""
      },
      {
        "key": {
          "type": 0,
          "file": 2,
          "line": 12,
          "col": 3,
          "lit": "token"
        },
        "value": {
          "type": 3,
          "file": 2,
          "line": 24,
          "col": 14,
          "expr": "github.token"
        }
      },
      {
        "key": {
          "type": 0,
          "file": 2,
          "line": 25,
          "col": 3,
          "lit": "ssh-key"
        },
        "value": ""
      },
      {
        "key": {
          "type": 0,
          "file": 2,
          "line": 37,
          "col": 3,
          "lit": "ssh-known-hosts"
        },
        "value": ""
      },
      {
        "key": {
          "type": 0,
          "file": 2,
          "line": 42,
          "col": 3,
          "lit": "ssh-strict"
        },
        "value": {
          "type": 0,
          "file": 2,
          "line": 47,
          "col": 14,
          "lit": "true"
        }
      },
      {
        "key": {
          "type": 0,
          "file": 2,
          "line": 48,
          "col": 3,
          "lit": "ssh-user"
        },
        "value": {
          "type": 0,
          "file": 2,
          "line": 51,
          "col": 14,
          "lit": "git"
        }
      },
      {
        "key": {
          "type": 0,
          "file": 2,
          "line": 52,
          "col": 3,
          "lit": "persist-credentials"
        },
        "value": {
          "type": 0,
          "file": 2,
          "line": 54,
          "col": 14,
          "lit": "true"
        }
      },
      {
        "key": {
          "type": 0,
          "file": 2,
          "line": 55,
          "col": 3,
          "lit": "path"
        },
        "value": ""
      },
      {
        "key": {
          "type": 0,
          "file": 2,
          "line": 57,
          "col": 3,
          "lit": "clean"
        },
        "value": {
          "type": 0,
          "file": 2,
          "line": 59,
          "col": 14,
          "lit": "true"
        }
      },
      {
        "key": {
          "type": 0,
          "file": 2,
          "line": 60,
          "col": 3,
          "lit": "filter"
        },
        "value": {
          "type": 0,
          "file": 2,
          "line": 64,
          "col": 14,
          "lit": ""
        }
      },
      {
        "key": {
          "type": 0,
          "file": 2,
          "line": 65,
          "col": 3,
          "lit": "sparse-checkout"
        },
        "value": {
          "type": 0,
          "file": 2,
          "line": 69,
          "col": 14,
          "lit": ""
        }
      },
      {
        "key": {
          "type": 0,
          "file": 2,
          "line": 70,
          "col": 3,
          "lit": "sparse-checkout-cone-mode"
        },
        "value": {
          "type": 0,
          "file": 2,
          "line": 73,
          "col": 14,
          "lit": "true"
        }
      },
      {
        "key": {
          "type": 0,
          "file": 2,
          "line": 74,
          "col": 3,
          "lit": "fetch-depth"
        },
        "value": {
          "type": 0,
          "file": 2,
          "line": 76,
          "col": 14,
          "lit": "1"
        }
      },
      {
        "key": {
          "type": 0,
          "file": 2,
          "line": 77,
          "col": 3,
          "lit": "fetch-tags"
        },
        "value": {
          "type": 0,
          "file": 2,
          "line": 79,
          "col": 14,
          "lit": "false"
        }
      },
      {
        "key": {
          "type": 0,
          "file": 2,
          "line": 80,
          "col": 3,
          "lit": "show-progress"
        },
        "value": {
          "type": 0,
          "file": 2,
          "line": 82,
          "col": 14,
          "lit": "true"
        }
      },
      {
        "key": {
          "type": 0,
          "file": 2,
          "line": 83,
          "col": 3,
          "lit": "lfs"
        },
        "value": {
          "type": 0,
          "file": 2,
          "line": 85,
          "col": 14,
          "lit": "false"
        }
      },
      {
        "key": {
          "type": 0,
          "file": 2,
          "line": 86,
          "col": 3,
          "lit": "submodules"
        },
        "value": {
          "type": 0,
          "file": 2,
          "line": 94,
          "col": 14,
          "lit": "false"
        }
      },
      {
        "key": {
          "type": 0,
          "file": 2,
          "line": 95,
          "col": 3,
          "lit": "set-safe-directory"
        },
        "value": {
          "type": 0,
          "file": 2,
          "line": 97,
          "col": 14,
          "lit": "true"
        }
      },
      {
        "key": {
          "type": 0,
          "file": 2,
          "line": 98,
          "col": 3,
          "lit": "github-server-url"
        },
        "value": ""
      },
      {
        "key": {
          "type": 0,
          "file": 2,
          "line": 101,
          "col": 3,
          "lit": "allow-unsafe-pr-checkout"
        },
        "value": {
          "type": 0,
          "file": 2,
          "line": 109,
          "col": 14,
          "lit": "false"
        }
      }
    ]
  },
  "execution": {
    "executionType": "nodeJS",
    "hasPre": false,
    "hasPost": true,
    "script": "dist/index.js",
    "pre": null,
    "post": "dist/index.js",
    "nodeVersion": "node20",
    "cleanupCondition": "always()",
    "initCondition": "always()"
  },
  "deprecated": null
}
[2026-08-30 11:13:09Z INFO ActionManager] Action pre node.js file: N/A.
[2026-08-30 11:13:09Z INFO ActionManager] Action node.js file: dist/index.js.
[2026-08-30 11:13:09Z INFO ActionManager] Action post node.js file: dist/index.js.
[2026-08-30 11:13:09Z INFO HostContext] Well known directory 'Bin': 'C:\Users\krish\Documents\BITS\mlops-project\actions-runner\bin'
[2026-08-30 11:13:09Z INFO HostContext] Well known directory 'Root': 'C:\Users\krish\Documents\BITS\mlops-project\actions-runner'
[2026-08-30 11:13:09Z INFO HostContext] Well known directory 'Work': 'C:\Users\krish\Documents\BITS\mlops-project\actions-runner\_work'
[2026-08-30 11:13:09Z INFO HostContext] Well known directory 'Temp': 'C:\Users\krish\Documents\BITS\mlops-project\actions-runner\_work\_temp'
[2026-08-30 11:13:09Z INFO ExecutionContext] Write event payload to C:\Users\krish\Documents\BITS\mlops-project\actions-runner\_work\_temp\_github_workflow\event.json
[2026-08-30 11:13:09Z ERR  StepsRunner] Caught exception from step: System.IO.IOException: Failed to create 'C:\Users\krish\Documents\BITS\mlops-project\actions-runner\_work\_temp\_github_workflow\event.json' with allocation size '9327' because the disk was full.
   at Microsoft.Win32.SafeHandles.SafeFileHandle.Preallocate(String fullPath, Int64 preallocationSize, SafeFileHandle fileHandle)
   at Microsoft.Win32.SafeHandles.SafeFileHandle.Open(String fullPath, FileMode mode, FileAccess access, FileShare share, FileOptions options, Int64 preallocationSize, Nullable`1 unixCreateMode)
   at System.IO.File.OpenHandle(String path, FileMode mode, FileAccess access, FileShare share, FileOptions options, Int64 preallocationSize)
   at System.IO.File.WriteToFile(String path, FileMode mode, String contents, Encoding encoding)
   at GitHub.Runner.Worker.ExecutionContext.WriteWebhookPayload()
   at GitHub.Runner.Worker.ActionRunner.RunAsync()
   at GitHub.Runner.Worker.StepsRunner.RunStepAsync(IStep step, CancellationToken jobCancellationToken)
[2026-08-30 11:13:09Z INFO StepsRunner] Step result: Failed
[2026-08-30 11:13:09Z INFO StepsRunner] Update job result with current step result 'Failed'.
[2026-08-30 11:13:09Z INFO StepsRunner] Current state: job state = 'Canceled'
[2026-08-30 11:13:09Z INFO JobRunner] Finalize job.
[2026-08-30 11:13:09Z INFO HostContext] Well known directory 'Bin': 'C:\Users\krish\Documents\BITS\mlops-project\actions-runner\bin'
[2026-08-30 11:13:09Z INFO HostContext] Well known directory 'Root': 'C:\Users\krish\Documents\BITS\mlops-project\actions-runner'
[2026-08-30 11:13:09Z INFO HostContext] Well known directory 'Diag': 'C:\Users\krish\Documents\BITS\mlops-project\actions-runner\_diag'
[2026-08-30 11:13:09Z INFO HostContext] Well known directory 'Bin': 'C:\Users\krish\Documents\BITS\mlops-project\actions-runner\bin'
[2026-08-30 11:13:09Z INFO HostContext] Well known directory 'Root': 'C:\Users\krish\Documents\BITS\mlops-project\actions-runner'
[2026-08-30 11:13:09Z INFO HostContext] Well known directory 'Diag': 'C:\Users\krish\Documents\BITS\mlops-project\actions-runner\_diag'
[2026-08-30 11:13:09Z INFO JobExtension] Initialize Env context
[2026-08-30 11:13:09Z INFO JobExtension] Initialize steps context
[2026-08-30 11:13:09Z INFO JobExtension] Total accessible running process: 316.
[2026-08-30 11:13:09Z INFO JobExtension] Inspecting process environment variables. PID: 22248 (svchost)
[2026-08-30 11:13:09Z INFO JobServerQueue] Try to append 1 batches web console lines for record '35672d1c-39b9-4901-b219-f1066bd7624a', success rate: 1/1.
[2026-08-30 11:13:09Z INFO JobServerQueue] Try to append 1 batches web console lines for record '4806a24d-00dc-4520-bfc5-cfba74118c96', success rate: 1/1.
[2026-08-30 11:13:09Z WARN JobExtension] Ignore exception during read process environment variables: Access is denied.
[2026-08-30 11:13:09Z INFO JobExtension] Inspecting process environment variables. PID: 7780 (svchost)
[2026-08-30 11:13:09Z WARN JobExtension] Ignore exception during read process environment variables: Access is denied.
[2026-08-30 11:13:09Z INFO JobExtension] Inspecting process environment variables. PID: 19648 (svchost)
[2026-08-30 11:13:09Z WARN JobExtension] Ignore exception during read process environment variables: Access is denied.
[2026-08-30 11:13:09Z INFO JobExtension] Inspecting process environment variables. PID: 6452 (WmiApSrv)
[2026-08-30 11:13:09Z WARN JobExtension] Ignore exception during read process environment variables: Access is denied.
[2026-08-30 11:13:09Z INFO JobExtension] Inspecting process environment variables. PID: 18816 (svchost)
[2026-08-30 11:13:09Z WARN JobExtension] Ignore exception during read process environment variables: Access is denied.
[2026-08-30 11:13:09Z INFO JobExtension] Inspecting process environment variables. PID: 6560 (svchost)
[2026-08-30 11:13:09Z WARN JobExtension] Ignore exception during read process environment variables: Access is denied.
[2026-08-30 11:13:09Z INFO JobExtension] Inspecting process environment variables. PID: 19192 (RuntimeBroker)
[2026-08-30 11:13:10Z INFO JobExtension] Inspecting process environment variables. PID: 16580 (smartscreen)
[2026-08-30 11:13:10Z INFO JobExtension] Inspecting process environment variables. PID: 19236 (Docker Desktop)
[2026-08-30 11:13:10Z INFO JobExtension] Inspecting process environment variables. PID: 16816 (docker)
[2026-08-30 11:13:10Z INFO JobExtension] Inspecting process environment variables. PID: 15308 (conhost)
[2026-08-30 11:13:10Z WARN JobExtension] Ignore exception during read process environment variables: Cannot process request because the process (15308) has exited.
[2026-08-30 11:13:10Z INFO JobExtension] Inspecting process environment variables. PID: 19068 (docker)
[2026-08-30 11:13:10Z INFO JobExtension] Inspecting process environment variables. PID: 22620 (docker)
[2026-08-30 11:13:10Z INFO JobExtension] Inspecting process environment variables. PID: 9328 (conhost)
[2026-08-30 11:13:10Z INFO JobExtension] Inspecting process environment variables. PID: 18340 (conhost)
[2026-08-30 11:13:10Z INFO JobExtension] Inspecting process environment variables. PID: 10748 (conhost)
[2026-08-30 11:13:10Z WARN JobExtension] Ignore exception during read process environment variables: Cannot process request because the process (10748) has exited.
[2026-08-30 11:13:10Z INFO JobExtension] Inspecting process environment variables. PID: 19220 (Runner.Listener)
[2026-08-30 11:13:10Z WARN JobExtension] Ignore exception during read process environment variables: Access is denied.
[2026-08-30 11:13:10Z INFO JobExtension] Inspecting process environment variables. PID: 14224 (WerFault)
[2026-08-30 11:13:10Z INFO JobExtension] Wait for all connectivity checks to finish.
[2026-08-30 11:13:10Z INFO JobServerQueue] Try to upload 1 log files or attachments, success rate: 1/1.
[2026-08-30 11:13:10Z INFO JobExtension] Connectivity check result: {
  "endpointUrl": "https://broker.actions.githubusercontent.com/health",
  "endpointIPs": null,
  "startTime": "2026-08-30T11:05:01.3774483Z",
  "statusCode": "http_OK",
  "requestId": "C0CA:22ED34:18B7BE6:1A0FE60:6A940E5E",
  "httpRequestDurationInMs": 691,
  "dnsResolutionDurationInMs": 0,
  "dnsError": null
}
[2026-08-30 11:13:10Z INFO JobExtension] Connectivity check result: {
  "endpointUrl": "https://token.actions.githubusercontent.com/ready",
  "endpointIPs": null,
  "startTime": "2026-08-30T11:05:01.3790028Z",
  "statusCode": "http_NoContent",
  "requestId": "C0CC:3E5F25:2CCF4A2:3921BA6:6A940E5E",
  "httpRequestDurationInMs": 934,
  "dnsResolutionDurationInMs": 0,
  "dnsError": null
}
[2026-08-30 11:13:10Z INFO JobExtension] Connectivity check result: {
  "endpointUrl": "https://run.actions.githubusercontent.com/health",
  "endpointIPs": null,
  "startTime": "2026-08-30T11:05:01.3795334Z",
  "statusCode": "http_OK",
  "requestId": "C0CB:253DA9:18983C8:192EE6B:6A940E5E",
  "httpRequestDurationInMs": 736,
  "dnsResolutionDurationInMs": 0,
  "dnsError": null
}
[2026-08-30 11:13:10Z INFO ExecutionContext] Publish step telemetry for current step {
  "action": "complete_job",
  "type": "runner",
  "stage": "Post",
  "stepId": "4806a24d-00dc-4520-bfc5-cfba74118c96",
  "result": "succeeded",
  "errorMessages": [
    "Node.js 20 is deprecated. The following actions target Node.js 20 but are being forced to run on Node.js 24: actions/checkout@v4. For more information see: https://github.blog/changelog/2025-09-19-deprecation-of-node-20-on-github-actions-runners/"
  ],
  "executionTimeInSeconds": 1,
  "startTime": "2026-08-30T11:13:09.6156167Z",
  "finishTime": "2026-08-30T11:13:10.2082326Z"
}.
[2026-08-30 11:13:10Z INFO JobRunner] Job result after all job steps finish: Canceled
[2026-08-30 11:13:10Z INFO JobRunner] Completing the job execution context.
[2026-08-30 11:13:10Z INFO JobRunner] Shutting down the job server queue.
[2026-08-30 11:13:10Z INFO JobServerQueue] Fire signal to shutdown all queues.
[2026-08-30 11:13:11Z INFO JobServerQueue] Tried to upload 1 file(s) to results, success rate: 1/1.
[2026-08-30 11:13:12Z INFO JobServerQueue] All queue process task stopped.
[2026-08-30 11:13:12Z INFO JobServerQueue] Try to append 1 batches web console lines for record '4806a24d-00dc-4520-bfc5-cfba74118c96', success rate: 1/1.
[2026-08-30 11:13:12Z INFO JobServerQueue] Web console line queue drained.
[2026-08-30 11:13:12Z INFO JobServerQueue] Uploading 2 files in one shot.
[2026-08-30 11:13:12Z INFO JobServerQueue] Try to upload 2 log files or attachments, success rate: 2/2.
[2026-08-30 11:13:12Z INFO JobServerQueue] File upload queue drained.
[2026-08-30 11:13:12Z INFO JobServerQueue] Starting results-based upload queue...
[2026-08-30 11:13:12Z INFO JobServerQueue] Uploading 3 file(s) in one shot through results service.
[2026-08-30 11:13:12Z INFO JobServerQueue] Got a step log file to send to results service.
[2026-08-30 11:13:12Z INFO JobServerQueue] Starting upload of step log file to results service ResultsLog, C:\Users\krish\Documents\BITS\mlops-project\actions-runner\_diag\blocks\d01eb050-6120-4cbc-bf7c-af0f239eac1e_35672d1c-39b9-4901-b219-f1066bd7624a.1
[2026-08-30 11:13:13Z INFO JobServerQueue] Got a step log file to send to results service.
[2026-08-30 11:13:13Z INFO JobServerQueue] Starting upload of step log file to results service ResultsLog, C:\Users\krish\Documents\BITS\mlops-project\actions-runner\_diag\blocks\d01eb050-6120-4cbc-bf7c-af0f239eac1e_4806a24d-00dc-4520-bfc5-cfba74118c96.1
[2026-08-30 11:13:14Z INFO JobServerQueue] Got a job log file to send to results service.
[2026-08-30 11:13:14Z INFO JobServerQueue] Starting upload of job log file to results service ResultsLog, C:\Users\krish\Documents\BITS\mlops-project\actions-runner\_diag\blocks\d01eb050-6120-4cbc-bf7c-af0f239eac1e_8497834d-b6c0-574a-a46d-3cd38e490c2f.1
[2026-08-30 11:13:15Z INFO JobServerQueue] Tried to upload 3 file(s) to results, success rate: 3/3.
[2026-08-30 11:13:15Z INFO JobServerQueue] Results upload queue drained.
[2026-08-30 11:13:15Z INFO JobServerQueue] Timeline update queue drained.
[2026-08-30 11:13:15Z INFO JobServerQueue] Disposing job server ...
[2026-08-30 11:13:15Z INFO JobServerQueue] Disposing results server ...
[2026-08-30 11:13:15Z INFO JobServerQueue] All queue process tasks have been stopped, and all queues are drained.
[2026-08-30 11:13:15Z INFO TempDirectoryManager] Cleaning runner temp folder: C:\Users\krish\Documents\BITS\mlops-project\actions-runner\_work\_temp
[2026-08-30 11:13:15Z INFO HostContext] Well known directory 'Bin': 'C:\Users\krish\Documents\BITS\mlops-project\actions-runner\bin'
[2026-08-30 11:13:15Z INFO HostContext] Well known directory 'Root': 'C:\Users\krish\Documents\BITS\mlops-project\actions-runner'
[2026-08-30 11:13:15Z INFO HostContext] Well known directory 'Diag': 'C:\Users\krish\Documents\BITS\mlops-project\actions-runner\_diag'
[2026-08-30 11:13:15Z INFO HostContext] Well known config file 'Telemetry': 'C:\Users\krish\Documents\BITS\mlops-project\actions-runner\_diag\.telemetry'
[2026-08-30 11:13:15Z INFO JobRunner] Raising job completed against run service
