[2026-08-30 10:53:49Z INFO HostContext] No proxy settings were found based on environmental variables (http_proxy/https_proxy/HTTP_PROXY/HTTPS_PROXY)
[2026-08-30 10:53:49Z INFO HostContext] Well known directory 'Bin': 'C:\Users\krish\Documents\BITS\mlops-project\actions-runner\bin'
[2026-08-30 10:53:49Z INFO HostContext] Well known directory 'Root': 'C:\Users\krish\Documents\BITS\mlops-project\actions-runner'
[2026-08-30 10:53:49Z INFO HostContext] Well known config file 'Credentials': 'C:\Users\krish\Documents\BITS\mlops-project\actions-runner\.credentials'
[2026-08-30 10:53:50Z INFO HostContext] Well known directory 'Bin': 'C:\Users\krish\Documents\BITS\mlops-project\actions-runner\bin'
[2026-08-30 10:53:50Z INFO HostContext] Well known directory 'Root': 'C:\Users\krish\Documents\BITS\mlops-project\actions-runner'
[2026-08-30 10:53:50Z INFO HostContext] Well known config file 'Runner': 'C:\Users\krish\Documents\BITS\mlops-project\actions-runner\.runner'
[2026-08-30 10:53:51Z INFO Worker] Version: 2.336.0
[2026-08-30 10:53:51Z INFO Worker] Commit: 98aabcd429c4e8402406c56ce2d26387fed3b9ce
[2026-08-30 10:53:51Z INFO Worker] Culture: en-IN
[2026-08-30 10:53:51Z INFO Worker] UI Culture: en-US
[2026-08-30 10:53:51Z INFO Worker] Waiting to receive the job message from the channel.
[2026-08-30 10:53:51Z INFO ProcessChannel] Receiving message of length 24492, with hash '15593deb1a668f4018c6a9277194df7fb1915816e41fa5aa08aa927bcd4f28e6'
[2026-08-30 10:53:51Z INFO Worker] Message received.
[2026-08-30 10:53:51Z INFO Worker] Job message:
 {
  "defaults": [
    {
      "type": 2,
      "file": 1,
      "line": 14,
      "col": 7,
      "map": [
        {
          "key": {
            "type": 0,
            "file": 1,
            "line": 14,
            "col": 7,
            "lit": "run"
          },
          "value": {
            "type": 2,
            "file": 1,
            "line": 15,
            "col": 9,
            "map": [
              {
                "key": {
                  "type": 0,
                  "file": 1,
                  "line": 15,
                  "col": 9,
                  "lit": "shell"
                },
                "value": {
                  "type": 0,
                  "file": 1,
                  "line": 15,
                  "col": 16,
                  "lit": "cmd"
                }
              }
            ]
          }
        }
      ]
    }
  ],
  "fileTable": [
    ".github/workflows/cd.yml"
  ],
  "mask": [
    {
      "type": "regex",
      "value": "***"
    },
    {
      "type": "regex",
      "value": "***"
    },
    {
      "type": "regex",
      "value": "***"
    },
    {
      "type": "regex",
      "value": "***"
    },
    {
      "type": "regex",
      "value": "***"
    },
    {
      "type": "regex",
      "value": "***"
    },
    {
      "type": "regex",
      "value": "***"
    },
    {
      "type": "regex",
      "value": "***"
    },
    {
      "type": "regex",
      "value": "***"
    },
    {
      "type": "regex",
      "value": "***"
    },
    {
      "type": "regex",
      "value": "***"
    },
    {
      "type": "regex",
      "value": "***"
    },
    {
      "type": "regex",
      "value": "***"
    },
    {
      "type": "regex",
      "value": "***"
    },
    {
      "type": "regex",
      "value": "***"
    },
    {
      "type": "regex",
      "value": "***"
    },
    {
      "type": "regex",
      "value": "***"
    },
    {
      "type": "regex",
      "value": "***"
    },
    {
      "type": "regex",
      "value": "***"
    },
    {
      "type": "regex",
      "value": "***"
    },
    {
      "type": "regex",
      "value": "***"
    },
    {
      "type": "regex",
      "value": "***"
    },
    {
      "type": "regex",
      "value": "***"
    },
    {
      "type": "regex",
      "value": "***"
    }
  ],
  "steps": [
    {
      "type": "action",
      "reference": {
        "type": "repository",
        "name": "actions/checkout",
        "ref": "v4",
        "repositoryType": "GitHub"
      },
      "displayNameToken": {
        "type": 0,
        "file": 1,
        "line": 19,
        "col": 15,
        "lit": "Checkout repository"
      },
      "contextName": "__actions_checkout",
      "condition": "success()",
      "id": "bfe831a6-f902-49dd-a26a-1a4f065bd9b3",
      "name": "__actions_checkout"
    },
    {
      "type": "action",
      "reference": {
        "type": "script"
      },
      "displayNameToken": {
        "type": 0,
        "file": 1,
        "line": 22,
        "col": 15,
        "lit": "Pull latest Docker image"
      },
      "contextName": "__run",
      "inputs": {
        "type": 2,
        "map": [
          {
            "key": "script",
            "value": {
              "type": 0,
              "file": 1,
              "line": 23,
              "col": 14,
              "lit": "docker compose pull\n"
            }
          }
        ]
      },
      "condition": "success()",
      "id": "492bbfdd-b142-42d5-82fa-a658bd6e884a",
      "name": "__run"
    },
    {
      "type": "action",
      "reference": {
        "type": "script"
      },
      "displayNameToken": {
        "type": 0,
        "file": 1,
        "line": 26,
        "col": 15,
        "lit": "Remove old container"
      },
      "contextName": "__run_2",
      "inputs": {
        "type": 2,
        "map": [
          {
            "key": "script",
            "value": {
              "type": 0,
              "file": 1,
              "line": 27,
              "col": 14,
              "lit": "docker rm -f cats-dogs-api >nul 2>&1\nexit /b 0\n"
            }
          }
        ]
      },
      "condition": "success()",
      "id": "b7d13d55-a575-4023-b8ee-ee498da2dc1e",
      "name": "__run_2"
    },
    {
      "type": "action",
      "reference": {
        "type": "script"
      },
      "displayNameToken": {
        "type": 0,
        "file": 1,
        "line": 31,
        "col": 15,
        "lit": "Deploy application"
      },
      "contextName": "__run_3",
      "inputs": {
        "type": 2,
        "map": [
          {
            "key": "script",
            "value": {
              "type": 0,
              "file": 1,
              "line": 32,
              "col": 14,
              "lit": "docker compose up -d\n"
            }
          }
        ]
      },
      "condition": "success()",
      "id": "4fb8731c-1b86-465f-a1b9-1ff175055b76",
      "name": "__run_3"
    },
    {
      "type": "action",
      "reference": {
        "type": "script"
      },
      "displayNameToken": {
        "type": 0,
        "file": 1,
        "line": 35,
        "col": 15,
        "lit": "Check deployment"
      },
      "contextName": "__run_4",
      "inputs": {
        "type": 2,
        "map": [
          {
            "key": "script",
            "value": {
              "type": 0,
              "file": 1,
              "line": 36,
              "col": 14,
              "lit": "docker compose ps\n"
            }
          }
        ]
      },
      "condition": "success()",
      "id": "5c0876b3-3be0-4429-a401-ff36f0f93965",
      "name": "__run_4"
    },
    {
      "type": "action",
      "reference": {
        "type": "script"
      },
      "displayNameToken": {
        "type": 0,
        "file": 1,
        "line": 39,
        "col": 15,
        "lit": "Wait for application"
      },
      "contextName": "__run_5",
      "inputs": {
        "type": 2,
        "map": [
          {
            "key": "script",
            "value": {
              "type": 0,
              "file": 1,
              "line": 40,
              "col": 14,
              "lit": "timeout /t 10 /nobreak\n"
            }
          }
        ]
      },
      "condition": "success()",
      "id": "7ad0f960-bfd8-4d05-a263-95a4ddfe7e75",
      "name": "__run_5"
    },
    {
      "type": "action",
      "reference": {
        "type": "script"
      },
      "displayNameToken": {
        "type": 0,
        "file": 1,
        "line": 43,
        "col": 15,
        "lit": "Run smoke tests"
      },
      "contextName": "__run_6",
      "inputs": {
        "type": 2,
        "map": [
          {
            "key": "script",
            "value": {
              "type": 0,
              "file": 1,
              "line": 44,
              "col": 14,
              "lit": "python smoke_tests.py"
            }
          }
        ]
      },
      "condition": "success()",
      "id": "627206ff-deb3-44d8-a96c-332605b89a8a",
      "name": "__run_6"
    }
  ],
  "variables": {
    "Actions.EnableHttpRedirects": {
      "value": "true"
    },
    "DistributedTask.AddWarningToNode12Action": {
      "value": "true"
    },
    "DistributedTask.AddWarningToNode16Action": {
      "value": "true"
    },
    "DistributedTask.AllowRunnerContainerHooks": {
      "value": "true"
    },
    "DistributedTask.DeprecateStepOutputCommands": {
      "value": "true"
    },
    "DistributedTask.DetailUntarFailure": {
      "value": "true"
    },
    "DistributedTask.EnableCompositeActions": {
      "value": "true"
    },
    "DistributedTask.EnableJobServerQueueTelemetry": {
      "value": "true"
    },
    "DistributedTask.EnhancedAnnotations": {
      "value": "true"
    },
    "DistributedTask.ForceGithubJavascriptActionsToNode16": {
      "value": "true"
    },
    "DistributedTask.ForceGithubJavascriptActionsToNode20": {
      "value": "true"
    },
    "DistributedTask.LogTemplateErrorsAsDebugMessages": {
      "value": "true"
    },
    "DistributedTask.MarkJobAsFailedOnWorkerCrash": {
      "value": "true"
    },
    "DistributedTask.NewActionMetadata": {
      "value": "true"
    },
    "DistributedTask.UploadStepSummary": {
      "value": "true"
    },
    "DistributedTask.UseActionArchiveCache": {
      "value": "true"
    },
    "DistributedTask.UseWhich2": {
      "value": "true"
    },
    "RunService.FixEmbeddedIssues": {
      "value": "true"
    },
    "actions.runner.requirenode24": {
      "value": "false"
    },
    "actions.runner.usenode24bydefault": {
      "value": "true"
    },
    "actions.runner.warnonnode20": {
      "value": "true"
    },
    "actions_add_check_run_id_to_job_context": {
      "value": "true"
    },
    "actions_batch_action_resolution": {
      "value": "false"
    },
    "actions_container_action_runner_temp": {
      "value": "true"
    },
    "actions_display_helpful_actions_download_errors": {
      "value": "true"
    },
    "actions_runner_allow_artifacts_file": {
      "value": "false"
    },
    "actions_runner_compare_workflow_parser": {
      "value": "false"
    },
    "actions_runner_deprecate_linux_arm32": {
      "value": "true"
    },
    "actions_runner_emit_composite_markers": {
      "value": "true"
    },
    "actions_runner_kill_linux_arm32": {
      "value": "false"
    },
    "actions_runner_node20_removal_date": {
      "value": ""
    },
    "actions_runner_node24_default_date": {
      "value": "June 16th, 2026"
    },
    "actions_self_repository": {
      "value": "true"
    },
    "actions_service_container_command": {
      "value": "true"
    },
    "actions_set_orchestration_id_env_for_actions": {
      "value": "true"
    },
    "actions_skip_retry_complete_job_upon_known_errors": {
      "value": "true"
    },
    "actions_snapshot_preflight_hosted_runner_check": {
      "value": "false"
    },
    "actions_snapshot_preflight_image_gen_pool_check": {
      "value": "false"
    },
    "actions_use_bearer_token_for_codeload": {
      "value": "false"
    },
    "actions_uses_cache_service_v2": {
      "value": "true"
    },
    "github_token": {
      "value": "***",
      "isSecret": true
    },
    "system.from_run_service": {
      "value": "true"
    },
    "system.github.job": {
      "value": "deploy"
    },
    "system.github.launch_endpoint": {
      "value": "https://launch.actions.githubusercontent.com"
    },
    "system.github.results_endpoint": {
      "value": "https://results-receiver.actions.githubusercontent.com/"
    },
    "system.github.results_upload_with_sdk": {
      "value": "true"
    },
    "system.github.token": {
      "value": "***",
      "isSecret": true
    },
    "system.github.token.permissions": {
      "value": "{\"Contents\":\"read\",\"Metadata\":\"read\",\"Packages\":\"read\"}"
    },
    "system.orchestrationId": {
      "value": "c35f91a6-f00c-4de7-bb1c-b38e6111cf71.deploy.__default"
    },
    "system.phaseDisplayName": {
      "value": "deploy"
    },
    "system.runner.lowdiskspacethreshold": {
      "value": "100"
    },
    "system.runnerEnvironment": {
      "value": "self-hosted"
    },
    "system.runnerGroupName": {
      "value": "Default"
    }
  },
  "messageType": "RunnerJobRequest",
  "plan": {
    "scopeIdentifier": "00000000-0000-0000-0000-000000000000",
    "planType": "actions",
    "version": 0,
    "planId": "c35f91a6-f00c-4de7-bb1c-b38e6111cf71",
    "planGroup": null,
    "artifactUri": null,
    "artifactLocation": null,
    "definition": null,
    "owner": null
  },
  "timeline": {
    "id": "c35f91a6-f00c-4de7-bb1c-b38e6111cf71",
    "changeId": 0,
    "location": null
  },
  "jobId": "bd6e7e06-1740-5624-809a-45255feab124",
  "jobDisplayName": "deploy",
  "jobName": "__default",
  "requestId": 0,
  "lockedUntil": "0001-01-01T00:00:00",
  "resources": {
    "endpoints": [
      {
        "data": {
          "ServerId": "",
          "ServerName": "",
          "CacheServerUrl": "https://artifactcache.actions.githubusercontent.com/HYuKmglMQMl7trVwvnqxtOY8iQZGcBLZase1hxQ2xSLdHe4AJJ/",
          "FeedStreamUrl": "wss://results-receiver.actions.githubusercontent.com/_ws/ingest.sock",
          "ResultsServiceUrl": "https://results-receiver.actions.githubusercontent.com/",
          "PipelinesServiceUrl": "https://pipelinesghubeus11.actions.githubusercontent.com/HYuKmglMQMl7trVwvnqxtOY8iQZGcBLZase1hxQ2xSLdHe4AJJ/",
          "GenerateIdTokenUrl": "",
          "ConnectivityChecks": "[\"https://broker.actions.githubusercontent.com/health\",\"https://token.actions.githubusercontent.com/ready\",\"https://run.actions.githubusercontent.com/health\"]",
          "ConnectivityAndDNSChecks": ""
        },
        "name": "SystemVssConnection",
        "url": "https://run-actions-1-azure-eastus.actions.githubusercontent.com/221/",
        "authorization": {
          "parameters": {
            "AccessToken": "***"
          },
          "scheme": "OAuth"
        },
        "isShared": false,
        "isReady": true
      }
    ]
  },
  "contextData": {
    "github": {
      "t": 2,
      "d": [
        {
          "k": "ref",
          "v": "refs/heads/main"
        },
        {
          "k": "sha",
          "v": "4c151f0f15b4863227996c29f330d88216199977"
        },
        {
          "k": "repository",
          "v": "2024ac05127-tech/assignment2"
        },
        {
          "k": "repository_owner",
          "v": "2024ac05127-tech"
        },
        {
          "k": "repository_owner_id",
          "v": "299813098"
        },
        {
          "k": "repositoryUrl",
          "v": "git://github.com/2024ac05127-tech/assignment2.git"
        },
        {
          "k": "run_id",
          "v": "33307572238"
        },
        {
          "k": "run_number",
          "v": "6"
        },
        {
          "k": "retention_days",
          "v": "90"
        },
        {
          "k": "run_attempt",
          "v": "1"
        },
        {
          "k": "artifact_cache_size_limit",
          "v": "10"
        },
        {
          "k": "repository_visibility",
          "v": "public"
        },
        {
          "k": "actor_id",
          "v": "299813098"
        },
        {
          "k": "actor",
          "v": "2024ac05127-tech"
        },
        {
          "k": "workflow",
          "v": "M4 CD Pipeline"
        },
        {
          "k": "head_ref",
          "v": ""
        },
        {
          "k": "base_ref",
          "v": ""
        },
        {
          "k": "event_name",
          "v": "push"
        },
        {
          "k": "server_url",
          "v": "https://github.com"
        },
        {
          "k": "api_url",
          "v": "https://api.github.com"
        },
        {
          "k": "graphql_url",
          "v": "https://api.github.com/graphql"
        },
        {
          "k": "ref_name",
          "v": "main"
        },
        {
          "k": "ref_protected",
          "v": false
        },
        {
          "k": "ref_type",
          "v": "branch"
        },
        {
          "k": "secret_source",
          "v": "Actions"
        },
        {
          "k": "event",
          "v": {
            "t": 2,
            "d": [
              {
                "k": "after",
                "v": "4c151f0f15b4863227996c29f330d88216199977"
              },
              {
                "k": "base_ref",
                "v": null
              },
              {
                "k": "before",
                "v": "7bcf2e0d4974438501e239fc0583935647678759"
              },
              {
                "k": "commits",
                "v": {
                  "t": 1,
                  "a": [
                    {
                      "t": 2,
                      "d": [
                        {
                          "k": "author",
                          "v": {
                            "t": 2,
                            "d": [
                              {
                                "k": "email",
                                "v": "krishnareghu2018@gmail.com"
                              },
                              {
                                "k": "name",
                                "v": "Krishna Priya R"
                              },
                              {
                                "k": "username",
                                "v": "krishnapriya5"
                              }
                            ]
                          }
                        },
                        {
                          "k": "committer",
                          "v": {
                            "t": 2,
                            "d": [
                              {
                                "k": "email",
                                "v": "krishnareghu2018@gmail.com"
                              },
                              {
                                "k": "name",
                                "v": "Krishna Priya R"
                              },
                              {
                                "k": "username",
                                "v": "krishnapriya5"
                              }
                            ]
                          }
                        },
                        {
                          "k": "distinct",
                          "v": true
                        },
                        {
                          "k": "id",
                          "v": "4c151f0f15b4863227996c29f330d88216199977"
                        },
                        {
                          "k": "message",
                          "v": "Fix M4 CD deployment"
                        },
                        {
                          "k": "timestamp",
                          "v": "2026-08-30T16:23:36+05:30"
                        },
                        {
                          "k": "tree_id",
                          "v": "4763e9c35c6408a3af7413e26c82b9a93f16f71f"
                        },
                        {
                          "k": "url",
                          "v": "https://github.com/2024ac05127-tech/assignment2/commit/4c151f0f15b4863227996c29f330d88216199977"
                        }
                      ]
                    }
                  ]
                }
              },
              {
                "k": "compare",
                "v": "https://github.com/2024ac05127-tech/assignment2/compare/7bcf2e0d4974...4c151f0f15b4"
              },
              {
                "k": "created",
                "v": false
              },
              {
                "k": "deleted",
                "v": false
              },
              {
                "k": "forced",
                "v": false
              },
              {
                "k": "head_commit",
                "v": {
                  "t": 2,
                  "d": [
                    {
                      "k": "author",
                      "v": {
                        "t": 2,
                        "d": [
                          {
                            "k": "email",
                            "v": "krishnareghu2018@gmail.com"
                          },
                          {
                            "k": "name",
                            "v": "Krishna Priya R"
                          },
                          {
                            "k": "username",
                            "v": "krishnapriya5"
                          }
                        ]
                      }
                    },
                    {
                      "k": "committer",
                      "v": {
                        "t": 2,
                        "d": [
                          {
                            "k": "email",
                            "v": "krishnareghu2018@gmail.com"
                          },
                          {
                            "k": "name",
                            "v": "Krishna Priya R"
                          },
                          {
                            "k": "username",
                            "v": "krishnapriya5"
                          }
                        ]
                      }
                    },
                    {
                      "k": "distinct",
                      "v": true
                    },
                    {
                      "k": "id",
                      "v": "4c151f0f15b4863227996c29f330d88216199977"
                    },
                    {
                      "k": "message",
                      "v": "Fix M4 CD deployment"
                    },
                    {
                      "k": "timestamp",
                      "v": "2026-08-30T16:23:36+05:30"
                    },
                    {
                      "k": "tree_id",
                      "v": "4763e9c35c6408a3af7413e26c82b9a93f16f71f"
                    },
                    {
                      "k": "url",
                      "v": "https://github.com/2024ac05127-tech/assignment2/commit/4c151f0f15b4863227996c29f330d88216199977"
                    }
                  ]
                }
              },
              {
                "k": "pusher",
                "v": {
                  "t": 2,
                  "d": [
                    {
                      "k": "email",
                      "v": "2024ac05127@wilp.bits-pilani.ac.in"
                    },
                    {
                      "k": "name",
                      "v": "2024ac05127-tech"
                    }
                  ]
                }
              },
              {
                "k": "ref",
                "v": "refs/heads/main"
              },
              {
                "k": "repository",
                "v": {
                  "t": 2,
                  "d": [
                    {
                      "k": "allow_forking",
                      "v": true
                    },
                    {
                      "k": "archive_url",
                      "v": "https://api.github.com/repos/2024ac05127-tech/assignment2/{archive_format}{/ref}"
                    },
                    {
                      "k": "archived",
                      "v": false
                    },
                    {
                      "k": "assignees_url",
                      "v": "https://api.github.com/repos/2024ac05127-tech/assignment2/assignees{/user}"
                    },
                    {
                      "k": "blobs_url",
                      "v": "https://api.github.com/repos/2024ac05127-tech/assignment2/git/blobs{/sha}"
                    },
                    {
                      "k": "branches_url",
                      "v": "https://api.github.com/repos/2024ac05127-tech/assignment2/branches{/branch}"
                    },
                    {
                      "k": "clone_url",
                      "v": "https://github.com/2024ac05127-tech/assignment2.git"
                    },
                    {
                      "k": "collaborators_url",
                      "v": "https://api.github.com/repos/2024ac05127-tech/assignment2/collaborators{/collaborator}"
                    },
                    {
                      "k": "comments_url",
                      "v": "https://api.github.com/repos/2024ac05127-tech/assignment2/comments{/number}"
                    },
                    {
                      "k": "commits_url",
                      "v": "https://api.github.com/repos/2024ac05127-tech/assignment2/commits{/sha}"
                    },
                    {
                      "k": "compare_url",
                      "v": "https://api.github.com/repos/2024ac05127-tech/assignment2/compare/{base}...{head}"
                    },
                    {
                      "k": "contents_url",
                      "v": "https://api.github.com/repos/2024ac05127-tech/assignment2/contents/{+path}"
                    },
                    {
                      "k": "contributors_url",
                      "v": "https://api.github.com/repos/2024ac05127-tech/assignment2/contributors"
                    },
                    {
                      "k": "created_at",
                      "v": 1787839779.0
                    },
                    {
                      "k": "default_branch",
                      "v": "main"
                    },
                    {
                      "k": "deployments_url",
                      "v": "https://api.github.com/repos/2024ac05127-tech/assignment2/deployments"
                    },
                    {
                      "k": "description",
                      "v": null
                    },
                    {
                      "k": "disabled",
                      "v": false
                    },
                    {
                      "k": "downloads_url",
                      "v": "https://api.github.com/repos/2024ac05127-tech/assignment2/downloads"
                    },
                    {
                      "k": "events_url",
                      "v": "https://api.github.com/repos/2024ac05127-tech/assignment2/events"
                    },
                    {
                      "k": "fork",
                      "v": false
                    },
                    {
                      "k": "forks",
                      "v": 0.0
                    },
                    {
                      "k": "forks_count",
                      "v": 0.0
                    },
                    {
                      "k": "forks_url",
                      "v": "https://api.github.com/repos/2024ac05127-tech/assignment2/forks"
                    },
                    {
                      "k": "full_name",
                      "v": "2024ac05127-tech/assignment2"
                    },
                    {
                      "k": "git_commits_url",
                      "v": "https://api.github.com/repos/2024ac05127-tech/assignment2/git/commits{/sha}"
                    },
                    {
                      "k": "git_refs_url",
                      "v": "https://api.github.com/repos/2024ac05127-tech/assignment2/git/refs{/sha}"
                    },
                    {
                      "k": "git_tags_url",
                      "v": "https://api.github.com/repos/2024ac05127-tech/assignment2/git/tags{/sha}"
                    },
                    {
                      "k": "git_url",
                      "v": "git://github.com/2024ac05127-tech/assignment2.git"
                    },
                    {
                      "k": "has_discussions",
                      "v": false
                    },
                    {
                      "k": "has_downloads",
                      "v": true
                    },
                    {
                      "k": "has_issues",
                      "v": true
                    },
                    {
                      "k": "has_pages",
                      "v": false
                    },
                    {
                      "k": "has_projects",
                      "v": true
                    },
                    {
                      "k": "has_pull_requests",
                      "v": true
                    },
                    {
                      "k": "has_wiki",
                      "v": true
                    },
                    {
                      "k": "homepage",
                      "v": null
                    },
                    {
                      "k": "hooks_url",
                      "v": "https://api.github.com/repos/2024ac05127-tech/assignment2/hooks"
                    },
                    {
                      "k": "html_url",
                      "v": "https://github.com/2024ac05127-tech/assignment2"
                    },
                    {
                      "k": "id",
                      "v": 1348565472.0
                    },
                    {
                      "k": "is_template",
                      "v": false
                    },
                    {
                      "k": "issue_comment_url",
                      "v": "https://api.github.com/repos/2024ac05127-tech/assignment2/issues/comments{/number}"
                    },
                    {
                      "k": "issue_events_url",
                      "v": "https://api.github.com/repos/2024ac05127-tech/assignment2/issues/events{/number}"
                    },
                    {
                      "k": "issues_url",
                      "v": "https://api.github.com/repos/2024ac05127-tech/assignment2/issues{/number}"
                    },
                    {
                      "k": "keys_url",
                      "v": "https://api.github.com/repos/2024ac05127-tech/assignment2/keys{/key_id}"
                    },
                    {
                      "k": "labels_url",
                      "v": "https://api.github.com/repos/2024ac05127-tech/assignment2/labels{/name}"
                    },
                    {
                      "k": "language",
                      "v": "Python"
                    },
                    {
                      "k": "languages_url",
                      "v": "https://api.github.com/repos/2024ac05127-tech/assignment2/languages"
                    },
                    {
                      "k": "license",
                      "v": null
                    },
                    {
                      "k": "master_branch",
                      "v": "main"
                    },
                    {
                      "k": "merges_url",
                      "v": "https://api.github.com/repos/2024ac05127-tech/assignment2/merges"
                    },
                    {
                      "k": "milestones_url",
                      "v": "https://api.github.com/repos/2024ac05127-tech/assignment2/milestones{/number}"
                    },
                    {
                      "k": "mirror_url",
                      "v": null
                    },
                    {
                      "k": "name",
                      "v": "assignment2"
                    },
                    {
                      "k": "node_id",
                      "v": "R_kgDOUGF54A"
                    },
                    {
                      "k": "notifications_url",
                      "v": "https://api.github.com/repos/2024ac05127-tech/assignment2/notifications{?since,all,participating}"
                    },
                    {
                      "k": "open_issues",
                      "v": 0.0
                    },
                    {
                      "k": "open_issues_count",
                      "v": 0.0
                    },
                    {
                      "k": "owner",
                      "v": {
                        "t": 2,
                        "d": [
                          {
                            "k": "avatar_url",
                            "v": "https://avatars.githubusercontent.com/u/299813098?v=4"
                          },
                          {
                            "k": "email",
                            "v": "2024ac05127@wilp.bits-pilani.ac.in"
                          },
                          {
                            "k": "events_url",
                            "v": "https://api.github.com/users/2024ac05127-tech/events{/privacy}"
                          },
                          {
                            "k": "followers_url",
                            "v": "https://api.github.com/users/2024ac05127-tech/followers"
                          },
                          {
                            "k": "following_url",
                            "v": "https://api.github.com/users/2024ac05127-tech/following{/other_user}"
                          },
                          {
                            "k": "gists_url",
                            "v": "https://api.github.com/users/2024ac05127-tech/gists{/gist_id}"
                          },
                          {
                            "k": "gravatar_id",
                            "v": ""
                          },
                          {
                            "k": "html_url",
                            "v": "https://github.com/2024ac05127-tech"
                          },
                          {
                            "k": "id",
                            "v": 299813098.0
                          },
                          {
                            "k": "login",
                            "v": "2024ac05127-tech"
                          },
                          {
                            "k": "name",
                            "v": "2024ac05127-tech"
                          },
                          {
                            "k": "node_id",
                            "v": "U_kgDOEd7I6g"
                          },
                          {
                            "k": "organizations_url",
                            "v": "https://api.github.com/users/2024ac05127-tech/orgs"
                          },
                          {
                            "k": "received_events_url",
                            "v": "https://api.github.com/users/2024ac05127-tech/received_events"
                          },
                          {
                            "k": "repos_url",
                            "v": "https://api.github.com/users/2024ac05127-tech/repos"
                          },
                          {
                            "k": "site_admin",
                            "v": false
                          },
                          {
                            "k": "starred_url",
                            "v": "https://api.github.com/users/2024ac05127-tech/starred{/owner}{/repo}"
                          },
                          {
                            "k": "subscriptions_url",
                            "v": "https://api.github.com/users/2024ac05127-tech/subscriptions"
                          },
                          {
                            "k": "type",
                            "v": "User"
                          },
                          {
                            "k": "url",
                            "v": "https://api.github.com/users/2024ac05127-tech"
                          },
                          {
                            "k": "user_view_type",
                            "v": "public"
                          }
                        ]
                      }
                    },
                    {
                      "k": "private",
                      "v": false
                    },
                    {
                      "k": "pull_request_creation_policy",
                      "v": "all"
                    },
                    {
                      "k": "pulls_url",
                      "v": "https://api.github.com/repos/2024ac05127-tech/assignment2/pulls{/number}"
                    },
                    {
                      "k": "pushed_at",
                      "v": 1788087222.0
                    },
                    {
                      "k": "releases_url",
                      "v": "https://api.github.com/repos/2024ac05127-tech/assignment2/releases{/id}"
                    },
                    {
                      "k": "size",
                      "v": 74.0
                    },
                    {
                      "k": "ssh_url",
                      "v": "git@github.com:2024ac05127-tech/assignment2.git"
                    },
                    {
                      "k": "stargazers",
                      "v": 0.0
                    },
                    {
                      "k": "stargazers_count",
                      "v": 0.0
                    },
                    {
                      "k": "stargazers_url",
                      "v": "https://api.github.com/repos/2024ac05127-tech/assignment2/stargazers"
                    },
                    {
                      "k": "statuses_url",
                      "v": "https://api.github.com/repos/2024ac05127-tech/assignment2/statuses/{sha}"
                    },
                    {
                      "k": "subscribers_url",
                      "v": "https://api.github.com/repos/2024ac05127-tech/assignment2/subscribers"
                    },
                    {
                      "k": "subscription_url",
                      "v": "https://api.github.com/repos/2024ac05127-tech/assignment2/subscription"
                    },
                    {
                      "k": "svn_url",
                      "v": "https://github.com/2024ac05127-tech/assignment2"
                    },
                    {
                      "k": "tags_url",
                      "v": "https://api.github.com/repos/2024ac05127-tech/assignment2/tags"
                    },
                    {
                      "k": "teams_url",
                      "v": "https://api.github.com/repos/2024ac05127-tech/assignment2/teams"
                    },
                    {
                      "k": "topics",
                      "v": {
                        "t": 1
                      }
                    },
                    {
                      "k": "trees_url",
                      "v": "https://api.github.com/repos/2024ac05127-tech/assignment2/git/trees{/sha}"
                    },
                    {
                      "k": "updated_at",
                      "v": "2026-08-30T10:41:55Z"
                    },
                    {
                      "k": "url",
                      "v": "https://api.github.com/repos/2024ac05127-tech/assignment2"
                    },
                    {
                      "k": "visibility",
                      "v": "public"
                    },
                    {
                      "k": "watchers",
                      "v": 0.0
                    },
                    {
                      "k": "watchers_count",
                      "v": 0.0
                    },
                    {
                      "k": "web_commit_signoff_required",
                      "v": false
                    }
                  ]
                }
              },
              {
                "k": "sender",
                "v": {
                  "t": 2,
                  "d": [
                    {
                      "k": "avatar_url",
                      "v": "https://avatars.githubusercontent.com/u/299813098?v=4"
                    },
                    {
                      "k": "events_url",
                      "v": "https://api.github.com/users/2024ac05127-tech/events{/privacy}"
                    },
                    {
                      "k": "followers_url",
                      "v": "https://api.github.com/users/2024ac05127-tech/followers"
                    },
                    {
                      "k": "following_url",
                      "v": "https://api.github.com/users/2024ac05127-tech/following{/other_user}"
                    },
                    {
                      "k": "gists_url",
                      "v": "https://api.github.com/users/2024ac05127-tech/gists{/gist_id}"
                    },
                    {
                      "k": "gravatar_id",
                      "v": ""
                    },
                    {
                      "k": "html_url",
                      "v": "https://github.com/2024ac05127-tech"
                    },
                    {
                      "k": "id",
                      "v": 299813098.0
                    },
                    {
                      "k": "login",
                      "v": "2024ac05127-tech"
                    },
                    {
                      "k": "node_id",
                      "v": "U_kgDOEd7I6g"
                    },
                    {
                      "k": "organizations_url",
                      "v": "https://api.github.com/users/2024ac05127-tech/orgs"
                    },
                    {
                      "k": "received_events_url",
                      "v": "https://api.github.com/users/2024ac05127-tech/received_events"
                    },
                    {
                      "k": "repos_url",
                      "v": "https://api.github.com/users/2024ac05127-tech/repos"
                    },
                    {
                      "k": "site_admin",
                      "v": false
                    },
                    {
                      "k": "starred_url",
                      "v": "https://api.github.com/users/2024ac05127-tech/starred{/owner}{/repo}"
                    },
                    {
                      "k": "subscriptions_url",
                      "v": "https://api.github.com/users/2024ac05127-tech/subscriptions"
                    },
                    {
                      "k": "type",
                      "v": "User"
                    },
                    {
                      "k": "url",
                      "v": "https://api.github.com/users/2024ac05127-tech"
                    },
                    {
                      "k": "user_view_type",
                      "v": "public"
                    }
                  ]
                }
              }
            ]
          }
        },
        {
          "k": "workflow_ref",
          "v": "2024ac05127-tech/assignment2/.github/workflows/cd.yml@refs/heads/main"
        },
        {
          "k": "workflow_sha",
          "v": "4c151f0f15b4863227996c29f330d88216199977"
        },
        {
          "k": "repository_id",
          "v": "1348565472"
        },
        {
          "k": "triggering_actor",
          "v": "2024ac05127-tech"
        }
      ]
    },
    "inputs": {
      "t": 2
    },
    "job": {
      "t": 2,
      "d": [
        {
          "k": "check_run_id",
          "v": 99246714277.0
        },
        {
          "k": "workflow_ref",
          "v": "2024ac05127-tech/assignment2/.github/workflows/cd.yml@refs/heads/main"
        },
        {
          "k": "workflow_sha",
          "v": "4c151f0f15b4863227996c29f330d88216199977"
        },
        {
          "k": "workflow_repository",
          "v": "2024ac05127-tech/assignment2"
        },
        {
          "k": "workflow_file_path",
          "v": ".github/workflows/cd.yml"
        }
      ]
    },
    "matrix": null,
    "needs": {
      "t": 2
    },
    "strategy": {
      "t": 2,
      "d": [
        {
          "k": "fail-fast",
          "v": true
        },
        {
          "k": "job-index",
          "v": 0.0
        },
        {
          "k": "job-total",
          "v": 1.0
        },
        {
          "k": "max-parallel",
          "v": 1.0
        }
      ]
    },
    "vars": {
      "t": 2
    }
  },
  "billingOwnerId": "U_kgDOEd7I6g"
}
[2026-08-30 10:53:51Z INFO JobRunner] Job ID bd6e7e06-1740-5624-809a-45255feab124
[2026-08-30 10:53:51Z INFO ConfigurationStore] currentAssemblyLocation: C:\Users\krish\Documents\BITS\mlops-project\actions-runner\bin\Runner.Worker.dll
[2026-08-30 10:53:51Z INFO HostContext] Well known directory 'Bin': 'C:\Users\krish\Documents\BITS\mlops-project\actions-runner\bin'
[2026-08-30 10:53:51Z INFO ConfigurationStore] binPath: C:\Users\krish\Documents\BITS\mlops-project\actions-runner\bin
[2026-08-30 10:53:51Z INFO HostContext] Well known directory 'Bin': 'C:\Users\krish\Documents\BITS\mlops-project\actions-runner\bin'
[2026-08-30 10:53:51Z INFO HostContext] Well known directory 'Root': 'C:\Users\krish\Documents\BITS\mlops-project\actions-runner'
[2026-08-30 10:53:51Z INFO ConfigurationStore] RootFolder: C:\Users\krish\Documents\BITS\mlops-project\actions-runner
[2026-08-30 10:53:51Z INFO HostContext] Well known directory 'Bin': 'C:\Users\krish\Documents\BITS\mlops-project\actions-runner\bin'
[2026-08-30 10:53:51Z INFO HostContext] Well known directory 'Root': 'C:\Users\krish\Documents\BITS\mlops-project\actions-runner'
[2026-08-30 10:53:51Z INFO HostContext] Well known config file 'Runner': 'C:\Users\krish\Documents\BITS\mlops-project\actions-runner\.runner'
[2026-08-30 10:53:51Z INFO ConfigurationStore] ConfigFilePath: C:\Users\krish\Documents\BITS\mlops-project\actions-runner\.runner
[2026-08-30 10:53:51Z INFO HostContext] Well known directory 'Bin': 'C:\Users\krish\Documents\BITS\mlops-project\actions-runner\bin'
[2026-08-30 10:53:51Z INFO HostContext] Well known directory 'Root': 'C:\Users\krish\Documents\BITS\mlops-project\actions-runner'
[2026-08-30 10:53:51Z INFO HostContext] Well known config file 'MigratedRunner': 'C:\Users\krish\Documents\BITS\mlops-project\actions-runner\.runner_migrated'
[2026-08-30 10:53:51Z INFO ConfigurationStore] MigratedConfigFilePath: C:\Users\krish\Documents\BITS\mlops-project\actions-runner\.runner_migrated
[2026-08-30 10:53:51Z INFO HostContext] Well known directory 'Bin': 'C:\Users\krish\Documents\BITS\mlops-project\actions-runner\bin'
[2026-08-30 10:53:51Z INFO HostContext] Well known directory 'Root': 'C:\Users\krish\Documents\BITS\mlops-project\actions-runner'
[2026-08-30 10:53:51Z INFO HostContext] Well known config file 'Credentials': 'C:\Users\krish\Documents\BITS\mlops-project\actions-runner\.credentials'
[2026-08-30 10:53:51Z INFO ConfigurationStore] CredFilePath: C:\Users\krish\Documents\BITS\mlops-project\actions-runner\.credentials
[2026-08-30 10:53:51Z INFO HostContext] Well known directory 'Bin': 'C:\Users\krish\Documents\BITS\mlops-project\actions-runner\bin'
[2026-08-30 10:53:51Z INFO HostContext] Well known directory 'Root': 'C:\Users\krish\Documents\BITS\mlops-project\actions-runner'
[2026-08-30 10:53:51Z INFO HostContext] Well known config file 'MigratedCredentials': 'C:\Users\krish\Documents\BITS\mlops-project\actions-runner\.credentials_migrated'
[2026-08-30 10:53:51Z INFO ConfigurationStore] MigratedCredFilePath: C:\Users\krish\Documents\BITS\mlops-project\actions-runner\.credentials_migrated
[2026-08-30 10:53:51Z INFO HostContext] Well known directory 'Bin': 'C:\Users\krish\Documents\BITS\mlops-project\actions-runner\bin'
[2026-08-30 10:53:51Z INFO HostContext] Well known directory 'Root': 'C:\Users\krish\Documents\BITS\mlops-project\actions-runner'
[2026-08-30 10:53:51Z INFO HostContext] Well known config file 'Service': 'C:\Users\krish\Documents\BITS\mlops-project\actions-runner\.service'
[2026-08-30 10:53:51Z INFO ConfigurationStore] ServiceConfigFilePath: C:\Users\krish\Documents\BITS\mlops-project\actions-runner\.service
[2026-08-30 10:53:51Z INFO ConfigurationStore] Read setting file: 408 chars
[2026-08-30 10:53:51Z INFO JobRunner] Initializing launch client
[2026-08-30 10:53:51Z INFO JobServerQueue] Initializing results client
[2026-08-30 10:53:51Z INFO ResultServer] Creating websocket client ...wss://results-receiver.actions.githubusercontent.com/_ws/ingest.sock
[2026-08-30 10:53:51Z INFO ResultServer] Attempting to start websocket client with delay 00:00:00.
[2026-08-30 10:53:52Z INFO JobServerQueue] Start process web console line queue.
[2026-08-30 10:53:52Z INFO JobServerQueue] Start process file upload queue.
[2026-08-30 10:53:52Z INFO JobServerQueue] Start results file upload queue.
[2026-08-30 10:53:52Z INFO JobServerQueue] Starting results-based upload queue...
[2026-08-30 10:53:52Z INFO JobServerQueue] Start process timeline update queue.
[2026-08-30 10:53:52Z INFO ExecutionContext] Initializing Job context
[2026-08-30 10:53:52Z INFO ExecutionContext] Initialize GitHub context
[2026-08-30 10:53:52Z INFO ExecutionContext] Initialize Env context
[2026-08-30 10:53:52Z INFO HostContext] Well known directory 'Bin': 'C:\Users\krish\Documents\BITS\mlops-project\actions-runner\bin'
[2026-08-30 10:53:52Z INFO HostContext] Well known directory 'Root': 'C:\Users\krish\Documents\BITS\mlops-project\actions-runner'
[2026-08-30 10:53:52Z INFO HostContext] Well known directory 'Diag': 'C:\Users\krish\Documents\BITS\mlops-project\actions-runner\_diag'
[2026-08-30 10:53:52Z INFO HostContext] Well known directory 'Bin': 'C:\Users\krish\Documents\BITS\mlops-project\actions-runner\bin'
[2026-08-30 10:53:52Z INFO HostContext] Well known directory 'Root': 'C:\Users\krish\Documents\BITS\mlops-project\actions-runner'
[2026-08-30 10:53:52Z INFO HostContext] Well known directory 'Diag': 'C:\Users\krish\Documents\BITS\mlops-project\actions-runner\_diag'
[2026-08-30 10:53:52Z INFO JobRunner] Starting the job execution context.
[2026-08-30 10:53:52Z INFO HostContext] Well known directory 'Bin': 'C:\Users\krish\Documents\BITS\mlops-project\actions-runner\bin'
[2026-08-30 10:53:52Z INFO HostContext] Well known directory 'Root': 'C:\Users\krish\Documents\BITS\mlops-project\actions-runner'
[2026-08-30 10:53:52Z INFO HostContext] Well known directory 'Work': 'C:\Users\krish\Documents\BITS\mlops-project\actions-runner\_work'
[2026-08-30 10:53:52Z INFO JobRunner] Validating directory permissions for: 'C:\Users\krish\Documents\BITS\mlops-project\actions-runner\_work'
[2026-08-30 10:53:52Z INFO HostContext] Well known directory 'Bin': 'C:\Users\krish\Documents\BITS\mlops-project\actions-runner\bin'
[2026-08-30 10:53:52Z INFO HostContext] Well known directory 'Root': 'C:\Users\krish\Documents\BITS\mlops-project\actions-runner'
[2026-08-30 10:53:52Z INFO HostContext] Well known directory 'Work': 'C:\Users\krish\Documents\BITS\mlops-project\actions-runner\_work'
[2026-08-30 10:53:52Z INFO HostContext] Well known directory 'Tools': 'C:\Users\krish\Documents\BITS\mlops-project\actions-runner\_work\_tool'
[2026-08-30 10:53:52Z INFO HostContext] Well known directory 'Bin': 'C:\Users\krish\Documents\BITS\mlops-project\actions-runner\bin'
[2026-08-30 10:53:52Z INFO HostContext] Well known directory 'Root': 'C:\Users\krish\Documents\BITS\mlops-project\actions-runner'
[2026-08-30 10:53:52Z INFO HostContext] Well known directory 'Work': 'C:\Users\krish\Documents\BITS\mlops-project\actions-runner\_work'
[2026-08-30 10:53:52Z INFO HostContext] Well known directory 'Temp': 'C:\Users\krish\Documents\BITS\mlops-project\actions-runner\_work\_temp'
[2026-08-30 10:53:52Z INFO JobRunner] Getting job extension.
[2026-08-30 10:53:52Z INFO JobRunner] Initialize job. Getting all job steps.
[2026-08-30 10:53:52Z INFO HostContext] Well known directory 'Bin': 'C:\Users\krish\Documents\BITS\mlops-project\actions-runner\bin'
[2026-08-30 10:53:52Z INFO HostContext] Well known directory 'Root': 'C:\Users\krish\Documents\BITS\mlops-project\actions-runner'
[2026-08-30 10:53:52Z INFO HostContext] Well known directory 'Diag': 'C:\Users\krish\Documents\BITS\mlops-project\actions-runner\_diag'
[2026-08-30 10:53:52Z INFO HostContext] Well known directory 'Bin': 'C:\Users\krish\Documents\BITS\mlops-project\actions-runner\bin'
[2026-08-30 10:53:52Z INFO HostContext] Well known directory 'Root': 'C:\Users\krish\Documents\BITS\mlops-project\actions-runner'
[2026-08-30 10:53:52Z INFO HostContext] Well known directory 'Diag': 'C:\Users\krish\Documents\BITS\mlops-project\actions-runner\_diag'
[2026-08-30 10:53:52Z INFO HostContext] Well known directory 'Bin': 'C:\Users\krish\Documents\BITS\mlops-project\actions-runner\bin'
[2026-08-30 10:53:52Z INFO HostContext] Well known directory 'Root': 'C:\Users\krish\Documents\BITS\mlops-project\actions-runner'
[2026-08-30 10:53:52Z INFO HostContext] Well known config file 'Credentials': 'C:\Users\krish\Documents\BITS\mlops-project\actions-runner\.credentials'
[2026-08-30 10:53:52Z INFO HostContext] Well known directory 'Bin': 'C:\Users\krish\Documents\BITS\mlops-project\actions-runner\bin'
[2026-08-30 10:53:52Z INFO HostContext] Well known directory 'Root': 'C:\Users\krish\Documents\BITS\mlops-project\actions-runner'
[2026-08-30 10:53:52Z INFO HostContext] Well known config file 'SetupInfo': 'C:\Users\krish\Documents\BITS\mlops-project\actions-runner\.setup_info'
[2026-08-30 10:53:52Z INFO HostContext] Well known directory 'Bin': 'C:\Users\krish\Documents\BITS\mlops-project\actions-runner\bin'
[2026-08-30 10:53:52Z INFO HostContext] Well known directory 'Root': 'C:\Users\krish\Documents\BITS\mlops-project\actions-runner'
[2026-08-30 10:53:52Z INFO HostContext] Well known directory 'Work': 'C:\Users\krish\Documents\BITS\mlops-project\actions-runner\_work'
[2026-08-30 10:53:52Z INFO PipelineDirectoryManager] Loading tracking config if exists: C:\Users\krish\Documents\BITS\mlops-project\actions-runner\_work\_PipelineMapping\2024ac05127-tech/assignment2\PipelineFolder.json
[2026-08-30 10:53:52Z INFO PipelineDirectoryManager] Updating job run properties.
[2026-08-30 10:53:52Z INFO HostContext] Well known directory 'Bin': 'C:\Users\krish\Documents\BITS\mlops-project\actions-runner\bin'
[2026-08-30 10:53:52Z INFO HostContext] Well known directory 'Root': 'C:\Users\krish\Documents\BITS\mlops-project\actions-runner'
[2026-08-30 10:53:52Z INFO HostContext] Well known directory 'Work': 'C:\Users\krish\Documents\BITS\mlops-project\actions-runner\_work'
[2026-08-30 10:53:52Z INFO HostContext] Well known directory 'Bin': 'C:\Users\krish\Documents\BITS\mlops-project\actions-runner\bin'
[2026-08-30 10:53:52Z INFO HostContext] Well known directory 'Root': 'C:\Users\krish\Documents\BITS\mlops-project\actions-runner'
[2026-08-30 10:53:52Z INFO HostContext] Well known directory 'Work': 'C:\Users\krish\Documents\BITS\mlops-project\actions-runner\_work'
[2026-08-30 10:53:52Z INFO HostContext] Well known directory 'Bin': 'C:\Users\krish\Documents\BITS\mlops-project\actions-runner\bin'
[2026-08-30 10:53:52Z INFO HostContext] Well known directory 'Root': 'C:\Users\krish\Documents\BITS\mlops-project\actions-runner'
[2026-08-30 10:53:52Z INFO HostContext] Well known directory 'Work': 'C:\Users\krish\Documents\BITS\mlops-project\actions-runner\_work'
[2026-08-30 10:53:52Z INFO JobExtension] Downloading actions
[2026-08-30 10:53:52Z INFO HostContext] Well known directory 'Bin': 'C:\Users\krish\Documents\BITS\mlops-project\actions-runner\bin'
[2026-08-30 10:53:52Z INFO HostContext] Well known directory 'Root': 'C:\Users\krish\Documents\BITS\mlops-project\actions-runner'
[2026-08-30 10:53:52Z INFO HostContext] Well known directory 'Work': 'C:\Users\krish\Documents\BITS\mlops-project\actions-runner\_work'
[2026-08-30 10:53:52Z INFO HostContext] Well known directory 'Actions': 'C:\Users\krish\Documents\BITS\mlops-project\actions-runner\_work\_actions'
[2026-08-30 10:53:52Z INFO Worker] Listening for cancel message from the channel.
[2026-08-30 10:53:52Z INFO Worker] Waiting for the job to complete or for a cancel message from the channel.
[2026-08-30 10:53:53Z INFO ResultServer] Successfully started websocket client.
[2026-08-30 10:53:53Z INFO JobServerQueue] Try to append 1 batches web console lines for record '0959233f-4282-43b5-82f2-d300d092b159', success rate: 1/1.
[2026-08-30 10:53:53Z INFO JobServerQueue] Try to append 1 batches web console lines for record '0959233f-4282-43b5-82f2-d300d092b159', success rate: 1/1.
[2026-08-30 10:53:53Z INFO JobServerQueue] Job timeline record has been updated for the first time.
[2026-08-30 10:53:53Z INFO HostContext] Well known directory 'Bin': 'C:\Users\krish\Documents\BITS\mlops-project\actions-runner\bin'
[2026-08-30 10:53:53Z INFO HostContext] Well known directory 'Root': 'C:\Users\krish\Documents\BITS\mlops-project\actions-runner'
[2026-08-30 10:53:53Z INFO HostContext] Well known directory 'Work': 'C:\Users\krish\Documents\BITS\mlops-project\actions-runner\_work'
[2026-08-30 10:53:53Z INFO HostContext] Well known directory 'Actions': 'C:\Users\krish\Documents\BITS\mlops-project\actions-runner\_work\_actions'
[2026-08-30 10:53:53Z INFO HostContext] Well known directory 'Bin': 'C:\Users\krish\Documents\BITS\mlops-project\actions-runner\bin'
[2026-08-30 10:53:53Z INFO HostContext] Well known directory 'Root': 'C:\Users\krish\Documents\BITS\mlops-project\actions-runner'
[2026-08-30 10:53:53Z INFO HostContext] Well known directory 'Work': 'C:\Users\krish\Documents\BITS\mlops-project\actions-runner\_work'
[2026-08-30 10:53:53Z INFO HostContext] Well known directory 'Actions': 'C:\Users\krish\Documents\BITS\mlops-project\actions-runner\_work\_actions'
[2026-08-30 10:53:53Z INFO ActionManager] Save archive 'https://codeload.github.com/actions/checkout/zip/11d5960a326750d5838078e36cf38b85af677262' into C:\Users\krish\Documents\BITS\mlops-project\actions-runner\_work\_actions\_temp_8a2add57-bfb3-474c-9135-05fc05c209fb\cf605dd6-6947-411d-b61c-1f42698fa4f3.zip.
[2026-08-30 10:53:53Z INFO ActionManager] Using Basic token for action archive download.
[2026-08-30 10:53:53Z INFO JobServerQueue] Try to append 1 batches web console lines for record '0959233f-4282-43b5-82f2-d300d092b159', success rate: 1/1.
[2026-08-30 10:53:54Z INFO ActionManager] Request URL: https://codeload.github.com/actions/checkout/zip/11d5960a326750d5838078e36cf38b85af677262 X-GitHub-Request-Id: D71E:3E41EE:319F3:3BBE8A:6A940BC2 Http Status: OK
[2026-08-30 10:53:56Z INFO ActionManager] Finished getting action repository.
[2026-08-30 10:53:56Z INFO HostContext] Well known directory 'Bin': 'C:\Users\krish\Documents\BITS\mlops-project\actions-runner\bin'
[2026-08-30 10:53:56Z INFO HostContext] Well known directory 'Root': 'C:\Users\krish\Documents\BITS\mlops-project\actions-runner'
[2026-08-30 10:53:56Z INFO HostContext] Well known directory 'Work': 'C:\Users\krish\Documents\BITS\mlops-project\actions-runner\_work'
[2026-08-30 10:53:56Z INFO HostContext] Well known directory 'Actions': 'C:\Users\krish\Documents\BITS\mlops-project\actions-runner\_work\_actions'
[2026-08-30 10:53:56Z INFO ActionManifestManagerLegacy] Load schema file with definitions: [
  "null",
  "boolean",
  "number",
  "string",
  "sequence",
  "mapping",
  "any",
  "action-root",
  "inputs",
  "input",
  "outputs",
  "output-definition",
  "runs",
  "container-runs",
  "container-runs-args",
  "container-runs-env",
  "node-runs",
  "plugin-runs",
  "composite-runs",
  "composite-steps",
  "composite-step",
  "run-step",
  "uses-step",
  "container-runs-context",
  "output-value",
  "input-default-context",
  "non-empty-string",
  "string-steps-context",
  "boolean-steps-context",
  "step-env",
  "step-if",
  "step-with"
]
[2026-08-30 10:53:56Z INFO ActionManifestManager] Load schema file with definitions: [
  "null",
  "boolean",
  "number",
  "string",
  "sequence",
  "mapping",
  "any",
  "action-root",
  "inputs",
  "input",
  "outputs",
  "output-definition",
  "runs",
  "container-runs",
  "container-runs-args",
  "container-runs-env",
  "node-runs",
  "plugin-runs",
  "composite-runs",
  "composite-steps",
  "composite-step",
  "run-step",
  "uses-step",
  "container-runs-context",
  "output-value",
  "input-default-context",
  "non-empty-string",
  "string-steps-context",
  "boolean-steps-context",
  "step-env",
  "step-if",
  "step-with"
]
[2026-08-30 10:53:56Z INFO HostContext] Well known directory 'Bin': 'C:\Users\krish\Documents\BITS\mlops-project\actions-runner\bin'
[2026-08-30 10:53:56Z INFO HostContext] Well known directory 'Root': 'C:\Users\krish\Documents\BITS\mlops-project\actions-runner'
[2026-08-30 10:53:56Z INFO HostContext] Well known directory 'Work': 'C:\Users\krish\Documents\BITS\mlops-project\actions-runner\_work'
[2026-08-30 10:53:56Z INFO HostContext] Well known directory 'Actions': 'C:\Users\krish\Documents\BITS\mlops-project\actions-runner\_work\_actions'
[2026-08-30 10:53:56Z INFO ActionManifestManagerLegacy] Loaded action.yml file: {
  "name": "Checkout",
  "description": "Checkout a Git repository at a particular version",
  "inputs": {
    "type": 2,
    "map": [
      {
        "key": {
          "type": 0,
          "file": 2,
          "line": 4,
          "col": 3,
          "lit": "repository"
        },
        "value": {
          "type": 3,
          "file": 2,
          "line": 6,
          "col": 14,
          "expr": "github.repository"
        }
      },
      {
        "key": {
          "type": 0,
          "file": 2,
          "line": 7,
          "col": 3,
          "lit": "ref"
        },
        "value": ""
      },
      {
        "key": {
          "type": 0,
          "file": 2,
          "line": 12,
          "col": 3,
          "lit": "token"
        },
        "value": {
          "type": 3,
          "file": 2,
          "line": 24,
          "col": 14,
          "expr": "github.token"
        }
      },
      {
        "key": {
          "type": 0,
          "file": 2,
          "line": 25,
          "col": 3,
          "lit": "ssh-key"
        },
        "value": ""
      },
      {
        "key": {
          "type": 0,
          "file": 2,
          "line": 37,
          "col": 3,
          "lit": "ssh-known-hosts"
        },
        "value": ""
      },
      {
        "key": {
          "type": 0,
          "file": 2,
          "line": 42,
          "col": 3,
          "lit": "ssh-strict"
        },
        "value": {
          "type": 0,
          "file": 2,
          "line": 47,
          "col": 14,
          "lit": "true"
        }
      },
      {
        "key": {
          "type": 0,
          "file": 2,
          "line": 48,
          "col": 3,
          "lit": "ssh-user"
        },
        "value": {
          "type": 0,
          "file": 2,
          "line": 51,
          "col": 14,
          "lit": "git"
        }
      },
      {
        "key": {
          "type": 0,
          "file": 2,
          "line": 52,
          "col": 3,
          "lit": "persist-credentials"
        },
        "value": {
          "type": 0,
          "file": 2,
          "line": 54,
          "col": 14,
          "lit": "true"
        }
      },
      {
        "key": {
          "type": 0,
          "file": 2,
          "line": 55,
          "col": 3,
          "lit": "path"
        },
        "value": ""
      },
      {
        "key": {
          "type": 0,
          "file": 2,
          "line": 57,
          "col": 3,
          "lit": "clean"
        },
        "value": {
          "type": 0,
          "file": 2,
          "line": 59,
          "col": 14,
          "lit": "true"
        }
      },
      {
        "key": {
          "type": 0,
          "file": 2,
          "line": 60,
          "col": 3,
          "lit": "filter"
        },
        "value": {
          "type": 0,
          "file": 2,
          "line": 64,
          "col": 14,
          "lit": ""
        }
      },
      {
        "key": {
          "type": 0,
          "file": 2,
          "line": 65,
          "col": 3,
          "lit": "sparse-checkout"
        },
        "value": {
          "type": 0,
          "file": 2,
          "line": 69,
          "col": 14,
          "lit": ""
        }
      },
      {
        "key": {
          "type": 0,
          "file": 2,
          "line": 70,
          "col": 3,
          "lit": "sparse-checkout-cone-mode"
        },
        "value": {
          "type": 0,
          "file": 2,
          "line": 73,
          "col": 14,
          "lit": "true"
        }
      },
      {
        "key": {
          "type": 0,
          "file": 2,
          "line": 74,
          "col": 3,
          "lit": "fetch-depth"
        },
        "value": {
          "type": 0,
          "file": 2,
          "line": 76,
          "col": 14,
          "lit": "1"
        }
      },
      {
        "key": {
          "type": 0,
          "file": 2,
          "line": 77,
          "col": 3,
          "lit": "fetch-tags"
        },
        "value": {
          "type": 0,
          "file": 2,
          "line": 79,
          "col": 14,
          "lit": "false"
        }
      },
      {
        "key": {
          "type": 0,
          "file": 2,
          "line": 80,
          "col": 3,
          "lit": "show-progress"
        },
        "value": {
          "type": 0,
          "file": 2,
          "line": 82,
          "col": 14,
          "lit": "true"
        }
      },
      {
        "key": {
          "type": 0,
          "file": 2,
          "line": 83,
          "col": 3,
          "lit": "lfs"
        },
        "value": {
          "type": 0,
          "file": 2,
          "line": 85,
          "col": 14,
          "lit": "false"
        }
      },
      {
        "key": {
          "type": 0,
          "file": 2,
          "line": 86,
          "col": 3,
          "lit": "submodules"
        },
        "value": {
          "type": 0,
          "file": 2,
          "line": 94,
          "col": 14,
          "lit": "false"
        }
      },
      {
        "key": {
          "type": 0,
          "file": 2,
          "line": 95,
          "col": 3,
          "lit": "set-safe-directory"
        },
        "value": {
          "type": 0,
          "file": 2,
          "line": 97,
          "col": 14,
          "lit": "true"
        }
      },
      {
        "key": {
          "type": 0,
          "file": 2,
          "line": 98,
          "col": 3,
          "lit": "github-server-url"
        },
        "value": ""
      },
      {
        "key": {
          "type": 0,
          "file": 2,
          "line": 101,
          "col": 3,
          "lit": "allow-unsafe-pr-checkout"
        },
        "value": {
          "type": 0,
          "file": 2,
          "line": 109,
          "col": 14,
          "lit": "false"
        }
      }
    ]
  },
  "execution": {
    "executionType": "nodeJS",
    "hasPre": false,
    "hasPost": true,
    "script": "dist/index.js",
    "pre": null,
    "post": "dist/index.js",
    "nodeVersion": "node20",
    "cleanupCondition": "always()",
    "initCondition": "always()"
  },
  "deprecated": null
}
[2026-08-30 10:53:56Z INFO ActionManager] Action node.js file: dist/index.js, no more preparation.
[2026-08-30 10:53:56Z INFO HostContext] Well known directory 'Bin': 'C:\Users\krish\Documents\BITS\mlops-project\actions-runner\bin'
[2026-08-30 10:53:56Z INFO HostContext] Well known directory 'Root': 'C:\Users\krish\Documents\BITS\mlops-project\actions-runner'
[2026-08-30 10:53:56Z INFO HostContext] Well known directory 'Work': 'C:\Users\krish\Documents\BITS\mlops-project\actions-runner\_work'
[2026-08-30 10:53:56Z INFO HostContext] Well known directory 'Actions': 'C:\Users\krish\Documents\BITS\mlops-project\actions-runner\_work\_actions'
[2026-08-30 10:53:56Z INFO ActionManager] Load action that reference repository from 'C:\Users\krish\Documents\BITS\mlops-project\actions-runner\_work\_actions\actions\checkout\v4'
[2026-08-30 10:53:56Z INFO HostContext] Well known directory 'Bin': 'C:\Users\krish\Documents\BITS\mlops-project\actions-runner\bin'
[2026-08-30 10:53:56Z INFO HostContext] Well known directory 'Root': 'C:\Users\krish\Documents\BITS\mlops-project\actions-runner'
[2026-08-30 10:53:56Z INFO HostContext] Well known directory 'Work': 'C:\Users\krish\Documents\BITS\mlops-project\actions-runner\_work'
[2026-08-30 10:53:56Z INFO HostContext] Well known directory 'Actions': 'C:\Users\krish\Documents\BITS\mlops-project\actions-runner\_work\_actions'
[2026-08-30 10:53:56Z INFO ActionManifestManagerLegacy] Loaded action.yml file: {
  "name": "Checkout",
  "description": "Checkout a Git repository at a particular version",
  "inputs": {
    "type": 2,
    "map": [
      {
        "key": {
          "type": 0,
          "file": 2,
          "line": 4,
          "col": 3,
          "lit": "repository"
        },
        "value": {
          "type": 3,
          "file": 2,
          "line": 6,
          "col": 14,
          "expr": "github.repository"
        }
      },
      {
        "key": {
          "type": 0,
          "file": 2,
          "line": 7,
          "col": 3,
          "lit": "ref"
        },
        "value": ""
      },
      {
        "key": {
          "type": 0,
          "file": 2,
          "line": 12,
          "col": 3,
          "lit": "token"
        },
        "value": {
          "type": 3,
          "file": 2,
          "line": 24,
          "col": 14,
          "expr": "github.token"
        }
      },
      {
        "key": {
          "type": 0,
          "file": 2,
          "line": 25,
          "col": 3,
          "lit": "ssh-key"
        },
        "value": ""
      },
      {
        "key": {
          "type": 0,
          "file": 2,
          "line": 37,
          "col": 3,
          "lit": "ssh-known-hosts"
        },
        "value": ""
      },
      {
        "key": {
          "type": 0,
          "file": 2,
          "line": 42,
          "col": 3,
          "lit": "ssh-strict"
        },
        "value": {
          "type": 0,
          "file": 2,
          "line": 47,
          "col": 14,
          "lit": "true"
        }
      },
      {
        "key": {
          "type": 0,
          "file": 2,
          "line": 48,
          "col": 3,
          "lit": "ssh-user"
        },
        "value": {
          "type": 0,
          "file": 2,
          "line": 51,
          "col": 14,
          "lit": "git"
        }
      },
      {
        "key": {
          "type": 0,
          "file": 2,
          "line": 52,
          "col": 3,
          "lit": "persist-credentials"
        },
        "value": {
          "type": 0,
          "file": 2,
          "line": 54,
          "col": 14,
          "lit": "true"
        }
      },
      {
        "key": {
          "type": 0,
          "file": 2,
          "line": 55,
          "col": 3,
          "lit": "path"
        },
        "value": ""
      },
      {
        "key": {
          "type": 0,
          "file": 2,
          "line": 57,
          "col": 3,
          "lit": "clean"
        },
        "value": {
          "type": 0,
          "file": 2,
          "line": 59,
          "col": 14,
          "lit": "true"
        }
      },
      {
        "key": {
          "type": 0,
          "file": 2,
          "line": 60,
          "col": 3,
          "lit": "filter"
        },
        "value": {
          "type": 0,
          "file": 2,
          "line": 64,
          "col": 14,
          "lit": ""
        }
      },
      {
        "key": {
          "type": 0,
          "file": 2,
          "line": 65,
          "col": 3,
          "lit": "sparse-checkout"
        },
        "value": {
          "type": 0,
          "file": 2,
          "line": 69,
          "col": 14,
          "lit": ""
        }
      },
      {
        "key": {
          "type": 0,
          "file": 2,
          "line": 70,
          "col": 3,
          "lit": "sparse-checkout-cone-mode"
        },
        "value": {
          "type": 0,
          "file": 2,
          "line": 73,
          "col": 14,
          "lit": "true"
        }
      },
      {
        "key": {
          "type": 0,
          "file": 2,
          "line": 74,
          "col": 3,
          "lit": "fetch-depth"
        },
        "value": {
          "type": 0,
          "file": 2,
          "line": 76,
          "col": 14,
          "lit": "1"
        }
      },
      {
        "key": {
          "type": 0,
          "file": 2,
          "line": 77,
          "col": 3,
          "lit": "fetch-tags"
        },
        "value": {
          "type": 0,
          "file": 2,
          "line": 79,
          "col": 14,
          "lit": "false"
        }
      },
      {
        "key": {
          "type": 0,
          "file": 2,
          "line": 80,
          "col": 3,
          "lit": "show-progress"
        },
        "value": {
          "type": 0,
          "file": 2,
          "line": 82,
          "col": 14,
          "lit": "true"
        }
      },
      {
        "key": {
          "type": 0,
          "file": 2,
          "line": 83,
          "col": 3,
          "lit": "lfs"
        },
        "value": {
          "type": 0,
          "file": 2,
          "line": 85,
          "col": 14,
          "lit": "false"
        }
      },
      {
        "key": {
          "type": 0,
          "file": 2,
          "line": 86,
          "col": 3,
          "lit": "submodules"
        },
        "value": {
          "type": 0,
          "file": 2,
          "line": 94,
          "col": 14,
          "lit": "false"
        }
      },
      {
        "key": {
          "type": 0,
          "file": 2,
          "line": 95,
          "col": 3,
          "lit": "set-safe-directory"
        },
        "value": {
          "type": 0,
          "file": 2,
          "line": 97,
          "col": 14,
          "lit": "true"
        }
      },
      {
        "key": {
          "type": 0,
          "file": 2,
          "line": 98,
          "col": 3,
          "lit": "github-server-url"
        },
        "value": ""
      },
      {
        "key": {
          "type": 0,
          "file": 2,
          "line": 101,
          "col": 3,
          "lit": "allow-unsafe-pr-checkout"
        },
        "value": {
          "type": 0,
          "file": 2,
          "line": 109,
          "col": 14,
          "lit": "false"
        }
      }
    ]
  },
  "execution": {
    "executionType": "nodeJS",
    "hasPre": false,
    "hasPost": true,
    "script": "dist/index.js",
    "pre": null,
    "post": "dist/index.js",
    "nodeVersion": "node20",
    "cleanupCondition": "always()",
    "initCondition": "always()"
  },
  "deprecated": null
}
[2026-08-30 10:53:56Z INFO ActionManager] Action pre node.js file: N/A.
[2026-08-30 10:53:56Z INFO ActionManager] Action node.js file: dist/index.js.
[2026-08-30 10:53:56Z INFO ActionManager] Action post node.js file: dist/index.js.
[2026-08-30 10:53:56Z INFO JobExtension] Adding .
[2026-08-30 10:53:56Z INFO JobExtension] Adding .
[2026-08-30 10:53:56Z INFO JobExtension] Adding .
[2026-08-30 10:53:56Z INFO JobExtension] Adding .
[2026-08-30 10:53:56Z INFO JobExtension] Adding .
[2026-08-30 10:53:56Z INFO JobExtension] Adding .
[2026-08-30 10:53:56Z INFO JobExtension] Adding .
[2026-08-30 10:53:56Z INFO HostContext] Well known directory 'Bin': 'C:\Users\krish\Documents\BITS\mlops-project\actions-runner\bin'
[2026-08-30 10:53:56Z INFO HostContext] Well known directory 'Root': 'C:\Users\krish\Documents\BITS\mlops-project\actions-runner'
[2026-08-30 10:53:56Z INFO HostContext] Well known directory 'Diag': 'C:\Users\krish\Documents\BITS\mlops-project\actions-runner\_diag'
[2026-08-30 10:53:56Z INFO HostContext] Well known directory 'Bin': 'C:\Users\krish\Documents\BITS\mlops-project\actions-runner\bin'
[2026-08-30 10:53:56Z INFO HostContext] Well known directory 'Root': 'C:\Users\krish\Documents\BITS\mlops-project\actions-runner'
[2026-08-30 10:53:56Z INFO HostContext] Well known directory 'Diag': 'C:\Users\krish\Documents\BITS\mlops-project\actions-runner\_diag'
[2026-08-30 10:53:56Z INFO HostContext] Well known directory 'Bin': 'C:\Users\krish\Documents\BITS\mlops-project\actions-runner\bin'
[2026-08-30 10:53:56Z INFO HostContext] Well known directory 'Root': 'C:\Users\krish\Documents\BITS\mlops-project\actions-runner'
[2026-08-30 10:53:56Z INFO HostContext] Well known directory 'Diag': 'C:\Users\krish\Documents\BITS\mlops-project\actions-runner\_diag'
[2026-08-30 10:53:56Z INFO HostContext] Well known directory 'Bin': 'C:\Users\krish\Documents\BITS\mlops-project\actions-runner\bin'
[2026-08-30 10:53:56Z INFO HostContext] Well known directory 'Root': 'C:\Users\krish\Documents\BITS\mlops-project\actions-runner'
[2026-08-30 10:53:56Z INFO HostContext] Well known directory 'Diag': 'C:\Users\krish\Documents\BITS\mlops-project\actions-runner\_diag'
[2026-08-30 10:53:56Z INFO HostContext] Well known directory 'Bin': 'C:\Users\krish\Documents\BITS\mlops-project\actions-runner\bin'
[2026-08-30 10:53:56Z INFO HostContext] Well known directory 'Root': 'C:\Users\krish\Documents\BITS\mlops-project\actions-runner'
[2026-08-30 10:53:56Z INFO HostContext] Well known directory 'Diag': 'C:\Users\krish\Documents\BITS\mlops-project\actions-runner\_diag'
[2026-08-30 10:53:56Z INFO HostContext] Well known directory 'Bin': 'C:\Users\krish\Documents\BITS\mlops-project\actions-runner\bin'
[2026-08-30 10:53:56Z INFO HostContext] Well known directory 'Root': 'C:\Users\krish\Documents\BITS\mlops-project\actions-runner'
[2026-08-30 10:53:56Z INFO HostContext] Well known directory 'Diag': 'C:\Users\krish\Documents\BITS\mlops-project\actions-runner\_diag'
[2026-08-30 10:53:56Z INFO HostContext] Well known directory 'Bin': 'C:\Users\krish\Documents\BITS\mlops-project\actions-runner\bin'
[2026-08-30 10:53:56Z INFO HostContext] Well known directory 'Root': 'C:\Users\krish\Documents\BITS\mlops-project\actions-runner'
[2026-08-30 10:53:56Z INFO HostContext] Well known directory 'Diag': 'C:\Users\krish\Documents\BITS\mlops-project\actions-runner\_diag'
[2026-08-30 10:53:56Z INFO HostContext] Well known directory 'Bin': 'C:\Users\krish\Documents\BITS\mlops-project\actions-runner\bin'
[2026-08-30 10:53:56Z INFO HostContext] Well known directory 'Root': 'C:\Users\krish\Documents\BITS\mlops-project\actions-runner'
[2026-08-30 10:53:56Z INFO HostContext] Well known directory 'Diag': 'C:\Users\krish\Documents\BITS\mlops-project\actions-runner\_diag'
[2026-08-30 10:53:56Z INFO HostContext] Well known directory 'Bin': 'C:\Users\krish\Documents\BITS\mlops-project\actions-runner\bin'
[2026-08-30 10:53:56Z INFO HostContext] Well known directory 'Root': 'C:\Users\krish\Documents\BITS\mlops-project\actions-runner'
[2026-08-30 10:53:56Z INFO HostContext] Well known directory 'Diag': 'C:\Users\krish\Documents\BITS\mlops-project\actions-runner\_diag'
[2026-08-30 10:53:56Z INFO HostContext] Well known directory 'Bin': 'C:\Users\krish\Documents\BITS\mlops-project\actions-runner\bin'
[2026-08-30 10:53:56Z INFO HostContext] Well known directory 'Root': 'C:\Users\krish\Documents\BITS\mlops-project\actions-runner'
[2026-08-30 10:53:56Z INFO HostContext] Well known directory 'Diag': 'C:\Users\krish\Documents\BITS\mlops-project\actions-runner\_diag'
[2026-08-30 10:53:56Z INFO HostContext] Well known directory 'Bin': 'C:\Users\krish\Documents\BITS\mlops-project\actions-runner\bin'
[2026-08-30 10:53:56Z INFO HostContext] Well known directory 'Root': 'C:\Users\krish\Documents\BITS\mlops-project\actions-runner'
[2026-08-30 10:53:56Z INFO HostContext] Well known directory 'Diag': 'C:\Users\krish\Documents\BITS\mlops-project\actions-runner\_diag'
[2026-08-30 10:53:56Z INFO HostContext] Well known directory 'Bin': 'C:\Users\krish\Documents\BITS\mlops-project\actions-runner\bin'
[2026-08-30 10:53:56Z INFO HostContext] Well known directory 'Root': 'C:\Users\krish\Documents\BITS\mlops-project\actions-runner'
[2026-08-30 10:53:56Z INFO HostContext] Well known directory 'Diag': 'C:\Users\krish\Documents\BITS\mlops-project\actions-runner\_diag'
[2026-08-30 10:53:56Z INFO HostContext] Well known directory 'Bin': 'C:\Users\krish\Documents\BITS\mlops-project\actions-runner\bin'
[2026-08-30 10:53:56Z INFO HostContext] Well known directory 'Root': 'C:\Users\krish\Documents\BITS\mlops-project\actions-runner'
[2026-08-30 10:53:56Z INFO HostContext] Well known directory 'Diag': 'C:\Users\krish\Documents\BITS\mlops-project\actions-runner\_diag'
[2026-08-30 10:53:56Z INFO HostContext] Well known directory 'Bin': 'C:\Users\krish\Documents\BITS\mlops-project\actions-runner\bin'
[2026-08-30 10:53:56Z INFO HostContext] Well known directory 'Root': 'C:\Users\krish\Documents\BITS\mlops-project\actions-runner'
[2026-08-30 10:53:56Z INFO HostContext] Well known directory 'Diag': 'C:\Users\krish\Documents\BITS\mlops-project\actions-runner\_diag'
[2026-08-30 10:53:56Z INFO JobExtension] Total accessible running process: 307.
[2026-08-30 10:53:56Z INFO HostContext] Well known directory 'Bin': 'C:\Users\krish\Documents\BITS\mlops-project\actions-runner\bin'
[2026-08-30 10:53:56Z INFO HostContext] Well known directory 'Root': 'C:\Users\krish\Documents\BITS\mlops-project\actions-runner'
[2026-08-30 10:53:56Z INFO HostContext] Well known directory 'Work': 'C:\Users\krish\Documents\BITS\mlops-project\actions-runner\_work'
[2026-08-30 10:53:56Z INFO JobExtension] Start checking server connectivity.
[2026-08-30 10:53:56Z INFO JobExtension] Check server connectivity for https://broker.actions.githubusercontent.com/health.
[2026-08-30 10:53:56Z INFO JobExtension] Check server connectivity for https://token.actions.githubusercontent.com/ready.
[2026-08-30 10:53:56Z INFO JobExtension] Check server connectivity for https://run.actions.githubusercontent.com/health.
[2026-08-30 10:53:56Z INFO JobExtension] Start checking service connectivity in background.
[2026-08-30 10:53:56Z INFO ExecutionContext] Publish step telemetry for current step {
  "action": "setup_job",
  "type": "runner",
  "stage": "Pre",
  "stepId": "0959233f-4282-43b5-82f2-d300d092b159",
  "result": "succeeded",
  "errorMessages": [],
  "executionTimeInSeconds": 5,
  "startTime": "2026-08-30T10:53:52.314895Z",
  "finishTime": "2026-08-30T10:53:56.7893639Z"
}.
[2026-08-30 10:53:56Z INFO JobRunner] Total job steps: 7.
[2026-08-30 10:53:56Z INFO JobRunner] Run all job steps.
[2026-08-30 10:53:56Z INFO DapDebugger] DapDebugger initialized
[2026-08-30 10:53:56Z INFO StepsRunner] Processing step: DisplayName='Checkout repository'
[2026-08-30 10:53:56Z INFO StepsRunner] Evaluating: success()
[2026-08-30 10:53:56Z INFO StepsRunner] Result: true
[2026-08-30 10:53:56Z INFO StepsRunner] Starting the step.
[2026-08-30 10:53:56Z INFO HostContext] Well known directory 'Bin': 'C:\Users\krish\Documents\BITS\mlops-project\actions-runner\bin'
[2026-08-30 10:53:56Z INFO HostContext] Well known directory 'Root': 'C:\Users\krish\Documents\BITS\mlops-project\actions-runner'
[2026-08-30 10:53:56Z INFO HostContext] Well known directory 'Work': 'C:\Users\krish\Documents\BITS\mlops-project\actions-runner\_work'
[2026-08-30 10:53:56Z INFO StepsRunner] Which2: 'chcp'
[2026-08-30 10:53:56Z INFO StepsRunner] Location: 'C:\WINDOWS\system32\chcp.COM'
[2026-08-30 10:53:56Z INFO ProcessInvokerWrapper] Starting process:
[2026-08-30 10:53:56Z INFO ProcessInvokerWrapper]   File name: 'C:\WINDOWS\system32\chcp.COM'
[2026-08-30 10:53:56Z INFO ProcessInvokerWrapper]   Arguments: '65001'
[2026-08-30 10:53:56Z INFO ProcessInvokerWrapper]   Working directory: 'C:\Users\krish\Documents\BITS\mlops-project\actions-runner\_work'
[2026-08-30 10:53:56Z INFO ProcessInvokerWrapper]   Require exit code zero: 'False'
[2026-08-30 10:53:56Z INFO ProcessInvokerWrapper]   Encoding web name:  ; code page: ''
[2026-08-30 10:53:56Z INFO ProcessInvokerWrapper]   Force kill process on cancellation: 'False'
[2026-08-30 10:53:56Z INFO ProcessInvokerWrapper]   Redirected STDIN: 'False'
[2026-08-30 10:53:56Z INFO ProcessInvokerWrapper]   Persist current code page: 'True'
[2026-08-30 10:53:56Z INFO ProcessInvokerWrapper]   Keep redirected STDIN open: 'False'
[2026-08-30 10:53:56Z INFO ProcessInvokerWrapper]   High priority process: 'False'
[2026-08-30 10:53:56Z INFO ProcessInvokerWrapper] Process started with process id 2200, waiting for process exit.
[2026-08-30 10:53:56Z INFO ProcessInvokerWrapper] STDOUT/STDERR stream read finished.
[2026-08-30 10:53:56Z INFO ProcessInvokerWrapper] STDOUT/STDERR stream read finished.
[2026-08-30 10:53:56Z INFO JobServerQueue] Try to append 1 batches web console lines for record '0959233f-4282-43b5-82f2-d300d092b159', success rate: 1/1.
[2026-08-30 10:53:56Z INFO ProcessInvokerWrapper] Finished process 2200 with exit code 0, and elapsed time 00:00:00.0400930.
[2026-08-30 10:53:56Z INFO StepsRunner] Successfully returned to code page 65001 (UTF8)
[2026-08-30 10:53:56Z INFO HostContext] Well known directory 'Bin': 'C:\Users\krish\Documents\BITS\mlops-project\actions-runner\bin'
[2026-08-30 10:53:56Z INFO HostContext] Well known directory 'Root': 'C:\Users\krish\Documents\BITS\mlops-project\actions-runner'
[2026-08-30 10:53:56Z INFO HostContext] Well known directory 'Work': 'C:\Users\krish\Documents\BITS\mlops-project\actions-runner\_work'
[2026-08-30 10:53:56Z INFO HostContext] Well known directory 'Actions': 'C:\Users\krish\Documents\BITS\mlops-project\actions-runner\_work\_actions'
[2026-08-30 10:53:56Z INFO ActionManager] Load action that reference repository from 'C:\Users\krish\Documents\BITS\mlops-project\actions-runner\_work\_actions\actions\checkout\v4'
[2026-08-30 10:53:56Z INFO HostContext] Well known directory 'Bin': 'C:\Users\krish\Documents\BITS\mlops-project\actions-runner\bin'
[2026-08-30 10:53:56Z INFO HostContext] Well known directory 'Root': 'C:\Users\krish\Documents\BITS\mlops-project\actions-runner'
[2026-08-30 10:53:56Z INFO HostContext] Well known directory 'Work': 'C:\Users\krish\Documents\BITS\mlops-project\actions-runner\_work'
[2026-08-30 10:53:56Z INFO HostContext] Well known directory 'Actions': 'C:\Users\krish\Documents\BITS\mlops-project\actions-runner\_work\_actions'
[2026-08-30 10:53:56Z INFO ActionManifestManagerLegacy] Loaded action.yml file: {
  "name": "Checkout",
  "description": "Checkout a Git repository at a particular version",
  "inputs": {
    "type": 2,
    "map": [
      {
        "key": {
          "type": 0,
          "file": 2,
          "line": 4,
          "col": 3,
          "lit": "repository"
        },
        "value": {
          "type": 3,
          "file": 2,
          "line": 6,
          "col": 14,
          "expr": "github.repository"
        }
      },
      {
        "key": {
          "type": 0,
          "file": 2,
          "line": 7,
          "col": 3,
          "lit": "ref"
        },
        "value": ""
      },
      {
        "key": {
          "type": 0,
          "file": 2,
          "line": 12,
          "col": 3,
          "lit": "token"
        },
        "value": {
          "type": 3,
          "file": 2,
          "line": 24,
          "col": 14,
          "expr": "github.token"
        }
      },
      {
        "key": {
          "type": 0,
          "file": 2,
          "line": 25,
          "col": 3,
          "lit": "ssh-key"
        },
        "value": ""
      },
      {
        "key": {
          "type": 0,
          "file": 2,
          "line": 37,
          "col": 3,
          "lit": "ssh-known-hosts"
        },
        "value": ""
      },
      {
        "key": {
          "type": 0,
          "file": 2,
          "line": 42,
          "col": 3,
          "lit": "ssh-strict"
        },
        "value": {
          "type": 0,
          "file": 2,
          "line": 47,
          "col": 14,
          "lit": "true"
        }
      },
      {
        "key": {
          "type": 0,
          "file": 2,
          "line": 48,
          "col": 3,
          "lit": "ssh-user"
        },
        "value": {
          "type": 0,
          "file": 2,
          "line": 51,
          "col": 14,
          "lit": "git"
        }
      },
      {
        "key": {
          "type": 0,
          "file": 2,
          "line": 52,
          "col": 3,
          "lit": "persist-credentials"
        },
        "value": {
          "type": 0,
          "file": 2,
          "line": 54,
          "col": 14,
          "lit": "true"
        }
      },
      {
        "key": {
          "type": 0,
          "file": 2,
          "line": 55,
          "col": 3,
          "lit": "path"
        },
        "value": ""
      },
      {
        "key": {
          "type": 0,
          "file": 2,
          "line": 57,
          "col": 3,
          "lit": "clean"
        },
        "value": {
          "type": 0,
          "file": 2,
          "line": 59,
          "col": 14,
          "lit": "true"
        }
      },
      {
        "key": {
          "type": 0,
          "file": 2,
          "line": 60,
          "col": 3,
          "lit": "filter"
        },
        "value": {
          "type": 0,
          "file": 2,
          "line": 64,
          "col": 14,
          "lit": ""
        }
      },
      {
        "key": {
          "type": 0,
          "file": 2,
          "line": 65,
          "col": 3,
          "lit": "sparse-checkout"
        },
        "value": {
          "type": 0,
          "file": 2,
          "line": 69,
          "col": 14,
          "lit": ""
        }
      },
      {
        "key": {
          "type": 0,
          "file": 2,
          "line": 70,
          "col": 3,
          "lit": "sparse-checkout-cone-mode"
        },
        "value": {
          "type": 0,
          "file": 2,
          "line": 73,
          "col": 14,
          "lit": "true"
        }
      },
      {
        "key": {
          "type": 0,
          "file": 2,
          "line": 74,
          "col": 3,
          "lit": "fetch-depth"
        },
        "value": {
          "type": 0,
          "file": 2,
          "line": 76,
          "col": 14,
          "lit": "1"
        }
      },
      {
        "key": {
          "type": 0,
          "file": 2,
          "line": 77,
          "col": 3,
          "lit": "fetch-tags"
        },
        "value": {
          "type": 0,
          "file": 2,
          "line": 79,
          "col": 14,
          "lit": "false"
        }
      },
      {
        "key": {
          "type": 0,
          "file": 2,
          "line": 80,
          "col": 3,
          "lit": "show-progress"
        },
        "value": {
          "type": 0,
          "file": 2,
          "line": 82,
          "col": 14,
          "lit": "true"
        }
      },
      {
        "key": {
          "type": 0,
          "file": 2,
          "line": 83,
          "col": 3,
          "lit": "lfs"
        },
        "value": {
          "type": 0,
          "file": 2,
          "line": 85,
          "col": 14,
          "lit": "false"
        }
      },
      {
        "key": {
          "type": 0,
          "file": 2,
          "line": 86,
          "col": 3,
          "lit": "submodules"
        },
        "value": {
          "type": 0,
          "file": 2,
          "line": 94,
          "col": 14,
          "lit": "false"
        }
      },
      {
        "key": {
          "type": 0,
          "file": 2,
          "line": 95,
          "col": 3,
          "lit": "set-safe-directory"
        },
        "value": {
          "type": 0,
          "file": 2,
          "line": 97,
          "col": 14,
          "lit": "true"
        }
      },
      {
        "key": {
          "type": 0,
          "file": 2,
          "line": 98,
          "col": 3,
          "lit": "github-server-url"
        },
        "value": ""
      },
      {
        "key": {
          "type": 0,
          "file": 2,
          "line": 101,
          "col": 3,
          "lit": "allow-unsafe-pr-checkout"
        },
        "value": {
          "type": 0,
          "file": 2,
          "line": 109,
          "col": 14,
          "lit": "false"
        }
      }
    ]
  },
  "execution": {
    "executionType": "nodeJS",
    "hasPre": false,
    "hasPost": true,
    "script": "dist/index.js",
    "pre": null,
    "post": "dist/index.js",
    "nodeVersion": "node20",
    "cleanupCondition": "always()",
    "initCondition": "always()"
  },
  "deprecated": null
}
[2026-08-30 10:53:56Z INFO ActionManager] Action pre node.js file: N/A.
[2026-08-30 10:53:56Z INFO ActionManager] Action node.js file: dist/index.js.
[2026-08-30 10:53:56Z INFO ActionManager] Action post node.js file: dist/index.js.
[2026-08-30 10:53:56Z INFO ExecutionContext] Reserve record order 9 to 16 for post job actions.
[2026-08-30 10:53:56Z INFO HostContext] Well known directory 'Bin': 'C:\Users\krish\Documents\BITS\mlops-project\actions-runner\bin'
[2026-08-30 10:53:56Z INFO HostContext] Well known directory 'Root': 'C:\Users\krish\Documents\BITS\mlops-project\actions-runner'
[2026-08-30 10:53:56Z INFO HostContext] Well known directory 'Diag': 'C:\Users\krish\Documents\BITS\mlops-project\actions-runner\_diag'
[2026-08-30 10:53:56Z INFO HostContext] Well known directory 'Bin': 'C:\Users\krish\Documents\BITS\mlops-project\actions-runner\bin'
[2026-08-30 10:53:56Z INFO HostContext] Well known directory 'Root': 'C:\Users\krish\Documents\BITS\mlops-project\actions-runner'
[2026-08-30 10:53:56Z INFO HostContext] Well known directory 'Diag': 'C:\Users\krish\Documents\BITS\mlops-project\actions-runner\_diag'
[2026-08-30 10:53:56Z INFO HostContext] Well known directory 'Bin': 'C:\Users\krish\Documents\BITS\mlops-project\actions-runner\bin'
[2026-08-30 10:53:56Z INFO HostContext] Well known directory 'Root': 'C:\Users\krish\Documents\BITS\mlops-project\actions-runner'
[2026-08-30 10:53:56Z INFO HostContext] Well known directory 'Work': 'C:\Users\krish\Documents\BITS\mlops-project\actions-runner\_work'
[2026-08-30 10:53:56Z INFO HostContext] Well known directory 'Temp': 'C:\Users\krish\Documents\BITS\mlops-project\actions-runner\_work\_temp'
[2026-08-30 10:53:56Z INFO ExecutionContext] Write event payload to C:\Users\krish\Documents\BITS\mlops-project\actions-runner\_work\_temp\_github_workflow\event.json
[2026-08-30 10:53:56Z INFO HostContext] Well known directory 'Bin': 'C:\Users\krish\Documents\BITS\mlops-project\actions-runner\bin'
[2026-08-30 10:53:56Z INFO HostContext] Well known directory 'Root': 'C:\Users\krish\Documents\BITS\mlops-project\actions-runner'
[2026-08-30 10:53:56Z INFO HostContext] Well known directory 'Work': 'C:\Users\krish\Documents\BITS\mlops-project\actions-runner\_work'
[2026-08-30 10:53:56Z INFO HostContext] Well known directory 'Temp': 'C:\Users\krish\Documents\BITS\mlops-project\actions-runner\_work\_temp'
[2026-08-30 10:53:56Z INFO ExtensionManager] Getting extensions for interface: 'GitHub.Runner.Worker.IFileCommandExtension'
[2026-08-30 10:53:56Z INFO ExtensionManager] Creating instance: GitHub.Runner.Worker.AddPathFileCommand, Runner.Worker
[2026-08-30 10:53:56Z INFO ExtensionManager] Creating instance: GitHub.Runner.Worker.SetEnvFileCommand, Runner.Worker
[2026-08-30 10:53:56Z INFO ExtensionManager] Creating instance: GitHub.Runner.Worker.CreateStepSummaryCommand, Runner.Worker
[2026-08-30 10:53:56Z INFO ExtensionManager] Creating instance: GitHub.Runner.Worker.SaveStateFileCommand, Runner.Worker
[2026-08-30 10:53:56Z INFO ExtensionManager] Creating instance: GitHub.Runner.Worker.SetOutputFileCommand, Runner.Worker
[2026-08-30 10:53:56Z INFO ExtensionManager] Creating instance: GitHub.Runner.Worker.CreateArtifactsFileCommand, Runner.Worker
[2026-08-30 10:53:56Z INFO ExtensionManager] Creating instance: GitHub.Runner.Worker.ArtifactsListFileCommand, Runner.Worker
[2026-08-30 10:53:56Z INFO ActionManifestManagerLegacy] Input 'repository': default value evaluate result: {
  "type": 0,
  "file": 2,
  "line": 6,
  "col": 14,
  "lit": "2024ac05127-tech/assignment2"
}
[2026-08-30 10:53:56Z INFO ActionManifestManagerLegacy] Input 'ref': default value evaluate result: ""
[2026-08-30 10:53:56Z INFO ActionManifestManagerLegacy] Input 'token': default value evaluate result: {
  "type": 0,
  "file": 2,
  "line": 24,
  "col": 14,
  "lit": "***"
}
[2026-08-30 10:53:56Z INFO ActionManifestManagerLegacy] Input 'ssh-key': default value evaluate result: ""
[2026-08-30 10:53:56Z INFO ActionManifestManagerLegacy] Input 'ssh-known-hosts': default value evaluate result: ""
[2026-08-30 10:53:56Z INFO ActionManifestManagerLegacy] Input 'ssh-strict': default value evaluate result: {
  "type": 0,
  "file": 2,
  "line": 47,
  "col": 14,
  "lit": "true"
}
[2026-08-30 10:53:56Z INFO ActionManifestManagerLegacy] Input 'ssh-user': default value evaluate result: {
  "type": 0,
  "file": 2,
  "line": 51,
  "col": 14,
  "lit": "git"
}
[2026-08-30 10:53:56Z INFO ActionManifestManagerLegacy] Input 'persist-credentials': default value evaluate result: {
  "type": 0,
  "file": 2,
  "line": 54,
  "col": 14,
  "lit": "true"
}
[2026-08-30 10:53:56Z INFO ActionManifestManagerLegacy] Input 'path': default value evaluate result: ""
[2026-08-30 10:53:56Z INFO ActionManifestManagerLegacy] Input 'clean': default value evaluate result: {
  "type": 0,
  "file": 2,
  "line": 59,
  "col": 14,
  "lit": "true"
}
[2026-08-30 10:53:56Z INFO ActionManifestManagerLegacy] Input 'filter': default value evaluate result: {
  "type": 0,
  "file": 2,
  "line": 64,
  "col": 14,
  "lit": ""
}
[2026-08-30 10:53:56Z INFO ActionManifestManagerLegacy] Input 'sparse-checkout': default value evaluate result: {
  "type": 0,
  "file": 2,
  "line": 69,
  "col": 14,
  "lit": ""
}
[2026-08-30 10:53:56Z INFO ActionManifestManagerLegacy] Input 'sparse-checkout-cone-mode': default value evaluate result: {
  "type": 0,
  "file": 2,
  "line": 73,
  "col": 14,
  "lit": "true"
}
[2026-08-30 10:53:56Z INFO ActionManifestManagerLegacy] Input 'fetch-depth': default value evaluate result: {
  "type": 0,
  "file": 2,
  "line": 76,
  "col": 14,
  "lit": "1"
}
[2026-08-30 10:53:56Z INFO ActionManifestManagerLegacy] Input 'fetch-tags': default value evaluate result: {
  "type": 0,
  "file": 2,
  "line": 79,
  "col": 14,
  "lit": "false"
}
[2026-08-30 10:53:56Z INFO ActionManifestManagerLegacy] Input 'show-progress': default value evaluate result: {
  "type": 0,
  "file": 2,
  "line": 82,
  "col": 14,
  "lit": "true"
}
[2026-08-30 10:53:57Z INFO ActionManifestManagerLegacy] Input 'lfs': default value evaluate result: {
  "type": 0,
  "file": 2,
  "line": 85,
  "col": 14,
  "lit": "false"
}
[2026-08-30 10:53:57Z INFO ActionManifestManagerLegacy] Input 'submodules': default value evaluate result: {
  "type": 0,
  "file": 2,
  "line": 94,
  "col": 14,
  "lit": "false"
}
[2026-08-30 10:53:57Z INFO ActionManifestManagerLegacy] Input 'set-safe-directory': default value evaluate result: {
  "type": 0,
  "file": 2,
  "line": 97,
  "col": 14,
  "lit": "true"
}
[2026-08-30 10:53:57Z INFO ActionManifestManagerLegacy] Input 'github-server-url': default value evaluate result: ""
[2026-08-30 10:53:57Z INFO ActionManifestManagerLegacy] Input 'allow-unsafe-pr-checkout': default value evaluate result: {
  "type": 0,
  "file": 2,
  "line": 109,
  "col": 14,
  "lit": "false"
}
[2026-08-30 10:53:57Z INFO ExtensionManager] Getting extensions for interface: 'GitHub.Runner.Worker.IActionCommandExtension'
[2026-08-30 10:53:57Z INFO ExtensionManager] Creating instance: GitHub.Runner.Worker.InternalPluginSetRepoPathCommandExtension, Runner.Worker
[2026-08-30 10:53:57Z INFO ExtensionManager] Creating instance: GitHub.Runner.Worker.SetEnvCommandExtension, Runner.Worker
[2026-08-30 10:53:57Z INFO ExtensionManager] Creating instance: GitHub.Runner.Worker.SetOutputCommandExtension, Runner.Worker
[2026-08-30 10:53:57Z INFO ExtensionManager] Creating instance: GitHub.Runner.Worker.SaveStateCommandExtension, Runner.Worker
[2026-08-30 10:53:57Z INFO ExtensionManager] Creating instance: GitHub.Runner.Worker.AddPathCommandExtension, Runner.Worker
[2026-08-30 10:53:57Z INFO ExtensionManager] Creating instance: GitHub.Runner.Worker.AddMaskCommandExtension, Runner.Worker
[2026-08-30 10:53:57Z INFO ExtensionManager] Creating instance: GitHub.Runner.Worker.AddMatcherCommandExtension, Runner.Worker
[2026-08-30 10:53:57Z INFO ExtensionManager] Creating instance: GitHub.Runner.Worker.RemoveMatcherCommandExtension, Runner.Worker
[2026-08-30 10:53:57Z INFO ExtensionManager] Creating instance: GitHub.Runner.Worker.WarningCommandExtension, Runner.Worker
[2026-08-30 10:53:57Z INFO ExtensionManager] Creating instance: GitHub.Runner.Worker.ErrorCommandExtension, Runner.Worker
[2026-08-30 10:53:57Z INFO ExtensionManager] Creating instance: GitHub.Runner.Worker.NoticeCommandExtension, Runner.Worker
[2026-08-30 10:53:57Z INFO ExtensionManager] Creating instance: GitHub.Runner.Worker.DebugCommandExtension, Runner.Worker
[2026-08-30 10:53:57Z INFO ExtensionManager] Creating instance: GitHub.Runner.Worker.GroupCommandExtension, Runner.Worker
[2026-08-30 10:53:57Z INFO ExtensionManager] Creating instance: GitHub.Runner.Worker.EndGroupCommandExtension, Runner.Worker
[2026-08-30 10:53:57Z INFO ExtensionManager] Creating instance: GitHub.Runner.Worker.EchoCommandExtension, Runner.Worker
[2026-08-30 10:53:57Z INFO ActionCommandManager] Register action command extension for command internal-set-repo-path
[2026-08-30 10:53:57Z INFO ActionCommandManager] Register action command extension for command set-env
[2026-08-30 10:53:57Z INFO ActionCommandManager] Register action command extension for command set-output
[2026-08-30 10:53:57Z INFO ActionCommandManager] Register action command extension for command save-state
[2026-08-30 10:53:57Z INFO ActionCommandManager] Register action command extension for command add-path
[2026-08-30 10:53:57Z INFO ActionCommandManager] Register action command extension for command add-mask
[2026-08-30 10:53:57Z INFO ActionCommandManager] Register action command extension for command add-matcher
[2026-08-30 10:53:57Z INFO ActionCommandManager] Register action command extension for command remove-matcher
[2026-08-30 10:53:57Z INFO ActionCommandManager] Register action command extension for command warning
[2026-08-30 10:53:57Z INFO ActionCommandManager] Register action command extension for command error
[2026-08-30 10:53:57Z INFO ActionCommandManager] Register action command extension for command notice
[2026-08-30 10:53:57Z INFO ActionCommandManager] Register action command extension for command debug
[2026-08-30 10:53:57Z INFO ActionCommandManager] Register action command extension for command group
[2026-08-30 10:53:57Z INFO ActionCommandManager] Register action command extension for command endgroup
[2026-08-30 10:53:57Z INFO ActionCommandManager] Register action command extension for command echo
[2026-08-30 10:53:57Z INFO HostContext] Well known directory 'Bin': 'C:\Users\krish\Documents\BITS\mlops-project\actions-runner\bin'
[2026-08-30 10:53:57Z INFO HostContext] Well known directory 'Root': 'C:\Users\krish\Documents\BITS\mlops-project\actions-runner'
[2026-08-30 10:53:57Z INFO HostContext] Well known directory 'Externals': 'C:\Users\krish\Documents\BITS\mlops-project\actions-runner\externals'
[2026-08-30 10:53:57Z INFO ProcessInvokerWrapper] Starting process:
[2026-08-30 10:53:57Z INFO ProcessInvokerWrapper]   File name: 'C:\Users\krish\Documents\BITS\mlops-project\actions-runner\externals\node24\bin\node.exe'
[2026-08-30 10:53:57Z INFO ProcessInvokerWrapper]   Arguments: '"C:\Users\krish\Documents\BITS\mlops-project\actions-runner\_work\_actions\actions\checkout\v4\dist/index.js"'
[2026-08-30 10:53:57Z INFO ProcessInvokerWrapper]   Working directory: 'C:\Users\krish\Documents\BITS\mlops-project\actions-runner\_work\assignment2\assignment2'
[2026-08-30 10:53:57Z INFO ProcessInvokerWrapper]   Require exit code zero: 'False'
[2026-08-30 10:53:57Z INFO ProcessInvokerWrapper]   Encoding web name: utf-8 ; code page: '65001'
[2026-08-30 10:53:57Z INFO ProcessInvokerWrapper]   Force kill process on cancellation: 'False'
[2026-08-30 10:53:57Z INFO ProcessInvokerWrapper]   Redirected STDIN: 'False'
[2026-08-30 10:53:57Z INFO ProcessInvokerWrapper]   Persist current code page: 'True'
[2026-08-30 10:53:57Z INFO ProcessInvokerWrapper]   Keep redirected STDIN open: 'False'
[2026-08-30 10:53:57Z INFO ProcessInvokerWrapper]   High priority process: 'False'
[2026-08-30 10:53:57Z INFO ProcessInvokerWrapper] Process started with process id 2856, waiting for process exit.
[2026-08-30 10:53:57Z INFO JobServerQueue] Try to append 1 batches web console lines for record 'bfe831a6-f902-49dd-a26a-1a4f065bd9b3', success rate: 1/1.
[2026-08-30 10:53:57Z INFO JobServerQueue] Got a step log file to send to results service.
[2026-08-30 10:53:57Z INFO JobServerQueue] Starting upload of step log file to results service ResultsLog, C:\Users\krish\Documents\BITS\mlops-project\actions-runner\_diag\blocks\c35f91a6-f00c-4de7-bb1c-b38e6111cf71_0959233f-4282-43b5-82f2-d300d092b159.1
[2026-08-30 10:53:57Z INFO JobServerQueue] Try to upload 1 log files or attachments, success rate: 1/1.
[2026-08-30 10:53:57Z INFO JobServerQueue] Try to append 1 batches web console lines for record 'bfe831a6-f902-49dd-a26a-1a4f065bd9b3', success rate: 1/1.
[2026-08-30 10:53:58Z INFO AddMaskCommandExtension] Add new secret mask with length of 524
[2026-08-30 10:53:58Z INFO JobServerQueue] Try to append 1 batches web console lines for record 'bfe831a6-f902-49dd-a26a-1a4f065bd9b3', success rate: 1/1.
[2026-08-30 10:53:58Z INFO JobServerQueue] Try to append 1 batches web console lines for record 'bfe831a6-f902-49dd-a26a-1a4f065bd9b3', success rate: 1/1.
[2026-08-30 10:53:58Z INFO JobServerQueue] Try to append 1 batches web console lines for record 'bfe831a6-f902-49dd-a26a-1a4f065bd9b3', success rate: 1/1.
[2026-08-30 10:53:59Z INFO JobServerQueue] Tried to upload 1 file(s) to results, success rate: 1/1.
[2026-08-30 10:54:00Z INFO JobServerQueue] Try to append 1 batches web console lines for record 'bfe831a6-f902-49dd-a26a-1a4f065bd9b3', success rate: 1/1.
[2026-08-30 10:54:00Z INFO JobServerQueue] Try to append 1 batches web console lines for record 'bfe831a6-f902-49dd-a26a-1a4f065bd9b3', success rate: 1/1.
[2026-08-30 10:54:01Z INFO JobServerQueue] Try to append 1 batches web console lines for record 'bfe831a6-f902-49dd-a26a-1a4f065bd9b3', success rate: 1/1.
[2026-08-30 10:54:02Z INFO JobServerQueue] Try to append 1 batches web console lines for record 'bfe831a6-f902-49dd-a26a-1a4f065bd9b3', success rate: 1/1.
[2026-08-30 10:54:04Z INFO JobServerQueue] Try to append 1 batches web console lines for record 'bfe831a6-f902-49dd-a26a-1a4f065bd9b3', success rate: 1/1.
[2026-08-30 10:54:06Z INFO JobServerQueue] Try to append 1 batches web console lines for record 'bfe831a6-f902-49dd-a26a-1a4f065bd9b3', success rate: 1/1.
[2026-08-30 10:54:06Z INFO HostContext] Well known directory 'Bin': 'C:\Users\krish\Documents\BITS\mlops-project\actions-runner\bin'
[2026-08-30 10:54:06Z INFO HostContext] Well known directory 'Root': 'C:\Users\krish\Documents\BITS\mlops-project\actions-runner'
[2026-08-30 10:54:06Z INFO HostContext] Well known directory 'Work': 'C:\Users\krish\Documents\BITS\mlops-project\actions-runner\_work'
[2026-08-30 10:54:07Z INFO JobServerQueue] Try to append 1 batches web console lines for record 'bfe831a6-f902-49dd-a26a-1a4f065bd9b3', success rate: 1/1.
[2026-08-30 10:54:07Z INFO JobServerQueue] Try to append 1 batches web console lines for record 'bfe831a6-f902-49dd-a26a-1a4f065bd9b3', success rate: 1/1.
[2026-08-30 10:54:07Z INFO JobServerQueue] Try to append 1 batches web console lines for record 'bfe831a6-f902-49dd-a26a-1a4f065bd9b3', success rate: 1/1.
[2026-08-30 10:54:07Z INFO ProcessInvokerWrapper] STDOUT/STDERR stream read finished.
[2026-08-30 10:54:07Z INFO ProcessInvokerWrapper] STDOUT/STDERR stream read finished.
[2026-08-30 10:54:07Z INFO ProcessInvokerWrapper] Finished process 2856 with exit code 0, and elapsed time 00:00:10.8720305.
[2026-08-30 10:54:07Z INFO CreateStepSummaryCommand] Step Summary file (C:\Users\krish\Documents\BITS\mlops-project\actions-runner\_work\_temp\_runner_file_commands\step_summary_a0c92fef-5758-4403-89c5-8253d0b570ea) is empty; skipping attachment upload
[2026-08-30 10:54:07Z INFO StepsRunner] Step result: 
[2026-08-30 10:54:07Z INFO ExecutionContext] Publish step telemetry for current step {
  "action": "actions/checkout",
  "ref": "v4",
  "type": "node24",
  "stage": "Main",
  "stepId": "bfe831a6-f902-49dd-a26a-1a4f065bd9b3",
  "stepContextName": "__actions_checkout",
  "hasPreStep": false,
  "hasPostStep": true,
  "result": "succeeded",
  "errorMessages": [],
  "executionTimeInSeconds": 12,
  "startTime": "2026-08-30T10:53:56.8336503Z",
  "finishTime": "2026-08-30T10:54:07.9471304Z"
}.
[2026-08-30 10:54:07Z INFO StepsRunner] No need for updating job result with current step result 'Succeeded'.
[2026-08-30 10:54:07Z INFO StepsRunner] Current state: job state = ''
[2026-08-30 10:54:07Z INFO StepsRunner] Processing step: DisplayName='Pull latest Docker image'
[2026-08-30 10:54:07Z INFO StepsRunner] Evaluating: success()
[2026-08-30 10:54:07Z INFO StepsRunner] Result: true
[2026-08-30 10:54:07Z INFO StepsRunner] Starting the step.
[2026-08-30 10:54:07Z INFO HostContext] Well known directory 'Bin': 'C:\Users\krish\Documents\BITS\mlops-project\actions-runner\bin'
[2026-08-30 10:54:07Z INFO HostContext] Well known directory 'Root': 'C:\Users\krish\Documents\BITS\mlops-project\actions-runner'
[2026-08-30 10:54:07Z INFO HostContext] Well known directory 'Work': 'C:\Users\krish\Documents\BITS\mlops-project\actions-runner\_work'
[2026-08-30 10:54:07Z INFO StepsRunner] Which2: 'chcp'
[2026-08-30 10:54:07Z INFO StepsRunner] Location: 'C:\WINDOWS\system32\chcp.COM'
[2026-08-30 10:54:07Z INFO ProcessInvokerWrapper] Starting process:
[2026-08-30 10:54:07Z INFO ProcessInvokerWrapper]   File name: 'C:\WINDOWS\system32\chcp.COM'
[2026-08-30 10:54:07Z INFO ProcessInvokerWrapper]   Arguments: '65001'
[2026-08-30 10:54:07Z INFO ProcessInvokerWrapper]   Working directory: 'C:\Users\krish\Documents\BITS\mlops-project\actions-runner\_work'
[2026-08-30 10:54:07Z INFO ProcessInvokerWrapper]   Require exit code zero: 'False'
[2026-08-30 10:54:07Z INFO ProcessInvokerWrapper]   Encoding web name:  ; code page: ''
[2026-08-30 10:54:07Z INFO ProcessInvokerWrapper]   Force kill process on cancellation: 'False'
[2026-08-30 10:54:07Z INFO ProcessInvokerWrapper]   Redirected STDIN: 'False'
[2026-08-30 10:54:07Z INFO ProcessInvokerWrapper]   Persist current code page: 'True'
[2026-08-30 10:54:07Z INFO ProcessInvokerWrapper]   Keep redirected STDIN open: 'False'
[2026-08-30 10:54:07Z INFO ProcessInvokerWrapper]   High priority process: 'False'
[2026-08-30 10:54:08Z INFO ProcessInvokerWrapper] Process started with process id 21988, waiting for process exit.
[2026-08-30 10:54:08Z INFO JobServerQueue] Try to append 1 batches web console lines for record 'bfe831a6-f902-49dd-a26a-1a4f065bd9b3', success rate: 1/1.
[2026-08-30 10:54:08Z INFO ProcessInvokerWrapper] STDOUT/STDERR stream read finished.
[2026-08-30 10:54:08Z INFO ProcessInvokerWrapper] STDOUT/STDERR stream read finished.
[2026-08-30 10:54:08Z INFO ProcessInvokerWrapper] Finished process 21988 with exit code 0, and elapsed time 00:00:00.0609553.
[2026-08-30 10:54:08Z INFO StepsRunner] Successfully returned to code page 65001 (UTF8)
[2026-08-30 10:54:08Z INFO HostContext] Well known directory 'Bin': 'C:\Users\krish\Documents\BITS\mlops-project\actions-runner\bin'
[2026-08-30 10:54:08Z INFO HostContext] Well known directory 'Root': 'C:\Users\krish\Documents\BITS\mlops-project\actions-runner'
[2026-08-30 10:54:08Z INFO HostContext] Well known directory 'Work': 'C:\Users\krish\Documents\BITS\mlops-project\actions-runner\_work'
[2026-08-30 10:54:08Z INFO HostContext] Well known directory 'Temp': 'C:\Users\krish\Documents\BITS\mlops-project\actions-runner\_work\_temp'
[2026-08-30 10:54:08Z INFO ExecutionContext] Write event payload to C:\Users\krish\Documents\BITS\mlops-project\actions-runner\_work\_temp\_github_workflow\event.json
[2026-08-30 10:54:08Z INFO HostContext] Well known directory 'Bin': 'C:\Users\krish\Documents\BITS\mlops-project\actions-runner\bin'
[2026-08-30 10:54:08Z INFO HostContext] Well known directory 'Root': 'C:\Users\krish\Documents\BITS\mlops-project\actions-runner'
[2026-08-30 10:54:08Z INFO HostContext] Well known directory 'Work': 'C:\Users\krish\Documents\BITS\mlops-project\actions-runner\_work'
[2026-08-30 10:54:08Z INFO HostContext] Well known directory 'Temp': 'C:\Users\krish\Documents\BITS\mlops-project\actions-runner\_work\_temp'
[2026-08-30 10:54:08Z INFO ExtensionManager] Getting extensions for interface: 'GitHub.Runner.Worker.IFileCommandExtension'
[2026-08-30 10:54:08Z INFO ExtensionManager] Getting extensions for interface: 'GitHub.Runner.Worker.IActionCommandExtension'
[2026-08-30 10:54:08Z INFO ActionCommandManager] Register action command extension for command internal-set-repo-path
[2026-08-30 10:54:08Z INFO ActionCommandManager] Register action command extension for command set-env
[2026-08-30 10:54:08Z INFO ActionCommandManager] Register action command extension for command set-output
[2026-08-30 10:54:08Z INFO ActionCommandManager] Register action command extension for command save-state
[2026-08-30 10:54:08Z INFO ActionCommandManager] Register action command extension for command add-path
[2026-08-30 10:54:08Z INFO ActionCommandManager] Register action command extension for command add-mask
[2026-08-30 10:54:08Z INFO ActionCommandManager] Register action command extension for command add-matcher
[2026-08-30 10:54:08Z INFO ActionCommandManager] Register action command extension for command remove-matcher
[2026-08-30 10:54:08Z INFO ActionCommandManager] Register action command extension for command warning
[2026-08-30 10:54:08Z INFO ActionCommandManager] Register action command extension for command error
[2026-08-30 10:54:08Z INFO ActionCommandManager] Register action command extension for command notice
[2026-08-30 10:54:08Z INFO ActionCommandManager] Register action command extension for command debug
[2026-08-30 10:54:08Z INFO ActionCommandManager] Register action command extension for command group
[2026-08-30 10:54:08Z INFO ActionCommandManager] Register action command extension for command endgroup
[2026-08-30 10:54:08Z INFO ActionCommandManager] Register action command extension for command echo
[2026-08-30 10:54:08Z INFO ScriptHandler] Which2: 'cmd'
[2026-08-30 10:54:08Z INFO ScriptHandler] Location: 'C:\WINDOWS\system32\cmd.EXE'
[2026-08-30 10:54:08Z INFO HostContext] Well known directory 'Bin': 'C:\Users\krish\Documents\BITS\mlops-project\actions-runner\bin'
[2026-08-30 10:54:08Z INFO HostContext] Well known directory 'Root': 'C:\Users\krish\Documents\BITS\mlops-project\actions-runner'
[2026-08-30 10:54:08Z INFO HostContext] Well known directory 'Work': 'C:\Users\krish\Documents\BITS\mlops-project\actions-runner\_work'
[2026-08-30 10:54:08Z INFO HostContext] Well known directory 'Temp': 'C:\Users\krish\Documents\BITS\mlops-project\actions-runner\_work\_temp'
[2026-08-30 10:54:08Z INFO ScriptHandler] Which2: 'cmd'
[2026-08-30 10:54:08Z INFO ScriptHandler] Location: 'C:\WINDOWS\system32\cmd.EXE'
[2026-08-30 10:54:08Z INFO ProcessInvokerWrapper] Starting process:
[2026-08-30 10:54:08Z INFO ProcessInvokerWrapper]   File name: 'C:\WINDOWS\system32\cmd.EXE'
[2026-08-30 10:54:08Z INFO ProcessInvokerWrapper]   Arguments: '/D /E:ON /V:OFF /S /C "CALL "C:\Users\krish\Documents\BITS\mlops-project\actions-runner\_work\_temp\b5fdbcbc-9342-4ab6-9f4f-91009d29924f.cmd""'
[2026-08-30 10:54:08Z INFO ProcessInvokerWrapper]   Working directory: 'C:\Users\krish\Documents\BITS\mlops-project\actions-runner\_work\assignment2\assignment2'
[2026-08-30 10:54:08Z INFO ProcessInvokerWrapper]   Require exit code zero: 'False'
[2026-08-30 10:54:08Z INFO ProcessInvokerWrapper]   Encoding web name:  ; code page: ''
[2026-08-30 10:54:08Z INFO ProcessInvokerWrapper]   Force kill process on cancellation: 'False'
[2026-08-30 10:54:08Z INFO ProcessInvokerWrapper]   Redirected STDIN: 'False'
[2026-08-30 10:54:08Z INFO ProcessInvokerWrapper]   Persist current code page: 'True'
[2026-08-30 10:54:08Z INFO ProcessInvokerWrapper]   Keep redirected STDIN open: 'False'
[2026-08-30 10:54:08Z INFO ProcessInvokerWrapper]   High priority process: 'False'
[2026-08-30 10:54:08Z INFO JobServerQueue] Try to append 1 batches web console lines for record '492bbfdd-b142-42d5-82fa-a658bd6e884a', success rate: 1/1.
[2026-08-30 10:54:08Z INFO ProcessInvokerWrapper] Process started with process id 10800, waiting for process exit.
[2026-08-30 10:54:08Z INFO JobServerQueue] Try to upload 1 log files or attachments, success rate: 1/1.
[2026-08-30 10:54:08Z INFO JobServerQueue] Got a step log file to send to results service.
[2026-08-30 10:54:08Z INFO JobServerQueue] Starting upload of step log file to results service ResultsLog, C:\Users\krish\Documents\BITS\mlops-project\actions-runner\_diag\blocks\c35f91a6-f00c-4de7-bb1c-b38e6111cf71_bfe831a6-f902-49dd-a26a-1a4f065bd9b3.1
[2026-08-30 10:54:09Z INFO JobServerQueue] Try to append 1 batches web console lines for record '492bbfdd-b142-42d5-82fa-a658bd6e884a', success rate: 1/1.
[2026-08-30 10:54:09Z INFO JobServerQueue] Tried to upload 1 file(s) to results, success rate: 1/1.
[2026-08-30 10:54:11Z INFO JobServerQueue] Try to append 1 batches web console lines for record '492bbfdd-b142-42d5-82fa-a658bd6e884a', success rate: 1/1.
[2026-08-30 10:54:11Z INFO ProcessInvokerWrapper] STDOUT/STDERR stream read finished.
[2026-08-30 10:54:11Z INFO ProcessInvokerWrapper] STDOUT/STDERR stream read finished.
[2026-08-30 10:54:11Z INFO ProcessInvokerWrapper] Finished process 10800 with exit code 0, and elapsed time 00:00:03.6645688.
[2026-08-30 10:54:11Z INFO CreateStepSummaryCommand] Step Summary file (C:\Users\krish\Documents\BITS\mlops-project\actions-runner\_work\_temp\_runner_file_commands\step_summary_5211ed5a-1414-4788-925d-a1e1cc356dd6) is empty; skipping attachment upload
[2026-08-30 10:54:11Z INFO StepsRunner] Step result: 
[2026-08-30 10:54:11Z INFO ExecutionContext] Publish step telemetry for current step {
  "action": "cmd",
  "type": "run",
  "stage": "Main",
  "stepId": "492bbfdd-b142-42d5-82fa-a658bd6e884a",
  "stepContextName": "__run",
  "result": "succeeded",
  "errorMessages": [],
  "executionTimeInSeconds": 4,
  "startTime": "2026-08-30T10:54:07.951541Z",
  "finishTime": "2026-08-30T10:54:11.8968238Z"
}.
[2026-08-30 10:54:11Z INFO StepsRunner] No need for updating job result with current step result 'Succeeded'.
[2026-08-30 10:54:11Z INFO StepsRunner] Current state: job state = ''
[2026-08-30 10:54:11Z INFO StepsRunner] Processing step: DisplayName='Remove old container'
[2026-08-30 10:54:11Z INFO StepsRunner] Evaluating: success()
[2026-08-30 10:54:11Z INFO StepsRunner] Result: true
[2026-08-30 10:54:11Z INFO StepsRunner] Starting the step.
[2026-08-30 10:54:11Z INFO HostContext] Well known directory 'Bin': 'C:\Users\krish\Documents\BITS\mlops-project\actions-runner\bin'
[2026-08-30 10:54:11Z INFO HostContext] Well known directory 'Root': 'C:\Users\krish\Documents\BITS\mlops-project\actions-runner'
[2026-08-30 10:54:11Z INFO HostContext] Well known directory 'Work': 'C:\Users\krish\Documents\BITS\mlops-project\actions-runner\_work'
[2026-08-30 10:54:11Z INFO StepsRunner] Which2: 'chcp'
[2026-08-30 10:54:11Z INFO StepsRunner] Location: 'C:\WINDOWS\system32\chcp.COM'
[2026-08-30 10:54:11Z INFO ProcessInvokerWrapper] Starting process:
[2026-08-30 10:54:11Z INFO ProcessInvokerWrapper]   File name: 'C:\WINDOWS\system32\chcp.COM'
[2026-08-30 10:54:11Z INFO ProcessInvokerWrapper]   Arguments: '65001'
[2026-08-30 10:54:11Z INFO ProcessInvokerWrapper]   Working directory: 'C:\Users\krish\Documents\BITS\mlops-project\actions-runner\_work'
[2026-08-30 10:54:11Z INFO ProcessInvokerWrapper]   Require exit code zero: 'False'
[2026-08-30 10:54:11Z INFO ProcessInvokerWrapper]   Encoding web name:  ; code page: ''
[2026-08-30 10:54:11Z INFO ProcessInvokerWrapper]   Force kill process on cancellation: 'False'
[2026-08-30 10:54:11Z INFO ProcessInvokerWrapper]   Redirected STDIN: 'False'
[2026-08-30 10:54:11Z INFO ProcessInvokerWrapper]   Persist current code page: 'True'
[2026-08-30 10:54:11Z INFO ProcessInvokerWrapper]   Keep redirected STDIN open: 'False'
[2026-08-30 10:54:11Z INFO ProcessInvokerWrapper]   High priority process: 'False'
[2026-08-30 10:54:11Z INFO ProcessInvokerWrapper] Process started with process id 19312, waiting for process exit.
[2026-08-30 10:54:11Z INFO ProcessInvokerWrapper] STDOUT/STDERR stream read finished.
[2026-08-30 10:54:11Z INFO ProcessInvokerWrapper] STDOUT/STDERR stream read finished.
[2026-08-30 10:54:11Z INFO ProcessInvokerWrapper] Finished process 19312 with exit code 0, and elapsed time 00:00:00.0563889.
[2026-08-30 10:54:11Z INFO StepsRunner] Successfully returned to code page 65001 (UTF8)
[2026-08-30 10:54:11Z INFO HostContext] Well known directory 'Bin': 'C:\Users\krish\Documents\BITS\mlops-project\actions-runner\bin'
[2026-08-30 10:54:11Z INFO HostContext] Well known directory 'Root': 'C:\Users\krish\Documents\BITS\mlops-project\actions-runner'
[2026-08-30 10:54:11Z INFO HostContext] Well known directory 'Work': 'C:\Users\krish\Documents\BITS\mlops-project\actions-runner\_work'
[2026-08-30 10:54:11Z INFO HostContext] Well known directory 'Temp': 'C:\Users\krish\Documents\BITS\mlops-project\actions-runner\_work\_temp'
[2026-08-30 10:54:11Z INFO ExecutionContext] Write event payload to C:\Users\krish\Documents\BITS\mlops-project\actions-runner\_work\_temp\_github_workflow\event.json
[2026-08-30 10:54:11Z INFO HostContext] Well known directory 'Bin': 'C:\Users\krish\Documents\BITS\mlops-project\actions-runner\bin'
[2026-08-30 10:54:11Z INFO HostContext] Well known directory 'Root': 'C:\Users\krish\Documents\BITS\mlops-project\actions-runner'
[2026-08-30 10:54:11Z INFO HostContext] Well known directory 'Work': 'C:\Users\krish\Documents\BITS\mlops-project\actions-runner\_work'
[2026-08-30 10:54:11Z INFO HostContext] Well known directory 'Temp': 'C:\Users\krish\Documents\BITS\mlops-project\actions-runner\_work\_temp'
[2026-08-30 10:54:11Z INFO ExtensionManager] Getting extensions for interface: 'GitHub.Runner.Worker.IFileCommandExtension'
[2026-08-30 10:54:11Z INFO ExtensionManager] Getting extensions for interface: 'GitHub.Runner.Worker.IActionCommandExtension'
[2026-08-30 10:54:11Z INFO ActionCommandManager] Register action command extension for command internal-set-repo-path
[2026-08-30 10:54:11Z INFO ActionCommandManager] Register action command extension for command set-env
[2026-08-30 10:54:11Z INFO ActionCommandManager] Register action command extension for command set-output
[2026-08-30 10:54:11Z INFO ActionCommandManager] Register action command extension for command save-state
[2026-08-30 10:54:11Z INFO ActionCommandManager] Register action command extension for command add-path
[2026-08-30 10:54:12Z INFO ActionCommandManager] Register action command extension for command add-mask
[2026-08-30 10:54:12Z INFO ActionCommandManager] Register action command extension for command add-matcher
[2026-08-30 10:54:12Z INFO ActionCommandManager] Register action command extension for command remove-matcher
[2026-08-30 10:54:12Z INFO ActionCommandManager] Register action command extension for command warning
[2026-08-30 10:54:12Z INFO ActionCommandManager] Register action command extension for command error
[2026-08-30 10:54:12Z INFO ActionCommandManager] Register action command extension for command notice
[2026-08-30 10:54:12Z INFO ActionCommandManager] Register action command extension for command debug
[2026-08-30 10:54:12Z INFO ActionCommandManager] Register action command extension for command group
[2026-08-30 10:54:12Z INFO ActionCommandManager] Register action command extension for command endgroup
[2026-08-30 10:54:12Z INFO ActionCommandManager] Register action command extension for command echo
[2026-08-30 10:54:12Z INFO ScriptHandler] Which2: 'cmd'
[2026-08-30 10:54:12Z INFO ScriptHandler] Location: 'C:\WINDOWS\system32\cmd.EXE'
[2026-08-30 10:54:12Z INFO HostContext] Well known directory 'Bin': 'C:\Users\krish\Documents\BITS\mlops-project\actions-runner\bin'
[2026-08-30 10:54:12Z INFO HostContext] Well known directory 'Root': 'C:\Users\krish\Documents\BITS\mlops-project\actions-runner'
[2026-08-30 10:54:12Z INFO HostContext] Well known directory 'Work': 'C:\Users\krish\Documents\BITS\mlops-project\actions-runner\_work'
[2026-08-30 10:54:12Z INFO HostContext] Well known directory 'Temp': 'C:\Users\krish\Documents\BITS\mlops-project\actions-runner\_work\_temp'
[2026-08-30 10:54:12Z INFO ScriptHandler] Which2: 'cmd'
[2026-08-30 10:54:12Z INFO ScriptHandler] Location: 'C:\WINDOWS\system32\cmd.EXE'
[2026-08-30 10:54:12Z INFO ProcessInvokerWrapper] Starting process:
[2026-08-30 10:54:12Z INFO ProcessInvokerWrapper]   File name: 'C:\WINDOWS\system32\cmd.EXE'
[2026-08-30 10:54:12Z INFO ProcessInvokerWrapper]   Arguments: '/D /E:ON /V:OFF /S /C "CALL "C:\Users\krish\Documents\BITS\mlops-project\actions-runner\_work\_temp\57a1c61c-80f1-4598-bce7-a536d5bcb8c9.cmd""'
[2026-08-30 10:54:12Z INFO ProcessInvokerWrapper]   Working directory: 'C:\Users\krish\Documents\BITS\mlops-project\actions-runner\_work\assignment2\assignment2'
[2026-08-30 10:54:12Z INFO ProcessInvokerWrapper]   Require exit code zero: 'False'
[2026-08-30 10:54:12Z INFO ProcessInvokerWrapper]   Encoding web name:  ; code page: ''
[2026-08-30 10:54:12Z INFO ProcessInvokerWrapper]   Force kill process on cancellation: 'False'
[2026-08-30 10:54:12Z INFO ProcessInvokerWrapper]   Redirected STDIN: 'False'
[2026-08-30 10:54:12Z INFO ProcessInvokerWrapper]   Persist current code page: 'True'
[2026-08-30 10:54:12Z INFO ProcessInvokerWrapper]   Keep redirected STDIN open: 'False'
[2026-08-30 10:54:12Z INFO ProcessInvokerWrapper]   High priority process: 'False'
[2026-08-30 10:54:12Z INFO ProcessInvokerWrapper] Process started with process id 14184, waiting for process exit.
[2026-08-30 10:54:12Z INFO JobServerQueue] Try to append 1 batches web console lines for record 'b7d13d55-a575-4023-b8ee-ee498da2dc1e', success rate: 1/1.
[2026-08-30 10:54:12Z INFO JobServerQueue] Got a step log file to send to results service.
[2026-08-30 10:54:12Z INFO JobServerQueue] Starting upload of step log file to results service ResultsLog, C:\Users\krish\Documents\BITS\mlops-project\actions-runner\_diag\blocks\c35f91a6-f00c-4de7-bb1c-b38e6111cf71_492bbfdd-b142-42d5-82fa-a658bd6e884a.1
[2026-08-30 10:54:12Z INFO JobServerQueue] Try to upload 1 log files or attachments, success rate: 1/1.
[2026-08-30 10:54:13Z INFO JobServerQueue] Tried to upload 1 file(s) to results, success rate: 1/1.
[2026-08-30 10:54:15Z INFO ProcessInvokerWrapper] STDOUT/STDERR stream read finished.
[2026-08-30 10:54:15Z INFO ProcessInvokerWrapper] STDOUT/STDERR stream read finished.
[2026-08-30 10:54:15Z INFO ProcessInvokerWrapper] Finished process 14184 with exit code 0, and elapsed time 00:00:03.9585400.
[2026-08-30 10:54:15Z INFO CreateStepSummaryCommand] Step Summary file (C:\Users\krish\Documents\BITS\mlops-project\actions-runner\_work\_temp\_runner_file_commands\step_summary_03bc4836-3125-4b3c-a5a4-1107f894daf6) is empty; skipping attachment upload
[2026-08-30 10:54:15Z INFO StepsRunner] Step result: 
[2026-08-30 10:54:15Z INFO ExecutionContext] Publish step telemetry for current step {
  "action": "cmd",
  "type": "run",
  "stage": "Main",
  "stepId": "b7d13d55-a575-4023-b8ee-ee498da2dc1e",
  "stepContextName": "__run_2",
  "result": "succeeded",
  "errorMessages": [],
  "executionTimeInSeconds": 5,
  "startTime": "2026-08-30T10:54:11.9028739Z",
  "finishTime": "2026-08-30T10:54:15.9834392Z"
}.
[2026-08-30 10:54:15Z INFO StepsRunner] No need for updating job result with current step result 'Succeeded'.
[2026-08-30 10:54:15Z INFO StepsRunner] Current state: job state = ''
[2026-08-30 10:54:15Z INFO StepsRunner] Processing step: DisplayName='Deploy application'
[2026-08-30 10:54:15Z INFO StepsRunner] Evaluating: success()
[2026-08-30 10:54:15Z INFO StepsRunner] Result: true
[2026-08-30 10:54:15Z INFO StepsRunner] Starting the step.
[2026-08-30 10:54:15Z INFO HostContext] Well known directory 'Bin': 'C:\Users\krish\Documents\BITS\mlops-project\actions-runner\bin'
[2026-08-30 10:54:15Z INFO HostContext] Well known directory 'Root': 'C:\Users\krish\Documents\BITS\mlops-project\actions-runner'
[2026-08-30 10:54:15Z INFO HostContext] Well known directory 'Work': 'C:\Users\krish\Documents\BITS\mlops-project\actions-runner\_work'
[2026-08-30 10:54:15Z INFO StepsRunner] Which2: 'chcp'
[2026-08-30 10:54:15Z INFO StepsRunner] Location: 'C:\WINDOWS\system32\chcp.COM'
[2026-08-30 10:54:15Z INFO ProcessInvokerWrapper] Starting process:
[2026-08-30 10:54:15Z INFO ProcessInvokerWrapper]   File name: 'C:\WINDOWS\system32\chcp.COM'
[2026-08-30 10:54:15Z INFO ProcessInvokerWrapper]   Arguments: '65001'
[2026-08-30 10:54:15Z INFO ProcessInvokerWrapper]   Working directory: 'C:\Users\krish\Documents\BITS\mlops-project\actions-runner\_work'
[2026-08-30 10:54:15Z INFO ProcessInvokerWrapper]   Require exit code zero: 'False'
[2026-08-30 10:54:15Z INFO ProcessInvokerWrapper]   Encoding web name:  ; code page: ''
[2026-08-30 10:54:15Z INFO ProcessInvokerWrapper]   Force kill process on cancellation: 'False'
[2026-08-30 10:54:15Z INFO ProcessInvokerWrapper]   Redirected STDIN: 'False'
[2026-08-30 10:54:15Z INFO ProcessInvokerWrapper]   Persist current code page: 'True'
[2026-08-30 10:54:15Z INFO ProcessInvokerWrapper]   Keep redirected STDIN open: 'False'
[2026-08-30 10:54:15Z INFO ProcessInvokerWrapper]   High priority process: 'False'
[2026-08-30 10:54:16Z INFO ProcessInvokerWrapper] Process started with process id 11732, waiting for process exit.
[2026-08-30 10:54:16Z INFO ProcessInvokerWrapper] STDOUT/STDERR stream read finished.
[2026-08-30 10:54:16Z INFO ProcessInvokerWrapper] STDOUT/STDERR stream read finished.
[2026-08-30 10:54:16Z INFO ProcessInvokerWrapper] Finished process 11732 with exit code 0, and elapsed time 00:00:00.0523084.
[2026-08-30 10:54:16Z INFO StepsRunner] Successfully returned to code page 65001 (UTF8)
[2026-08-30 10:54:16Z INFO HostContext] Well known directory 'Bin': 'C:\Users\krish\Documents\BITS\mlops-project\actions-runner\bin'
[2026-08-30 10:54:16Z INFO HostContext] Well known directory 'Root': 'C:\Users\krish\Documents\BITS\mlops-project\actions-runner'
[2026-08-30 10:54:16Z INFO HostContext] Well known directory 'Work': 'C:\Users\krish\Documents\BITS\mlops-project\actions-runner\_work'
[2026-08-30 10:54:16Z INFO HostContext] Well known directory 'Temp': 'C:\Users\krish\Documents\BITS\mlops-project\actions-runner\_work\_temp'
[2026-08-30 10:54:16Z INFO ExecutionContext] Write event payload to C:\Users\krish\Documents\BITS\mlops-project\actions-runner\_work\_temp\_github_workflow\event.json
[2026-08-30 10:54:16Z INFO HostContext] Well known directory 'Bin': 'C:\Users\krish\Documents\BITS\mlops-project\actions-runner\bin'
[2026-08-30 10:54:16Z INFO HostContext] Well known directory 'Root': 'C:\Users\krish\Documents\BITS\mlops-project\actions-runner'
[2026-08-30 10:54:16Z INFO HostContext] Well known directory 'Work': 'C:\Users\krish\Documents\BITS\mlops-project\actions-runner\_work'
[2026-08-30 10:54:16Z INFO HostContext] Well known directory 'Temp': 'C:\Users\krish\Documents\BITS\mlops-project\actions-runner\_work\_temp'
[2026-08-30 10:54:16Z INFO ExtensionManager] Getting extensions for interface: 'GitHub.Runner.Worker.IFileCommandExtension'
[2026-08-30 10:54:16Z INFO ExtensionManager] Getting extensions for interface: 'GitHub.Runner.Worker.IActionCommandExtension'
[2026-08-30 10:54:16Z INFO ActionCommandManager] Register action command extension for command internal-set-repo-path
[2026-08-30 10:54:16Z INFO ActionCommandManager] Register action command extension for command set-env
[2026-08-30 10:54:16Z INFO ActionCommandManager] Register action command extension for command set-output
[2026-08-30 10:54:16Z INFO ActionCommandManager] Register action command extension for command save-state
[2026-08-30 10:54:16Z INFO ActionCommandManager] Register action command extension for command add-path
[2026-08-30 10:54:16Z INFO ActionCommandManager] Register action command extension for command add-mask
[2026-08-30 10:54:16Z INFO ActionCommandManager] Register action command extension for command add-matcher
[2026-08-30 10:54:16Z INFO ActionCommandManager] Register action command extension for command remove-matcher
[2026-08-30 10:54:16Z INFO ActionCommandManager] Register action command extension for command warning
[2026-08-30 10:54:16Z INFO ActionCommandManager] Register action command extension for command error
[2026-08-30 10:54:16Z INFO ActionCommandManager] Register action command extension for command notice
[2026-08-30 10:54:16Z INFO ActionCommandManager] Register action command extension for command debug
[2026-08-30 10:54:16Z INFO ActionCommandManager] Register action command extension for command group
[2026-08-30 10:54:16Z INFO ActionCommandManager] Register action command extension for command endgroup
[2026-08-30 10:54:16Z INFO ActionCommandManager] Register action command extension for command echo
[2026-08-30 10:54:16Z INFO ScriptHandler] Which2: 'cmd'
[2026-08-30 10:54:16Z INFO ScriptHandler] Location: 'C:\WINDOWS\system32\cmd.EXE'
[2026-08-30 10:54:16Z INFO HostContext] Well known directory 'Bin': 'C:\Users\krish\Documents\BITS\mlops-project\actions-runner\bin'
[2026-08-30 10:54:16Z INFO HostContext] Well known directory 'Root': 'C:\Users\krish\Documents\BITS\mlops-project\actions-runner'
[2026-08-30 10:54:16Z INFO HostContext] Well known directory 'Work': 'C:\Users\krish\Documents\BITS\mlops-project\actions-runner\_work'
[2026-08-30 10:54:16Z INFO HostContext] Well known directory 'Temp': 'C:\Users\krish\Documents\BITS\mlops-project\actions-runner\_work\_temp'
[2026-08-30 10:54:16Z INFO ScriptHandler] Which2: 'cmd'
[2026-08-30 10:54:16Z INFO ScriptHandler] Location: 'C:\WINDOWS\system32\cmd.EXE'
[2026-08-30 10:54:16Z INFO ProcessInvokerWrapper] Starting process:
[2026-08-30 10:54:16Z INFO ProcessInvokerWrapper]   File name: 'C:\WINDOWS\system32\cmd.EXE'
[2026-08-30 10:54:16Z INFO ProcessInvokerWrapper]   Arguments: '/D /E:ON /V:OFF /S /C "CALL "C:\Users\krish\Documents\BITS\mlops-project\actions-runner\_work\_temp\78c5f8a6-95cc-4ab0-870d-7b6b93f52dea.cmd""'
[2026-08-30 10:54:16Z INFO ProcessInvokerWrapper]   Working directory: 'C:\Users\krish\Documents\BITS\mlops-project\actions-runner\_work\assignment2\assignment2'
[2026-08-30 10:54:16Z INFO ProcessInvokerWrapper]   Require exit code zero: 'False'
[2026-08-30 10:54:16Z INFO ProcessInvokerWrapper]   Encoding web name:  ; code page: ''
[2026-08-30 10:54:16Z INFO ProcessInvokerWrapper]   Force kill process on cancellation: 'False'
[2026-08-30 10:54:16Z INFO ProcessInvokerWrapper]   Redirected STDIN: 'False'
[2026-08-30 10:54:16Z INFO ProcessInvokerWrapper]   Persist current code page: 'True'
[2026-08-30 10:54:16Z INFO ProcessInvokerWrapper]   Keep redirected STDIN open: 'False'
[2026-08-30 10:54:16Z INFO ProcessInvokerWrapper]   High priority process: 'False'
[2026-08-30 10:54:16Z INFO JobServerQueue] Try to append 1 batches web console lines for record '4fb8731c-1b86-465f-a1b9-1ff175055b76', success rate: 1/1.
[2026-08-30 10:54:16Z INFO ProcessInvokerWrapper] Process started with process id 20932, waiting for process exit.
[2026-08-30 10:54:16Z INFO JobServerQueue] Got a step log file to send to results service.
[2026-08-30 10:54:16Z INFO JobServerQueue] Starting upload of step log file to results service ResultsLog, C:\Users\krish\Documents\BITS\mlops-project\actions-runner\_diag\blocks\c35f91a6-f00c-4de7-bb1c-b38e6111cf71_b7d13d55-a575-4023-b8ee-ee498da2dc1e.1
[2026-08-30 10:54:16Z INFO JobServerQueue] Try to upload 1 log files or attachments, success rate: 1/1.
[2026-08-30 10:54:16Z INFO JobServerQueue] Try to append 1 batches web console lines for record '4fb8731c-1b86-465f-a1b9-1ff175055b76', success rate: 1/1.
[2026-08-30 10:54:16Z INFO HostContext] Well known directory 'Bin': 'C:\Users\krish\Documents\BITS\mlops-project\actions-runner\bin'
[2026-08-30 10:54:16Z INFO HostContext] Well known directory 'Root': 'C:\Users\krish\Documents\BITS\mlops-project\actions-runner'
[2026-08-30 10:54:16Z INFO HostContext] Well known directory 'Work': 'C:\Users\krish\Documents\BITS\mlops-project\actions-runner\_work'
[2026-08-30 10:54:16Z INFO JobServerQueue] Try to append 1 batches web console lines for record '4fb8731c-1b86-465f-a1b9-1ff175055b76', success rate: 1/1.
[2026-08-30 10:54:17Z INFO JobServerQueue] Tried to upload 1 file(s) to results, success rate: 1/1.
[2026-08-30 10:54:18Z INFO ProcessInvokerWrapper] STDOUT/STDERR stream read finished.
[2026-08-30 10:54:18Z INFO ProcessInvokerWrapper] STDOUT/STDERR stream read finished.
[2026-08-30 10:54:18Z INFO ProcessInvokerWrapper] Finished process 20932 with exit code 0, and elapsed time 00:00:02.2352969.
[2026-08-30 10:54:18Z INFO CreateStepSummaryCommand] Step Summary file (C:\Users\krish\Documents\BITS\mlops-project\actions-runner\_work\_temp\_runner_file_commands\step_summary_f3f715b7-4459-4674-b568-2520d3a1571b) is empty; skipping attachment upload
[2026-08-30 10:54:18Z INFO StepsRunner] Step result: 
[2026-08-30 10:54:18Z INFO ExecutionContext] Publish step telemetry for current step {
  "action": "cmd",
  "type": "run",
  "stage": "Main",
  "stepId": "4fb8731c-1b86-465f-a1b9-1ff175055b76",
  "stepContextName": "__run_3",
  "result": "succeeded",
  "errorMessages": [],
  "executionTimeInSeconds": 3,
  "startTime": "2026-08-30T10:54:15.995546Z",
  "finishTime": "2026-08-30T10:54:18.3281285Z"
}.
[2026-08-30 10:54:18Z INFO StepsRunner] No need for updating job result with current step result 'Succeeded'.
[2026-08-30 10:54:18Z INFO StepsRunner] Current state: job state = ''
[2026-08-30 10:54:18Z INFO StepsRunner] Processing step: DisplayName='Check deployment'
[2026-08-30 10:54:18Z INFO StepsRunner] Evaluating: success()
[2026-08-30 10:54:18Z INFO StepsRunner] Result: true
[2026-08-30 10:54:18Z INFO StepsRunner] Starting the step.
[2026-08-30 10:54:18Z INFO HostContext] Well known directory 'Bin': 'C:\Users\krish\Documents\BITS\mlops-project\actions-runner\bin'
[2026-08-30 10:54:18Z INFO HostContext] Well known directory 'Root': 'C:\Users\krish\Documents\BITS\mlops-project\actions-runner'
[2026-08-30 10:54:18Z INFO HostContext] Well known directory 'Work': 'C:\Users\krish\Documents\BITS\mlops-project\actions-runner\_work'
[2026-08-30 10:54:18Z INFO StepsRunner] Which2: 'chcp'
[2026-08-30 10:54:18Z INFO StepsRunner] Location: 'C:\WINDOWS\system32\chcp.COM'
[2026-08-30 10:54:18Z INFO ProcessInvokerWrapper] Starting process:
[2026-08-30 10:54:18Z INFO ProcessInvokerWrapper]   File name: 'C:\WINDOWS\system32\chcp.COM'
[2026-08-30 10:54:18Z INFO ProcessInvokerWrapper]   Arguments: '65001'
[2026-08-30 10:54:18Z INFO ProcessInvokerWrapper]   Working directory: 'C:\Users\krish\Documents\BITS\mlops-project\actions-runner\_work'
[2026-08-30 10:54:18Z INFO ProcessInvokerWrapper]   Require exit code zero: 'False'
[2026-08-30 10:54:18Z INFO ProcessInvokerWrapper]   Encoding web name:  ; code page: ''
[2026-08-30 10:54:18Z INFO ProcessInvokerWrapper]   Force kill process on cancellation: 'False'
[2026-08-30 10:54:18Z INFO ProcessInvokerWrapper]   Redirected STDIN: 'False'
[2026-08-30 10:54:18Z INFO ProcessInvokerWrapper]   Persist current code page: 'True'
[2026-08-30 10:54:18Z INFO ProcessInvokerWrapper]   Keep redirected STDIN open: 'False'
[2026-08-30 10:54:18Z INFO ProcessInvokerWrapper]   High priority process: 'False'
[2026-08-30 10:54:18Z INFO ProcessInvokerWrapper] Process started with process id 22980, waiting for process exit.
[2026-08-30 10:54:18Z INFO ProcessInvokerWrapper] STDOUT/STDERR stream read finished.
[2026-08-30 10:54:18Z INFO ProcessInvokerWrapper] STDOUT/STDERR stream read finished.
[2026-08-30 10:54:18Z INFO ProcessInvokerWrapper] Finished process 22980 with exit code 0, and elapsed time 00:00:00.0613707.
[2026-08-30 10:54:18Z INFO StepsRunner] Successfully returned to code page 65001 (UTF8)
[2026-08-30 10:54:18Z INFO HostContext] Well known directory 'Bin': 'C:\Users\krish\Documents\BITS\mlops-project\actions-runner\bin'
[2026-08-30 10:54:18Z INFO HostContext] Well known directory 'Root': 'C:\Users\krish\Documents\BITS\mlops-project\actions-runner'
[2026-08-30 10:54:18Z INFO HostContext] Well known directory 'Work': 'C:\Users\krish\Documents\BITS\mlops-project\actions-runner\_work'
[2026-08-30 10:54:18Z INFO HostContext] Well known directory 'Temp': 'C:\Users\krish\Documents\BITS\mlops-project\actions-runner\_work\_temp'
[2026-08-30 10:54:18Z INFO ExecutionContext] Write event payload to C:\Users\krish\Documents\BITS\mlops-project\actions-runner\_work\_temp\_github_workflow\event.json
[2026-08-30 10:54:18Z INFO HostContext] Well known directory 'Bin': 'C:\Users\krish\Documents\BITS\mlops-project\actions-runner\bin'
[2026-08-30 10:54:18Z INFO HostContext] Well known directory 'Root': 'C:\Users\krish\Documents\BITS\mlops-project\actions-runner'
[2026-08-30 10:54:18Z INFO HostContext] Well known directory 'Work': 'C:\Users\krish\Documents\BITS\mlops-project\actions-runner\_work'
[2026-08-30 10:54:18Z INFO HostContext] Well known directory 'Temp': 'C:\Users\krish\Documents\BITS\mlops-project\actions-runner\_work\_temp'
[2026-08-30 10:54:18Z INFO ExtensionManager] Getting extensions for interface: 'GitHub.Runner.Worker.IFileCommandExtension'
[2026-08-30 10:54:18Z INFO ExtensionManager] Getting extensions for interface: 'GitHub.Runner.Worker.IActionCommandExtension'
[2026-08-30 10:54:18Z INFO ActionCommandManager] Register action command extension for command internal-set-repo-path
[2026-08-30 10:54:18Z INFO ActionCommandManager] Register action command extension for command set-env
[2026-08-30 10:54:18Z INFO ActionCommandManager] Register action command extension for command set-output
[2026-08-30 10:54:18Z INFO ActionCommandManager] Register action command extension for command save-state
[2026-08-30 10:54:18Z INFO ActionCommandManager] Register action command extension for command add-path
[2026-08-30 10:54:18Z INFO ActionCommandManager] Register action command extension for command add-mask
[2026-08-30 10:54:18Z INFO ActionCommandManager] Register action command extension for command add-matcher
[2026-08-30 10:54:18Z INFO ActionCommandManager] Register action command extension for command remove-matcher
[2026-08-30 10:54:18Z INFO ActionCommandManager] Register action command extension for command warning
[2026-08-30 10:54:18Z INFO ActionCommandManager] Register action command extension for command error
[2026-08-30 10:54:18Z INFO ActionCommandManager] Register action command extension for command notice
[2026-08-30 10:54:18Z INFO ActionCommandManager] Register action command extension for command debug
[2026-08-30 10:54:18Z INFO ActionCommandManager] Register action command extension for command group
[2026-08-30 10:54:18Z INFO ActionCommandManager] Register action command extension for command endgroup
[2026-08-30 10:54:18Z INFO ActionCommandManager] Register action command extension for command echo
[2026-08-30 10:54:18Z INFO ScriptHandler] Which2: 'cmd'
[2026-08-30 10:54:18Z INFO ScriptHandler] Location: 'C:\WINDOWS\system32\cmd.EXE'
[2026-08-30 10:54:18Z INFO HostContext] Well known directory 'Bin': 'C:\Users\krish\Documents\BITS\mlops-project\actions-runner\bin'
[2026-08-30 10:54:18Z INFO HostContext] Well known directory 'Root': 'C:\Users\krish\Documents\BITS\mlops-project\actions-runner'
[2026-08-30 10:54:18Z INFO HostContext] Well known directory 'Work': 'C:\Users\krish\Documents\BITS\mlops-project\actions-runner\_work'
[2026-08-30 10:54:18Z INFO HostContext] Well known directory 'Temp': 'C:\Users\krish\Documents\BITS\mlops-project\actions-runner\_work\_temp'
[2026-08-30 10:54:18Z INFO ScriptHandler] Which2: 'cmd'
[2026-08-30 10:54:18Z INFO ScriptHandler] Location: 'C:\WINDOWS\system32\cmd.EXE'
[2026-08-30 10:54:18Z INFO ProcessInvokerWrapper] Starting process:
[2026-08-30 10:54:18Z INFO ProcessInvokerWrapper]   File name: 'C:\WINDOWS\system32\cmd.EXE'
[2026-08-30 10:54:18Z INFO ProcessInvokerWrapper]   Arguments: '/D /E:ON /V:OFF /S /C "CALL "C:\Users\krish\Documents\BITS\mlops-project\actions-runner\_work\_temp\90d32dec-638b-48ba-8d32-341b68f1a9b6.cmd""'
[2026-08-30 10:54:18Z INFO ProcessInvokerWrapper]   Working directory: 'C:\Users\krish\Documents\BITS\mlops-project\actions-runner\_work\assignment2\assignment2'
[2026-08-30 10:54:18Z INFO ProcessInvokerWrapper]   Require exit code zero: 'False'
[2026-08-30 10:54:18Z INFO ProcessInvokerWrapper]   Encoding web name:  ; code page: ''
[2026-08-30 10:54:18Z INFO ProcessInvokerWrapper]   Force kill process on cancellation: 'False'
[2026-08-30 10:54:18Z INFO ProcessInvokerWrapper]   Redirected STDIN: 'False'
[2026-08-30 10:54:18Z INFO ProcessInvokerWrapper]   Persist current code page: 'True'
[2026-08-30 10:54:18Z INFO ProcessInvokerWrapper]   Keep redirected STDIN open: 'False'
[2026-08-30 10:54:18Z INFO ProcessInvokerWrapper]   High priority process: 'False'
[2026-08-30 10:54:18Z INFO JobServerQueue] Try to append 1 batches web console lines for record '4fb8731c-1b86-465f-a1b9-1ff175055b76', success rate: 1/1.
[2026-08-30 10:54:18Z INFO JobServerQueue] Try to append 1 batches web console lines for record '5c0876b3-3be0-4429-a401-ff36f0f93965', success rate: 1/1.
[2026-08-30 10:54:18Z INFO ProcessInvokerWrapper] Process started with process id 16484, waiting for process exit.
[2026-08-30 10:54:18Z INFO JobServerQueue] Try to upload 1 log files or attachments, success rate: 1/1.
[2026-08-30 10:54:18Z INFO ProcessInvokerWrapper] STDOUT/STDERR stream read finished.
[2026-08-30 10:54:18Z INFO ProcessInvokerWrapper] STDOUT/STDERR stream read finished.
[2026-08-30 10:54:18Z INFO ProcessInvokerWrapper] Finished process 16484 with exit code 0, and elapsed time 00:00:00.4979406.
[2026-08-30 10:54:18Z INFO CreateStepSummaryCommand] Step Summary file (C:\Users\krish\Documents\BITS\mlops-project\actions-runner\_work\_temp\_runner_file_commands\step_summary_8a4290d1-eed1-46ff-b743-437a9d28ae8f) is empty; skipping attachment upload
[2026-08-30 10:54:18Z INFO StepsRunner] Step result: 
[2026-08-30 10:54:18Z INFO ExecutionContext] Publish step telemetry for current step {
  "action": "cmd",
  "type": "run",
  "stage": "Main",
  "stepId": "5c0876b3-3be0-4429-a401-ff36f0f93965",
  "stepContextName": "__run_4",
  "result": "succeeded",
  "errorMessages": [],
  "executionTimeInSeconds": 1,
  "startTime": "2026-08-30T10:54:18.3311657Z",
  "finishTime": "2026-08-30T10:54:18.9166565Z"
}.
[2026-08-30 10:54:18Z INFO StepsRunner] No need for updating job result with current step result 'Succeeded'.
[2026-08-30 10:54:18Z INFO StepsRunner] Current state: job state = ''
[2026-08-30 10:54:18Z INFO StepsRunner] Processing step: DisplayName='Wait for application'
[2026-08-30 10:54:18Z INFO StepsRunner] Evaluating: success()
[2026-08-30 10:54:18Z INFO StepsRunner] Result: true
[2026-08-30 10:54:18Z INFO StepsRunner] Starting the step.
[2026-08-30 10:54:18Z INFO HostContext] Well known directory 'Bin': 'C:\Users\krish\Documents\BITS\mlops-project\actions-runner\bin'
[2026-08-30 10:54:18Z INFO HostContext] Well known directory 'Root': 'C:\Users\krish\Documents\BITS\mlops-project\actions-runner'
[2026-08-30 10:54:18Z INFO HostContext] Well known directory 'Work': 'C:\Users\krish\Documents\BITS\mlops-project\actions-runner\_work'
[2026-08-30 10:54:18Z INFO StepsRunner] Which2: 'chcp'
[2026-08-30 10:54:18Z INFO StepsRunner] Location: 'C:\WINDOWS\system32\chcp.COM'
[2026-08-30 10:54:18Z INFO ProcessInvokerWrapper] Starting process:
[2026-08-30 10:54:18Z INFO ProcessInvokerWrapper]   File name: 'C:\WINDOWS\system32\chcp.COM'
[2026-08-30 10:54:18Z INFO ProcessInvokerWrapper]   Arguments: '65001'
[2026-08-30 10:54:18Z INFO ProcessInvokerWrapper]   Working directory: 'C:\Users\krish\Documents\BITS\mlops-project\actions-runner\_work'
[2026-08-30 10:54:18Z INFO ProcessInvokerWrapper]   Require exit code zero: 'False'
[2026-08-30 10:54:18Z INFO ProcessInvokerWrapper]   Encoding web name:  ; code page: ''
[2026-08-30 10:54:18Z INFO ProcessInvokerWrapper]   Force kill process on cancellation: 'False'
[2026-08-30 10:54:18Z INFO ProcessInvokerWrapper]   Redirected STDIN: 'False'
[2026-08-30 10:54:18Z INFO ProcessInvokerWrapper]   Persist current code page: 'True'
[2026-08-30 10:54:18Z INFO ProcessInvokerWrapper]   Keep redirected STDIN open: 'False'
[2026-08-30 10:54:18Z INFO ProcessInvokerWrapper]   High priority process: 'False'
[2026-08-30 10:54:18Z INFO ProcessInvokerWrapper] Process started with process id 19156, waiting for process exit.
[2026-08-30 10:54:18Z INFO JobServerQueue] Try to append 1 batches web console lines for record '5c0876b3-3be0-4429-a401-ff36f0f93965', success rate: 1/1.
[2026-08-30 10:54:18Z INFO ProcessInvokerWrapper] STDOUT/STDERR stream read finished.
[2026-08-30 10:54:18Z INFO ProcessInvokerWrapper] STDOUT/STDERR stream read finished.
[2026-08-30 10:54:18Z INFO ProcessInvokerWrapper] Finished process 19156 with exit code 0, and elapsed time 00:00:00.0731224.
[2026-08-30 10:54:18Z INFO StepsRunner] Successfully returned to code page 65001 (UTF8)
[2026-08-30 10:54:18Z INFO HostContext] Well known directory 'Bin': 'C:\Users\krish\Documents\BITS\mlops-project\actions-runner\bin'
[2026-08-30 10:54:18Z INFO HostContext] Well known directory 'Root': 'C:\Users\krish\Documents\BITS\mlops-project\actions-runner'
[2026-08-30 10:54:18Z INFO HostContext] Well known directory 'Work': 'C:\Users\krish\Documents\BITS\mlops-project\actions-runner\_work'
[2026-08-30 10:54:18Z INFO HostContext] Well known directory 'Temp': 'C:\Users\krish\Documents\BITS\mlops-project\actions-runner\_work\_temp'
[2026-08-30 10:54:18Z INFO ExecutionContext] Write event payload to C:\Users\krish\Documents\BITS\mlops-project\actions-runner\_work\_temp\_github_workflow\event.json
[2026-08-30 10:54:18Z INFO HostContext] Well known directory 'Bin': 'C:\Users\krish\Documents\BITS\mlops-project\actions-runner\bin'
[2026-08-30 10:54:18Z INFO HostContext] Well known directory 'Root': 'C:\Users\krish\Documents\BITS\mlops-project\actions-runner'
[2026-08-30 10:54:18Z INFO HostContext] Well known directory 'Work': 'C:\Users\krish\Documents\BITS\mlops-project\actions-runner\_work'
[2026-08-30 10:54:18Z INFO HostContext] Well known directory 'Temp': 'C:\Users\krish\Documents\BITS\mlops-project\actions-runner\_work\_temp'
[2026-08-30 10:54:18Z INFO ExtensionManager] Getting extensions for interface: 'GitHub.Runner.Worker.IFileCommandExtension'
[2026-08-30 10:54:19Z INFO ExtensionManager] Getting extensions for interface: 'GitHub.Runner.Worker.IActionCommandExtension'
[2026-08-30 10:54:19Z INFO ActionCommandManager] Register action command extension for command internal-set-repo-path
[2026-08-30 10:54:19Z INFO ActionCommandManager] Register action command extension for command set-env
[2026-08-30 10:54:19Z INFO ActionCommandManager] Register action command extension for command set-output
[2026-08-30 10:54:19Z INFO ActionCommandManager] Register action command extension for command save-state
[2026-08-30 10:54:19Z INFO ActionCommandManager] Register action command extension for command add-path
[2026-08-30 10:54:19Z INFO ActionCommandManager] Register action command extension for command add-mask
[2026-08-30 10:54:19Z INFO ActionCommandManager] Register action command extension for command add-matcher
[2026-08-30 10:54:19Z INFO ActionCommandManager] Register action command extension for command remove-matcher
[2026-08-30 10:54:19Z INFO ActionCommandManager] Register action command extension for command warning
[2026-08-30 10:54:19Z INFO ActionCommandManager] Register action command extension for command error
[2026-08-30 10:54:19Z INFO ActionCommandManager] Register action command extension for command notice
[2026-08-30 10:54:19Z INFO ActionCommandManager] Register action command extension for command debug
[2026-08-30 10:54:19Z INFO ActionCommandManager] Register action command extension for command group
[2026-08-30 10:54:19Z INFO ActionCommandManager] Register action command extension for command endgroup
[2026-08-30 10:54:19Z INFO ActionCommandManager] Register action command extension for command echo
[2026-08-30 10:54:19Z INFO ScriptHandler] Which2: 'cmd'
[2026-08-30 10:54:19Z INFO ScriptHandler] Location: 'C:\WINDOWS\system32\cmd.EXE'
[2026-08-30 10:54:19Z INFO HostContext] Well known directory 'Bin': 'C:\Users\krish\Documents\BITS\mlops-project\actions-runner\bin'
[2026-08-30 10:54:19Z INFO HostContext] Well known directory 'Root': 'C:\Users\krish\Documents\BITS\mlops-project\actions-runner'
[2026-08-30 10:54:19Z INFO HostContext] Well known directory 'Work': 'C:\Users\krish\Documents\BITS\mlops-project\actions-runner\_work'
[2026-08-30 10:54:19Z INFO HostContext] Well known directory 'Temp': 'C:\Users\krish\Documents\BITS\mlops-project\actions-runner\_work\_temp'
[2026-08-30 10:54:19Z INFO ScriptHandler] Which2: 'cmd'
[2026-08-30 10:54:19Z INFO ScriptHandler] Location: 'C:\WINDOWS\system32\cmd.EXE'
[2026-08-30 10:54:19Z INFO ProcessInvokerWrapper] Starting process:
[2026-08-30 10:54:19Z INFO ProcessInvokerWrapper]   File name: 'C:\WINDOWS\system32\cmd.EXE'
[2026-08-30 10:54:19Z INFO ProcessInvokerWrapper]   Arguments: '/D /E:ON /V:OFF /S /C "CALL "C:\Users\krish\Documents\BITS\mlops-project\actions-runner\_work\_temp\e1dbb9c7-97dd-46c1-8a7c-3264e2a7055f.cmd""'
[2026-08-30 10:54:19Z INFO ProcessInvokerWrapper]   Working directory: 'C:\Users\krish\Documents\BITS\mlops-project\actions-runner\_work\assignment2\assignment2'
[2026-08-30 10:54:19Z INFO ProcessInvokerWrapper]   Require exit code zero: 'False'
[2026-08-30 10:54:19Z INFO ProcessInvokerWrapper]   Encoding web name:  ; code page: ''
[2026-08-30 10:54:19Z INFO ProcessInvokerWrapper]   Force kill process on cancellation: 'False'
[2026-08-30 10:54:19Z INFO ProcessInvokerWrapper]   Redirected STDIN: 'False'
[2026-08-30 10:54:19Z INFO ProcessInvokerWrapper]   Persist current code page: 'True'
[2026-08-30 10:54:19Z INFO ProcessInvokerWrapper]   Keep redirected STDIN open: 'False'
[2026-08-30 10:54:19Z INFO ProcessInvokerWrapper]   High priority process: 'False'
[2026-08-30 10:54:19Z INFO ProcessInvokerWrapper] Process started with process id 21512, waiting for process exit.
[2026-08-30 10:54:19Z INFO ProcessInvokerWrapper] STDOUT/STDERR stream read finished.
[2026-08-30 10:54:19Z INFO ProcessInvokerWrapper] STDOUT/STDERR stream read finished.
[2026-08-30 10:54:19Z INFO ProcessInvokerWrapper] Finished process 21512 with exit code 1, and elapsed time 00:00:00.1115280.
[2026-08-30 10:54:19Z INFO CreateStepSummaryCommand] Step Summary file (C:\Users\krish\Documents\BITS\mlops-project\actions-runner\_work\_temp\_runner_file_commands\step_summary_f39d6fea-18b1-495c-8648-7031073f9238) is empty; skipping attachment upload
[2026-08-30 10:54:19Z INFO StepsRunner] Step result: Failed
[2026-08-30 10:54:19Z INFO ExecutionContext] Publish step telemetry for current step {
  "action": "cmd",
  "type": "run",
  "stage": "Main",
  "stepId": "7ad0f960-bfd8-4d05-a263-95a4ddfe7e75",
  "stepContextName": "__run_5",
  "result": "failed",
  "errorMessages": [
    "Process completed with exit code 1."
  ],
  "executionTimeInSeconds": 1,
  "startTime": "2026-08-30T10:54:18.9195698Z",
  "finishTime": "2026-08-30T10:54:19.1307106Z"
}.
[2026-08-30 10:54:19Z INFO StepsRunner] Update job result with current step result 'Failed'.
[2026-08-30 10:54:19Z INFO StepsRunner] Current state: job state = 'Failed'
[2026-08-30 10:54:19Z INFO StepsRunner] Processing step: DisplayName='Run smoke tests'
[2026-08-30 10:54:19Z INFO StepsRunner] Evaluating: success()
[2026-08-30 10:54:19Z INFO StepsRunner] Result: false
[2026-08-30 10:54:19Z INFO StepsRunner] Skipping step due to condition evaluation.
[2026-08-30 10:54:19Z INFO StepsRunner] No need for updating job result with current step result 'Skipped'.
[2026-08-30 10:54:19Z INFO StepsRunner] Current state: job state = 'Failed'
[2026-08-30 10:54:19Z INFO StepsRunner] Processing step: DisplayName='Post Checkout repository'
[2026-08-30 10:54:19Z INFO StepsRunner] Evaluating: always()
[2026-08-30 10:54:19Z INFO StepsRunner] Result: true
[2026-08-30 10:54:19Z INFO StepsRunner] Starting the step.
[2026-08-30 10:54:19Z INFO HostContext] Well known directory 'Bin': 'C:\Users\krish\Documents\BITS\mlops-project\actions-runner\bin'
[2026-08-30 10:54:19Z INFO HostContext] Well known directory 'Root': 'C:\Users\krish\Documents\BITS\mlops-project\actions-runner'
[2026-08-30 10:54:19Z INFO HostContext] Well known directory 'Work': 'C:\Users\krish\Documents\BITS\mlops-project\actions-runner\_work'
[2026-08-30 10:54:19Z INFO StepsRunner] Which2: 'chcp'
[2026-08-30 10:54:19Z INFO StepsRunner] Location: 'C:\WINDOWS\system32\chcp.COM'
[2026-08-30 10:54:19Z INFO ProcessInvokerWrapper] Starting process:
[2026-08-30 10:54:19Z INFO ProcessInvokerWrapper]   File name: 'C:\WINDOWS\system32\chcp.COM'
[2026-08-30 10:54:19Z INFO ProcessInvokerWrapper]   Arguments: '65001'
[2026-08-30 10:54:19Z INFO ProcessInvokerWrapper]   Working directory: 'C:\Users\krish\Documents\BITS\mlops-project\actions-runner\_work'
[2026-08-30 10:54:19Z INFO ProcessInvokerWrapper]   Require exit code zero: 'False'
[2026-08-30 10:54:19Z INFO ProcessInvokerWrapper]   Encoding web name:  ; code page: ''
[2026-08-30 10:54:19Z INFO ProcessInvokerWrapper]   Force kill process on cancellation: 'False'
[2026-08-30 10:54:19Z INFO ProcessInvokerWrapper]   Redirected STDIN: 'False'
[2026-08-30 10:54:19Z INFO ProcessInvokerWrapper]   Persist current code page: 'True'
[2026-08-30 10:54:19Z INFO ProcessInvokerWrapper]   Keep redirected STDIN open: 'False'
[2026-08-30 10:54:19Z INFO ProcessInvokerWrapper]   High priority process: 'False'
[2026-08-30 10:54:19Z INFO ProcessInvokerWrapper] Process started with process id 18300, waiting for process exit.
[2026-08-30 10:54:19Z INFO ProcessInvokerWrapper] STDOUT/STDERR stream read finished.
[2026-08-30 10:54:19Z INFO ProcessInvokerWrapper] STDOUT/STDERR stream read finished.
[2026-08-30 10:54:19Z INFO ProcessInvokerWrapper] Finished process 18300 with exit code 0, and elapsed time 00:00:00.0386081.
[2026-08-30 10:54:19Z INFO StepsRunner] Successfully returned to code page 65001 (UTF8)
[2026-08-30 10:54:19Z INFO HostContext] Well known directory 'Bin': 'C:\Users\krish\Documents\BITS\mlops-project\actions-runner\bin'
[2026-08-30 10:54:19Z INFO HostContext] Well known directory 'Root': 'C:\Users\krish\Documents\BITS\mlops-project\actions-runner'
[2026-08-30 10:54:19Z INFO HostContext] Well known directory 'Work': 'C:\Users\krish\Documents\BITS\mlops-project\actions-runner\_work'
[2026-08-30 10:54:19Z INFO HostContext] Well known directory 'Actions': 'C:\Users\krish\Documents\BITS\mlops-project\actions-runner\_work\_actions'
[2026-08-30 10:54:19Z INFO ActionManager] Load action that reference repository from 'C:\Users\krish\Documents\BITS\mlops-project\actions-runner\_work\_actions\actions\checkout\v4'
[2026-08-30 10:54:19Z INFO HostContext] Well known directory 'Bin': 'C:\Users\krish\Documents\BITS\mlops-project\actions-runner\bin'
[2026-08-30 10:54:19Z INFO HostContext] Well known directory 'Root': 'C:\Users\krish\Documents\BITS\mlops-project\actions-runner'
[2026-08-30 10:54:19Z INFO HostContext] Well known directory 'Work': 'C:\Users\krish\Documents\BITS\mlops-project\actions-runner\_work'
[2026-08-30 10:54:19Z INFO HostContext] Well known directory 'Actions': 'C:\Users\krish\Documents\BITS\mlops-project\actions-runner\_work\_actions'
[2026-08-30 10:54:19Z INFO ActionManifestManagerLegacy] Loaded action.yml file: {
  "name": "Checkout",
  "description": "Checkout a Git repository at a particular version",
  "inputs": {
    "type": 2,
    "map": [
      {
        "key": {
          "type": 0,
          "file": 2,
          "line": 4,
          "col": 3,
          "lit": "repository"
        },
        "value": {
          "type": 3,
          "file": 2,
          "line": 6,
          "col": 14,
          "expr": "github.repository"
        }
      },
      {
        "key": {
          "type": 0,
          "file": 2,
          "line": 7,
          "col": 3,
          "lit": "ref"
        },
        "value": ""
      },
      {
        "key": {
          "type": 0,
          "file": 2,
          "line": 12,
          "col": 3,
          "lit": "token"
        },
        "value": {
          "type": 3,
          "file": 2,
          "line": 24,
          "col": 14,
          "expr": "github.token"
        }
      },
      {
        "key": {
          "type": 0,
          "file": 2,
          "line": 25,
          "col": 3,
          "lit": "ssh-key"
        },
        "value": ""
      },
      {
        "key": {
          "type": 0,
          "file": 2,
          "line": 37,
          "col": 3,
          "lit": "ssh-known-hosts"
        },
        "value": ""
      },
      {
        "key": {
          "type": 0,
          "file": 2,
          "line": 42,
          "col": 3,
          "lit": "ssh-strict"
        },
        "value": {
          "type": 0,
          "file": 2,
          "line": 47,
          "col": 14,
          "lit": "true"
        }
      },
      {
        "key": {
          "type": 0,
          "file": 2,
          "line": 48,
          "col": 3,
          "lit": "ssh-user"
        },
        "value": {
          "type": 0,
          "file": 2,
          "line": 51,
          "col": 14,
          "lit": "git"
        }
      },
      {
        "key": {
          "type": 0,
          "file": 2,
          "line": 52,
          "col": 3,
          "lit": "persist-credentials"
        },
        "value": {
          "type": 0,
          "file": 2,
          "line": 54,
          "col": 14,
          "lit": "true"
        }
      },
      {
        "key": {
          "type": 0,
          "file": 2,
          "line": 55,
          "col": 3,
          "lit": "path"
        },
        "value": ""
      },
      {
        "key": {
          "type": 0,
          "file": 2,
          "line": 57,
          "col": 3,
          "lit": "clean"
        },
        "value": {
          "type": 0,
          "file": 2,
          "line": 59,
          "col": 14,
          "lit": "true"
        }
      },
      {
        "key": {
          "type": 0,
          "file": 2,
          "line": 60,
          "col": 3,
          "lit": "filter"
        },
        "value": {
          "type": 0,
          "file": 2,
          "line": 64,
          "col": 14,
          "lit": ""
        }
      },
      {
        "key": {
          "type": 0,
          "file": 2,
          "line": 65,
          "col": 3,
          "lit": "sparse-checkout"
        },
        "value": {
          "type": 0,
          "file": 2,
          "line": 69,
          "col": 14,
          "lit": ""
        }
      },
      {
        "key": {
          "type": 0,
          "file": 2,
          "line": 70,
          "col": 3,
          "lit": "sparse-checkout-cone-mode"
        },
        "value": {
          "type": 0,
          "file": 2,
          "line": 73,
          "col": 14,
          "lit": "true"
        }
      },
      {
        "key": {
          "type": 0,
          "file": 2,
          "line": 74,
          "col": 3,
          "lit": "fetch-depth"
        },
        "value": {
          "type": 0,
          "file": 2,
          "line": 76,
          "col": 14,
          "lit": "1"
        }
      },
      {
        "key": {
          "type": 0,
          "file": 2,
          "line": 77,
          "col": 3,
          "lit": "fetch-tags"
        },
        "value": {
          "type": 0,
          "file": 2,
          "line": 79,
          "col": 14,
          "lit": "false"
        }
      },
      {
        "key": {
          "type": 0,
          "file": 2,
          "line": 80,
          "col": 3,
          "lit": "show-progress"
        },
        "value": {
          "type": 0,
          "file": 2,
          "line": 82,
          "col": 14,
          "lit": "true"
        }
      },
      {
        "key": {
          "type": 0,
          "file": 2,
          "line": 83,
          "col": 3,
          "lit": "lfs"
        },
        "value": {
          "type": 0,
          "file": 2,
          "line": 85,
          "col": 14,
          "lit": "false"
        }
      },
      {
        "key": {
          "type": 0,
          "file": 2,
          "line": 86,
          "col": 3,
          "lit": "submodules"
        },
        "value": {
          "type": 0,
          "file": 2,
          "line": 94,
          "col": 14,
          "lit": "false"
        }
      },
      {
        "key": {
          "type": 0,
          "file": 2,
          "line": 95,
          "col": 3,
          "lit": "set-safe-directory"
        },
        "value": {
          "type": 0,
          "file": 2,
          "line": 97,
          "col": 14,
          "lit": "true"
        }
      },
      {
        "key": {
          "type": 0,
          "file": 2,
          "line": 98,
          "col": 3,
          "lit": "github-server-url"
        },
        "value": ""
      },
      {
        "key": {
          "type": 0,
          "file": 2,
          "line": 101,
          "col": 3,
          "lit": "allow-unsafe-pr-checkout"
        },
        "value": {
          "type": 0,
          "file": 2,
          "line": 109,
          "col": 14,
          "lit": "false"
        }
      }
    ]
  },
  "execution": {
    "executionType": "nodeJS",
    "hasPre": false,
    "hasPost": true,
    "script": "dist/index.js",
    "pre": null,
    "post": "dist/index.js",
    "nodeVersion": "node20",
    "cleanupCondition": "always()",
    "initCondition": "always()"
  },
  "deprecated": null
}
[2026-08-30 10:54:19Z INFO ActionManager] Action pre node.js file: N/A.
[2026-08-30 10:54:19Z INFO ActionManager] Action node.js file: dist/index.js.
[2026-08-30 10:54:19Z INFO ActionManager] Action post node.js file: dist/index.js.
[2026-08-30 10:54:19Z INFO HostContext] Well known directory 'Bin': 'C:\Users\krish\Documents\BITS\mlops-project\actions-runner\bin'
[2026-08-30 10:54:19Z INFO HostContext] Well known directory 'Root': 'C:\Users\krish\Documents\BITS\mlops-project\actions-runner'
[2026-08-30 10:54:19Z INFO HostContext] Well known directory 'Work': 'C:\Users\krish\Documents\BITS\mlops-project\actions-runner\_work'
[2026-08-30 10:54:19Z INFO HostContext] Well known directory 'Temp': 'C:\Users\krish\Documents\BITS\mlops-project\actions-runner\_work\_temp'
[2026-08-30 10:54:19Z INFO ExecutionContext] Write event payload to C:\Users\krish\Documents\BITS\mlops-project\actions-runner\_work\_temp\_github_workflow\event.json
[2026-08-30 10:54:19Z INFO HostContext] Well known directory 'Bin': 'C:\Users\krish\Documents\BITS\mlops-project\actions-runner\bin'
[2026-08-30 10:54:19Z INFO HostContext] Well known directory 'Root': 'C:\Users\krish\Documents\BITS\mlops-project\actions-runner'
[2026-08-30 10:54:19Z INFO HostContext] Well known directory 'Work': 'C:\Users\krish\Documents\BITS\mlops-project\actions-runner\_work'
[2026-08-30 10:54:19Z INFO HostContext] Well known directory 'Temp': 'C:\Users\krish\Documents\BITS\mlops-project\actions-runner\_work\_temp'
[2026-08-30 10:54:19Z INFO ExtensionManager] Getting extensions for interface: 'GitHub.Runner.Worker.IFileCommandExtension'
[2026-08-30 10:54:19Z INFO ActionManifestManagerLegacy] Input 'repository': default value evaluate result: {
  "type": 0,
  "file": 2,
  "line": 6,
  "col": 14,
  "lit": "2024ac05127-tech/assignment2"
}
[2026-08-30 10:54:19Z INFO ActionManifestManagerLegacy] Input 'ref': default value evaluate result: ""
[2026-08-30 10:54:19Z INFO ActionManifestManagerLegacy] Input 'token': default value evaluate result: {
  "type": 0,
  "file": 2,
  "line": 24,
  "col": 14,
  "lit": "***"
}
[2026-08-30 10:54:19Z INFO ActionManifestManagerLegacy] Input 'ssh-key': default value evaluate result: ""
[2026-08-30 10:54:19Z INFO ActionManifestManagerLegacy] Input 'ssh-known-hosts': default value evaluate result: ""
[2026-08-30 10:54:19Z INFO ActionManifestManagerLegacy] Input 'ssh-strict': default value evaluate result: {
  "type": 0,
  "file": 2,
  "line": 47,
  "col": 14,
  "lit": "true"
}
[2026-08-30 10:54:19Z INFO ActionManifestManagerLegacy] Input 'ssh-user': default value evaluate result: {
  "type": 0,
  "file": 2,
  "line": 51,
  "col": 14,
  "lit": "git"
}
[2026-08-30 10:54:19Z INFO ActionManifestManagerLegacy] Input 'persist-credentials': default value evaluate result: {
  "type": 0,
  "file": 2,
  "line": 54,
  "col": 14,
  "lit": "true"
}
[2026-08-30 10:54:19Z INFO ActionManifestManagerLegacy] Input 'path': default value evaluate result: ""
[2026-08-30 10:54:19Z INFO ActionManifestManagerLegacy] Input 'clean': default value evaluate result: {
  "type": 0,
  "file": 2,
  "line": 59,
  "col": 14,
  "lit": "true"
}
[2026-08-30 10:54:19Z INFO ActionManifestManagerLegacy] Input 'filter': default value evaluate result: {
  "type": 0,
  "file": 2,
  "line": 64,
  "col": 14,
  "lit": ""
}
[2026-08-30 10:54:19Z INFO ActionManifestManagerLegacy] Input 'sparse-checkout': default value evaluate result: {
  "type": 0,
  "file": 2,
  "line": 69,
  "col": 14,
  "lit": ""
}
[2026-08-30 10:54:19Z INFO ActionManifestManagerLegacy] Input 'sparse-checkout-cone-mode': default value evaluate result: {
  "type": 0,
  "file": 2,
  "line": 73,
  "col": 14,
  "lit": "true"
}
[2026-08-30 10:54:19Z INFO ActionManifestManagerLegacy] Input 'fetch-depth': default value evaluate result: {
  "type": 0,
  "file": 2,
  "line": 76,
  "col": 14,
  "lit": "1"
}
[2026-08-30 10:54:19Z INFO ActionManifestManagerLegacy] Input 'fetch-tags': default value evaluate result: {
  "type": 0,
  "file": 2,
  "line": 79,
  "col": 14,
  "lit": "false"
}
[2026-08-30 10:54:19Z INFO ActionManifestManagerLegacy] Input 'show-progress': default value evaluate result: {
  "type": 0,
  "file": 2,
  "line": 82,
  "col": 14,
  "lit": "true"
}
[2026-08-30 10:54:19Z INFO ActionManifestManagerLegacy] Input 'lfs': default value evaluate result: {
  "type": 0,
  "file": 2,
  "line": 85,
  "col": 14,
  "lit": "false"
}
[2026-08-30 10:54:19Z INFO ActionManifestManagerLegacy] Input 'submodules': default value evaluate result: {
  "type": 0,
  "file": 2,
  "line": 94,
  "col": 14,
  "lit": "false"
}
[2026-08-30 10:54:19Z INFO ActionManifestManagerLegacy] Input 'set-safe-directory': default value evaluate result: {
  "type": 0,
  "file": 2,
  "line": 97,
  "col": 14,
  "lit": "true"
}
[2026-08-30 10:54:19Z INFO ActionManifestManagerLegacy] Input 'github-server-url': default value evaluate result: ""
[2026-08-30 10:54:19Z INFO ActionManifestManagerLegacy] Input 'allow-unsafe-pr-checkout': default value evaluate result: {
  "type": 0,
  "file": 2,
  "line": 109,
  "col": 14,
  "lit": "false"
}
[2026-08-30 10:54:19Z INFO ExtensionManager] Getting extensions for interface: 'GitHub.Runner.Worker.IActionCommandExtension'
[2026-08-30 10:54:19Z INFO ActionCommandManager] Register action command extension for command internal-set-repo-path
[2026-08-30 10:54:19Z INFO ActionCommandManager] Register action command extension for command set-env
[2026-08-30 10:54:19Z INFO ActionCommandManager] Register action command extension for command set-output
[2026-08-30 10:54:19Z INFO ActionCommandManager] Register action command extension for command save-state
[2026-08-30 10:54:19Z INFO ActionCommandManager] Register action command extension for command add-path
[2026-08-30 10:54:19Z INFO ActionCommandManager] Register action command extension for command add-mask
[2026-08-30 10:54:19Z INFO ActionCommandManager] Register action command extension for command add-matcher
[2026-08-30 10:54:19Z INFO ActionCommandManager] Register action command extension for command remove-matcher
[2026-08-30 10:54:19Z INFO ActionCommandManager] Register action command extension for command warning
[2026-08-30 10:54:19Z INFO ActionCommandManager] Register action command extension for command error
[2026-08-30 10:54:19Z INFO ActionCommandManager] Register action command extension for command notice
[2026-08-30 10:54:19Z INFO ActionCommandManager] Register action command extension for command debug
[2026-08-30 10:54:19Z INFO ActionCommandManager] Register action command extension for command group
[2026-08-30 10:54:19Z INFO ActionCommandManager] Register action command extension for command endgroup
[2026-08-30 10:54:19Z INFO ActionCommandManager] Register action command extension for command echo
[2026-08-30 10:54:19Z INFO HostContext] Well known directory 'Bin': 'C:\Users\krish\Documents\BITS\mlops-project\actions-runner\bin'
[2026-08-30 10:54:19Z INFO HostContext] Well known directory 'Root': 'C:\Users\krish\Documents\BITS\mlops-project\actions-runner'
[2026-08-30 10:54:19Z INFO HostContext] Well known directory 'Externals': 'C:\Users\krish\Documents\BITS\mlops-project\actions-runner\externals'
[2026-08-30 10:54:19Z INFO ProcessInvokerWrapper] Starting process:
[2026-08-30 10:54:19Z INFO ProcessInvokerWrapper]   File name: 'C:\Users\krish\Documents\BITS\mlops-project\actions-runner\externals\node24\bin\node.exe'
[2026-08-30 10:54:19Z INFO ProcessInvokerWrapper]   Arguments: '"C:\Users\krish\Documents\BITS\mlops-project\actions-runner\_work\_actions\actions\checkout\v4\dist/index.js"'
[2026-08-30 10:54:19Z INFO ProcessInvokerWrapper]   Working directory: 'C:\Users\krish\Documents\BITS\mlops-project\actions-runner\_work\assignment2\assignment2'
[2026-08-30 10:54:19Z INFO ProcessInvokerWrapper]   Require exit code zero: 'False'
[2026-08-30 10:54:19Z INFO ProcessInvokerWrapper]   Encoding web name: utf-8 ; code page: '65001'
[2026-08-30 10:54:19Z INFO ProcessInvokerWrapper]   Force kill process on cancellation: 'False'
[2026-08-30 10:54:19Z INFO ProcessInvokerWrapper]   Redirected STDIN: 'False'
[2026-08-30 10:54:19Z INFO ProcessInvokerWrapper]   Persist current code page: 'True'
[2026-08-30 10:54:19Z INFO ProcessInvokerWrapper]   Keep redirected STDIN open: 'False'
[2026-08-30 10:54:19Z INFO ProcessInvokerWrapper]   High priority process: 'False'
[2026-08-30 10:54:19Z INFO JobServerQueue] Try to append 1 batches web console lines for record '7ad0f960-bfd8-4d05-a263-95a4ddfe7e75', success rate: 1/1.
[2026-08-30 10:54:19Z INFO JobServerQueue] Try to append 1 batches web console lines for record '4cc08de3-212a-42b1-9334-01fd652ea1c2', success rate: 1/1.
[2026-08-30 10:54:19Z INFO ProcessInvokerWrapper] Process started with process id 15508, waiting for process exit.
[2026-08-30 10:54:19Z INFO JobServerQueue] Got a step log file to send to results service.
[2026-08-30 10:54:19Z INFO JobServerQueue] Starting upload of step log file to results service ResultsLog, C:\Users\krish\Documents\BITS\mlops-project\actions-runner\_diag\blocks\c35f91a6-f00c-4de7-bb1c-b38e6111cf71_4fb8731c-1b86-465f-a1b9-1ff175055b76.1
[2026-08-30 10:54:19Z INFO JobServerQueue] Try to upload 2 log files or attachments, success rate: 2/2.
[2026-08-30 10:54:19Z INFO JobServerQueue] Try to append 1 batches web console lines for record '4cc08de3-212a-42b1-9334-01fd652ea1c2', success rate: 1/1.
[2026-08-30 10:54:19Z INFO AddMaskCommandExtension] Add new secret mask with length of 32
[2026-08-30 10:54:20Z INFO JobServerQueue] Try to append 1 batches web console lines for record '4cc08de3-212a-42b1-9334-01fd652ea1c2', success rate: 1/1.
[2026-08-30 10:54:20Z INFO JobServerQueue] Got a step log file to send to results service.
[2026-08-30 10:54:20Z INFO JobServerQueue] Starting upload of step log file to results service ResultsLog, C:\Users\krish\Documents\BITS\mlops-project\actions-runner\_diag\blocks\c35f91a6-f00c-4de7-bb1c-b38e6111cf71_5c0876b3-3be0-4429-a401-ff36f0f93965.1
[2026-08-30 10:54:21Z INFO JobServerQueue] Got a step log file to send to results service.
[2026-08-30 10:54:21Z INFO JobServerQueue] Starting upload of step log file to results service ResultsLog, C:\Users\krish\Documents\BITS\mlops-project\actions-runner\_diag\blocks\c35f91a6-f00c-4de7-bb1c-b38e6111cf71_7ad0f960-bfd8-4d05-a263-95a4ddfe7e75.1
[2026-08-30 10:54:22Z INFO JobServerQueue] Tried to upload 3 file(s) to results, success rate: 3/3.
[2026-08-30 10:54:22Z INFO JobServerQueue] Try to append 1 batches web console lines for record '4cc08de3-212a-42b1-9334-01fd652ea1c2', success rate: 1/1.
[2026-08-30 10:54:24Z INFO JobServerQueue] Try to append 1 batches web console lines for record '4cc08de3-212a-42b1-9334-01fd652ea1c2', success rate: 1/1.
[2026-08-30 10:54:26Z INFO ProcessInvokerWrapper] STDOUT/STDERR stream read finished.
[2026-08-30 10:54:26Z INFO ProcessInvokerWrapper] STDOUT/STDERR stream read finished.
[2026-08-30 10:54:26Z INFO ProcessInvokerWrapper] Finished process 15508 with exit code 0, and elapsed time 00:00:06.7946637.
[2026-08-30 10:54:26Z INFO CreateStepSummaryCommand] Step Summary file (C:\Users\krish\Documents\BITS\mlops-project\actions-runner\_work\_temp\_runner_file_commands\step_summary_dc42cd8a-2b1c-4e6a-83df-e65c156b96e7) is empty; skipping attachment upload
[2026-08-30 10:54:26Z INFO StepsRunner] Step result: 
[2026-08-30 10:54:26Z INFO ExecutionContext] Publish step telemetry for current step {
  "action": "actions/checkout",
  "ref": "v4",
  "type": "node24",
  "stage": "Post",
  "stepId": "4cc08de3-212a-42b1-9334-01fd652ea1c2",
  "result": "succeeded",
  "errorMessages": [],
  "executionTimeInSeconds": 7,
  "startTime": "2026-08-30T10:54:19.1415195Z",
  "finishTime": "2026-08-30T10:54:26.0372351Z"
}.
[2026-08-30 10:54:26Z INFO StepsRunner] No need for updating job result with current step result 'Succeeded'.
[2026-08-30 10:54:26Z INFO StepsRunner] Current state: job state = 'Failed'
[2026-08-30 10:54:26Z INFO JobRunner] Finalize job.
[2026-08-30 10:54:26Z INFO HostContext] Well known directory 'Bin': 'C:\Users\krish\Documents\BITS\mlops-project\actions-runner\bin'
[2026-08-30 10:54:26Z INFO HostContext] Well known directory 'Root': 'C:\Users\krish\Documents\BITS\mlops-project\actions-runner'
[2026-08-30 10:54:26Z INFO HostContext] Well known directory 'Diag': 'C:\Users\krish\Documents\BITS\mlops-project\actions-runner\_diag'
[2026-08-30 10:54:26Z INFO HostContext] Well known directory 'Bin': 'C:\Users\krish\Documents\BITS\mlops-project\actions-runner\bin'
[2026-08-30 10:54:26Z INFO HostContext] Well known directory 'Root': 'C:\Users\krish\Documents\BITS\mlops-project\actions-runner'
[2026-08-30 10:54:26Z INFO HostContext] Well known directory 'Diag': 'C:\Users\krish\Documents\BITS\mlops-project\actions-runner\_diag'
[2026-08-30 10:54:26Z INFO JobExtension] Initialize Env context
[2026-08-30 10:54:26Z INFO JobExtension] Initialize steps context
[2026-08-30 10:54:26Z INFO JobExtension] Total accessible running process: 308.
[2026-08-30 10:54:26Z INFO JobServerQueue] Got a step log file to send to results service.
[2026-08-30 10:54:26Z INFO JobServerQueue] Starting upload of step log file to results service ResultsLog, C:\Users\krish\Documents\BITS\mlops-project\actions-runner\_diag\blocks\c35f91a6-f00c-4de7-bb1c-b38e6111cf71_4cc08de3-212a-42b1-9334-01fd652ea1c2.1
[2026-08-30 10:54:26Z INFO JobExtension] Inspecting process environment variables. PID: 11904 (svchost)
[2026-08-30 10:54:26Z WARN JobExtension] Ignore exception during read process environment variables: Access is denied.
[2026-08-30 10:54:26Z INFO JobServerQueue] Try to append 1 batches web console lines for record '93a0e622-8453-4f3d-92b5-29d98be3abcf', success rate: 1/1.
[2026-08-30 10:54:26Z INFO JobExtension] Wait for all connectivity checks to finish.
[2026-08-30 10:54:26Z INFO JobExtension] Connectivity check result: {
  "endpointUrl": "https://broker.actions.githubusercontent.com/health",
  "endpointIPs": null,
  "startTime": "2026-08-30T10:53:56.7834171Z",
  "statusCode": "http_OK",
  "requestId": "C1E7:2CA97E:1820CF9:1970707:6A940BC5",
  "httpRequestDurationInMs": 728,
  "dnsResolutionDurationInMs": 0,
  "dnsError": null
}
[2026-08-30 10:54:26Z INFO JobExtension] Connectivity check result: {
  "endpointUrl": "https://token.actions.githubusercontent.com/ready",
  "endpointIPs": null,
  "startTime": "2026-08-30T10:53:56.784761Z",
  "statusCode": "http_NoContent",
  "requestId": "C1E9:2BAE74:18147B3:1FCC25D:6A940BC5",
  "httpRequestDurationInMs": 845,
  "dnsResolutionDurationInMs": 0,
  "dnsError": null
}
[2026-08-30 10:54:26Z INFO JobExtension] Connectivity check result: {
  "endpointUrl": "https://run.actions.githubusercontent.com/health",
  "endpointIPs": null,
  "startTime": "2026-08-30T10:53:56.7851248Z",
  "statusCode": "http_OK",
  "requestId": "C1E8:3AE936:184B68F:199B4CF:6A940BC5",
  "httpRequestDurationInMs": 731,
  "dnsResolutionDurationInMs": 0,
  "dnsError": null
}
[2026-08-30 10:54:26Z INFO ExecutionContext] Publish step telemetry for current step {
  "action": "complete_job",
  "type": "runner",
  "stage": "Post",
  "stepId": "93a0e622-8453-4f3d-92b5-29d98be3abcf",
  "result": "succeeded",
  "errorMessages": [
    "Node.js 20 is deprecated. The following actions target Node.js 20 but are being forced to run on Node.js 24: actions/checkout@v4. For more information see: https://github.blog/changelog/2025-09-19-deprecation-of-node-20-on-github-actions-runners/"
  ],
  "executionTimeInSeconds": 1,
  "startTime": "2026-08-30T10:54:26.062306Z",
  "finishTime": "2026-08-30T10:54:26.1565065Z"
}.
[2026-08-30 10:54:26Z INFO JobRunner] Job result after all job steps finish: Failed
[2026-08-30 10:54:26Z INFO JobRunner] Completing the job execution context.
[2026-08-30 10:54:26Z INFO JobRunner] Shutting down the job server queue.
[2026-08-30 10:54:26Z INFO JobServerQueue] Fire signal to shutdown all queues.
[2026-08-30 10:54:26Z INFO JobServerQueue] Tried to upload 1 file(s) to results, success rate: 1/1.
[2026-08-30 10:54:28Z INFO JobServerQueue] All queue process task stopped.
[2026-08-30 10:54:28Z INFO JobServerQueue] Try to append 1 batches web console lines for record '93a0e622-8453-4f3d-92b5-29d98be3abcf', success rate: 1/1.
[2026-08-30 10:54:28Z INFO JobServerQueue] Web console line queue drained.
[2026-08-30 10:54:28Z INFO JobServerQueue] Uploading 3 files in one shot.
[2026-08-30 10:54:28Z INFO JobServerQueue] Try to upload 3 log files or attachments, success rate: 3/3.
[2026-08-30 10:54:28Z INFO JobServerQueue] File upload queue drained.
[2026-08-30 10:54:28Z INFO JobServerQueue] Starting results-based upload queue...
[2026-08-30 10:54:28Z INFO JobServerQueue] Uploading 2 file(s) in one shot through results service.
[2026-08-30 10:54:28Z INFO JobServerQueue] Got a step log file to send to results service.
[2026-08-30 10:54:28Z INFO JobServerQueue] Starting upload of step log file to results service ResultsLog, C:\Users\krish\Documents\BITS\mlops-project\actions-runner\_diag\blocks\c35f91a6-f00c-4de7-bb1c-b38e6111cf71_93a0e622-8453-4f3d-92b5-29d98be3abcf.1
[2026-08-30 10:54:28Z INFO JobServerQueue] Got a job log file to send to results service.
[2026-08-30 10:54:28Z INFO JobServerQueue] Starting upload of job log file to results service ResultsLog, C:\Users\krish\Documents\BITS\mlops-project\actions-runner\_diag\blocks\c35f91a6-f00c-4de7-bb1c-b38e6111cf71_bd6e7e06-1740-5624-809a-45255feab124.1
[2026-08-30 10:54:29Z INFO JobServerQueue] Tried to upload 2 file(s) to results, success rate: 2/2.
[2026-08-30 10:54:29Z INFO JobServerQueue] Results upload queue drained.
[2026-08-30 10:54:30Z INFO JobServerQueue] Timeline update queue drained.
[2026-08-30 10:54:30Z INFO JobServerQueue] Disposing job server ...
[2026-08-30 10:54:30Z INFO JobServerQueue] Disposing results server ...
[2026-08-30 10:54:30Z INFO JobServerQueue] All queue process tasks have been stopped, and all queues are drained.
[2026-08-30 10:54:30Z INFO TempDirectoryManager] Cleaning runner temp folder: C:\Users\krish\Documents\BITS\mlops-project\actions-runner\_work\_temp
[2026-08-30 10:54:30Z INFO HostContext] Well known directory 'Bin': 'C:\Users\krish\Documents\BITS\mlops-project\actions-runner\bin'
[2026-08-30 10:54:30Z INFO HostContext] Well known directory 'Root': 'C:\Users\krish\Documents\BITS\mlops-project\actions-runner'
[2026-08-30 10:54:30Z INFO HostContext] Well known directory 'Diag': 'C:\Users\krish\Documents\BITS\mlops-project\actions-runner\_diag'
[2026-08-30 10:54:30Z INFO HostContext] Well known config file 'Telemetry': 'C:\Users\krish\Documents\BITS\mlops-project\actions-runner\_diag\.telemetry'
[2026-08-30 10:54:30Z INFO JobRunner] Raising job completed against run service
[2026-08-30 10:54:30Z INFO Worker] Job completed.
